FeatureID	HEB-0N-1	HEB-0N-2	HEB-0N-3	HEB-0N-4	HEB-0N-5	HEB-N-1	HEB-N-2	HEB-N-3	HEB-N-4	HEB-N-5	NMG-0N-1	NMG-0N-2	NMG-0N-3	NMG-0N-4	NMG-0N-5	NMG-N-1	NMG-N-2	NMG-N-3	NMG-N-4	NMG-N-5	XJ-HN-1	XJ-HN-2	XJ-HN-3	XJ-HN-4	XJ-HN-5	XJ-LN-1	XJ-LN-2	XJ-LN-3	XJ-LN-4	XJ-LN-5
683d4de704c5d794f2a198413632eaad	0	0	0	0	0	0	0	0	0	0	0	0	0	0	0	0	0	0	2	0	0	0	0	0	0	0	0	0	0	0
41caf5853f65db7ddbe9239133f84a5d	1041	403	247	876	3405	484	1039	5131	1160	602	385	291	734	227	210	576	623	485	318	210	32	173	28	267	374	370	235	51	175	81
2a364900db05cdc33ac02785832e839a	0	0	0	0	0	0	0	0	0	0	0	0	0	0	0	0	0	0	0	0	0	0	0	0	0	0	0	0	6	0
d8dd6d81ead42c5836006fac1426fffb	0	0	0	0	0	0	0	0	0	0	0	0	0	0	0	0	0	0	0	0	0	0	0	0	0	0	12	0	0	0
c83cb00187ca93599200bf98d8a28394	0	0	38	0	0	0	0	13	0	0	0	0	0	0	0	0	0	0	0	0	0	0	0	0	0	0	0	0	0	0
a42e41ac5b951e0db0d02ab0131f5940	0	0	0	0	0	0	0	0	0	0	0	0	0	0	0	0	0	0	0	0	0	0	0	0	0	4	0	0	19	0
659a700d7123de3eb7e9c2a5e354b417	0	0	0	0	0	0	26	0	0	69	60	85	36	66	21	99	111	44	80	47	0	0	0	68	52	0	0	0	0	0
91593a993d30571b14a6c0f347900812	0	0	0	0	0	0	0	0	0	0	11	0	0	0	0	0	0	0	0	0	0	0	0	0	0	0	0	0	0	0
1683d3dfd75e0fbdd80ff0241dce54cb	0	0	0	16	0	0	0	0	0	0	0	0	0	0	0	0	0	0	0	0	0	0	0	0	0	0	0	0	0	0
b8ecef758e094784aa96fdc33a0ec960	0	0	0	0	0	0	0	0	0	0	0	0	0	0	0	0	0	0	11	0	0	0	0	14	0	0	0	0	0	0
684bd14ac818d94667f4b6c2a1e39c21	0	0	0	0	0	0	0	0	21	0	0	0	0	0	0	0	0	0	0	0	0	0	0	0	0	0	0	0	0	0
977d7b50e21c85480528a7beee7c7afa	0	0	0	0	0	0	0	0	0	0	0	0	8	0	0	40	0	0	0	0	0	0	0	0	0	0	0	0	0	0
4e95b2714ddcfe166faef0574e015174	0	0	0	0	0	0	0	0	0	0	0	0	0	29	0	0	20	0	52	0	0	0	0	0	0	0	0	0	0	0
e48333a5bdc8c334892fa357ecc6ab9a	0	0	0	0	0	0	0	0	0	0	35	0	0	0	0	40	69	0	0	0	0	0	0	0	0	0	0	0	0	0
694b4330ccf68fb7bf75bd12a9b82959	0	0	0	0	0	0	0	0	0	0	0	0	0	0	0	0	0	2	0	0	0	0	0	0	0	0	0	0	0	0
eae6faad7a902a994953dd4475116f0a	0	0	0	0	0	0	0	0	0	0	0	0	0	0	0	0	0	72	0	0	0	0	0	0	232	48	0	0	0	0
8f05c2e91c527e1f165a40848af9ca02	0	0	0	18	0	0	0	0	0	0	0	0	0	0	0	0	0	0	0	0	0	0	0	0	0	0	0	0	0	0
1851c1d4b077b5988a841f755629acb9	8	25	0	10	28	8	0	115	13	0	0	0	0	0	0	0	0	0	0	0	0	0	0	0	0	0	0	0	0	0
bab527be5d801f144f83436707c76acb	0	0	0	0	0	0	0	0	0	0	0	0	0	20	0	0	0	0	0	0	0	0	0	0	0	0	0	0	0	0
a248cbca07a0a229ab02b200d3115c96	0	0	0	0	0	0	0	0	0	0	0	0	0	0	0	0	0	0	0	6	0	0	0	0	0	0	0	0	0	0
103157cc0a6254442a9cf661d3438d21	0	0	0	0	0	0	0	0	0	0	0	0	0	0	0	0	0	0	0	0	0	0	0	0	0	0	9	0	0	0
1e7c61d84e47ec066f2b21a5e059c4bb	15	0	0	0	0	0	0	0	0	0	0	0	0	0	0	0	0	0	0	0	0	0	0	0	0	0	0	0	0	0
79c9bb564014dd8abd64bc92ee43636f	0	0	0	0	0	0	0	0	0	0	0	0	0	0	0	0	0	0	0	0	0	0	0	0	0	0	0	19	0	0
abab49634021c77c5af26335c500b034	0	0	0	0	0	0	0	0	0	0	0	43	0	0	0	0	0	28	16	18	0	0	0	0	0	0	0	0	0	0
979ff84e85a6a5d234e6ac62df77dc96	0	0	0	0	0	0	0	0	0	0	0	0	0	0	0	0	0	0	0	0	0	0	0	0	0	0	8	2	0	0
b6f6308482b671356080781e74468c25	0	0	0	0	0	0	76	0	0	0	0	0	0	0	0	0	0	0	0	0	0	0	0	0	0	0	0	0	0	0
c97cd32073553e1bd129050c2a9075a9	0	0	0	0	0	0	0	0	0	0	0	0	0	0	9	0	0	0	0	0	0	0	0	0	0	0	0	0	0	0
c1fae61d82e5dffee1de6e71b995c089	4	0	0	0	0	0	0	0	0	0	0	0	0	0	0	0	0	0	0	0	0	0	0	0	0	0	0	0	0	0
f068df8b237b432673c0962ff5f72be4	0	0	0	0	0	0	0	0	0	0	0	0	0	0	0	0	0	2	0	0	0	0	0	0	0	0	0	0	0	0
0256a9802474da99cbe8f8e06865ec4d	0	0	58	0	0	0	0	0	0	0	0	0	0	0	0	0	0	0	0	0	0	0	0	0	0	0	0	0	0	0
c87d741727ee8ee47feb62eed8427907	0	0	0	0	0	0	0	0	0	0	37	22	21	40	0	0	0	0	0	0	0	0	0	0	0	0	0	0	0	0
5321f135ecb12ee5ca0fe3b4a0e2d004	0	0	0	0	0	6	0	0	0	0	0	0	0	0	0	0	0	0	0	0	0	0	0	0	0	0	0	0	0	0
c772a257c162354525121f77f867177a	0	0	12	0	4	0	0	0	0	0	0	0	0	0	0	0	0	0	0	0	0	0	0	0	0	0	0	0	0	0
46fec08edd5dd0a9cc39aaf8d4b59065	0	0	0	0	0	0	0	0	0	0	0	0	16	0	0	18	0	0	13	0	0	0	0	0	0	0	0	0	0	0
e55d87d180bc5cbf9e22760ca9710aef	0	0	0	0	0	0	0	0	0	0	0	19	0	0	0	0	0	0	0	0	0	0	0	0	0	0	0	0	0	0
84724fafe673139914460b980c73fc89	0	0	0	0	0	0	0	0	0	0	0	0	0	0	0	23	0	0	15	0	0	0	0	0	0	0	0	0	0	0
b730959647290cc4dd1229ddbf3b224c	0	0	0	0	0	0	0	0	0	0	0	0	0	0	0	0	0	0	0	0	0	0	0	0	0	0	2	0	0	0
80645f1bddd009f72a38324855295ff1	0	0	0	5	0	0	0	0	0	0	0	0	0	0	0	0	0	0	0	0	0	0	0	0	0	0	0	0	0	0
b4e934aca986c1c6106b3068fe9a82f4	18	0	0	0	0	0	0	0	0	0	0	0	0	0	0	0	0	0	0	0	0	0	0	0	0	0	0	0	0	0
014bc4b96c7dd82fac8c94c0c5386187	0	0	35	0	0	0	0	0	54	0	61	0	0	0	0	0	49	0	37	15	33	323	21	0	0	0	17	170	67	1296
88214772485d309726903d890c7a1321	120	156	21	432	24	661	45	36	182	229	0	24	30	0	0	35	0	25	8	47	18	22	28	34	54	42	48	24	46	0
ef3b9b399d0a1ed8ee8d392a3945f7b4	0	47	0	0	0	0	0	0	0	0	0	0	0	0	0	0	0	0	0	0	0	0	0	0	0	0	0	0	0	0
2c8077686c35a4046de3a69aff099120	0	0	0	0	0	0	0	0	0	0	0	0	0	0	0	0	0	0	0	14	0	0	0	0	0	0	0	0	0	0
13abdcb96ab2af97c8c5cc1b4d8e952f	0	0	0	2	0	0	0	0	0	0	0	0	0	0	0	0	0	0	0	0	0	0	0	0	0	0	0	0	0	0
9cfa563d92c0823d668501fd11843d19	0	0	0	0	0	0	0	0	0	0	0	0	0	20	0	0	0	0	0	0	0	0	0	0	0	0	0	0	0	0
92f5cb833ccd57bd1228dd6c917722be	0	0	0	0	0	0	0	0	24	0	26	55	0	16	0	0	32	208	0	42	0	0	0	0	0	0	0	0	0	0
61c62f9ac9d9a2eea6483c76dca007d9	0	0	0	0	0	0	0	0	0	0	12	0	0	0	0	0	0	0	0	0	0	0	0	0	0	0	0	0	0	0
48b84e871005660a3d8f9ed9e897dabb	0	0	0	0	0	0	0	0	0	0	0	0	0	0	0	0	0	0	0	0	0	0	0	0	0	20	0	0	0	0
232451e45836fac51ce70e4139b2d8d5	0	0	0	0	0	0	0	4	0	0	0	0	0	0	0	0	0	0	0	0	0	0	0	0	0	0	0	0	0	0
780bd9829b91c7713bacb692c186d601	178	72	0	49	72	458	65	113	107	598	0	92	50	83	0	0	25	28	0	0	53	379	78	0	0	98	0	0	0	0
e33acc50310a0e0559cef6dafd299c37	0	0	0	0	0	0	0	0	0	0	0	0	0	0	0	0	0	6	0	0	0	0	0	0	0	0	0	0	0	0
e4ca578c13d6d73dccaf08879711b82c	0	0	0	0	0	0	0	0	0	0	0	0	0	0	0	0	0	0	0	0	0	0	0	0	2	0	0	0	0	0
64c80880f4e562cab5894891213ddd2c	0	0	0	0	0	0	9	0	0	0	28	45	0	0	0	0	12	0	0	0	0	0	0	0	0	0	0	0	0	0
0576d2427878e36033e85e6a95165c9e	0	0	0	0	0	0	17	0	0	0	0	19	0	0	0	65	40	44	0	33	0	0	0	0	0	0	0	0	0	0
6998b027bf41876f0ac31c56c243d9fb	0	0	0	0	0	0	0	0	0	0	0	0	0	0	0	0	0	0	0	0	0	0	0	0	0	0	0	0	0	2
bc048c986bec4c3544770b94277ab997	0	0	0	0	0	0	0	0	0	0	0	0	0	0	0	17	0	0	0	0	0	0	0	0	0	0	0	0	0	0
0bfe1e670932fbde32707a8a1ca3c63e	10	14	0	0	0	0	0	0	0	8	33	0	0	0	0	0	0	0	0	0	0	0	0	0	0	0	0	0	0	0
eee2998661085b332fe900a43e3806d5	0	0	0	0	0	0	0	0	0	0	0	0	0	0	0	0	0	37	0	0	0	0	0	0	0	0	0	0	0	0
6a24d7681018909b182686d2e6f202c9	0	37	0	0	0	0	0	0	0	0	0	85	0	0	0	46	32	0	29	0	0	177	0	395	387	763	448	255	528	425
c81bcaaa623fc50804269488a385dc88	0	0	0	0	0	0	0	0	0	0	0	0	0	0	0	0	0	0	0	0	0	0	0	0	0	0	0	0	20	0
54e2f0a1d45143eda54c2ac8fcbfb955	0	0	0	0	0	0	0	0	0	0	0	8	18	0	0	0	0	0	0	0	0	0	0	0	0	0	0	0	0	0
70d5c81231a8f1db641f19dc7540e1ff	0	0	0	0	0	0	0	0	0	0	0	0	0	0	0	0	0	0	0	12	0	0	0	0	0	0	0	0	0	0
9e1194f63135aafededb9226efdd5fca	0	0	0	0	0	0	0	0	0	0	0	0	0	0	0	0	0	0	9	0	0	0	0	0	0	0	0	0	0	0
2fbf53c8eabc1b2f11110a7702e1d9dd	0	25	0	40	0	0	0	0	0	0	0	0	0	0	0	0	0	0	0	0	0	0	0	0	0	0	0	0	0	0
596f79d9c93f737158edd9be0073a557	0	0	0	0	0	0	0	0	0	0	0	0	0	0	0	0	0	0	0	0	0	0	0	0	0	9	0	0	30	0
3eabbdfa545cc7e94d38e2852e15bd4f	0	0	0	0	0	0	0	0	0	0	0	0	0	0	0	0	0	0	0	0	0	0	0	0	0	0	0	7	0	0
be184af0d090f721d2636508634472c4	0	0	0	0	0	0	0	0	0	0	0	0	0	0	0	0	0	7	0	0	0	0	0	0	0	0	0	0	0	0
22526b74fc754c9c6a69be2ed464b814	50	0	27	0	0	45	20	0	62	11	883	29	30	0	0	0	49	66	0	0	0	0	0	0	0	0	0	0	0	21
3efbb2eae5843894613dfffef0759537	0	0	0	0	0	0	0	0	0	0	0	6	0	0	0	0	0	0	0	0	0	0	0	0	0	0	0	0	0	0
cf1bec24631fef69064501fc74977aae	0	0	0	0	2	0	0	0	0	0	0	0	0	0	0	0	0	0	0	0	0	0	0	0	0	0	0	0	0	0
1a5074f85afa9c49ee3433801880bdc8	0	54	10	0	0	0	0	8	22	0	0	0	0	10	0	0	0	0	0	0	0	0	171	0	0	0	0	0	0	0
0b399f4b9a48aeff1e43c255180218c1	0	0	0	0	0	0	0	0	10	0	0	0	0	0	0	0	0	0	0	0	0	0	0	0	0	0	0	0	0	0
d93da38ea6c2dc4d3765eda11246cda1	0	11	0	0	0	0	33	0	0	0	0	0	0	29	12	0	21	13	12	1587	0	0	17	0	0	0	19	0	0	0
29602a952f202cdda40c139f6727a72e	0	0	0	27	0	0	0	38	0	0	0	0	0	0	0	0	0	0	0	0	0	0	0	0	0	0	0	0	0	0
3670e4b838b72d01b03bcea92ee0f537	0	0	0	0	0	0	0	0	0	0	0	0	0	0	0	0	0	0	18	0	0	0	0	0	0	0	0	0	0	0
e733c140b82aa3c8ceea2c872a34fb47	46	76	0	30	47	79	47	0	0	0	0	0	0	0	0	0	0	0	0	0	0	0	0	0	0	0	0	0	0	0
58587cc9dee254ddcf4cd90355684b8e	0	0	0	0	0	0	0	0	0	0	0	0	0	0	0	0	0	0	0	0	0	0	0	51	0	0	0	0	0	0
508ae9b0d01346e138d8ee6481d27036	0	0	0	0	0	0	0	0	8	0	0	0	0	0	0	0	0	0	0	0	0	0	0	0	0	0	0	0	0	0
24a6b1a2cf94c3f84b9657e6e18e62b7	0	0	0	0	0	0	0	0	0	0	0	0	0	0	0	0	0	0	0	0	0	0	0	0	20	0	0	0	0	0
eac15236ba365666162cab23a2c4441f	0	0	0	0	0	0	0	0	14	0	0	0	0	0	0	0	0	0	0	0	0	0	0	0	0	0	0	0	0	0
8f5c2877c48a6a330609a8ea12b50e74	0	0	0	0	0	0	0	0	0	0	8	6	0	0	0	0	0	0	0	0	0	0	0	0	0	0	0	0	0	0
0d67577eb87e73dce5c6d2504b19f666	0	0	0	0	0	0	0	0	0	0	0	0	0	0	0	0	0	0	0	0	0	0	0	0	0	0	2	0	0	0
ae248fb7768fc06aa2563896fc879048	0	0	0	2	0	0	0	0	0	0	0	0	0	0	0	0	0	0	0	0	0	0	0	0	0	0	0	0	0	0
60b619bc4e0d0d187899cf96b2ac603a	0	0	0	0	0	0	0	0	0	0	0	0	0	0	7	0	0	0	0	0	0	0	0	0	0	0	0	0	0	0
61fa9fa621c2cf0f76a165674cd7aa9f	0	0	0	0	0	0	0	0	0	0	0	0	0	0	0	0	0	0	0	9	0	0	0	0	0	0	0	0	0	0
78bfda3d47866b98a2357e5b1f902527	0	0	0	0	0	0	0	0	0	0	0	0	25	27	0	0	0	0	0	0	0	0	0	0	0	0	0	0	0	0
9a915484eba877ce1d0d9567b358e0b6	0	0	0	0	0	0	0	0	0	0	0	0	0	0	0	0	0	0	0	11	0	0	0	0	0	0	0	0	0	0
9ef7c403caff0bebfc20d3e25bd33145	0	0	0	3	0	0	0	0	0	0	0	0	0	0	0	0	0	0	0	0	0	0	0	0	0	0	0	0	0	0
d4a07ea41543edf4e8033fffe959ea55	196	251	124	239	279	1332	543	325	210	1057	130	139	250	266	688	160	75	146	322	238	366	4892	1306	216	435	473	511	1075	923	222
6bb70cf102bc5c95aa5c8cdd24723987	0	0	0	0	0	0	0	0	25	0	0	0	0	0	0	0	0	0	0	0	0	0	0	0	0	2	0	0	0	0
9b08228b6cd35eb086385398ccc97bcc	0	0	0	0	0	0	0	0	0	0	0	0	0	0	0	0	0	0	32	0	0	0	0	0	0	0	0	0	0	0
713a37c90c615ef64e15c433510ba38a	0	0	0	0	6	0	0	0	0	0	0	0	0	0	0	0	0	0	0	0	0	0	0	0	0	0	0	0	0	0
866b4115fd66745299b0847604ed851b	0	0	0	0	0	0	0	0	0	0	0	13	0	0	0	0	0	0	0	0	0	0	0	0	0	0	0	0	0	0
5fbace87cbd230e1d59aacda490842ee	14	15	0	9	0	0	12	0	9	0	8	0	0	0	0	0	0	0	0	0	0	0	0	0	0	0	0	0	0	0
507daaa8b6ea6fe083323bffbf589983	0	0	0	0	0	0	0	7	0	0	0	0	0	0	0	0	0	0	0	23	0	0	0	0	0	0	0	0	0	0
0d7718f777a4b49790a61956f7a3ff54	4	0	0	0	0	0	0	0	15	0	17	0	0	0	0	0	0	0	0	0	0	61	11	0	0	0	0	154	0	259
d15b4dbe5645d0ee8a160499b7884d2d	0	0	0	0	0	0	0	0	0	0	0	0	0	7	0	0	0	0	0	0	0	0	0	0	0	0	0	0	0	0
8aa7533739b8cea1e65c4acce1481559	0	0	0	27	0	1	0	13	0	0	0	0	0	0	0	0	0	0	0	0	0	0	0	0	0	0	0	0	0	0
a10b42c7f54bc6b90d7c2d8d8e99d439	0	0	0	0	0	0	0	0	0	0	0	0	0	0	0	0	0	0	3	0	0	0	0	0	0	0	0	0	0	0
aaaa6d0ef1ea626bcc110a3ce91b0eff	0	0	0	0	0	0	0	0	0	0	0	0	0	0	0	0	0	0	0	0	0	0	0	0	5	11	0	0	2	0
ef2648f75e51252b411e3155519dfdac	0	0	0	0	0	0	124	0	0	0	0	156	183	86	0	0	0	0	41	0	0	0	0	0	0	0	0	0	0	0
273c58e3ffb51797b527aadfd033aa51	0	0	0	0	0	0	0	0	0	0	0	18	0	0	0	0	0	0	0	0	0	0	0	0	0	0	0	0	0	0
a3699090a550599e07d0dfb4980c7683	0	21	150	8	12	6	0	0	5	0	19	0	0	0	0	0	0	0	0	5	0	0	0	0	6	0	0	0	0	0
cf259606c8249795e25a0c940faf208a	0	0	0	0	0	0	0	0	0	0	0	0	0	0	0	0	0	0	0	10	0	9	0	0	0	0	0	0	0	0
1c70aaf31bc5cab2747f7a0bf62d6a9a	0	0	0	0	0	0	0	0	0	0	0	13	0	0	0	0	0	0	0	0	0	0	0	0	0	0	0	0	0	0
8b6ad01bed7b3aaef1d4ce40d3394de9	0	0	0	0	0	0	0	0	0	0	0	0	0	0	0	0	0	0	0	0	0	0	0	0	0	0	0	0	13	0
ae9d6aaa8edcfe571a65d5012ec32cf0	0	0	0	0	0	0	0	0	0	20	0	0	0	0	0	0	0	0	0	0	0	0	0	0	0	0	0	0	0	0
2c122da1b1a4b9925c031cbeba215a43	28	0	0	31	29	0	23	0	0	0	0	0	0	0	0	0	0	0	0	0	0	0	0	0	0	0	0	0	0	0
81cc8aff89ca9749fc76e770e0b3f16d	0	0	0	0	15	0	0	0	10	0	0	0	0	0	0	0	0	0	0	0	0	0	0	0	0	0	0	0	0	0
4f11650bddd01d5ebb37ad358b807117	0	0	0	0	0	0	0	0	0	0	29	0	0	0	0	0	0	0	0	0	0	0	0	0	0	0	0	0	0	0
00845b1bb348a1889abd7a75b380cd32	2	0	0	0	0	0	0	0	0	0	0	0	0	0	0	0	0	0	0	0	0	0	0	0	0	0	0	0	0	0
4b26a73c6765e06816bdf903df0cbc39	0	0	0	0	0	0	0	0	0	0	0	0	0	0	0	0	0	0	0	106	0	0	0	0	0	0	0	0	0	0
bf4220bca6791f41fc8c5d701257a871	0	0	0	0	0	0	0	0	28	0	0	0	0	0	0	0	0	0	0	0	0	0	0	0	0	0	0	0	0	0
88cb9811929fff6e5eb84cdce0f5dbf4	18	0	0	0	0	0	0	0	0	0	0	0	0	0	0	0	0	0	0	0	0	0	0	0	0	0	0	0	0	0
93d8f1959c506f9967b341eac5522308	0	0	0	0	0	0	0	0	0	0	0	0	0	0	0	0	0	0	3	0	0	0	0	0	0	0	0	0	5	0
63d1cfc4909523c86d7c86ef5b54c615	0	0	0	10	0	0	0	0	0	0	0	0	0	0	0	0	0	0	0	0	0	0	0	0	0	0	0	0	0	0
aab71a0547b2e552ce9169b8180227ac	0	0	0	0	0	0	0	13	0	0	0	0	0	0	0	0	0	0	0	0	0	0	0	0	0	0	0	0	0	0
69a397d9522cc19f15ab506bf4138f58	0	0	0	0	0	0	0	0	0	23	0	28	0	0	0	42	0	0	21	0	0	0	0	0	0	0	0	0	0	0
6903bf988e46c0acc0243796851667ce	0	0	0	4	0	8	0	0	0	0	0	0	0	0	0	0	0	0	0	0	0	0	0	0	0	0	0	0	0	0
6cd3f73a7159d3dc6d62c7ba7be755e9	659	133	0	30	264	54	78	70	81	202	0	69	0	193	49	91	141	38	50	44	0	0	0	29	0	0	0	0	0	0
1bdf577180532838886236e33cb33306	10	0	0	0	0	0	0	0	0	0	0	0	0	0	0	0	0	0	0	0	0	0	0	0	0	0	0	0	0	0
b786f0b328bf37a9db9d26dc8e93d700	21	0	0	0	0	0	0	78	0	6	0	0	0	0	0	0	0	0	0	0	0	0	0	0	0	0	0	0	0	0
4b826b1c86691bbe5560998f0e61ab00	0	0	0	0	11	0	0	0	0	0	0	0	0	0	0	0	0	0	0	0	0	0	0	0	0	0	0	0	0	0
2e8258c74a2547461f81698bf97fd52d	0	0	0	0	0	9	0	0	0	0	0	0	0	0	0	0	0	0	0	0	0	0	0	0	0	0	0	0	0	0
353db33b5a4847d2f6fc02efb2838e5f	0	0	0	0	0	0	0	0	0	20	0	0	0	0	0	0	0	0	0	0	0	0	0	0	0	0	0	0	0	0
b066b9f8cc8320968664dc2dc8c566ea	0	0	0	0	0	0	36	0	0	84	0	74	40	0	0	70	0	112	0	124	0	0	0	0	41	20	0	0	0	0
2b3ce4221589c5683868bc0191e748bd	68	37	17	38	62	52	22	0	26	0	0	0	9	51	0	36	30	0	65	9	0	0	0	0	9	9	0	0	0	0
5867f4af90f2047afeeb074142d5e0ba	0	0	0	0	0	0	0	0	0	0	15	0	0	19	0	0	23	32	0	9	0	0	0	0	0	0	0	0	0	0
ff4034d19b96b057232d1e1b4e46ea5b	0	0	0	0	0	0	0	0	0	0	22	0	0	0	0	0	0	0	0	0	0	0	0	0	0	0	0	0	0	0
145d041e698cd1cffe497d4796b7dad7	0	0	6	8	0	0	26	0	0	0	0	0	0	0	0	0	0	0	0	0	28	0	0	0	0	0	0	0	0	0
e328b1f5661f0b0e664ed893f8b814de	37	0	0	26	15	12	18	19	8	0	0	0	0	0	4	0	0	0	0	0	0	0	0	0	0	0	0	0	0	0
65357602339bd72f5e1133c9f1f9cd78	0	6	0	0	0	0	0	0	0	0	0	0	0	0	0	0	0	0	0	0	0	0	0	0	0	0	0	0	0	0
675f4d0a711d803d208db74357a3255f	0	0	0	18	0	0	0	0	0	0	0	0	0	0	0	0	0	0	0	0	0	0	0	0	0	0	0	0	0	0
12fa9bb373b6d548419802a8fb0d2647	0	0	0	0	0	14	0	0	0	0	0	0	0	0	0	0	0	0	0	0	0	0	0	0	0	0	0	0	0	0
65b67abb185574cc5bb6c91befecd887	0	0	0	0	0	0	0	0	0	0	8	0	0	0	0	0	0	0	0	0	0	0	0	0	0	0	0	0	0	0
ccab1bbe8383531e877df4b7bb2eb9f0	25	47	0	51	36	16	28	22	43	10	0	19	0	0	0	48	0	0	0	75	0	0	0	0	0	0	3	0	0	0
98b31b57a1e39d93b0b7739736662781	0	0	0	0	0	0	0	0	0	0	0	0	0	0	0	0	0	0	0	0	0	0	0	0	0	0	0	2	0	0
5170cfb97395d5330d286a35874936b7	0	0	0	0	0	0	0	0	0	0	0	0	0	10	0	0	0	0	0	0	0	0	0	0	0	0	9	0	0	0
7005ac5c00046ae969b78b895b29c7c7	100	94	0	3174	76	402	0	0	0	148	0	152	0	0	0	0	0	131	0	0	0	0	0	0	0	0	0	0	0	0
7202aa89e4d12f0a79c7c2e7484db136	0	0	0	0	0	0	0	0	0	0	0	0	0	0	0	7	0	0	0	0	0	0	0	0	0	0	0	0	0	0
42336e910317c21840071c93b431889e	0	0	0	0	0	0	0	0	0	0	0	0	0	0	0	0	2	0	0	0	0	0	0	0	0	0	0	0	0	0
ab7bee31eee79e39dbdc17ada56e9346	4	0	0	0	0	0	0	0	0	0	0	0	0	0	0	0	0	18	0	0	0	0	0	0	0	0	4	0	0	0
2b3068ececdcae702c60cda843293c47	0	0	0	0	0	0	0	0	0	0	0	0	0	0	0	0	0	0	0	6	0	0	0	0	0	0	0	0	0	0
68fe6f29e2bd65c476c279ff0d61e2f2	3	0	0	0	0	0	0	0	0	0	0	0	0	0	0	0	0	0	0	0	0	0	0	0	0	0	0	0	0	0
3221369ef94c84eee54d4f11b3c0a415	0	0	0	0	0	0	0	0	0	0	0	0	0	0	0	44	0	0	0	0	0	0	0	0	0	0	0	0	0	0
21a7cf939872b7e84fb06f123850bde4	0	0	0	0	0	0	0	0	0	0	0	0	0	0	0	0	0	0	0	0	0	0	0	5	0	0	0	0	0	0
bc8728c43b9fa6e8a8635dd598e5671a	0	0	0	0	0	0	8	0	0	0	0	0	0	0	0	0	0	0	0	0	0	0	0	0	0	0	0	0	0	0
d5f4baa36185bfc99ebda0f4f5897f39	0	0	0	0	0	0	2	0	0	0	0	0	0	0	0	0	0	0	0	0	0	0	0	0	0	0	0	0	0	0
cd018d4c13c3b48102d3cd8947e3f584	0	0	0	0	0	0	10	0	0	0	0	0	0	0	0	0	0	0	0	0	0	0	0	0	0	0	0	0	0	0
b7c01da95e7d79e613b816f3148adcf7	0	0	0	0	0	0	0	0	0	0	0	0	0	0	29	0	0	0	0	0	0	0	0	0	0	0	0	0	0	0
cfbe28b29ec48b2de01da274a7432eca	0	0	0	0	0	0	0	31	23	21	96	390	0	141	50	183	129	145	43	112	0	11	0	0	125	150	0	0	147	0
a6346868b91afe4c5bba3d8637047955	0	0	0	0	0	0	0	0	0	0	0	0	0	0	0	0	0	0	0	0	0	0	0	0	0	2	0	0	0	0
3a9085a6d12d0fb348ff537088161768	0	0	0	0	0	0	0	0	0	22	0	0	0	0	19	0	0	0	0	0	0	0	0	0	0	0	0	0	0	0
2c9680646922f14e32fca93852bb1cba	0	0	0	0	0	0	0	0	0	0	0	0	0	0	0	0	0	4	0	0	0	0	0	0	0	0	0	0	0	0
8d50b4772a349bdd687ef1affec819b8	0	0	0	0	0	0	0	0	0	0	0	0	16	0	22	0	0	0	0	0	0	0	0	0	51	0	0	21	74	0
0ff90ff7a6fe13c83771fc6b4a63ae75	0	0	0	0	0	0	0	0	0	0	0	0	0	0	0	0	0	0	0	0	0	15	0	0	0	0	0	0	0	0
ac4e462422e5c66303b63884abbddd11	0	0	0	0	0	0	0	0	0	0	0	0	0	0	0	50	0	0	0	0	0	0	0	0	0	0	0	0	0	0
586bcf48dca8f4b9151c1f9f19c68fe9	0	0	0	0	0	0	0	0	0	0	0	0	0	7	0	0	0	0	0	0	0	0	0	0	0	0	0	0	0	0
02f1ef52f3e15cff7f0511a6e4dafdec	0	0	0	0	0	0	0	0	0	0	0	0	0	0	0	0	0	0	0	0	0	0	0	3	0	0	0	0	0	0
a2feed9ef4627ae2afc193311c4ad99c	0	0	0	0	0	0	0	0	31	0	0	0	0	0	0	0	0	0	0	0	0	0	0	0	0	0	0	0	0	0
da7bf559cb928f838e02e05c40d179f0	0	0	0	0	0	6	0	0	0	0	0	0	0	0	0	0	0	0	0	0	0	0	0	0	0	0	0	0	0	0
14a9d5445b53e71cabf8ca266108bfda	0	0	0	0	0	0	0	0	0	0	0	0	0	0	12	0	0	0	0	0	0	0	0	0	0	0	0	0	0	0
87bb2d922aae05debcecc77df36e1572	0	0	0	0	0	0	0	0	0	0	0	0	0	0	0	0	0	0	3	0	0	0	0	0	0	0	0	0	0	0
0a006ae00c4f9526f230d699b5755131	0	0	0	0	0	0	0	0	0	0	0	0	0	0	0	0	0	0	0	0	0	0	0	0	16	0	0	0	0	0
f58d0a9d005eb85ffd0bd23bfbba9ece	0	0	0	0	0	0	0	0	0	0	0	0	0	0	0	0	0	0	2	0	0	0	0	0	0	0	0	0	0	0
168cc7e4197456e7e9d0be8cfb779cc2	0	0	0	0	0	0	0	0	0	0	0	0	0	0	0	0	0	0	0	0	0	0	0	0	0	0	2	0	0	0
3a888df5f34d35df54d25c7a500cdc6d	0	0	0	0	0	0	0	0	0	0	0	0	0	0	0	0	0	0	0	0	0	0	0	0	0	0	0	0	0	6
58f012ea31a03b8dd5220eda0d47927f	0	0	0	0	0	0	0	0	0	0	16	0	0	0	0	0	0	0	0	0	0	0	0	0	0	0	0	0	0	0
ad96574fc654644eee2af75a7608ffcb	15	23	84	15	0	0	0	0	0	0	0	0	0	0	0	0	0	0	0	0	0	0	0	0	0	0	0	0	0	0
27203b664401f20930613f72dc53adc5	0	0	0	0	0	0	0	0	0	0	0	0	0	0	0	0	0	0	0	0	0	0	0	0	6	0	0	0	0	0
2e4da878677f32dd5d84102e050eb4c5	0	0	0	0	0	0	0	0	0	0	0	0	0	0	0	0	0	0	0	0	0	0	0	0	0	0	0	0	14	0
98242a0934c7bed19493ed33e8ff8322	0	0	0	0	0	0	0	0	0	0	0	0	0	0	0	5	0	0	0	0	0	0	0	0	0	0	0	0	0	0
b05edd1ffb7c334ed7d92d2894a6ec78	0	0	0	0	0	0	0	0	0	0	0	0	0	0	14	0	0	0	0	0	0	0	0	0	0	0	0	0	0	0
7ec370204b5bc566d5e6a7dec2df3adf	0	0	0	0	8	0	0	0	0	0	0	0	0	0	0	0	0	0	0	0	0	0	0	0	0	0	0	0	0	0
3c03368cc79bdc71aba3b5b9dd76629d	0	0	0	0	0	0	0	0	0	0	0	0	0	0	0	0	0	6	0	0	0	0	0	0	0	0	0	0	0	0
f1aedc264c625e22c841320939e97126	0	0	0	0	0	0	0	0	0	0	10	0	0	0	35	0	0	0	0	0	0	0	0	0	0	0	0	0	0	0
38fa48697274014f6b3a6d27b3f7d339	0	0	0	0	0	0	0	0	0	0	0	31	0	0	14	0	13	0	0	0	0	0	0	0	0	0	0	0	0	0
25490ea6ab3ed961f53d0ffa570cbe4a	0	0	0	0	0	0	0	0	0	0	22	0	0	0	0	0	0	0	0	0	0	0	0	0	0	0	0	0	0	0
34fda972031be13d94fd96ef04308640	0	0	0	0	0	0	0	0	0	0	0	0	0	0	0	14	0	0	0	0	0	0	0	0	0	0	0	0	0	0
022720ddd48befc9949a78430be3a22a	57	22	0	31	14	82	0	0	0	21	27	15	23	24	67	14	43	0	75	30	0	24	0	17	46	0	0	0	0	0
531ab05f71d092caade9e82b459d1724	0	0	0	0	0	0	0	0	2	0	0	0	0	0	0	0	0	0	0	0	0	0	0	0	0	0	0	0	0	0
3556d3ff41adbf01c34910607d60f4b9	19	0	0	0	0	23	0	0	0	0	0	0	0	0	0	0	0	0	0	0	0	0	0	0	0	0	0	0	0	0
446b0611371a08c67ab2e21c3c801d85	0	0	0	0	0	0	4	0	0	0	0	0	0	0	31	0	0	0	0	0	0	0	0	0	0	0	0	0	0	0
d38adbcd85cd60e6bc030a3ace78c661	0	0	0	0	0	0	51	0	0	178	0	23	31	0	0	0	45	94	33	47	0	0	0	0	0	0	0	0	0	0
1786e4135285fef510c9ced5bc56c939	0	0	0	0	0	0	0	0	0	0	0	0	0	35	0	0	92	0	83	0	0	32	0	40	46	0	18	62	50	0
d1c5ca2237ab62641177f1565d72b0f6	0	0	0	0	0	0	0	0	0	0	0	0	0	0	0	0	0	0	0	0	0	0	0	0	0	0	2	0	0	0
7cbc5063db8c327159c7a929127a6f45	0	0	0	17	12	0	0	0	0	0	18	0	0	0	0	0	0	0	0	0	0	0	0	0	0	0	0	0	0	0
ef4df2a0d5ce75621a945e9caa1b3e1e	0	0	0	0	0	0	41	19	0	0	0	78	0	21	707	248	23	0	76	28	0	0	0	0	0	0	0	52	0	0
ae88c423b1d6adee0a14bf6161508261	0	0	0	0	0	0	0	0	0	0	0	0	0	0	0	0	0	0	0	0	0	4	0	0	0	0	0	0	0	0
f89ea80fd2373b2fb4619bb635c44e55	0	0	0	0	0	0	0	0	5	0	0	0	0	0	0	0	0	0	0	0	0	0	0	0	0	0	0	0	0	0
0c8b503329da2e53b5931bc122897569	0	0	0	0	0	0	0	0	0	0	0	22	0	0	0	0	0	0	0	0	0	39	28	0	0	0	0	0	0	0
f6c9f1806c09e528df0e037f77067736	0	0	0	0	0	0	0	0	0	2	0	0	0	0	0	0	0	0	0	0	0	0	0	0	0	0	0	0	0	0
1e1307d5db7658fb484f62677be94683	0	0	0	0	0	0	0	0	0	0	0	0	0	7	0	0	0	0	0	0	0	0	0	0	0	0	0	0	0	0
49fdb33ab4bde5f494043d30c9baff65	0	0	0	0	0	0	0	0	0	0	0	0	0	0	0	0	0	7	0	0	0	0	0	0	0	0	0	0	0	0
245df181ef50d803dbe123866de07227	0	0	0	0	0	0	0	0	0	0	17	0	0	0	0	0	0	0	0	0	0	0	0	0	0	0	0	0	0	0
1e398db85bbe23dbdac0d584029207d8	0	0	0	0	0	0	0	12	0	0	0	0	0	0	0	0	0	0	0	0	0	0	0	0	0	0	0	0	0	0
407a2afb4e4896e6bed33a3f9a89c525	156	2097	81	157	477	1269	174	148	179	145	30	0	52	189	49	119	0	0	0	291	0	268	2254	0	154	64	206	75	281	78
18436fb9e6bff52f6c0d27796c6a10fa	0	0	9	0	0	0	0	0	0	0	0	0	0	0	0	0	0	0	0	0	0	0	0	0	0	0	0	0	0	0
9736d18429dcc97693267a2623e3fb83	0	0	0	0	0	0	0	6	0	0	0	0	0	0	0	0	0	0	0	0	0	0	0	0	0	0	0	0	0	0
c33bbab5b737b28c957f7cebb6a9d117	0	0	0	0	0	0	0	0	0	0	8	0	0	0	0	0	0	0	0	0	0	0	0	8	29	19	0	6	9	0
cb3ba06f8753a428b6ac95dd54494f24	12	11	0	0	0	44	0	0	0	0	0	0	0	0	0	0	0	0	0	0	0	0	0	0	0	0	0	0	0	0
f437c237052a8c7d13120cd28b9ec00a	0	0	0	0	0	0	0	0	0	0	0	0	0	11	0	0	0	0	0	0	0	0	0	0	0	0	0	0	0	0
74c4661b1892ab2c81b894626417f01a	0	0	0	0	0	0	0	0	0	0	0	0	38	0	0	0	65	0	0	0	0	0	0	0	0	27	0	0	0	0
244e23dfd216f1e77b843d3da63c4233	52	0	0	0	0	0	61	0	0	0	0	0	0	34	1119	64	0	0	169	39	0	0	34	38	36	20	0	100	43	0
fb386bdf8d74af08b3fc756421590277	0	0	0	0	0	0	0	0	0	0	0	0	0	0	0	0	0	0	0	0	0	19	0	0	0	0	0	0	0	0
b6a99db9ff8f187d490f43319f9d2411	0	0	0	0	0	0	0	0	0	0	0	0	0	0	0	37	0	0	0	0	0	0	0	0	0	0	0	0	0	0
9119177c622870833cee833f1756f389	0	0	0	0	0	0	0	0	0	0	0	0	4	0	0	0	0	0	0	0	0	0	0	0	0	0	0	0	0	0
fe985e9ecb4a46ab2f4cdc7db7c41830	0	0	0	0	0	0	0	0	0	0	0	0	0	0	0	0	0	0	0	0	0	5	0	0	0	0	0	0	0	0
385c380d98e4006b56d8662c90dd8e74	0	0	0	0	0	0	0	0	2	0	0	0	0	0	0	0	0	0	0	0	0	0	0	0	0	0	0	0	0	0
36df077bbc48ffa634b546227df54346	0	0	0	0	0	0	0	0	0	0	0	0	0	0	0	0	0	0	0	0	0	0	0	0	0	0	0	0	0	9
6be3f53a57cd4893bc89404a255ef3e3	0	0	0	0	0	0	0	0	0	0	0	0	0	0	0	0	0	0	0	0	0	0	2	0	0	0	0	0	0	0
f4027948a7478f22093885920b37ae8d	0	0	0	0	0	0	0	0	0	0	0	0	0	0	0	14	0	0	0	0	0	0	0	0	0	0	0	0	0	0
4afc190fe9a1421eae0b4cdeeacb5363	0	0	0	0	0	0	0	0	0	0	0	0	0	0	0	21	0	0	21	0	0	0	0	0	0	0	0	0	0	0
1871de144884729a58fcb0a0930c626f	0	0	0	0	0	0	0	0	0	6	22	28	26	37	8	0	13	32	6	64	0	0	0	0	0	0	6	0	0	0
2b1ca57ccf2b5ee872aa7a5dfd64625c	0	0	0	0	0	0	0	0	0	0	0	0	0	0	0	0	0	0	0	7	0	0	0	0	0	0	0	0	0	0
4154fde7a26a1a07e479d3069ba9ccaa	0	0	0	0	0	0	0	0	0	33	0	0	0	0	75	0	0	0	0	0	0	0	0	0	0	0	0	0	0	0
16af73da4d8f768ea816e048fde9ff37	0	0	0	0	0	0	0	0	0	0	0	0	0	0	0	0	0	0	11	0	0	0	0	0	0	0	0	0	0	0
7b8fe2e3ad6301da2d5ead9c19777f8c	0	0	14	0	0	0	0	0	0	0	0	0	0	0	0	0	0	0	0	0	0	0	0	0	0	0	0	0	0	0
0e9a70bcbc81ee2aa9e29ba5c25afde7	0	0	0	0	6	0	0	0	0	0	0	0	0	0	0	0	0	0	0	0	0	0	0	0	0	0	0	0	0	0
372761d336e2071be7fcf9328ec1f597	0	0	0	217	77	0	55	68	70	0	0	0	80	0	0	51	0	0	134	20	0	1271	45	85	0	0	366	0	114	0
124e71dad2e19f824f3760b6239de1f0	0	0	0	0	0	0	0	0	0	0	0	0	0	0	0	0	0	2	0	0	0	0	0	0	0	0	0	0	0	0
638d3d04abcd8bb6076d34280e6a9ad7	0	0	0	0	0	0	0	0	0	0	0	0	0	38	0	0	0	0	0	0	0	0	0	0	0	0	0	0	0	0
e168a4738b617ca52763bd809d1cd42d	0	0	0	0	0	0	0	0	0	0	0	0	0	0	0	0	0	0	0	0	0	0	0	0	0	0	0	0	2	0
a2e90b75f3c90ad3a8178e8b1ec7df0a	0	0	0	0	0	0	0	0	0	0	0	0	0	0	0	0	0	0	0	0	0	0	0	0	0	0	0	29	0	0
0bd2bb93908afc8c9a56492d7e356338	0	0	0	0	0	0	0	0	2	0	0	0	0	0	0	0	0	0	0	0	0	0	0	0	0	0	0	0	0	0
4d271905ec6ea45e77506ebc89491195	0	0	0	0	6	0	0	0	0	0	0	0	0	0	0	0	0	0	0	0	0	0	0	0	0	0	0	0	0	0
d9e8d856f08b34a0f4ba258e56522499	0	0	0	0	16	0	0	0	0	0	0	0	0	0	0	0	0	0	0	0	0	0	0	0	0	0	0	0	0	0
d874816a8e79b4f90ab29eeec934389b	21	29	0	27	21	0	0	0	0	0	27	12	0	14	27	0	109	31	0	0	0	0	0	0	0	11	0	0	0	0
c11c01f00d417982297e96cea85e21c2	0	14	0	0	0	0	0	97	0	0	0	20	0	204	0	60	28	0	0	117	0	0	54	0	0	0	77	0	0	0
6b8fd6dc7c59fe9ae5d999ea84ced033	0	0	0	0	0	0	0	0	0	0	0	0	0	0	0	0	0	0	0	7	0	0	0	0	0	0	0	0	0	0
8de067e21b7ad32eeead38413b51b92e	41	53	10	0	98	0	0	0	0	0	0	0	0	0	0	0	0	0	0	0	0	0	0	0	0	0	0	0	0	0
5c1766b171dce85e002a048aaeca872d	0	0	0	0	0	0	0	0	9	0	0	0	0	0	0	0	0	0	0	0	0	0	0	0	0	0	0	0	0	0
8edda6bdd9a6b749a9524de06d6983f3	9	0	0	0	17	21	0	0	0	3	0	0	0	0	0	0	0	0	0	0	0	0	0	0	0	0	0	0	0	0
26b0246bcf952a65055a575fcb5e1e11	0	0	0	0	2	0	0	0	0	0	0	0	0	0	0	0	0	0	0	0	0	0	0	0	0	0	0	0	0	0
fac9c9f4aa6e8efd93229f1da34b6e21	0	0	0	0	0	0	0	0	0	0	117	0	0	0	0	0	20	0	0	0	0	0	0	0	0	0	0	0	0	0
98f1b562288af4283c176fec738806ef	0	0	0	0	0	0	0	0	7	0	0	0	0	0	0	0	0	0	0	0	0	0	0	0	0	0	0	0	0	0
2804696e79f62e778c708011a379be7d	0	0	0	0	0	0	0	0	0	0	0	0	0	0	12	0	0	0	0	0	0	0	0	0	0	0	0	0	0	0
3b9eafe53ef0059c7d84519c21b6f813	0	9	0	0	0	0	0	0	0	0	6	0	0	0	0	0	0	0	0	0	0	0	0	0	0	0	0	0	0	0
93aa9a1dc8c4bb946bbf39db87b324ea	0	0	0	0	0	0	0	0	0	2	0	0	0	0	0	0	0	0	0	0	0	0	0	0	0	0	0	0	0	0
1391ac9a4c65b95ee3efbf93d2ffc355	0	0	0	0	0	0	0	0	0	0	0	0	0	0	0	0	0	0	0	0	0	0	0	0	2	0	0	0	0	0
5e39de40fa3e9b22db27bc672fb5dafe	0	0	0	0	0	0	10	0	0	0	0	0	0	0	0	0	0	0	0	0	0	0	0	0	0	0	0	0	0	0
f3bd54be2eae6c3f1ea8c3ee6acb758a	0	0	0	0	0	0	0	0	0	0	11	0	0	0	0	0	0	0	0	0	0	0	0	0	0	0	0	0	0	0
670d5f0bdb8ee733022cfbb7d7383470	0	0	48	0	0	0	0	0	0	0	0	0	0	0	0	0	0	0	0	0	0	0	0	0	0	0	0	0	0	0
4b6698f2e5107227052dc891c061721c	0	0	0	0	0	0	0	0	0	0	0	0	0	0	0	0	0	0	0	0	0	0	0	0	0	2	0	0	0	0
8c628373021834113ed69584ea5dc446	0	0	0	0	0	0	0	0	0	0	0	0	0	3	0	0	0	0	0	0	0	0	0	0	0	0	0	0	0	0
cfc153907f829c7091323f072244aa41	0	0	0	0	15	0	0	0	0	0	0	0	0	0	0	0	0	0	0	0	0	0	0	0	0	0	0	0	0	0
09a0e6c0ff8cc7d54b60495b5a29ebb3	0	0	0	0	0	0	0	0	0	0	0	0	49	0	0	0	0	0	0	0	0	0	0	0	0	0	0	0	99	0
5d283c00620bb0022fd0504887cfbea4	0	0	0	0	0	0	0	0	0	0	0	14	0	0	0	0	0	0	0	0	0	0	0	0	0	0	0	0	0	0
825f25de0369fa7d0d6d5be61b0299bf	46	0	0	0	0	0	0	0	0	0	0	0	0	0	0	0	0	0	0	0	0	0	0	0	0	0	0	0	0	0
bdafec01094c15f2f7de5648a6c589c2	0	0	0	0	0	0	0	0	0	0	0	0	0	0	0	0	0	0	0	0	2	0	0	0	0	0	0	0	0	0
5c9b1dafffaa2ce18c61c9445cf3cf72	0	0	0	0	0	0	0	0	0	0	0	0	0	0	0	0	0	4	0	0	0	0	0	0	0	0	0	0	0	0
8d839e9b2f6cc80dc033980fa42f304d	0	0	81	0	0	0	0	0	0	0	16	0	8	0	0	0	0	0	0	0	0	105	0	0	0	0	24	0	25	90
c584665fa1c78a382630740efa0a7480	0	0	0	0	20	0	0	0	0	0	0	0	0	0	0	0	0	0	0	0	0	0	0	0	0	0	0	0	0	0
07dc69d06cfaf8c59f71d7b53998eb91	0	0	0	0	0	0	149	0	0	0	0	0	0	0	0	41	0	0	0	0	0	0	0	0	0	0	0	0	0	0
2d5a687eebdb67a9914e5a3c80f4873e	0	0	0	291	0	0	0	0	0	352	0	394	0	0	0	0	0	375	0	0	7882	150	166	0	0	0	0	185	242	144
03a8b81c3f0b09e0e25e306ff468db6b	0	0	0	0	0	0	0	0	0	0	0	0	0	0	0	0	0	0	0	0	0	0	0	0	0	0	0	2	0	0
1d747eff80518d6b11e0b31628422878	0	0	0	0	0	0	0	0	3	0	0	0	0	0	0	0	0	0	0	0	0	0	0	0	0	0	0	0	0	0
91742679e5723ee7ec4cf896a348d0f8	0	0	2	0	0	0	0	0	0	0	0	0	0	0	0	0	0	0	0	0	0	0	0	0	0	0	0	0	0	0
4b76794ab47bdc9ff30a91b1bf05e3c3	0	0	0	0	0	0	0	0	0	0	19	0	0	0	0	0	0	0	11	0	0	0	0	0	0	0	0	0	0	0
f502e803dff40ac7c0406176be189205	0	0	0	0	0	0	0	0	0	0	0	0	0	0	20	0	0	0	0	0	0	0	0	0	0	0	0	0	0	0
cacec8b2c3db4b987e35ba6e1dc1dcfe	0	0	0	0	0	0	0	0	0	0	0	0	0	0	0	0	0	0	0	0	0	0	0	0	0	0	9	0	0	0
670662f6fbd3a1b70b04516be78d441d	0	0	0	0	0	0	0	0	0	0	0	0	0	0	0	0	0	0	0	5	0	0	0	0	0	0	0	0	0	0
6aef3b6ae125df09f7fccdb450eae1f1	0	0	0	6	0	0	0	0	0	0	0	0	0	0	0	0	0	0	0	0	0	0	0	0	0	0	0	0	0	0
d94fb779180fd054e52ef02a14780502	0	0	15	0	0	0	0	0	0	0	0	0	0	0	0	0	0	0	0	0	0	0	0	0	0	0	0	0	0	0
c10e60e3a669874c1745a2a86a08ce2e	0	0	0	0	0	0	0	0	0	0	15	0	0	0	0	0	0	0	0	0	0	0	0	0	0	0	0	0	0	0
eb14e4a9e476faa71d99d85d80e40442	0	0	0	0	0	0	0	0	0	0	0	0	0	0	0	0	0	0	0	0	0	0	0	0	0	0	5	0	0	0
e5d7fc4c16db7d952f556744a8b2644b	0	0	0	0	0	0	0	0	0	0	0	0	0	31	0	0	0	0	0	0	0	16	0	24	98	0	0	0	18	0
fe406105e30f9877c6f1fa6ee194f835	5	0	0	0	0	0	0	0	0	0	0	5	0	0	0	0	0	0	0	0	0	0	0	0	0	0	0	0	0	0
f8ec20aa7170dbec9b70e999b4e33e99	6	0	0	0	0	0	0	0	0	0	0	0	0	0	0	0	0	0	0	0	0	0	0	0	0	0	0	0	0	0
b69af61f8530615ef56339d7e225cb98	0	0	0	0	0	0	0	0	0	0	0	0	0	0	0	17	0	0	0	0	0	0	0	0	0	0	0	0	0	0
071e36b208b3903d4785087a8970cf6d	0	0	0	0	0	0	0	0	0	0	0	0	0	16	0	0	0	0	0	0	0	0	0	0	0	0	0	0	0	0
2b22d4e8cf302376657323d8e1f2670d	0	0	0	0	0	0	0	0	0	0	0	0	0	0	0	0	0	0	0	0	0	19	0	0	0	0	0	0	0	0
e0c036f33a611e7ed6b366f13905dfa8	0	0	0	0	0	21	0	0	0	0	0	0	0	0	0	0	0	0	0	0	0	0	0	0	0	0	0	0	0	0
70c71d2183d54a60b19bebeb68d8fe29	6	0	0	0	0	0	0	0	0	0	0	0	0	0	0	0	0	0	0	0	0	0	0	0	0	0	0	0	0	0
c8fbcd48037205128896a5793853c12b	238	103	85	135	338	204	0	0	113	0	0	0	0	25	0	0	0	0	19	20	0	0	0	17	0	0	0	0	0	0
4895e763fe8259a5b7adec3038136f07	0	0	0	0	0	0	6	0	0	0	0	0	0	0	0	0	0	0	0	0	0	0	0	0	0	0	0	0	0	0
26ec7252e356fe80952e5e0ec8c3b4f1	0	0	0	0	0	0	0	0	0	0	0	0	0	9	0	0	0	0	0	0	0	0	0	0	0	0	0	0	0	0
c6120c4fcafdb9b2050f6dfbcd05d8ed	0	0	0	0	0	0	0	0	0	0	0	0	0	0	0	2	0	0	0	0	0	0	0	0	0	0	0	0	0	0
ae19593b7f799ffce38c1d03c26aebb4	0	0	0	0	0	0	0	0	0	0	0	0	0	0	0	0	0	0	0	0	0	0	0	0	0	0	11	0	0	0
3bbce1bb678272af098a01c1814447b4	0	0	0	0	0	0	6	0	0	0	0	0	0	0	0	0	0	0	0	0	0	0	0	0	0	0	0	0	0	0
8f78868c3008b1f63ea4dd218343d955	0	0	0	0	0	0	2	0	0	0	0	0	9	0	1	0	0	0	0	20	0	0	0	12	33	0	0	24	32	0
42712c085cdbd7f718691ffdeaacd0f4	0	0	0	83	89	0	0	0	116	0	71	0	0	37	89	0	0	63	0	0	0	0	0	0	0	0	0	0	0	0
7e12d52c43a06c643446e228e62499e2	0	0	0	0	0	0	0	0	0	0	0	0	0	0	0	0	0	0	0	0	0	14	0	0	0	0	0	0	0	0
910a642bb212fd66073e908c73cb8329	0	0	0	0	0	0	0	0	0	0	0	0	0	0	0	0	0	9	0	0	0	0	0	0	0	0	0	0	0	0
e3bc65ab182b80c18ece0c5e078f0cda	0	0	0	0	42	0	0	0	0	0	0	0	0	0	0	0	0	0	0	0	0	0	0	0	0	0	0	0	0	0
67b232e95cec6db30fcc2d63b130e8e2	0	0	0	0	0	0	0	0	0	0	0	0	0	0	0	0	0	0	0	0	0	0	0	0	0	0	4	0	0	0
227e1de3bce7d029fda42b6aa6e1b48d	0	0	0	0	0	0	0	0	0	0	0	0	0	0	0	0	0	0	0	0	0	0	0	0	0	0	0	0	6	0
aa070dc01c8634fdb804cb218a6234cd	0	0	0	0	0	0	0	0	0	0	12	0	0	0	0	0	0	0	0	0	0	0	0	0	0	0	0	0	0	0
d4eacb6845eeff91a4a9132793d5d98c	0	0	0	3	0	0	0	0	0	0	0	0	0	0	0	0	0	0	0	0	0	0	0	0	0	0	0	0	0	0
b167b4dcaf6c7a1f69c7baa69720f4a5	0	0	0	0	0	0	0	0	0	0	0	0	0	0	0	0	2	0	0	0	0	0	0	0	0	0	0	0	0	0
3d1bb30bb3aeef7f8cb1ed373383b535	0	0	0	0	0	0	0	0	0	0	0	0	0	17	0	0	0	0	0	0	0	0	0	0	0	0	0	0	0	0
bb334f0e375b203625932383747e017a	4	0	0	0	0	0	0	0	0	0	0	0	0	0	0	0	0	0	0	0	0	0	0	0	0	0	0	0	0	0
808d80c4a0aa209970d2e5b1ab366f87	0	0	0	0	0	0	0	0	0	0	0	0	0	0	0	0	0	0	0	0	5	0	0	0	0	0	0	0	0	0
4fe5c1ca0f40ca51a3329847eadf56e7	0	0	0	0	0	0	0	0	0	0	0	0	0	0	0	0	0	0	0	106	0	0	0	0	0	0	0	0	0	0
2538320555d209e9237216f22e9bf925	0	0	0	0	0	0	0	0	0	0	0	0	0	0	0	0	0	0	6	0	0	0	0	0	0	0	0	0	0	0
81a6cecd7bee38acd60cf3029f107106	0	0	0	0	0	0	2	0	0	0	0	0	0	0	0	0	0	0	0	0	0	0	0	0	0	0	0	0	0	0
27907d0d07c619e7d4feb62fae490261	0	54	0	0	0	0	0	0	0	0	0	0	0	0	0	0	0	0	0	0	0	0	0	0	0	0	0	0	0	0
22409c67a53fcb02f67e64b0a67aa87c	0	4	0	0	0	0	0	0	0	0	0	0	0	0	0	0	0	0	0	0	0	0	0	0	0	0	0	0	0	0
bd5d044d5a2c6ba04895b3e98ee3dc49	0	0	0	0	0	0	0	0	0	0	0	0	0	0	0	0	0	0	0	0	0	0	0	0	0	4	0	0	0	0
27f829849cd016fb1448d734703de7ae	0	0	0	0	0	0	0	0	0	0	0	0	0	0	0	0	0	5	0	0	0	0	0	0	0	0	0	0	0	0
811d86a216c49f62ec0fa897253c1ee5	0	0	0	0	0	0	0	0	0	0	0	0	5	0	0	0	0	0	0	0	0	0	0	0	0	0	0	0	0	0
3848631c4117f47b5746cbeb3902fda8	0	0	0	0	0	0	0	0	0	2	0	0	0	0	0	0	0	0	0	0	0	0	0	0	0	0	0	0	0	0
eab65bd043fd599e97780525998f288d	0	0	0	0	0	0	3	0	0	0	0	0	0	0	0	0	0	0	0	0	0	0	0	0	0	0	0	0	0	0
04141b5bed6b3e6a297da9df680aafe1	0	0	0	0	0	0	0	0	0	9	0	0	0	0	0	0	0	0	0	0	0	0	0	0	0	0	0	0	0	0
c9300b70c1d3f6e6358a93500cd2354f	0	0	0	0	0	0	0	0	0	0	0	0	0	20	0	0	0	0	0	0	0	0	0	0	0	0	0	0	0	0
2fd8d4b87c971a95e139e3f4c9083283	0	0	0	0	0	0	0	0	0	0	0	0	0	16	0	0	0	0	0	0	0	0	0	0	0	0	0	0	0	0
d756c9d7241fedaf886fde23fb4482f4	0	0	0	0	0	0	7	0	33	0	0	0	0	0	0	0	0	0	0	0	0	0	0	0	16	0	0	0	0	0
b31f0ed2dceed03f71bda181a6e68af7	10	0	0	0	11	0	0	0	28	0	0	0	0	0	0	0	0	0	0	0	0	0	0	0	0	0	0	0	0	0
bff7091705290527a81bc1ad0843298e	0	0	0	10	15	0	0	0	0	0	0	0	0	0	0	0	0	0	0	0	0	0	0	0	0	0	0	0	0	0
306f8d8b5e308cb6f8d0205cfebdaf90	0	0	0	0	0	0	0	0	0	0	0	0	0	15	0	0	0	0	0	0	0	0	0	0	0	0	0	0	0	0
86f24d7ae91b1e6a191951ea866db92e	62	25	0	0	72	56	0	0	0	0	0	0	0	0	0	0	0	0	0	0	0	0	0	0	0	0	0	0	0	0
35083a1877412597001cff3acb578a73	0	0	0	0	0	0	0	0	0	0	0	0	0	0	0	0	0	0	0	0	0	0	0	0	0	0	4	0	0	0
747879ec0a309f34057ceda25d49c547	0	0	13	0	0	0	0	0	0	0	0	0	0	0	0	0	0	0	0	0	0	0	0	0	0	0	0	0	0	0
dbe30f2f64a8981c86d512661da79aa1	0	0	0	0	0	0	0	0	0	0	16	0	0	0	0	0	0	0	0	0	0	0	0	0	0	0	0	0	0	0
52d3e3dfc7fb145bcfdc72f40260fa45	0	0	0	0	0	0	0	0	0	0	0	0	0	0	0	219	0	0	0	0	0	0	0	0	0	0	0	0	0	0
211fd06015dcb0141ec62cf58bce7409	0	0	0	0	0	0	0	6	0	0	0	0	0	0	0	0	0	0	0	0	0	0	0	0	0	0	0	0	0	0
b8b3b196b75932c889ae106a73bbb82a	0	0	15	0	0	0	0	0	189	0	8	0	0	0	0	0	0	0	0	0	0	0	0	0	0	0	0	0	0	0
3bf7271568b1fe86196f023c4dbae542	0	0	0	0	0	0	0	0	0	0	0	0	0	0	2	0	0	0	0	0	0	0	0	0	0	0	0	0	0	0
a1a5ca80169ed77ccbe8a14133664679	0	0	0	0	0	0	0	0	0	0	0	0	0	21	0	0	0	0	0	0	0	0	0	0	0	0	0	0	0	0
724b96a77622da443a244eb6e736ad5c	0	0	42	0	0	0	0	0	0	0	0	0	0	0	0	0	0	0	0	0	0	0	0	0	0	0	0	0	0	0
fd5d3217a9ae863e2be8b0b134b9b4d7	0	0	0	11	0	0	0	0	0	0	0	0	0	0	0	0	0	0	0	0	0	0	0	0	0	0	0	0	0	0
c29e9ff70f818d6a2041af56b86d63b9	994	875	88	621	527	609	191	170	393	230	0	52	90	37	80	112	100	93	70	93	0	0	36	0	85	248	84	0	44	0
7225af5062265891b30d6b9bedfaaf7d	0	0	0	0	0	0	0	34	0	0	0	0	0	0	0	0	0	0	0	0	0	0	0	0	0	0	0	0	0	0
4039091de01dd4b9aad5bef66a6932d4	32	0	40	48	0	88	0	0	0	0	32	0	0	0	0	0	0	0	0	0	0	0	0	0	0	0	0	0	0	0
14cbfafeefc400ea8e8ebe41acd45e71	0	21	0	0	0	35	0	0	0	0	0	0	0	0	0	0	0	0	0	0	0	0	0	0	0	0	0	0	0	0
c773d852c4392408f67e6537221a3e8d	0	0	0	0	0	0	0	0	0	0	0	0	0	0	0	0	0	0	0	0	0	0	0	0	169	0	117	0	0	0
807c549c6f029f26a18af3a669f9a883	0	0	0	0	0	0	0	0	0	0	0	0	0	0	0	0	0	0	0	0	0	0	0	0	0	4	0	0	0	0
a84e5de76ba1eba3e0224a51f0069af9	0	0	0	0	0	0	0	0	0	0	0	0	0	0	0	0	2	0	0	0	0	0	0	0	0	0	0	0	0	0
1f9304aa67941381ae77e7a36d6505cb	0	0	0	2	0	0	0	0	0	0	0	0	0	0	0	0	0	0	0	0	0	0	0	0	0	0	0	0	0	0
a43635b9509aa7c70b2a503e35ad8bd5	0	0	0	0	0	0	0	0	0	0	0	0	0	0	28	0	0	0	0	0	0	0	0	0	0	0	0	0	0	0
0faa1fd53424cd4d44ecf26add2cd055	12	0	0	70	31	50	56	56	49	77	32	27	79	0	57	79	48	36	51	42	0	89	0	0	0	0	0	25	57	68
587054a31da0e9a6f4c83dcc4f741f07	0	0	0	21	12	0	0	0	0	0	0	0	0	0	0	0	0	0	0	0	0	0	0	0	0	0	0	0	0	0
a7e3c1a0350d690aaee3498b9f42c513	0	0	0	0	0	0	0	0	0	0	0	0	0	0	0	0	0	0	0	0	0	0	0	0	0	7	0	0	0	0
71bbcf0c0d17ad8b62374e9537d5a42a	0	0	0	0	0	0	6	0	0	0	0	0	0	0	0	0	0	0	0	0	0	0	0	0	0	0	0	0	0	0
81189ebcf30f10d5fccf6c08e4a1c234	7	0	0	0	0	0	0	0	0	0	0	0	0	0	0	0	0	0	0	0	0	0	0	0	0	0	0	0	0	0
e1c96ea160ff5c88f41c896e7c88074d	0	0	0	0	0	0	0	0	0	0	0	0	10	0	0	0	0	0	0	0	0	0	0	0	0	0	0	0	0	0
1dd219c2ae811a8d404be338c7b58f66	0	0	35	0	0	0	0	8	0	0	0	0	0	0	0	0	0	0	0	0	0	0	0	0	0	0	0	0	0	0
cf680e2a861177e13db47791718203ae	0	0	0	0	13	8	26	0	0	0	0	0	0	0	0	0	0	0	0	0	0	0	0	0	0	0	0	0	0	0
230631aacec4616cdb9321ce2bd7a01c	0	0	0	0	0	0	0	0	0	0	0	0	0	0	0	0	2	0	0	0	0	0	0	0	0	0	0	0	0	0
5c47ddf5cc3bcf2ff06959d8314c8d56	0	0	0	6	0	0	0	0	0	0	0	0	0	0	0	0	0	0	0	0	0	0	0	0	0	0	0	0	0	0
2f5cc6465badd0a683b6d114bb923cb4	0	0	0	0	0	0	0	0	0	0	0	0	0	0	0	0	0	0	0	0	0	0	0	0	0	0	6	0	0	0
21ebcd4ce6bbb3e38d448a471261a7b6	0	0	0	0	0	0	0	0	0	0	0	0	0	0	0	0	0	0	0	0	0	0	0	0	0	0	0	0	3	0
085190e416884b370038a3176324878c	0	0	0	0	0	0	0	0	0	0	0	0	0	0	0	0	0	0	0	0	0	0	0	0	0	15	0	0	0	0
a3ba3fb82137508b21972ca15d10ab5b	0	0	0	0	0	0	0	0	0	0	0	0	0	0	0	0	0	0	0	5	0	0	0	0	0	0	97	0	0	0
e16a31fdaa54dbddce981d4137952ec1	0	0	0	0	0	0	0	0	0	0	0	0	0	0	0	0	0	0	0	0	0	0	0	0	0	0	0	0	0	4
0960ea2c3d827f37ffdc334a63b8fe42	0	0	0	0	0	0	0	0	30	0	0	0	0	0	0	0	0	0	0	0	0	53	0	0	0	56	0	61	55	686
b7190788a69ab3a8a5d6a75f0f4f5a14	0	0	0	0	0	0	0	0	0	0	0	0	0	0	0	0	0	0	0	8	0	0	0	0	0	0	0	0	0	0
d0f94b2715644cc1704e477597bf21a7	0	0	0	0	0	0	76	21	0	95	0	0	26	21	22	0	0	59	59	34	0	19	0	84	39	27	0	21	21	0
c50fae611d35e76c0e661a107e29c3e5	0	0	0	0	0	0	0	0	0	0	0	0	137	0	17	0	5	0	0	0	0	0	0	0	0	6	9	0	0	0
771cc71ae4062f8bf9c12931ae6ab9fc	0	0	0	0	0	0	0	0	0	0	0	0	0	0	0	0	0	0	0	0	0	0	0	0	0	12	0	0	0	0
6fc54c3c51b91584976d32e611287451	0	0	0	0	0	0	0	0	2	0	0	0	0	0	0	0	0	0	0	0	0	0	0	0	0	0	0	0	0	0
e72461bd7ec64b7c6ee34ce638e1fcef	0	0	0	0	0	0	0	0	0	0	0	0	0	0	0	0	0	0	32	0	0	0	0	0	0	0	0	0	0	0
273d1e0c3beef4486186a675d524db88	0	0	38	0	0	0	0	0	0	0	0	0	0	0	0	0	0	0	0	0	0	0	0	0	0	0	0	0	0	0
029559b5264012a0a762860a275a511f	0	0	6	0	0	0	0	0	0	0	0	0	0	0	0	0	0	0	0	0	0	0	0	0	0	0	0	0	0	0
dd2ac72bb191f80ba53d7d9a2e8b9669	0	0	0	4	0	0	0	0	0	0	0	0	0	0	0	0	0	0	0	0	0	0	0	0	0	0	0	0	0	0
47ef8351490e96f2ebfec11d81a5c9b2	0	0	0	0	0	0	27	0	0	0	0	0	56	0	11	20	41	26	0	0	0	0	0	80	46	0	0	0	22	0
bedc4ac3af22cf199a79d5c5bf67dcdb	32	160	0	0	34	0	0	18	0	0	0	0	0	0	0	0	0	0	0	0	0	0	0	0	12	0	0	0	0	0
2fd1ad86dd2542a9e4c5755677620bbf	0	0	0	0	0	0	0	0	0	0	0	0	0	0	0	0	0	0	0	0	0	0	0	0	0	0	0	0	0	2
8aea4ebcc6bc02b642cf760351603d00	0	0	0	0	0	0	0	0	0	0	0	0	0	0	0	0	0	0	0	5	0	0	0	0	0	0	0	0	0	0
edb6b5cb7e5e2671c6553e0f635a2ef9	0	0	0	0	5	0	0	0	0	0	0	0	0	0	0	0	0	0	0	0	0	0	0	0	0	0	0	0	0	0
019ecaf9bbf777399ee5e1dcc04c584f	0	0	0	0	0	0	0	0	0	0	0	0	0	3	0	0	0	0	0	3	0	0	0	0	0	0	0	0	0	0
4741a71337e6f0c7a756e902e1342ce2	0	0	0	0	0	0	0	0	0	0	0	0	0	0	33	0	0	0	0	0	0	0	0	0	0	0	0	0	0	0
542503406cb33d08a42ad58a36743256	0	0	0	0	0	0	0	28	0	0	0	0	0	0	0	0	0	0	0	0	0	0	0	0	0	0	0	0	0	0
e8b7ae2861e9f260902795b05b2db3ba	0	0	0	31	0	0	0	0	0	59	317	152	163	318	79	426	955	1248	102	304	20	0	0	0	42	0	0	0	0	0
63d80571ce227231e264fb0d146fffb5	12	0	0	0	0	0	0	0	0	0	0	0	0	0	0	0	0	0	0	0	0	0	0	0	0	0	0	0	0	0
1990648c08af2e815bcac01fe75b55b3	0	0	0	0	0	0	0	0	0	0	0	0	0	0	17	0	0	0	0	0	0	0	0	0	0	0	0	0	0	0
4730b7e7fa4384c631cd3e7756774126	22	0	22	12	11	0	0	0	0	0	32	16	6	0	0	0	0	0	11	0	0	21	0	0	0	0	0	13	12	0
5b47ae2c93044d44a5235e1eb4c7c201	0	0	0	4	0	0	0	0	7	0	0	0	0	0	0	0	0	0	0	0	0	0	0	0	0	0	0	0	0	0
5887d500bbaf246c75639a87b3934779	0	0	0	0	0	0	0	0	0	0	0	0	0	16	0	0	0	0	0	0	0	0	0	0	0	0	0	0	0	0
1f46174badf43ced83fb6867bc5825f6	0	0	0	0	0	0	0	0	0	0	0	0	0	19	0	0	0	0	0	0	0	0	0	0	0	0	0	0	0	0
0c69cf44a843d586c6a3b9a0f2d0b808	0	0	0	0	0	15	0	0	0	0	0	0	0	0	0	0	0	0	0	0	0	0	0	0	0	0	12	0	0	0
ccd1be2ca4ca8ffd1a0f66bb10867b54	0	0	0	0	0	0	0	0	0	0	0	0	0	0	0	0	0	0	0	9	0	0	0	0	0	0	0	0	0	0
c13540a942201c94cde7dae8dcce81a9	10	0	0	0	0	0	0	0	0	0	0	0	0	0	0	0	0	0	0	0	0	0	0	0	0	0	0	0	0	0
9813e693a73956951db6d263b8bf9df8	0	0	0	0	0	0	0	0	0	0	0	5	0	0	0	0	0	0	0	0	0	0	0	0	0	0	0	0	0	0
dbe20bdd2a108dff24004e7c19514571	0	0	0	0	0	0	0	0	0	0	12	29	0	0	24	0	0	7	0	0	0	0	0	0	0	0	0	0	0	0
9ae4087858f8a3776b51051ad3791c0a	0	0	0	0	3	0	0	0	0	0	0	0	0	0	0	0	0	0	0	0	0	0	0	0	0	0	0	0	0	0
8fc56a652cdabeb1f78a1b657d7e2534	0	0	0	0	0	0	0	0	0	0	0	0	0	0	0	0	0	0	27	0	0	0	0	0	0	0	0	0	0	0
5e75dc9207259ffc6f356ca34556f6b0	0	0	0	0	0	0	7	0	0	0	0	0	0	0	0	0	0	0	0	0	0	0	0	0	0	0	0	0	0	0
c1d5ba0a68aa1d56264710d3e22daa81	0	0	0	0	0	4	0	0	0	0	0	0	0	0	0	0	0	0	0	0	0	0	0	0	0	0	0	0	0	0
65af2326f67a8977a8c4be61475fcd2c	0	0	0	0	0	0	0	0	0	2	0	0	0	0	0	0	0	0	0	0	0	0	0	0	0	0	0	0	0	0
59931ebbfa7da0cd049d9e6829e9af33	0	0	0	0	0	0	0	0	0	0	10	0	0	0	0	0	0	0	0	0	0	0	0	0	0	0	0	0	0	0
49255b6c49564e3f0b15d9cc6b35859a	0	0	0	0	0	0	0	0	0	0	0	0	0	0	0	0	0	0	0	0	0	0	0	9	0	0	0	0	0	0
b80548f02ba37916af065feb29debf9d	0	0	0	0	0	15	0	0	0	0	0	0	0	0	0	0	0	0	0	0	0	0	0	0	0	0	0	0	0	0
b99f7cb9b10b01d2c62f2d4d1f95e621	0	0	0	0	0	0	0	0	0	0	0	0	0	0	0	0	0	0	0	0	0	0	0	0	2	0	0	0	0	0
456ac77b844447ec614274187df599cf	0	0	0	0	0	0	0	0	0	0	0	3	6	0	25	0	0	0	0	0	0	0	0	0	0	12	0	0	0	0
0a7b1308dafc6cdd4c2e3395b6711118	0	0	0	0	0	0	0	0	0	0	0	0	0	0	15	0	0	0	0	0	0	0	0	0	0	0	0	0	0	0
eb93196f326026103525bc9577fbbe2e	15	489	33	0	0	0	0	0	7	0	0	0	0	0	0	0	0	0	0	0	0	0	0	0	27	0	0	0	0	0
97365bfb77f29ecde6eb806db5cb29b3	0	0	0	0	0	0	0	7	0	0	0	0	0	0	0	0	0	0	0	0	0	0	0	0	0	0	0	0	0	0
805aaad5779d5dde3facbf0f50dd0ddc	0	0	0	0	0	0	0	0	0	0	0	0	0	0	0	7	0	0	0	0	0	0	0	0	0	0	0	0	0	0
fb3fbae098c07c07b40680c29a4f4cfb	17	13	0	0	0	0	0	0	25	0	40	0	0	0	0	0	0	0	0	0	0	0	0	0	0	0	12	0	23	0
d032e9c1286f51eec40e336851e42500	0	0	0	0	0	0	0	0	0	0	0	0	0	0	0	0	6	0	0	0	0	0	0	0	0	0	0	0	0	0
795e8894b1b6c96ba448925aa5721492	0	0	0	0	0	0	0	0	0	0	0	0	0	0	0	0	0	21	0	0	0	0	0	0	0	0	0	0	0	0
e247a256ac6989b7fd22acbaf7c19115	25	0	0	0	0	0	27	0	0	0	0	0	0	0	0	0	0	0	0	0	0	0	0	0	0	0	0	0	0	0
e08dcad4fc3ff5c4de308765de6867db	0	0	0	41	28	0	42	0	34	0	0	0	9	0	0	0	0	0	0	0	0	0	0	0	0	0	0	0	0	0
b9438caf913118ad12aaaff85da89e31	0	0	0	0	0	0	0	0	0	0	0	0	0	0	0	0	0	0	6	0	0	0	0	0	0	0	0	0	0	0
88dfb693ff85113d59467fff3d626fab	0	0	0	0	0	0	0	0	0	0	0	0	0	0	0	0	0	0	0	0	0	0	0	0	8	0	0	0	0	0
bafb52640ea7d0c51afb3d9f148d137b	0	0	0	0	0	0	0	0	0	0	0	0	0	0	0	0	0	0	0	0	0	0	0	0	0	0	2	0	0	0
d388fb02fa3ac1bf83a06c62136c011c	0	0	0	0	0	0	0	0	0	0	20	0	0	0	0	0	0	0	0	0	0	0	0	0	0	0	0	0	0	0
c62ec176336501fdaea002c362c6a3f5	0	0	0	0	0	0	8	0	0	0	0	22	0	0	0	0	0	0	0	0	0	0	0	0	0	0	0	0	0	0
5f028b4e981d87743c93c6b9f69ce94e	9	0	0	10	0	0	0	0	0	0	0	0	0	0	0	0	0	0	0	0	0	0	0	0	0	0	0	0	0	0
6980c8097723db06fcb4a6a900067846	0	0	0	0	0	0	0	0	0	0	0	0	0	0	0	0	0	0	0	0	0	0	0	0	0	0	4	0	0	0
9c12e8bd87068a094ec49dbe6b6a595b	0	0	0	0	0	0	0	0	0	0	0	0	0	0	0	0	0	0	0	0	0	0	0	0	0	0	0	0	5	0
2e7c41a41384d02937831db238df2ee7	0	0	0	0	0	0	0	0	0	0	0	0	0	2	0	0	0	0	0	0	0	0	0	0	0	0	0	0	0	0
c89924480382c232cb240660cfceead0	0	0	0	0	0	0	0	5	0	0	0	0	0	0	0	0	0	0	0	0	0	0	0	0	0	0	0	0	0	0
5513b4f525a0e7d06bb1ab117ccffd09	0	0	0	0	0	11	0	0	0	0	0	0	0	0	0	0	0	0	0	0	0	0	0	0	0	0	0	0	0	0
b8f7b819ba461b94363030feb46ae1cc	1785	1578	74	1624	457	838	327	563	1096	4264	81	217	57	124	156	86	74	209	47	78	75	0	23	102	134	126	125	70	73	45
d73003090d89b9843952af23324004a6	0	0	0	0	0	0	0	5	0	0	0	0	0	0	0	0	0	0	0	0	0	0	0	0	0	10	0	0	0	6
a8a925b4a67dc64b5f8106af011ad1ab	0	0	0	0	0	0	0	0	0	0	0	0	0	0	0	0	5	0	0	0	0	0	0	0	0	0	0	0	0	0
c886a2c596bb71d8e5efc9b9ec329a26	0	0	47	0	0	0	0	0	0	38	0	0	0	0	0	0	0	29	0	0	0	0	0	0	0	0	0	0	0	0
0a27112ffe61394d802a8e802f10dfe6	0	0	0	0	0	0	0	0	0	0	0	0	0	0	0	0	0	0	0	10	0	0	0	0	0	0	0	0	0	0
c89ebfe2dff8b0bb5dd16eb0c6e8a6bf	0	0	0	0	0	0	0	0	0	0	0	0	0	0	0	0	0	0	28	0	0	0	0	0	0	0	0	0	0	0
5518212584ce91bc5cf0e5088d44b099	0	8	0	0	0	0	0	0	0	0	0	0	0	0	0	0	0	0	0	0	0	0	0	0	0	0	0	0	0	0
4dc66e6f619357e8298533bfd8969217	0	0	0	3	0	0	0	0	0	0	0	0	0	0	0	0	0	0	0	0	0	0	0	0	0	0	0	0	0	0
1e32b311f8623028ef91c5b1c2cb5630	0	65	1169	0	81	0	0	0	0	0	121	0	0	0	17	0	0	0	0	0	0	0	0	0	0	0	0	0	0	0
31bf20ac238ce071c9406d641c9bca4b	0	0	0	0	0	0	0	0	0	0	0	0	0	0	0	0	0	0	0	0	0	0	0	0	0	0	0	0	0	54
261f64630acb4c6a47c4e92e0de304b3	0	0	0	0	28	0	0	0	0	0	0	0	0	0	0	0	0	0	0	0	0	0	0	0	0	0	0	0	0	0
3fd05acb55a8a200323038389b75c0e2	0	0	0	0	0	0	0	0	0	0	0	3	0	0	0	0	0	0	0	0	0	0	0	0	0	0	0	0	0	0
659f7efa3f9a876a0acf815d223dcf67	0	0	0	0	0	0	0	0	0	0	0	0	0	0	32	0	0	0	13	0	0	0	0	0	0	0	0	0	0	0
88c12229735e05a649e4869dc064db0a	0	0	0	0	0	0	0	0	0	0	0	0	0	0	0	0	0	0	15	0	0	0	0	0	0	0	0	0	0	0
f9b3f62fc5e4b4cd7c536b5b9e93580d	0	0	0	0	0	0	0	0	0	0	0	0	0	0	0	0	0	0	0	0	0	0	19	0	0	0	0	0	0	0
3fe6c10bead488a4d01a1b839ff851ab	0	0	0	0	0	0	0	0	0	0	3	0	0	0	0	0	0	0	0	0	0	0	0	0	0	0	0	0	0	0
657c132225ddb640e0d07f4828dbc829	0	0	0	0	0	0	0	0	0	0	0	0	0	0	0	0	22	0	0	0	0	0	0	0	0	0	0	0	0	0
55c9403637211cc356b9eb776c6649e6	0	0	0	0	0	0	0	0	0	0	0	0	0	0	0	0	0	0	0	0	0	0	0	0	0	0	0	13	0	0
a16ce91a4016eb8f4f24c5e5cf505e0f	0	0	0	0	0	0	0	0	0	0	0	0	0	0	0	0	0	0	0	0	0	0	0	0	0	0	12	0	0	0
9f19fbee149d55e4f034cbaef36558fe	0	0	0	0	0	0	0	0	0	16	28	39	26	0	0	25	62	0	85	0	0	0	0	0	0	0	25	0	7	0
cdcfca784a5c41382050ce430d497ef8	0	0	0	0	0	0	0	0	0	0	38	0	0	0	0	0	0	0	0	0	0	0	0	0	0	0	0	0	0	0
8acd3bed7488350b3d65db4261c297b1	0	0	0	0	0	0	0	0	0	0	16	0	0	0	0	0	0	0	0	0	0	0	0	0	0	0	0	0	0	0
93ff36b50c045055c603506aff02b120	0	0	0	0	0	0	0	0	0	0	0	0	0	0	0	0	5	0	0	0	0	0	0	0	0	0	0	0	0	0
fcc71546515e1cd82a046c319dd41de2	0	0	0	0	0	0	0	0	0	0	10	0	16	0	0	74	0	0	0	0	0	0	0	15	0	0	0	0	0	0
cf672b608b661a6503a0e406fda2244a	0	0	0	0	0	0	0	0	0	0	0	0	0	29	0	24	0	0	0	0	0	0	0	0	0	0	0	0	0	0
315aa64230fb5ac62d016b4c12ab6575	0	0	0	0	0	0	134	0	0	0	0	28	0	0	0	0	0	33	0	0	372	18	36	0	12	0	13	0	17	0
781634e062ed8a9dfe40cfaa6735f188	0	0	0	0	0	0	0	0	0	0	19	0	0	0	0	0	0	0	0	0	0	0	0	0	0	0	0	0	0	0
c51a64d0c82bb86070fb1e8aa8d5cf72	0	0	0	24	0	0	0	0	0	0	0	0	0	0	0	0	0	0	0	0	0	0	0	0	0	0	0	0	0	0
bec9597a1d121067f0688d1aa40921ae	0	0	0	0	0	0	18	0	0	0	0	0	0	0	0	0	0	0	0	0	0	0	0	0	0	0	0	0	0	0
83bcb20e4c1b08730263e299bf96b6d2	0	0	0	0	0	0	8	0	0	0	0	0	0	0	0	0	0	0	0	0	0	0	0	0	0	0	0	0	0	0
bbbed556fc3e06982ade0c4d6a227b32	0	0	0	0	0	0	0	0	0	0	44	0	0	0	0	0	0	0	0	0	0	0	0	0	0	0	0	0	0	0
f2ee62deb6f114fb5fd28535accfc2bd	0	0	0	0	0	0	0	0	7	0	0	0	0	21	0	0	0	0	0	0	0	0	0	0	0	0	0	0	0	0
d2c97b0edd8830a4271c7166f2f9b920	0	0	0	0	0	0	0	0	15	0	0	0	0	0	0	0	0	0	0	0	0	0	0	0	0	0	0	0	0	0
60063bd01409f30ea78de6b70878833a	0	0	0	0	0	0	0	0	0	0	4	0	0	0	0	0	0	0	0	0	0	0	0	0	0	0	0	0	0	0
35a71bdd3aa797c32a22038699353d3d	0	0	0	0	0	0	0	0	0	0	0	0	0	0	0	0	0	0	0	0	0	0	0	0	0	0	3	0	0	0
b51e2c3b67d056aaf18f10300095d23c	0	0	0	0	0	0	0	0	0	0	0	0	0	0	0	0	0	0	28	0	0	0	0	0	0	0	0	0	0	0
f0fd9616aaf1b6e5942a7e1eed372279	0	0	0	0	6	0	0	0	0	0	0	0	0	0	0	0	0	0	0	0	0	0	0	0	0	0	0	0	0	0
20163f004ae400cf480f6d1b93b5f8d5	0	0	0	0	0	0	0	0	0	0	0	0	0	0	0	0	0	0	12	0	0	0	0	0	0	0	0	0	0	0
c38c093fa7ef6e407d90cae78ce33087	0	4	0	0	0	0	0	0	0	0	0	0	0	0	0	0	0	0	0	0	0	0	0	0	0	0	0	0	0	0
1881c11fed228a5df623914169577b2b	0	0	0	0	0	0	27	0	24	0	0	0	0	0	0	0	0	0	0	0	0	0	0	0	0	0	0	0	0	0
975a1b950318d30212afd1ccec89731d	0	0	0	0	0	0	0	0	0	0	0	0	0	0	0	0	0	0	0	0	58	28	0	0	26	0	0	16	0	0
a13a0a923ace36ecb426c6048c631828	0	0	0	0	0	0	0	0	0	0	0	0	0	4	0	0	0	0	0	0	0	0	0	0	0	0	0	0	0	0
cbdfd810b80a69edf6747868d4726efe	0	0	0	0	0	0	0	0	0	0	0	0	0	0	52	0	0	0	0	0	0	0	0	0	0	0	0	0	0	0
0a17fb190b54cd9bbc7bb06d280af975	0	0	0	0	0	0	0	0	0	0	2	0	0	0	0	0	0	0	0	0	0	0	0	0	0	0	0	0	0	0
c97c9dd45c1c81992d7b910b4f6aa045	0	0	0	0	0	0	0	0	0	0	0	0	0	0	0	0	0	0	0	0	0	0	0	55	0	0	0	0	0	0
7cf06f6bcbe8321f26318cd4b04bb611	0	0	0	0	0	0	0	0	0	0	0	0	0	0	0	0	0	0	0	0	0	0	0	0	0	0	8	0	0	0
44103bfd0190ec144dc19430a5c54f7a	0	0	0	0	19	0	0	0	0	0	0	0	0	0	0	0	0	0	0	0	0	0	0	0	0	0	0	0	0	0
1f416cd359e29df7de054cfa2c9c5885	0	0	0	0	0	0	0	0	0	0	8	0	0	0	0	0	0	0	0	0	0	0	0	0	0	0	0	0	0	0
d607a645870ae6adfa5686e85eec2a52	0	0	0	0	0	0	0	0	0	0	11	0	0	0	0	0	0	8	0	0	0	0	0	0	0	0	0	0	0	0
3f345bba81beaffb73d12bc254b73843	0	0	0	0	0	0	0	0	0	0	0	0	0	0	0	0	0	0	6	0	0	0	0	0	0	0	0	0	0	0
8c5bbdfce73b1e48b927268b0c9f15f5	0	0	0	0	0	0	0	0	0	0	0	0	0	0	0	0	0	0	14	0	0	0	0	0	0	0	0	0	0	0
b3d4febd0bd45aeaf5f3a1c0adc68884	0	0	0	0	0	0	0	0	0	0	0	26	0	0	0	0	0	24	0	0	0	0	0	0	0	0	0	0	26	0
4cafe5496fab8db782965aa1a8369a8f	0	0	16	4	0	0	0	10	0	0	10	10	19	0	0	0	122	0	0	0	0	0	0	0	0	0	0	0	0	0
ca18d2e4a8486ba106f003dd04c14a37	0	0	0	0	0	0	0	0	0	0	0	0	0	0	0	0	0	0	0	0	0	0	0	0	2	0	0	0	0	0
9d95e79683992a03f5870a6c2781f443	383	530	2836	169	261	294	516	226	314	447	330	140	141	42	135	182	258	105	176	201	200	343	152	209	163	905	158	511	195	1323
b62491c7e13f274219372b7bd373f6cd	0	0	2	0	0	0	0	0	7	0	123	0	0	0	0	0	0	0	0	0	0	4	0	0	0	0	0	0	7	0
701303edf156b8a83cfc3d6ff754c3e0	0	0	0	0	0	0	0	0	0	0	0	0	0	31	46	0	32	19	0	34	0	47	0	0	52	0	0	23	0	0
bbdb3cda15b6ada12d80545e8c44c9ad	0	0	0	0	0	0	0	0	0	0	0	0	0	0	0	2	0	0	0	0	0	0	0	0	0	0	0	0	0	0
9cd603900958ec7ee47df6a58eca49de	0	0	0	0	0	0	0	0	0	5	0	0	0	0	0	0	0	0	0	0	0	0	0	0	0	0	0	0	0	0
4936b296f81344e6db381737aae0a231	0	0	0	0	0	0	0	0	0	0	0	0	0	0	0	9	0	0	0	0	0	0	0	0	0	0	0	0	0	0
d195b6600d879dd129ce1c4bcee831d4	0	0	0	2	0	0	0	0	0	0	0	0	0	0	0	0	0	0	0	0	0	0	0	0	0	0	0	0	0	0
37e53dbd0be7840d7cb16a7dd447b348	0	0	0	0	0	0	0	15	0	0	0	0	0	0	0	0	0	0	0	0	0	0	0	0	0	0	0	0	0	0
e9ac1de38e6f50638b7cac5b69877368	0	0	0	0	0	0	0	0	0	0	0	0	0	0	0	0	0	0	5	0	0	0	0	0	0	0	0	0	0	0
340c0dafc079f7edf85cdcae4ce18a06	0	0	0	0	0	0	0	0	0	0	0	0	0	0	0	0	0	0	0	0	0	0	0	0	0	0	0	0	5	0
ae76e5493da747e339fd29c3d60b274f	0	0	0	0	0	0	5	0	0	0	0	0	0	0	0	0	0	0	0	0	0	0	0	0	0	0	0	0	0	0
eac97d57d67c82274635e6caf49555bf	0	0	0	0	0	0	0	0	0	0	5	0	0	0	0	0	9	0	0	26	0	0	0	0	0	0	0	0	0	0
ce41dfae99959aa6b6c11c3401efeae2	0	0	0	0	26	27	0	0	0	42	0	188	237	421	0	44	83	452	700	443	28	0	54	0	165	374	714	0	69	0
ef7a3c5874d1b5285040e6d51e0a0f07	0	0	0	0	0	0	0	0	0	0	26	0	0	0	0	0	0	0	0	0	0	0	0	0	0	0	0	0	0	0
bfe6b20bc141cd87fabd69024716bf32	0	0	0	0	0	0	0	0	0	0	0	0	0	0	0	0	10	0	0	0	0	0	0	0	0	0	0	0	0	0
e6df5b635435b72113efda33813759b9	0	0	0	0	0	0	4	0	0	0	0	0	0	0	0	0	0	0	0	0	0	0	0	0	0	0	0	0	0	0
1d934e7768d7a43e8e7fda95f5260642	1970	409	91	1261	66	398	153	137	855	533	0	103	0	133	87	22	0	55	0	30	51	0	0	66	28	0	54	78	0	0
07527f18398ad2272b8551ed386eb614	0	0	0	3	0	0	0	0	0	0	0	0	0	0	0	0	0	0	0	0	0	0	0	0	0	0	0	0	0	0
14e2ce27986260065419034c8f18aa9c	0	0	0	0	0	0	0	0	0	0	0	0	0	0	0	0	0	0	3	0	0	0	0	0	0	0	0	0	0	0
afae1b9ff4d5758a5df203cff6df1bce	0	0	0	0	0	0	0	0	0	0	0	0	0	0	0	0	0	0	7	0	0	0	0	0	0	0	0	0	0	0
997b23022ae76d2b5edefefd2187ca7c	0	0	0	0	0	0	55	0	0	0	0	40	0	33	0	0	15	0	0	0	72	0	0	0	0	0	0	0	0	0
65a510fabf51b4d9ba35a94837001232	0	0	0	0	0	0	0	0	0	0	0	5	0	0	0	0	0	0	0	0	0	0	0	0	0	0	0	0	0	0
65016ed66ba845b789145d338b2cb990	0	0	0	0	0	0	0	0	2	0	0	0	0	0	0	0	0	0	0	0	0	0	0	0	0	0	0	0	0	0
74ddbcd006aa1ef830f2aae4844f98e6	0	0	0	0	0	0	0	0	0	0	0	0	0	16	0	0	0	0	0	0	0	0	0	0	0	0	0	0	0	0
115935cf9514c32554dd6a7312f7e4fc	0	0	0	0	0	0	0	0	0	0	0	0	0	0	0	0	0	0	0	0	0	0	0	2	0	0	0	0	0	0
3db4eac4c054233f341bdd79d7eae4a0	0	0	0	0	0	0	0	0	0	0	0	0	11	0	0	0	0	0	0	0	0	0	0	0	0	0	0	0	0	0
08186b1fa6aac1d85be5279c1fa5cf37	0	0	0	0	0	2	0	0	0	0	0	0	0	0	0	0	0	0	0	0	0	0	0	0	0	0	0	0	0	0
594f522e62d6b5644a89c7f04c5b03e7	0	0	0	0	0	0	0	0	7	0	0	0	0	0	0	0	0	0	0	0	0	0	0	0	0	0	0	0	0	0
dcd71438afc41fb47e577b8c37078c4f	0	0	0	0	0	0	0	0	0	0	0	0	0	0	0	13	0	21	0	0	0	0	0	0	0	0	0	0	0	0
8aff4768717cc4cc7ef1da544f781858	0	0	0	0	0	30	0	0	0	0	0	0	0	0	0	0	0	0	0	0	0	0	0	0	0	0	0	0	0	0
4f8ec6af625ddc1c21443bda02a9df97	0	0	0	0	0	0	0	0	0	0	0	0	0	0	0	0	0	0	0	0	0	0	0	0	0	6	0	0	0	0
8269f7fd6601d114377c322b18f54465	0	0	9	0	0	0	0	0	0	18	17	198	13	141	47	74	299	42	25	16	0	0	0	0	110	0	0	0	0	0
d3f7a0fcfe7238cc32fd5437d488feb3	0	0	0	0	0	0	0	0	0	0	0	0	0	13	0	10	38	0	0	0	0	0	0	0	0	0	0	0	0	0
c9e4a140036df3f4a9feae1af55427e4	0	0	0	0	0	0	0	0	0	0	0	0	0	0	23	0	0	0	0	0	0	0	0	0	0	0	0	0	0	0
54b09c6fd0dbefc014bae9821e4c5ad0	0	0	0	0	0	0	0	0	0	0	0	0	0	0	0	0	0	10	0	0	0	0	0	0	0	0	0	0	0	0
8658ddf1b887847a36841e5f1f3f7847	0	0	0	0	0	0	0	0	0	0	0	0	0	0	0	0	0	0	0	0	2	0	0	0	7	0	0	0	0	0
d7e4b66be3171d372874cd09b2044ad6	0	0	0	0	0	0	0	0	0	0	0	0	0	0	0	0	0	0	45	0	0	0	0	0	0	0	0	0	0	0
691d46a3fd2128c1407e526bb5ba7669	5	0	0	0	0	0	0	0	0	0	0	0	0	0	0	0	0	0	0	0	0	0	0	0	0	0	0	0	0	0
ad9256a6a7625d392a2064d86a63381f	0	0	0	0	0	0	0	0	0	0	0	0	0	0	0	0	0	0	0	9	0	0	0	0	0	0	0	0	0	0
cf68aee4ecd820d021904c82a775a743	0	0	0	0	0	0	0	0	0	0	0	0	0	8	0	0	0	0	0	0	0	0	0	0	0	0	0	0	0	0
fbb6ddda0d7096ec52d985a88c6f6e7d	0	0	0	0	0	0	0	0	0	0	0	0	0	0	0	8	0	0	0	0	0	0	0	0	0	0	0	0	0	0
9bba75b98e94a422de04cdd8a51bb3f6	0	0	0	0	0	0	0	0	0	0	0	0	0	0	0	0	0	0	14	0	0	0	0	0	0	0	0	0	0	0
13afb6641ed695c07e7be1839784a85f	0	0	0	0	0	0	0	0	0	0	0	0	0	17	0	0	0	0	0	0	0	0	0	0	0	0	0	0	0	0
0ea58ed8f5ef7024b36493484dac9117	0	0	0	0	0	0	8	0	0	0	0	0	0	0	0	0	0	0	0	0	0	0	0	0	0	0	0	0	0	0
a5af6e21b5179b90f664e258ce636362	0	0	0	0	0	0	19	0	0	0	0	0	0	0	0	0	0	0	0	0	0	0	0	0	0	0	0	0	0	0
6ec49d7143c5ef1b9e2d799a0513ee94	0	0	0	0	0	0	0	0	0	0	0	0	0	0	0	0	0	0	0	0	0	0	0	0	0	0	2	0	0	0
929b239e441ab181bd7b76967b13888a	0	0	0	0	0	0	0	0	0	0	0	0	11	0	0	0	0	0	0	0	0	0	0	0	0	0	0	0	0	0
de7a892401c1cf6c120e4b91f669df97	79	0	85	362	74	55	0	38	25	89	0	21	0	0	0	0	0	0	0	0	0	0	0	0	0	49	17	0	0	11
a17c0122d48a7fa0bc9d6a50e1def3d4	0	0	0	0	0	0	0	0	0	0	15	0	0	0	0	0	0	0	0	0	0	0	0	0	0	0	0	0	0	0
25673eb402bd6de6eb21896b76c8380a	0	0	0	0	0	0	0	0	7	0	0	0	0	0	0	0	0	0	0	0	0	0	0	0	0	0	0	0	0	0
5faa6beaea64fc083edb348f57c84c04	0	0	0	0	0	0	0	0	0	0	0	0	0	16	0	0	0	0	0	0	0	0	0	0	0	0	0	0	0	0
0b5474a58c23499d46dd471ef17ca09a	0	0	0	0	0	0	0	0	0	0	0	0	0	0	0	0	2	0	0	0	0	0	0	0	0	0	0	0	0	0
943788c8c4219f52c19a0523f3072ced	0	0	0	0	0	0	0	0	0	0	0	0	0	0	0	0	0	0	14	0	0	0	0	0	0	0	0	0	0	0
4bb6acc576dbb681806dc9ad6d9e9e35	0	0	0	0	0	4	0	0	0	0	0	0	0	0	0	0	0	0	0	0	0	0	0	0	0	0	0	0	0	0
fc1c90344b39e9907215619f2dd49d97	0	0	0	0	43	36	135	135	157	169	0	0	121	0	0	0	0	0	31	106	74	44	81	54	57	828	965	205	109	40
2a1a75f77dfef9e50bfaa0796d001cce	0	0	0	11	0	0	0	0	0	9	0	96	27	0	0	9	93	14	52	0	0	0	0	0	33	0	0	0	0	0
8d58602f96a89459f2b739b250d9d873	0	0	0	0	0	0	0	0	0	0	0	0	0	4	0	0	0	0	0	0	0	0	0	0	0	0	0	0	0	0
1c8710697ac41c3fec11e41cc40c0132	0	0	0	0	0	0	0	0	0	0	0	0	0	0	0	0	0	0	0	0	0	0	0	8	0	0	0	0	0	0
a39849cab093b7d65be5985110e4f779	0	0	0	0	0	0	0	0	0	0	0	0	0	2	0	0	0	0	0	0	0	0	0	0	0	0	0	0	0	0
4a129cbbfdfce29e915909294b90da98	402	186	0	537	0	112	0	60	0	0	0	0	0	0	0	0	0	137	0	0	0	0	0	0	0	0	0	0	0	0
6dbfa66d949c5a3ae289025766282e28	0	53	0	0	0	0	0	0	0	0	0	0	0	0	0	0	0	0	0	0	0	0	0	0	0	0	0	0	0	0
0aa3ce8b276a987078723e80e4b2ffcb	0	0	0	0	0	0	0	0	0	0	10	0	0	0	0	0	0	0	0	0	0	0	0	0	0	0	0	0	0	0
ac20b5e3a233da6b587ec59526e4e6d5	0	0	0	0	0	0	0	0	0	0	0	0	0	0	0	0	0	5	0	0	0	0	0	0	0	0	0	0	0	0
2861626f007ab75f97944d1c6a073173	0	0	0	4	0	0	0	0	0	0	24	262	0	0	0	41	0	0	0	0	0	0	0	0	0	0	0	0	0	0
1deff65aa4c23560d32f0932f793d336	0	0	35	0	43	0	245	0	0	66	0	0	0	0	0	0	0	0	0	0	0	0	0	0	0	0	0	0	0	0
92bf6a3a3ffb7c04eb5a0724036aaf47	0	0	0	0	0	0	0	0	0	0	0	0	0	0	0	0	0	0	0	0	0	0	0	0	0	0	0	5	0	0
3cf2ae95ae9172f90f8e97f3e95064fb	0	0	0	0	14	0	22	24	25	0	0	0	0	0	0	0	0	0	0	0	0	0	23	0	0	0	6	0	0	0
04aaee9a75df7840a6d3efad2692cabc	0	0	0	0	0	0	0	0	4	0	0	0	0	0	0	0	0	0	0	0	0	0	0	0	0	0	0	0	0	0
d63e96c7ff395504a25136ae03fa8e08	0	0	2	0	0	0	0	0	0	0	0	0	0	0	0	0	0	0	0	0	0	0	0	0	0	0	0	0	0	0
b4ecf71353b79bd2815a882362a533be	0	0	4	2	0	0	0	0	0	0	0	0	0	0	0	0	0	0	0	0	0	0	0	0	0	0	0	0	0	0
81188a454836a63141c05c4868a8c343	0	0	0	0	0	0	0	0	0	0	0	0	0	0	0	0	0	0	0	0	0	0	0	0	0	0	0	0	39	0
3eb25b8921561c3e2747f58db277e14b	0	0	0	0	0	0	0	0	0	0	25	0	0	0	0	0	0	0	0	0	0	0	0	0	0	0	0	0	0	0
efd3b26252a7b5b09b201ce5428243af	0	0	0	0	0	16	0	0	0	19	0	0	0	0	0	0	0	0	0	0	0	0	0	0	0	0	0	0	0	0
bb37ecc7a4552e8ad2bb3f6156b5641d	0	0	0	0	0	0	0	0	0	0	0	0	0	0	0	0	0	0	0	0	0	0	0	0	0	0	0	74	0	0
b974c94e63764950f9e969606c2a7841	0	0	0	0	0	0	0	0	0	0	0	0	0	11	0	0	0	0	0	0	0	0	0	0	0	0	0	0	0	0
93cad93584b8f983d36ae8310b8be3b3	0	0	0	0	0	0	0	0	0	0	0	0	0	0	0	0	0	0	0	0	0	0	0	0	0	0	0	0	31	10
4b989ae24a9cb9368018ab2bd821bf4f	0	0	0	0	0	0	0	0	0	0	0	0	0	0	0	0	0	0	0	0	0	0	0	0	0	0	6	0	0	0
fe700b279c36ec5d6efacd4598943c2a	0	0	0	0	14	0	0	0	0	0	0	0	0	0	0	0	0	0	0	0	0	0	0	0	0	0	0	0	0	0
643363ba0d8fd13d1cca46667e740d12	0	0	0	0	0	0	0	0	0	0	0	0	0	0	0	0	0	0	0	0	0	0	0	0	0	0	0	0	0	30
fea536c85ac84c9011e2e850c7fe8c64	0	0	0	0	0	0	0	0	0	0	0	0	0	0	0	0	0	0	9	0	0	0	0	0	0	0	0	0	0	0
be8a8f4f11a0f740daf17a8a69003721	0	0	0	0	0	0	0	0	0	0	0	0	0	0	0	0	11	0	0	10	0	0	0	0	0	0	0	0	0	0
aa8c73ab14fdeb4d69d6f44e8e164241	0	0	0	0	0	0	0	0	0	0	7	0	0	0	0	0	0	0	0	0	0	0	0	0	0	0	0	0	0	0
2151df8a5351482cd7b9ba284e9ca32c	0	0	61	0	0	0	0	0	0	0	0	0	0	0	0	0	0	0	0	0	0	0	0	0	0	0	0	0	0	0
b4336bf476918ce3e897632eb25a5d58	114	0	0	122	0	0	0	0	74	0	0	0	0	0	0	0	0	0	0	0	0	0	0	0	0	0	0	0	13	0
e5bb4e7c8c215c1ecb4416a8cbecd701	0	0	0	0	0	0	0	0	0	0	0	0	0	0	0	0	0	0	73	0	0	122	0	35	0	390	0	1141	0	54
d6f094128e409750e7dbe34dbf7bde61	0	0	0	0	0	0	0	0	0	0	0	0	0	0	0	9	0	0	0	0	0	0	0	0	0	0	0	0	0	0
67ef1302981e40cadede9a371cc4cd4b	0	0	0	0	0	0	0	0	0	0	0	0	0	0	0	0	0	0	0	0	0	0	0	0	2	0	0	0	0	0
72a4005d936ddd7a749e1a027232dbd6	0	0	0	0	0	0	0	0	0	2	0	0	0	0	0	0	0	0	0	0	0	0	0	0	0	0	0	0	0	0
8e63c521681a31f10a726789fa1162b4	0	0	0	0	0	0	0	0	0	0	0	0	0	0	0	0	0	0	16	0	0	0	0	0	0	0	0	0	0	0
ed21559bcb0280ddf6b56e45d8370b66	0	0	0	0	0	0	0	0	0	0	13	0	0	0	0	0	0	0	0	0	0	0	0	0	0	0	0	0	0	0
1000e0a7db9fb12d404d5b243d179a26	0	0	0	0	0	0	0	0	0	0	0	0	0	0	0	0	0	0	0	0	0	0	0	0	3	0	0	0	0	0
62a821c575fc15b93239d6ab2c4dc985	0	0	0	0	0	0	0	0	0	0	0	0	0	0	0	0	0	0	0	0	0	0	0	0	0	0	0	0	30	0
fce0b42b243f959f578768a561c4f01e	0	0	0	0	0	0	0	0	0	0	0	0	0	0	26	0	0	0	0	0	0	0	0	0	0	0	0	0	0	0
833320febe01fcc36de9c40bde8ffa9b	0	0	0	0	0	0	0	0	0	2	0	0	0	0	0	0	0	0	0	0	0	0	0	0	0	0	0	0	0	0
bdea67cbb993faa2044aa8ac85195335	5	16	0	6	11	0	0	0	0	0	0	0	0	0	0	0	0	0	22	0	0	0	6	0	0	0	0	29	55	0
06deb70792831b2190ce5184c77ac9f8	0	0	0	0	0	0	0	0	0	0	0	0	0	0	0	0	0	0	0	0	0	0	0	2	0	0	0	0	0	0
d6429a4fb5b7d29c736da106dabfdbdb	0	0	0	0	0	0	0	0	0	0	0	0	0	0	0	0	0	0	4	0	0	0	0	0	0	0	0	0	0	0
b78a3bf7f46fb0b5efdddfb7793c3bdf	16	0	0	0	0	0	0	0	0	0	0	0	0	0	0	0	0	0	0	0	0	0	0	0	0	0	0	0	0	0
474339c33f8c36123000e2eba30acd95	0	0	0	0	0	0	0	0	0	0	0	0	0	0	0	0	0	0	0	0	0	0	51	0	0	0	0	0	0	0
7b7ceb61cab470233305b081d6fcddde	0	0	0	0	0	0	0	0	0	0	0	2	0	0	0	0	0	0	0	0	0	0	0	0	0	0	0	0	0	0
fff48c88c43273d130fb3e0bc321c9be	0	0	0	0	0	0	0	0	0	0	0	0	0	0	0	0	2	0	0	0	0	0	0	0	0	0	0	0	0	0
bf99e151d7c903cebc1f5df1fccb026b	0	0	0	0	0	0	0	0	0	0	0	0	0	0	0	0	0	0	0	0	0	0	0	0	0	0	0	0	4	0
fc90920b8797d510d9d27d90809f5f37	0	0	0	0	0	0	0	0	2	0	0	0	0	0	0	0	0	0	0	0	0	0	0	0	0	0	0	0	0	0
17b05866884f140b0ac61ed6732dee22	34	72	44	88	167	0	138	0	0	0	0	35	0	0	0	0	59	0	48	0	0	0	0	0	0	0	0	0	0	0
15d36b485970d64a89dad68f4492c9bf	0	0	0	0	0	10	0	0	6	0	0	0	0	0	0	0	0	0	0	0	0	0	0	0	0	0	0	0	0	0
b4b67f3c541592c8224c2b8d51d69c4c	0	0	0	0	0	0	0	0	0	0	0	0	13	0	0	0	0	0	0	0	0	0	0	0	0	0	0	0	0	0
812e1cdeaf8486283bd92bea58055524	0	0	0	0	0	0	0	0	0	0	0	0	0	0	0	0	0	0	0	0	0	0	0	0	0	0	0	18	0	0
95551b0584ad5da45a03e3f5cd5132b1	0	0	0	0	0	0	0	0	0	0	0	0	0	0	0	0	0	0	0	2	0	0	0	0	0	0	0	0	0	0
9cb0cf592e0f8cd2f0be85cda4785303	0	0	0	0	0	0	0	0	0	0	0	0	0	0	0	0	0	0	0	0	0	0	0	0	0	94	0	0	0	0
c5733944795a1c7df984c301b5b85e25	0	0	0	0	0	0	0	0	0	0	0	0	0	0	0	0	0	0	0	0	0	0	0	0	0	2	0	0	0	0
6e535041074a23c258cc7092f3dbbaf3	0	0	0	0	0	0	0	0	0	0	0	0	19	0	0	0	26	9	0	0	0	0	0	0	0	0	0	0	0	0
193724035f969f88aa39f76f4a78999a	0	0	11	0	0	0	36	0	0	0	0	0	0	0	0	0	0	0	0	0	77	0	0	0	0	0	0	12	0	0
b6782bd1075e68c625b50666a40d4fa0	0	0	0	0	0	0	0	0	0	0	0	0	0	0	0	0	0	0	0	0	0	0	0	0	0	6	0	0	0	0
2fdc8efdecc6cc344515d0606b7fb7a5	0	0	0	0	0	0	0	0	0	0	0	0	0	0	0	20	0	0	0	0	0	0	0	0	0	0	0	0	0	0
4931dd7771e26665a0ee4d5903bd28f6	0	0	0	0	0	0	0	0	2	0	0	0	0	0	0	0	0	0	0	0	0	0	0	0	0	0	0	0	0	0
247d5684c1c9bde89deb33ed93a166bb	0	0	0	0	0	0	0	0	0	0	0	0	0	0	0	0	0	0	0	12	0	0	0	0	0	0	0	0	0	0
0e354fdd1c1f1fb332495b04f087929d	0	0	0	0	0	0	0	0	0	0	0	0	0	0	149	0	0	0	0	0	0	0	0	0	0	0	0	0	0	0
3de07c6f837c032c7aa84ba6ace5ffaa	0	12	0	0	9	50	0	0	14	10	10	0	0	0	0	0	0	0	0	0	0	0	0	0	0	0	0	0	0	0
8ee92e7d6e3035493a09c41c487852b5	0	0	0	0	0	0	0	0	0	0	21	0	0	0	0	0	0	0	0	0	0	0	0	0	0	0	0	0	0	0
0bc8455437f1b6fd7849cede59a05588	0	0	0	0	0	0	0	0	18	0	0	0	0	0	0	0	0	0	0	0	0	0	0	0	0	0	0	0	0	0
fcc44384377ea35c4d14f3aad116d194	0	0	0	0	0	0	0	0	9	0	0	0	0	0	0	0	0	0	0	0	0	0	0	0	0	0	0	0	0	0
6535418fe979aaae0d398a03f5757e77	0	0	4	0	0	0	0	0	0	0	0	0	0	0	0	0	0	0	0	0	35	0	0	0	0	0	0	0	0	24
ca940dc582e81b3607bf55aba7006798	0	0	0	0	0	0	0	4	0	0	0	0	0	0	0	0	0	0	0	0	0	0	0	0	0	0	0	0	0	0
f7bff213899a2bb2a271441c093378e7	0	0	0	0	0	0	0	0	0	0	0	0	0	0	0	0	0	0	0	0	0	0	0	0	11	0	0	0	0	0
1db5227b1c2fd4d7970cfa30ebd1f047	0	0	0	0	2	0	0	0	0	0	0	0	0	0	0	0	0	0	0	0	0	0	0	0	0	0	0	0	0	0
0b7d857c3b02fdd7e2928a39020d4336	0	0	0	0	0	0	0	0	0	0	0	0	0	0	0	0	0	0	0	9	0	0	0	0	0	0	0	0	0	0
42bcd7f31e053ff033e016c75f7dad28	0	0	0	0	0	0	0	0	0	0	39	10	0	0	24	0	0	4	0	0	0	0	0	0	0	0	0	0	0	0
672a360d2de4d6c3b3cd324c49308fed	0	0	0	0	0	0	0	76	64	0	54	200	152	373	70	276	50	183	0	397	0	0	12	16	23	0	0	0	19	0
cc1d06b79ef91009d3a3ba469aadf563	0	0	0	0	0	0	35	0	0	0	0	0	0	0	0	0	0	0	0	0	0	0	0	0	0	0	0	0	0	0
059ee51b3bc4181db0c4cd4ab1c19e08	0	0	0	0	0	0	0	0	0	0	0	0	0	0	0	0	2	0	0	0	0	0	0	0	0	0	0	0	0	0
e98b3f58f762a4cafc2ba9324f8821bc	0	0	0	0	0	0	0	0	0	0	0	0	0	0	0	0	0	0	0	0	19	0	0	0	0	0	0	0	0	0
13370e7496d04dc027f5926d0f2035be	0	0	0	0	0	0	0	0	0	0	0	0	0	0	2	0	0	0	0	0	0	0	0	0	0	0	0	0	0	0
e79f09d27a7c880904ef599f7050fcdd	0	0	0	0	0	0	0	0	0	0	0	0	0	0	0	6	0	0	0	0	0	0	0	0	0	0	0	0	0	0
b8c23aa4babcc0c1199c3797435235cf	0	0	0	0	0	0	4	0	0	0	0	0	0	0	0	0	0	0	0	0	0	0	0	0	0	0	0	0	0	0
35c4322fee89f0f1b2816fa92c3c36a9	114	77	0	101	51	131	15	0	43	72	39	79	53	105	0	28	13	20	50	20	0	0	0	0	17	32	24	0	13	0
3fefa3a4fc31a1c0ac3a3eef956d7e76	121	176	16	81	47	204	39	22	106	356	0	0	0	0	0	0	0	0	0	0	0	0	0	0	0	0	0	0	0	0
2e771541336e8c110d1fd6d390d72677	50	24	0	0	0	0	63	28	0	0	50	0	57	79	51	37	0	0	34	23	0	31	27	814	641	115	369	384	61	0
f68018c881f9f4b72c682fc31f402277	0	0	0	0	0	0	0	0	0	0	0	0	0	0	0	9	0	0	0	0	0	0	0	0	0	0	0	0	0	0
995a6feb34999c657d54799fae72c6fc	70	0	0	0	91	74	0	0	61	0	0	0	0	0	0	0	0	0	0	14	0	0	0	0	0	0	0	0	0	0
9d23f731a85593b7f1533178395eac24	0	0	0	0	0	0	0	0	0	0	0	0	0	0	0	0	0	0	0	0	0	0	0	0	18	16	0	0	54	0
cec3012a5e0f779f9306fe4a8f582b05	5	4	0	0	0	12	0	1	0	0	0	0	0	0	0	0	0	0	0	0	0	0	0	0	0	0	0	0	0	0
8d2e47d69a43d946c796745ffef2fb93	0	0	0	0	0	0	0	0	0	0	0	0	0	0	0	0	0	17	0	0	0	0	0	0	0	0	0	0	0	0
532b5d6e04c3dc4430eb47bea46f3ee8	0	0	0	0	0	13	0	0	0	0	0	0	0	0	0	0	0	0	0	0	0	0	0	0	0	0	0	0	0	0
c8a15017ba99812b646141523fd27e31	0	0	0	0	0	0	0	0	0	0	0	0	0	0	0	0	0	0	0	0	0	0	0	0	0	0	9	0	0	0
2438c28697d2c6e9334980c3dab8e0e3	0	0	56	0	0	0	0	0	0	0	0	0	0	0	0	17	0	0	0	0	0	0	0	0	0	0	0	0	0	0
088b7fd830ac906108755d1631a5925d	68	6	0	10	6	12	0	0	34	30	22	0	0	0	0	0	0	0	27	11	0	0	0	38	0	48	0	114	0	0
c5a6e07be20cffbf206cd26595244fa2	17	91	20	0	254	40	0	0	769	17	21	0	0	0	0	0	16	0	9	0	0	0	0	0	0	0	0	0	0	12
a087826b32df28b2eae40b7b4ce3e739	0	0	20	0	0	0	0	0	0	0	0	0	0	0	0	0	0	0	0	0	0	0	0	0	0	0	0	0	0	0
ecaf1d9203db145b59f3a9f8fe932957	0	0	0	0	0	0	0	0	0	0	0	0	0	0	0	0	0	0	0	3	0	0	0	10	0	0	18	16	0	0
b8d6441202ec392fa6b33aa18992179a	0	0	0	0	0	26	0	0	0	0	0	0	0	0	0	0	0	0	0	0	0	0	0	0	0	0	0	0	0	0
459822097021ab46d1a01e106993e5b8	0	0	0	0	0	0	0	0	0	0	0	0	0	19	0	0	0	0	0	0	0	0	0	0	0	0	0	0	0	0
271fffa53b35e04d71b0992350a40515	0	0	0	0	0	0	0	0	0	0	6	0	0	0	0	0	0	0	0	0	0	0	0	0	0	0	0	0	0	0
8a9bd94592a2ae53aff7091a6b37c37d	0	0	21	0	0	0	0	0	28	0	0	0	0	0	0	0	0	0	0	0	0	0	0	35	71	0	0	0	38	0
be37baf35f540affbe0f62396cbdb258	0	0	0	0	0	0	0	0	0	0	0	0	0	0	0	0	0	0	0	0	0	0	0	0	0	5	0	0	0	0
cc9d3a59e1d6b30da1d8ead6fa72f7fc	0	0	0	0	0	0	0	0	11	0	0	0	0	0	0	0	0	0	0	0	0	0	0	0	0	0	0	0	0	0
06656b1a8cd64a5ba0d4c6d01316d2d4	0	0	0	0	0	0	16	0	0	0	0	0	0	0	17	0	0	0	18	0	0	28	0	28	77	0	108	692	82	0
c1dca8dcc63865a9e8bd7e08830c2747	0	0	0	0	0	0	0	0	0	0	0	12	0	0	0	0	0	0	0	0	0	0	0	0	0	0	0	0	0	0
45ff8ded780f3979b2ff38775f2523bd	0	0	0	0	0	0	0	0	0	2	0	0	0	0	0	0	0	0	0	0	0	0	0	0	0	0	0	0	0	0
e738d24a079d9fa0acae2d7dedc5d09f	0	0	0	4	0	0	0	0	0	0	0	0	0	0	0	0	0	0	0	0	0	0	0	0	0	0	0	0	0	0
f1e45fdb86a73dcfe126db613eb50937	0	0	0	0	0	0	0	0	0	0	0	0	0	0	0	0	0	0	0	2	0	0	0	0	0	0	0	0	0	0
642fcc9343eb1e61b98381b95f8e6941	0	0	0	0	0	0	0	0	0	0	0	0	0	0	0	0	4	0	0	0	0	0	0	0	0	0	0	0	0	0
44073a2cf694f9f7c3df962659bae05a	0	0	0	0	0	0	0	0	0	0	0	0	14	0	0	0	0	0	0	0	0	0	0	0	0	0	0	0	0	0
24e5005b5d0ad84f4677d0505de52c12	0	0	0	0	0	0	0	0	0	0	0	0	0	0	0	0	0	8	0	0	0	0	0	0	13	19	0	0	28	0
0eadc29085d2f9cb7dee846051526753	0	0	0	0	0	0	0	0	0	3	0	0	0	0	0	0	0	0	0	0	0	0	0	0	0	0	0	0	0	0
cf2d4a3684b50bc5e0bae022f8b9f207	0	0	0	0	0	0	0	0	0	0	0	0	0	0	0	0	0	0	0	0	0	0	0	4	0	0	0	0	0	0
413bfb36286f822dd3e6a56b69a6560e	0	0	0	0	4	0	0	0	0	0	0	0	0	0	0	0	0	0	0	0	0	0	0	0	0	0	0	0	0	0
dccedb08319b20f0ca1459e43ca99f4b	0	0	0	0	0	0	0	0	0	0	0	20	0	0	0	16	0	0	0	0	0	0	0	0	0	0	0	0	0	0
a175969294e5d6972f1cd7918292abbe	0	0	0	0	0	0	0	0	0	0	0	0	0	0	0	0	0	0	8	0	0	0	0	0	0	0	0	0	0	0
09129ab2406742e3ab52e7f368133e6d	0	0	0	0	0	0	16	0	0	0	0	20	0	0	0	39	101	121	35	26	0	0	0	0	0	0	0	0	24	0
8e70ee6d8daa31bfba3c6779f0bbb238	90	0	0	53	31	22	43	77	45	48	0	0	0	0	0	38	0	28	0	0	0	0	0	0	0	0	0	0	0	0
94e2681cd736071166ef7665384199a3	0	0	0	0	0	0	0	0	10	0	0	0	0	0	0	0	0	0	0	0	0	0	0	0	0	0	0	0	0	0
2749306277ba12ebcd61fb45567bec18	0	0	0	0	0	0	0	0	0	0	0	0	0	0	0	0	0	0	0	0	0	0	0	0	0	0	0	2	0	0
a1ee40de21b8bf681139208ba561c099	0	0	0	0	0	40	16	25	29	0	0	0	0	116	0	0	0	0	0	88	0	0	45	17	9	27	1814	0	0	0
e7c0bb3e676e164aa77a1f7e41a758d5	0	0	0	0	0	0	24	0	0	0	0	0	0	0	0	0	0	0	0	0	0	0	0	0	0	0	0	0	0	0
e00ef6c7cef2250b150d2cd70e8cb035	0	0	0	0	0	0	0	0	0	0	0	0	0	0	0	0	0	0	0	0	0	0	0	0	2	0	0	0	0	0
297da18d0eb4dcf59e9cbf7f3c8e9868	0	0	0	0	0	0	0	0	0	0	0	0	0	0	0	0	0	0	3	0	0	0	0	0	0	0	0	0	0	0
9e520032f8520c2d9ed9f435aeaeefc4	0	0	0	0	0	0	0	0	0	0	0	0	0	0	0	0	0	0	0	3	0	0	0	0	0	0	0	0	0	0
b20aac68ed3ebfe8ebb28446b9802610	0	0	0	0	0	0	0	0	0	0	0	0	0	0	0	0	0	0	0	0	0	0	0	0	0	0	0	0	49	0
4dd70ad0396cb2c776727a6affca7b3c	0	0	0	0	0	0	0	0	0	0	0	0	0	0	0	0	0	0	0	0	0	0	0	0	9	0	0	0	0	0
40efd94f32bceb1da01ff26914aca751	0	0	0	0	0	0	0	0	0	0	0	0	12	0	0	0	0	0	0	0	0	0	0	0	0	0	0	0	0	0
f1b01c3cd1f3d46549c2ac351b88ca82	0	0	0	0	0	0	0	0	40	0	0	0	0	0	0	0	0	0	0	0	0	0	0	0	0	0	0	46	0	0
5b017e59cb10c51e01a31edcf97c9ae5	73	0	9	0	0	73	0	8	0	45	0	0	0	0	0	0	0	0	0	0	66	156	19	0	0	0	0	0	38	34
933720a2477b8e04ea9cfd3333935290	15	0	0	0	0	0	725	61	82	17	16	0	0	0	21	0	0	0	0	0	0	0	0	21	0	0	0	29	0	0
04475c73351d263a5a93557a8687e478	0	0	0	0	0	8	0	0	0	0	0	7	10	0	0	0	0	0	0	0	0	0	0	0	0	0	0	0	0	0
881bb95a487c6da820c650afec82c115	0	34	0	0	0	0	0	0	0	0	11	17	0	0	0	0	0	0	23	0	0	0	0	0	0	0	0	0	0	0
7feaaa7841a10631752532832c6c8806	0	0	0	19	0	105	0	32	0	31	0	27	0	142	0	0	0	35	0	203	345	122	2172	0	0	0	83	54	67	33
806bce1775662c5c78f7bd9f3e169bbb	0	0	0	0	0	0	0	0	0	0	0	0	0	0	0	0	0	0	4	0	0	0	0	0	0	0	0	0	0	0
d00b7340c0956c4bbfc7738f753bf67d	0	0	0	0	0	0	0	0	3	0	0	0	0	0	0	0	0	0	0	0	0	0	0	0	0	0	0	0	0	0
cf57b758d468f20222702f129f3594ee	0	0	0	0	0	0	0	0	0	0	0	0	0	0	0	15	0	0	0	0	0	0	0	0	0	0	0	0	0	0
60f1ffbd3e218978255802013e7a93b2	0	0	0	0	0	0	0	0	0	0	0	0	0	0	0	0	0	230	0	0	0	0	0	0	0	0	0	0	0	0
3875247be58bedd642d00711d8f3514a	0	0	0	0	0	0	0	0	0	0	0	0	0	0	0	0	0	0	0	0	0	0	0	0	0	22	0	78	0	0
b9c7b3caae20f1de9e6e278c6a1dcade	0	2	0	0	0	0	0	0	0	0	0	0	0	0	0	0	0	0	0	0	0	0	0	0	0	0	0	0	0	0
8c92dca5f15f24c14996c750f4b57501	0	0	0	0	0	0	0	0	0	0	3	0	0	0	0	0	0	0	0	0	0	0	0	0	0	0	0	0	0	0
07fb844a457a2663d5b0db341a46aa0f	0	0	0	0	0	0	11	0	0	0	0	0	0	0	0	0	0	0	0	0	0	0	0	0	0	0	0	0	0	0
92be6e90fc987ce20c1fc8faa0146a76	0	0	0	0	0	0	0	0	0	0	0	0	0	0	0	0	0	2	0	0	0	0	0	0	0	0	0	0	0	0
3ee8aaae430483020361fb066152fe6d	0	0	0	0	0	0	0	0	0	0	0	2	0	0	0	0	0	0	0	0	0	0	0	0	0	0	0	0	0	0
035936295cbddcfe6f068869c1c3a6d7	42	0	0	0	0	0	43	0	0	0	59	0	0	0	46	65	124	0	38	0	0	0	0	0	0	0	0	92	0	106
fdf522fd867e98477aa45d7829dbc631	0	0	0	0	0	0	0	0	0	0	13	0	0	0	0	0	0	0	0	0	0	0	0	0	0	0	0	0	0	0
c2a47f0fee6c5784e4aa41ae839bb678	0	0	0	0	0	0	0	0	0	0	0	0	0	0	0	11	0	0	0	0	0	0	0	0	0	0	0	0	0	0
e7d901a2e7c826e71084c6a915afe588	0	0	0	0	0	0	0	0	6	0	0	0	0	0	0	0	0	0	0	0	0	0	0	0	0	0	0	0	0	0
bc612461c2d3d11c1c64e6531a0b0e56	0	0	0	0	0	0	0	0	0	0	0	0	0	0	0	0	0	0	0	10	0	0	0	0	0	0	0	0	0	0
938d850f3bc11b22727ba6ae56a29712	0	0	0	0	0	0	0	0	0	0	0	0	23	0	16	0	0	15	20	0	0	0	0	0	0	0	0	0	0	0
f5257efc41b4b27082199056df835c24	0	0	0	0	0	0	0	0	0	0	10	0	0	0	0	0	0	0	0	0	0	0	0	0	0	0	0	0	0	0
1953fb68bdaf084f010a86e457b776ab	0	0	0	0	0	0	0	0	0	0	6	0	0	0	0	0	0	0	0	0	0	0	0	0	0	0	0	0	0	0
74db4175f014a2b4587f6e676420663f	0	0	0	0	0	0	0	0	0	0	0	0	0	0	0	59	0	0	0	0	0	0	0	0	0	0	0	0	0	0
12eef58f470c6f4845dc78ee1a715401	0	0	0	0	2	0	0	0	0	0	0	0	0	0	0	0	0	0	0	0	0	0	0	0	0	0	0	0	0	0
a4014701b1e9147acc2e3cf33022762b	0	0	0	0	0	0	0	0	0	0	0	0	0	0	0	31	0	15	0	28	0	0	0	0	0	0	0	0	0	0
51d0b93759b6d34f41980c094acd35e6	89	0	0	36	0	0	67	0	0	285	0	0	209	41	0	0	0	0	42	0	17	101	0	84	0	0	0	34	0	0
63b89d6e789d566dd1ccc0b9b23a3b7f	9	371	20	0	0	0	0	0	0	0	0	0	0	0	0	30	0	0	0	0	0	0	0	0	0	0	0	0	7	0
44e754a6fd4bf930df5cee8aedfe014b	6	0	0	0	0	0	0	0	0	0	0	0	7	0	0	12	39	0	0	0	0	0	0	0	0	0	0	0	0	0
588cf9c0a4bcbcc85947b8688a46c66a	0	18	0	0	0	0	0	0	0	0	0	0	0	0	0	0	0	0	0	0	0	0	0	0	0	0	0	0	0	0
4b7568daa872cec95d36b0ee600e5504	0	0	0	0	0	0	0	0	9	0	0	0	0	0	0	0	0	0	0	0	0	0	0	0	0	0	0	0	0	0
65d5417d65bac4084142544897253790	0	0	0	0	0	0	0	0	0	0	0	0	0	0	0	0	0	0	0	0	0	0	0	0	0	0	0	0	18	0
0dd50ca04b16f04edc638da5c834f8ce	186	42	15	210	202	319	62	363	428	28	17	0	13	64	12	58	170	24	31	62	0	16	0	27	74	29	48	19	22	0
bec38de9544985c0bbd20f2d83d5798e	0	0	0	0	0	0	0	0	0	0	32	0	0	0	0	0	0	0	0	0	0	0	0	13	0	0	0	0	0	0
10d7bc09f6409ef99f45a4285c4a8ebb	0	0	0	0	0	0	0	0	0	0	44	0	44	0	0	59	0	0	14	0	0	0	0	0	0	0	0	0	0	0
8b9115eda88e2c1f049399a6d0006fff	0	0	0	0	0	0	0	0	0	0	0	0	0	0	0	0	0	0	0	0	0	0	0	0	3	0	0	0	0	0
88ebec99095af9fb864fc572449bb43e	0	0	23	0	0	0	0	0	0	0	0	0	0	0	0	0	0	0	0	0	0	0	0	0	0	0	0	0	0	0
b6e35152143902fb8ddd21859e120e92	0	0	0	0	0	0	0	0	0	0	0	0	0	0	0	0	2	0	0	0	0	0	0	0	0	0	0	0	0	0
6673be919363e7b88ceff66f359f7936	0	0	0	0	0	0	0	0	0	0	0	0	0	0	0	0	0	0	0	0	0	12	0	0	0	0	0	0	0	0
02726ea439b4ecc2b9852b9f89838a87	0	0	0	0	0	0	0	0	0	0	0	0	0	0	0	0	0	0	0	0	0	0	0	0	11	0	0	0	0	0
a723c46a8003dfafa3b1cfbc01c7ae59	0	0	11	0	0	0	0	0	0	0	0	0	0	0	0	0	0	0	0	0	0	0	0	0	0	0	0	0	0	0
354a0a4c788e27119c9d59abe19f377d	0	0	47	0	0	0	0	0	0	0	0	0	0	0	0	0	0	0	0	0	0	0	12	0	0	0	0	0	0	0
40470df977f8a0c63018be06377a0b46	0	0	0	0	0	0	0	0	0	0	0	0	0	0	0	0	0	0	0	0	0	0	0	0	0	0	0	0	4	4
98f46a8523f5725690508a280c39ad65	0	0	0	0	0	0	0	0	0	0	0	0	0	0	0	0	0	0	0	0	0	0	0	0	0	0	0	16	0	0
d8f75a76ebe760d6332e0e624d8d9e40	0	0	0	0	0	0	0	0	0	0	2	0	0	0	0	0	0	0	0	0	0	0	0	0	0	0	0	0	0	0
11f11760336f044687042fa02fab82b1	186	116	67	121	41	32	29	103	71	48	0	22	0	0	0	24	26	0	42	18	0	0	0	0	0	0	0	0	19	0
e0445e29115c433468d36a254f3d8589	0	0	0	0	0	0	0	0	3	0	0	0	0	0	0	0	0	0	0	0	0	0	0	0	0	0	0	0	0	0
668fb831e3740b0a75101818691d5798	0	0	0	0	0	0	0	0	0	0	0	0	0	0	0	0	0	0	2	0	0	0	0	0	0	0	0	0	0	0
e1a7cf45e191de6094631e8f1acf1581	0	0	0	0	0	0	0	0	0	0	6	0	0	0	0	0	0	0	0	0	0	0	0	0	0	0	0	0	0	0
138145ef743b6fc31ee1bef20084927a	0	0	0	0	0	0	0	0	0	0	0	0	8	0	0	0	0	0	0	0	0	0	0	0	0	0	0	0	0	0
324d841d09afe6836a8198c9dfe35932	0	0	0	0	0	0	0	0	0	0	0	0	27	61	0	0	0	0	10	0	0	0	0	0	0	0	0	0	0	0
bc904da79d4c64da3ac64edfa9d7ee5e	0	0	153	0	0	0	0	0	0	0	13	0	0	0	0	0	11	0	0	0	0	0	0	0	0	0	0	0	0	0
87dc226203e7d13fc61f7b4b189d70f2	15	0	0	17	19	0	781	28	9	27	0	25	0	0	0	11	0	34	17	11	589	18	182	40	16	15	13	26	36	0
ffb1f6bebcee882ff76aab5fdcf9ae17	0	0	0	0	0	0	0	0	0	0	0	0	0	0	0	0	0	0	0	4	0	0	0	0	0	0	0	0	0	0
3a9e23eba0daaf4bce437f07a734121c	8	0	0	0	38	0	0	0	0	27	0	0	0	0	0	0	0	0	0	0	0	0	0	0	0	0	0	0	0	0
2847500862b151dc286ee994b6cd8e13	38	0	0	0	0	0	0	0	0	0	0	0	0	0	0	0	0	0	0	0	0	0	0	0	0	0	0	0	0	0
6da6714dfde51e6337439d5a126f0e1e	0	0	0	0	0	0	0	0	0	0	0	0	0	0	0	0	0	0	10	0	0	0	0	0	0	0	0	0	0	0
4910a35019a7a1b7d7155ded96853054	64	150	46	272	1939	297	0	331	149	0	0	0	86	29	0	13	0	0	105	22	0	46	0	0	44	108	0	0	0	0
0bf250460b9ac1123bed7f37d0d1b111	0	0	0	0	0	0	0	0	0	0	0	0	0	0	0	0	0	0	0	0	0	0	0	0	0	21	0	0	0	0
251637ee93c8b87a45c6af109bf33c86	0	0	0	0	0	0	0	0	32	0	0	0	0	0	0	0	24	10	0	0	0	0	0	0	29	37	18	0	0	42
e69a2157a74bcb8f3888ed520c0ff039	0	0	0	0	0	0	0	0	0	0	0	0	0	0	0	0	0	0	0	0	0	0	0	0	0	8	0	0	0	0
f87bae11014b5a11ea96fb04a2bb4e2d	0	0	0	0	0	0	0	0	0	0	0	0	0	0	0	0	0	0	8	0	0	0	0	0	0	0	0	0	0	0
006c3c6c8606cb2d9c61c8d41dc0cc02	0	0	0	0	0	0	0	0	0	9	0	0	0	0	0	0	0	0	0	0	0	0	0	0	0	0	0	0	0	0
6b6aa9bbe7a88172d40d8783f2f02365	0	0	0	0	0	0	0	0	0	0	8	0	0	0	0	0	0	0	0	0	0	0	0	0	0	0	0	0	0	0
be283ba85b07394cd8d91ad4f97c6d47	0	0	0	0	0	0	0	0	0	0	0	0	0	0	0	0	0	0	0	0	0	0	68	0	0	0	0	0	0	0
3de46050a8cf12e5f1dfc1b332f2d367	0	0	0	0	0	0	0	0	0	0	0	0	0	0	12	0	0	0	0	0	0	0	0	0	0	0	0	0	0	0
61ac7531656b079fd312ebce58da1d41	0	0	0	0	0	0	0	0	0	0	0	0	0	0	0	0	81	0	0	0	0	0	0	0	0	0	0	0	0	0
7ae336d42057196ca6121cb1acc0f8a2	0	0	0	0	0	0	0	0	0	0	0	0	0	0	0	0	0	2	0	0	0	0	0	0	0	0	0	0	0	0
1c4a7398c2ea1f695be7ddd0ffb43bfc	0	0	0	0	0	0	0	0	0	0	0	49	0	0	0	0	71	33	0	0	0	0	0	40	0	43	0	0	0	0
5245de6b969d1f43f9fec0bd37565083	0	0	0	0	0	0	0	0	0	0	0	3	0	0	0	0	0	0	0	0	0	0	0	0	0	0	0	0	0	0
c5832b87b652a80b87b95fb97d62ade0	0	0	0	0	0	0	0	10	0	0	0	0	0	0	0	0	0	0	0	0	0	0	0	0	0	0	0	0	0	0
6225703deb7c83bf5c103236af0c674a	0	0	0	0	0	0	0	0	18	0	0	0	0	0	0	0	0	0	0	0	0	29	0	0	0	0	0	402	23	274
1618cfdfde0afcaf0a4749e8a277a24a	0	15	0	0	0	0	0	0	0	0	0	0	0	0	0	0	0	0	0	0	0	0	0	0	0	0	0	0	0	0
b80d4bde56cc2a06efae005f6315b251	0	0	0	0	0	0	0	0	0	0	0	0	0	0	0	2	0	0	0	0	0	0	0	0	0	0	0	0	0	0
5050d884130df239a27c94589587493f	0	0	0	0	0	0	0	0	0	0	0	0	0	0	28	0	0	0	0	0	0	0	0	0	0	0	0	0	0	0
f975527266c3a12898ccda85cbe9f37f	0	0	0	0	0	0	0	0	0	0	0	0	0	0	0	0	0	5	0	0	0	0	0	0	0	0	0	0	0	0
32f43bfda980f6091bb9967a17511130	18	21	0	0	0	52	0	0	0	0	0	0	0	0	0	0	0	0	0	0	0	0	0	0	0	0	0	0	0	0
21c228e806a8a2438759bcd67daf6318	0	0	0	0	0	0	0	0	0	0	0	0	0	0	0	0	0	0	0	0	0	0	0	0	0	0	0	0	5	0
f2f6aa6b72bd89dafa5d18a218f6d2ea	0	0	0	0	0	0	0	0	0	0	0	0	0	0	0	0	0	0	10	0	0	0	0	0	0	0	0	0	0	0
f190ce90a928457689f98d30353a1193	0	7	13	0	0	0	0	0	0	0	0	0	0	0	0	0	0	0	0	0	0	0	0	0	0	0	0	0	0	0
fa2fc9eae097b5ff641da486b1decfd9	0	0	0	0	0	0	0	0	0	0	0	0	0	0	0	0	0	0	0	0	2	0	0	0	0	0	0	0	0	0
81e27edeedb2ca16d644443a937508ef	0	0	0	0	0	0	0	0	0	0	2	0	0	0	0	0	0	0	0	0	0	0	0	0	0	0	0	0	0	0
d0ce308ddfe8faf0ef5306bfc993104e	0	0	0	0	0	0	0	0	0	28	0	0	0	0	0	0	0	0	0	0	0	0	0	0	0	0	0	0	0	0
da43363a1866e833cc03f923755e6fca	0	0	0	0	0	0	0	3	0	0	0	0	0	0	0	0	0	0	0	0	0	0	0	0	0	0	0	0	0	0
1e5964e054d03d379831d86dfba59577	0	0	0	0	0	0	0	0	0	0	79	0	0	0	0	0	9	0	0	0	0	0	0	0	0	0	0	0	0	0
52604d0ceff26d96af0b279522d52a86	0	0	0	0	0	0	0	0	0	0	0	0	0	0	0	0	0	0	0	0	0	0	0	0	0	0	0	0	0	130
4c8767e87ee85ce7f461dee59e257483	0	0	0	0	0	0	0	0	0	0	0	0	0	0	0	0	0	0	0	0	0	0	0	0	0	0	9	11	0	0
ad2d6687f58e66ad8aa05dc023c6436b	0	0	0	0	0	0	0	0	0	0	0	0	0	0	24	0	0	0	0	0	0	0	0	0	0	0	0	0	0	0
0f650803db070a567a7d8c90dcfaedf2	0	0	0	0	0	0	0	0	0	0	0	0	0	0	0	0	0	0	0	0	0	0	0	0	0	0	0	2	0	0
ed70d1d8a6dc479b29a3373d8627ad68	0	90	0	0	0	0	0	0	0	0	0	0	0	0	0	0	0	0	0	0	0	0	0	0	0	0	0	0	0	0
a9dda63b45ed5e921c7e7cfc8754ccd1	0	0	0	0	0	0	0	0	0	0	0	0	0	0	0	0	0	0	0	0	0	0	0	0	0	0	10	0	0	0
cf09ed2dc1e11718370fb19d963c9e58	0	0	0	0	0	0	0	0	0	0	5	0	0	0	0	0	0	0	0	0	0	0	0	0	0	0	0	0	0	0
28726b380df5e699e9701299562c8a63	0	0	0	0	0	0	0	0	0	0	0	0	0	0	0	0	0	0	0	0	0	0	0	0	0	0	144	6	0	0
10e6cbf3ccaa27a2fafd5a2e03dbb207	0	0	0	0	0	0	0	0	0	0	0	0	0	0	0	0	0	0	0	12	0	0	0	0	0	0	0	0	0	0
1a8a155452b185a016baec87e32ef3ae	0	0	0	0	0	0	0	0	0	0	0	0	0	0	0	0	0	0	0	0	0	0	0	0	0	5	0	0	0	0
5b0a12dd072d334fefb04fb7b23410aa	0	0	0	0	0	0	0	0	0	0	0	7	0	0	0	0	0	14	0	0	0	0	0	0	0	0	0	0	0	0
af97037b1c24015f20b2b82851777d67	0	0	0	0	0	5	0	0	0	0	0	0	0	0	0	0	0	0	0	0	0	0	0	0	0	0	0	0	0	0
caf31360d5953ee7be06f955a0c1f3fe	0	4	0	0	0	0	0	0	0	0	0	0	0	0	0	0	0	0	0	0	0	0	0	0	0	0	0	0	0	0
f370a499f0cfc121e4ecada371bff716	0	0	0	0	0	0	0	0	0	0	0	0	0	0	18	0	0	0	0	0	0	0	0	0	0	0	0	0	0	0
1a4f001beafa795f953be819242091d0	0	0	0	0	0	0	0	17	0	0	0	0	68	168	0	662	75	97	28	55	0	0	0	44	54	0	88	14	105	10
9862a68c00a0aabbc5f3d917742ba0b6	0	0	0	0	0	0	0	0	0	0	0	0	0	0	0	0	0	0	0	0	0	0	0	0	0	0	0	0	0	16
2ee2cae7a5de0a039f384d928a9c9f8f	0	0	0	0	0	0	0	0	18	0	0	0	0	0	0	0	0	0	0	0	0	0	0	0	0	0	0	0	0	0
e08e7bbd73176f42964c2aacc1f22229	0	0	0	31	55	0	0	0	0	0	0	0	0	0	0	0	0	0	0	0	0	0	0	0	0	0	0	0	0	0
e0e44e9840f3ffd47bbe52664eb00978	0	0	0	0	0	0	0	0	0	0	0	0	0	0	0	0	0	0	0	0	0	36	0	0	0	0	0	30	0	0
d34fe3cb3d9ca188c50a573bebf8485d	0	0	0	0	0	0	0	0	0	0	0	0	0	9	0	0	0	0	0	0	0	0	0	0	0	0	0	0	0	0
290d94643e70f8322d3b4864948ccffb	0	0	0	0	0	0	0	0	0	0	0	0	0	0	0	0	0	0	0	0	68	0	0	0	0	0	0	0	0	0
c7e4bb5019dc65817ba57be675554ed6	0	0	0	0	0	0	11	0	0	0	0	15	0	0	0	0	0	13	0	0	0	0	0	0	0	0	0	0	0	0
a9ed90a56ee5164ae1c353ecade4f613	0	0	0	0	0	0	0	0	0	0	0	0	0	0	0	0	0	0	0	0	0	0	0	0	0	0	0	0	11	0
ed48f74b115a0613f4d11b139ca511ab	0	0	0	0	0	0	0	0	0	0	0	0	0	0	0	0	0	3	0	0	65	0	0	0	0	0	0	0	0	0
13e54b2cb8e16765ee8352016324b64f	0	0	0	0	0	0	0	0	0	0	0	0	0	0	0	0	0	0	0	0	0	0	0	2	0	0	0	0	0	0
bb6c073e4667f745593df7fdac636fb4	0	0	0	0	0	0	0	0	0	0	0	0	0	0	0	0	0	0	0	0	0	0	0	0	0	0	0	8	0	0
4f2aa9ff2cc0506d8109887fa1c82f2e	1165	114	55	337	1086	248	267	272	227	31	0	0	47	0	60	17	0	0	45	25	0	29	0	58	0	69	30	25	0	0
0b7b5cafaf250da0178e9f7481aeedeb	0	0	0	0	0	0	0	0	0	0	0	0	0	0	33	0	0	0	0	0	0	0	0	0	0	0	0	0	0	0
3ffa1f5b51ba41ad67c24de93eaa746a	0	0	0	0	0	0	7	0	0	0	0	0	0	0	0	0	0	0	0	0	0	0	0	0	0	0	0	0	0	0
f73b72ca88643e71bbae938be6559d1a	0	0	0	0	0	0	0	0	0	0	0	0	0	0	0	0	0	0	0	0	0	0	0	0	0	0	18	0	60	0
b1fda2d2f8298f31171bc01bedd5f8c4	0	0	0	0	0	0	0	0	0	0	0	0	0	0	24	0	0	0	0	0	0	0	0	0	0	0	0	0	0	0
6aa32e898a188dbfb2d372653bd2c869	0	175	23	79	0	216	0	27	50	86	0	0	0	0	0	9	0	0	0	22	0	0	0	0	0	0	0	0	0	0
c99e640c6183648217b093707b485727	0	0	0	0	33	0	0	0	0	0	0	0	0	0	0	0	0	0	0	0	0	0	0	0	0	0	0	0	0	0
5365fb088b662bcd2f97737293959a5d	44	0	0	0	0	44	0	0	0	0	0	0	67	51	0	0	45	0	0	0	0	0	0	0	0	0	0	0	0	0
c5862932dde72d06697afc2446a6a9ae	91	0	0	41	0	0	0	0	0	0	0	0	0	0	0	0	0	0	0	0	0	0	0	0	0	0	0	0	0	0
a2d67a5b27738029d3dac73d7e17dce6	29	0	0	0	0	42	0	0	0	0	0	0	0	0	0	0	0	0	0	0	0	0	0	0	0	0	0	0	0	0
a4e9414242f682d794884cad8f0bb118	0	0	0	0	0	0	0	0	0	0	0	0	0	0	0	4	0	0	0	0	0	0	0	0	0	0	0	0	0	0
1cdf98a4c8fbe85c3420f41b0cb50dc9	0	0	0	0	0	0	0	0	0	0	0	0	0	0	0	0	0	0	6	0	0	0	0	0	0	0	0	0	0	0
19b8dd151aeea2047774d4b90d82f919	0	0	0	0	0	0	0	0	0	0	0	0	2	0	0	0	0	0	0	0	0	0	0	0	0	0	0	0	0	0
e12608b7c7b66d3f426fbe6e5c352031	0	0	0	0	0	0	0	0	0	9	0	0	0	0	0	0	11	0	0	0	0	0	0	0	0	0	0	0	0	0
ce15d7c97cf721990f8086cd9e81c18d	0	0	0	0	0	0	0	0	0	0	0	0	0	0	0	0	0	0	0	0	0	0	0	3	0	0	0	0	0	0
8fa82fba225e92a070b691af43916660	0	0	0	0	0	0	0	0	0	0	0	0	0	0	0	0	0	0	0	0	0	3	0	0	0	0	0	0	0	0
d49457690e755d4dd733636619929005	0	0	0	0	0	0	0	0	0	0	0	0	0	37	0	0	0	0	0	0	0	0	0	21	0	0	0	0	0	0
4b77a945ff0f67a31b3de00b9e5e9e7f	0	0	0	0	0	0	0	0	0	0	0	13	0	0	0	0	0	0	0	0	0	9	0	0	0	0	0	11	18	0
38b9e082b1b339d98850455453c0d861	0	0	0	0	0	0	32	0	0	0	0	0	0	0	0	0	0	0	0	0	0	0	0	0	0	0	0	0	0	0
d730bd3f362306085af52f649ba5b0e6	0	0	0	0	0	0	0	0	0	0	13	0	15	0	0	0	0	0	0	10	0	0	0	0	0	0	0	0	11	0
00837b135ce7d759f50e5acc01e8cebd	0	0	0	0	0	0	0	0	0	0	0	0	0	0	0	0	0	0	13	0	0	0	0	0	0	0	0	0	28	0
f8b958c268fa2e8670c76ecb4a918985	0	0	0	0	0	0	0	0	0	0	0	0	0	0	0	0	0	0	0	0	0	13	0	31	0	0	0	0	33	0
b79966f5b5ce7b4523353add7b0f90b3	0	9	0	0	0	0	0	0	0	0	0	0	0	0	0	0	0	0	0	0	0	0	0	0	0	0	0	0	0	0
b870754cb5807af1c1f9c3afec5b891c	0	0	0	0	0	0	0	0	0	0	0	0	0	0	0	0	0	0	0	0	0	0	0	0	0	0	0	0	0	3
ec8d5b1a8749e4ab809cf48f3d058833	0	0	0	0	0	2	0	0	0	0	0	0	0	0	0	0	0	0	0	0	0	0	0	0	0	0	0	0	0	0
4207309e9e734a2c364aec13ef7e75e3	0	0	0	0	0	0	0	0	0	0	9	0	0	0	0	0	0	0	0	0	0	0	0	0	0	0	0	0	0	0
8ef351ba3ba6ed70fbefd029b672ea08	0	0	15	0	0	0	0	0	0	0	30	0	0	0	0	0	30	0	0	0	0	0	15	0	23	18	0	55	0	414
c4fa22cd43fcea054d2a8d9c6f1b7a48	0	0	0	0	0	2	0	0	0	0	0	0	0	0	0	0	0	0	0	0	0	0	0	0	0	0	0	0	0	0
4183f4cce355670abd623164e477fd80	0	0	78	0	0	0	0	0	30	0	0	0	0	0	0	0	0	0	0	0	0	0	0	0	0	0	0	0	0	0
dd2d15e4ddc4777d541f4f6d0837de4f	33	0	0	0	0	47	27	14	29	32	33	0	0	15	0	66	40	0	30	16	0	0	0	0	0	0	0	0	0	0
bdd9a27f3ed718e1bddf2ea3660dfe46	0	0	0	0	0	0	0	0	0	0	0	0	0	0	0	15	0	0	0	0	0	0	0	0	0	0	0	0	0	0
42fd174deef35a51cf8f0e748b59929c	0	0	0	0	0	0	0	0	0	0	20	0	0	0	0	0	0	0	0	0	0	0	0	0	0	0	0	0	0	0
40875a16a14da6530ec6febbd0796f73	0	0	0	0	0	0	5	0	0	0	0	0	0	0	0	0	0	0	0	0	0	0	0	20	0	0	0	0	0	0
fc700e85939bddb30ee8419d8764f38c	0	0	0	0	0	0	0	0	0	0	0	0	0	0	20	0	0	0	0	0	0	0	0	0	0	0	0	0	0	0
4ff4c9138d25514cce49cb78de03e363	0	0	0	0	0	0	0	0	0	0	0	12	0	19	0	0	0	0	0	0	0	0	0	0	0	11	0	0	0	0
be89279a1b5d3775fc6ab0e5d34711d9	0	0	0	0	5	0	6	6	0	8	22	36	39	20	8	129	22	84	115	91	0	13	0	163	27	60	77	20	0	0
fadf56ef563c3b17c17f21565630430b	103	76	0	41	37	80	0	0	35	31	15	0	0	0	0	0	0	0	0	0	0	0	0	0	0	0	0	0	0	0
7e2c20c3cb140721bc5e3e8a2a3418d3	0	0	0	0	0	0	0	0	0	0	16	0	0	0	0	0	0	0	0	0	0	0	0	0	0	0	0	0	0	0
ea2e847ca3b5383393bbdb845e7966ad	0	0	0	0	0	0	0	0	0	0	0	86	132	611	88	0	0	0	0	25	0	0	0	0	0	0	29	0	0	0
f368774ff93e2faedf5bbd7b652204ac	0	0	0	0	0	0	0	0	0	0	0	0	0	0	0	0	0	0	0	0	0	0	0	5	0	0	0	0	0	0
8e936443b3b1374032481c819eb4664b	0	3	0	0	0	0	0	0	0	0	0	0	0	0	0	0	0	0	0	0	0	0	0	0	0	0	0	0	0	0
ef441b85b2975d8f6aa5eac9f238e699	0	0	0	0	0	0	0	0	0	0	0	0	0	0	0	0	0	0	0	0	0	0	0	0	0	0	0	0	0	19
63b3a221f7518d7eecd9dec8dbee4ebf	0	0	0	0	0	0	0	0	0	0	0	7	0	0	0	0	0	0	0	0	0	0	0	0	0	0	0	0	0	0
0110c46f73e401b074038a446bbbc92c	0	0	0	0	0	0	0	0	0	6	0	0	0	0	0	0	0	0	0	0	0	0	0	0	0	0	0	0	0	0
d2c98526ac4884df542ae6eb61127735	0	0	2	0	0	0	0	0	0	0	0	0	0	0	0	0	0	0	0	0	0	0	0	0	0	0	0	0	0	0
145b6fd973e9145ff26dae4a7f18f07f	44	54	67	56	38	0	0	0	90	71	111	36	0	0	0	24	101	27	54	14	69	122	27	78	106	196	81	73	128	2321
079a8f68140af2e903acf9834a8ee065	0	0	0	0	0	0	0	0	0	0	0	0	0	0	0	0	0	0	23	0	0	0	0	0	0	0	0	0	0	0
e5444061d0b995066378f57b1e6842fb	0	0	0	0	0	0	0	0	2	0	0	0	0	0	0	0	0	0	0	0	0	0	0	0	0	0	0	0	0	0
def76ca66a3a2d79b2739f179f4c584f	0	0	0	0	0	0	0	0	0	0	0	0	0	0	0	15	0	0	0	0	0	0	0	0	0	0	0	0	0	0
161bac1789673af9782f72896b222258	0	0	0	0	0	0	0	0	0	0	0	9	0	0	0	0	0	0	0	0	0	0	0	0	0	0	0	0	0	0
87fa76a4feca413b335cd56cec561a83	0	0	0	0	0	0	0	0	0	0	0	0	0	0	0	0	0	0	0	0	0	0	0	2	0	0	0	0	0	0
4d0ca5a9e5488351b25db4eecf2a1596	0	0	0	0	0	0	0	0	0	0	0	0	0	0	0	0	0	0	0	0	0	17	14	0	0	0	0	0	0	0
6d2ad51d906bd3b25f9ab0b25c509020	0	0	0	0	0	0	0	0	0	0	0	0	0	0	0	0	0	0	0	17	0	0	0	0	0	0	0	0	0	0
6241c938c6fb728a9eec483e807b3831	0	0	0	0	0	0	0	0	0	0	0	0	0	0	0	0	0	0	0	0	0	0	0	0	0	0	0	0	6	0
a0649415547fa71be34430ccc95f13f4	0	17	0	0	23	0	0	0	216	0	0	0	0	0	0	0	0	0	0	0	0	0	0	0	0	0	0	0	0	0
49ebee289524678d1505494e55795a6a	0	0	0	0	0	0	0	0	0	0	0	0	0	0	0	0	0	6	0	0	0	0	0	0	0	0	0	0	0	0
db6c07096d9564d9b6023a54f97e1149	0	0	0	0	2	0	0	0	0	0	0	0	0	0	0	0	0	0	0	0	0	0	0	0	0	0	0	0	0	0
d67f517ae590da480ecc716da9f8e6ea	6	0	0	0	0	0	0	0	0	0	0	0	0	0	0	0	0	0	0	0	0	0	0	0	0	0	0	0	0	0
8f9e9d5886ae7282e51e3960de26ebc1	0	0	0	0	0	0	0	0	0	0	0	0	0	0	0	0	0	0	0	0	0	0	0	0	0	60	0	0	0	0
c113099547a8d2a7f437ef5a7769d9b2	0	0	0	0	0	0	0	0	0	0	5	0	0	0	0	0	0	0	0	0	0	0	0	0	0	0	0	0	0	0
a659594c0726dbc0c189f67317b9c47c	0	0	0	0	0	0	0	0	0	0	65	0	0	0	0	0	0	0	0	0	0	0	0	0	0	0	0	0	18	0
18347fe0eef6e75bdc5f8b8a8813d171	0	0	0	0	49	0	0	0	0	0	0	0	0	0	0	0	0	0	0	0	0	0	0	0	0	0	0	0	0	0
97578d64950b7267a9f740093cb24680	0	0	0	0	0	0	0	12	5	0	0	0	0	0	0	0	0	0	0	0	0	0	0	0	0	0	0	0	0	0
865fedb5d67cd9a4bbc446779e8f517f	0	0	0	2	0	0	0	0	0	0	0	0	0	0	0	0	0	0	0	0	0	0	0	0	0	0	0	0	0	0
4f859501096f760d4cdbd05e65ba1043	34	23	563	127	94	31	218	46	49	131	64	469	578	215	65	161	74	236	37	129	2420	96	118	47	68	48	67	277	160	283
0222bd175fccac31944f0fbf2b962b71	0	0	0	0	0	0	0	0	0	0	0	0	0	0	0	0	0	14	0	0	0	0	0	0	0	0	0	0	0	0
d63bd98b563f18d9697d101ef9940c34	0	0	0	0	0	0	0	0	0	0	0	0	0	0	0	0	0	0	0	0	0	0	0	0	0	0	0	0	0	10
646feaadf1b1da2006263be764a6912a	17	0	0	0	0	17	0	0	0	0	0	0	0	0	0	0	0	0	0	0	0	0	0	0	0	0	0	0	0	0
28c869b176c985d549423c1a06a8dd8f	0	0	8	0	0	0	0	0	0	0	0	0	0	0	0	0	0	0	0	0	0	0	0	0	0	0	0	0	0	0
a8d4505c8fc36926276b6e19877cf762	0	0	0	0	0	0	0	0	0	0	0	0	0	0	0	0	0	0	0	9	0	0	0	0	0	0	0	0	0	0
565a44381caf49956e8e1d7836a787ca	0	0	0	0	0	0	0	0	0	0	0	0	0	0	0	29	0	16	0	11	0	0	0	0	0	0	0	0	4	0
f91c3b3a136d1985696f4a539ad1c2e6	0	0	24	0	0	0	0	0	9	0	14	0	0	0	0	0	0	0	0	13	0	0	0	0	0	0	0	0	22	250
b0f81339a2f263e4ba43c83953a550a0	25	69	18	53	0	30	0	0	147	0	0	0	0	0	0	0	0	0	0	0	0	0	0	0	0	0	0	0	0	0
e3b31025b11724ba15f2132c871fa388	13	0	0	0	0	0	0	0	0	0	0	0	0	0	0	0	0	0	0	0	0	0	0	0	0	0	0	0	0	0
cc74cf9e15273cd19323b386c1ed4230	0	0	0	0	0	0	0	0	0	0	0	0	0	0	0	0	0	18	0	0	0	0	0	0	19	38	0	0	41	0
0eb1df71c2e5d48e64fadfc0cb99d836	43	28	0	0	176	0	23	0	0	0	0	60	0	64	47	25	0	0	91	62	0	8	11	122	283	23	27	7	249	0
2d497361457a488990838e8cbbcc24c1	0	0	0	0	0	0	0	0	0	0	0	0	0	0	0	0	7	0	0	0	0	0	0	0	0	0	0	0	0	0
8e21cfeebb87968cf9a9ccc89ecd81ea	37	19	445	17	27	0	48	24	37	0	49	0	0	0	0	0	34	0	7	12	58	28	0	0	5	0	5	0	0	0
9430155b58de900c0ce22b22f0f3c4a7	0	0	0	0	0	0	0	0	0	0	0	0	0	0	0	0	0	0	0	0	0	0	89	0	0	0	0	0	0	0
7e0709025680cb6a652dc01e876b278b	125	26	0	22	0	28	38	215	0	34	25	72	13	20	16	6	9	0	0	34	0	0	0	94	70	19	235	19	0	0
553468aed753177320577a9ae91f8a5a	0	0	0	0	0	0	0	0	0	0	0	0	6	13	0	0	0	0	0	0	0	0	0	0	0	0	0	0	0	0
4753da0b86677e18838fc23cc6204621	0	0	0	0	0	0	0	0	0	0	0	0	0	0	0	0	0	0	0	0	0	0	0	0	0	0	2	0	0	0
0f3d2750045513097bf1b27a14483e66	0	0	0	0	0	0	0	0	0	0	0	0	48	0	0	0	0	0	0	0	0	0	0	0	0	0	0	0	0	0
6324996c90e23b6c528d6d4f432dfe50	25	0	0	11	0	0	0	0	0	0	0	37	0	0	0	0	0	0	0	0	0	0	0	30	0	0	0	0	61	0
103d9c6defa3b2dc717813a146588d3c	0	0	0	0	0	0	0	0	0	0	0	0	13	0	0	0	0	0	0	0	0	0	0	0	0	0	0	0	0	0
a39243c734a92a43a130914bc65ec8c2	0	0	0	0	0	0	0	0	35	0	0	0	0	0	0	17	0	0	0	0	0	0	0	0	0	0	0	0	0	0
d7f345d8fe241e2156ceafb0a27e8583	0	0	0	0	0	0	0	0	0	0	0	0	0	5	0	0	0	0	0	0	0	0	0	0	0	0	0	0	0	0
11a9ef87323891d1fbdaa5c15acb6203	0	0	0	0	0	0	0	0	0	0	0	0	44	0	0	0	0	0	0	0	0	0	0	0	0	0	0	0	0	0
cf1012a950ddbb5ad13d70ceae3c9c16	0	0	0	0	0	0	0	0	0	0	0	0	0	0	0	0	0	0	0	0	0	0	0	5	0	0	0	0	0	0
c688dcdcb4e69a2fb0dec1f5f6e487b6	0	0	0	0	0	0	0	0	0	0	0	0	0	0	0	0	0	0	0	0	0	0	0	0	0	29	0	0	0	0
305029ea1be774863c6f40a73bedaa51	0	0	0	0	0	0	136	10	23	20	0	0	0	0	0	0	0	0	0	0	0	0	0	0	0	0	0	0	0	0
894fc89ac1de192b3c1717e54050a44b	20	0	0	0	0	0	0	0	11	0	0	0	23	0	0	0	0	0	45	0	24	403	0	23	0	59	22	246	0	217
a24a01949c8d7c16e97622a7e899cce3	0	0	0	0	0	0	0	0	0	0	0	0	0	0	0	0	0	0	0	0	0	0	0	0	0	0	0	0	5	0
420ef95396fbfe2cc1304f8e3473a69d	0	16	0	0	0	0	0	0	15	17	0	0	0	0	0	0	0	0	0	11	0	0	0	0	0	0	0	0	0	0
cab07ccaf102dfd7f90791267a1da4ca	0	0	0	0	0	0	0	6	0	0	0	0	0	0	0	0	0	0	0	0	0	0	0	0	4	0	9	9	0	0
2824fbba104b8f217e91aa045f11235c	0	0	0	0	10	0	0	0	0	4	0	0	0	0	0	0	0	0	3	0	0	0	0	0	0	0	0	0	4	0
faaa30129a3b62cbe6aa5df5055de983	0	0	0	0	0	0	0	0	0	0	0	0	0	0	0	0	0	17	0	0	0	0	0	0	0	0	0	0	11	0
8241944610122bf168362ef998b6f210	0	0	0	0	0	0	2	0	0	0	0	0	0	0	0	0	0	0	0	0	0	0	0	0	0	0	0	0	0	0
53a15796aab758fce26f1ca512930f98	0	0	0	0	0	0	0	0	4	0	0	0	0	0	0	0	0	0	0	0	0	0	0	0	0	0	0	0	0	0
86a594666fca6f1cce9aa9fa30f1feae	0	0	0	39	15	12	517	20	0	32	18	327	324	116	35	44	0	52	0	49	573	0	105	59	24	30	32	81	24	9
9b53896dc02c2ab05155ef3fbd4e377b	0	0	0	0	0	0	0	0	4	0	0	0	0	0	0	0	0	0	0	0	0	0	0	0	0	0	0	0	0	0
133dc35fd6c8c60d405b8f506b71039a	0	0	0	0	0	0	0	0	22	0	0	0	0	0	0	0	0	0	0	0	0	0	0	0	0	0	0	0	0	0
6c36eb4de113b8c9c653bc613722c7d5	0	0	0	0	0	0	212	0	0	0	0	0	0	0	0	28	18	25	0	31	0	0	0	0	0	0	0	0	0	0
88c72d6d0541500222c394b2dff00f98	0	0	123	0	0	0	13	0	18	0	25	0	0	0	0	0	24	0	0	0	0	0	0	0	0	0	0	0	0	11
59ac47b9166c915915ffb6ac697549fc	0	0	0	0	0	0	0	0	0	0	0	0	0	0	0	0	0	4	0	11	0	0	0	0	0	0	0	0	0	0
5a5f580bc4297802fe9a4b6dd51e9ec7	0	0	0	0	0	0	0	0	0	0	0	0	0	0	0	0	2	0	0	0	0	0	0	0	0	0	0	0	0	0
a2f5cc250a74ecf260482a7ab6dc27f8	0	0	0	0	0	0	0	0	0	0	10	0	0	0	0	0	0	0	0	0	0	0	0	0	0	0	0	0	0	0
501786fadfda14aed79dcd1e4d1c4bdb	51	56	0	55	13	15	0	0	45	23	38	0	0	0	0	0	0	0	24	0	0	0	0	0	0	0	0	0	0	0
e7df46dfe669af04618bf856426b1fef	0	0	0	0	0	0	0	0	0	0	2	0	0	0	0	0	0	0	0	0	0	0	0	0	0	0	0	0	0	0
152169544ed0fd9793c1ca7e87cfa54d	0	0	0	0	0	0	0	0	0	0	10	0	0	0	0	0	0	0	0	0	0	0	0	0	0	0	0	0	0	0
80aae6ee75e257a6ba3ceb1cb8f64495	0	0	0	0	0	0	0	0	0	0	0	0	0	0	0	0	0	0	0	0	0	0	0	0	0	0	2	0	0	0
b59d4202dfd84012b9b4b969bb82f84c	0	0	0	0	67	0	66	41	57	0	867	133	175	204	132	663	1168	150	2118	258	0	47	0	112	178	79	174	0	113	70
7d02cb39f468378e00f55ea2c9cca2e7	0	0	0	0	0	0	13	0	0	0	0	0	0	0	0	0	0	0	0	0	0	0	0	0	0	0	6	0	0	0
a919e557e7570b8b47c2d347c7eb6eb7	96	63	19	0	38	175	0	0	129	89	0	0	0	0	0	0	0	0	0	0	0	0	0	0	0	0	0	0	0	0
5f79d7b33c6e903c6495c4db68bfc3a5	0	0	0	0	0	0	0	0	0	0	0	0	10	0	0	0	0	0	0	3	0	0	0	0	0	0	0	0	0	0
6592cb809619775c474456abe3d009e7	0	0	0	0	0	0	0	0	0	0	0	0	0	0	0	5	0	0	0	0	0	0	0	0	0	0	0	0	0	0
c606d7d13ed55e94a5605ae55b998e7b	0	0	0	0	0	0	0	0	0	0	0	0	0	16	0	0	0	0	0	0	0	0	0	0	0	0	0	0	0	0
f0b2adc32d620ec9d3d2ffda0d2038d6	0	0	0	0	0	0	0	0	0	0	0	13	0	0	0	0	0	0	0	0	0	0	0	0	0	0	0	0	0	0
830c8c5bcef7d5e294c6fd8a07d91eb3	0	0	0	0	0	0	0	0	0	0	0	0	0	0	0	6	0	0	0	0	0	0	0	0	0	0	0	0	0	0
704357aa7142da57f3ef7e05391adf70	0	7	0	0	0	0	0	0	0	0	0	0	0	0	0	0	0	0	0	0	0	0	0	0	0	0	0	0	0	0
b406a966a0bd2336650de00e0b3bd0b4	0	21	66	15	0	30	31	0	42	51	51	17	14	0	0	0	47	8	0	0	260	131	37	40	21	126	35	102	153	1083
ce7cc80b19320b22702e9a3d7b1291e3	0	0	0	0	0	0	0	0	0	0	0	0	24	0	0	0	0	0	0	0	0	0	0	0	0	0	0	0	0	0
466355e2ac6a24aedd27c5cdd9d3603a	0	0	0	0	0	3	0	0	0	0	0	0	0	0	0	0	0	0	0	0	0	0	0	0	0	0	0	0	0	0
1d3aeff079c7e0f0087c18fb7d3ccb51	0	0	0	0	0	0	0	0	0	0	0	0	0	0	0	0	0	0	0	0	0	0	0	0	0	0	0	2	0	0
7fe3f22b30264e875eb423ed7e3b1947	5	0	0	0	0	0	0	0	0	0	0	0	0	0	0	0	0	0	0	0	0	0	0	0	0	0	0	0	0	0
74bf00c394a51d9021565a9a97f62417	0	0	0	0	0	0	0	37	0	0	0	0	0	0	0	0	0	0	0	0	0	0	0	0	0	0	0	0	0	0
fc14f2250751753999e6683ba0f18014	0	0	0	0	0	27	0	0	0	34	0	0	0	0	0	0	0	0	0	0	0	0	0	0	0	0	0	0	0	0
e700e04c333031913d2b7984ab392bdb	0	0	0	0	0	0	0	0	0	0	0	0	0	0	124	0	0	0	0	0	0	0	0	0	0	0	0	0	0	0
b1cb788ed614db9efcc65a2c869a759e	0	0	0	0	0	0	0	0	0	0	0	0	0	0	0	3	0	0	0	0	0	0	0	0	0	0	0	0	0	0
efd3355d389a705e864f0f76b7f57c34	0	0	0	0	0	0	0	0	0	0	0	0	0	0	0	0	0	0	0	13	0	0	0	0	0	0	0	0	0	0
7e1a560b5a45a372f7b67afbc7c2dfbd	0	0	0	1	0	0	0	0	0	0	0	0	0	0	0	0	0	0	0	0	0	0	0	0	0	0	0	0	0	0
4f7736e611a0e58ca9ba04aba668feb2	0	0	0	0	0	0	0	0	0	0	0	0	0	0	0	0	0	0	11	0	0	0	0	0	0	0	0	0	0	0
cf5acf898544ba413151ffaecf5c8fa3	0	0	0	0	0	0	0	0	0	0	0	0	0	22	0	0	0	0	0	0	0	0	0	0	0	0	0	0	0	0
9c4d3c66cee4f1f8233592097d9fe4bb	0	0	0	0	0	0	0	0	0	0	0	0	0	0	0	0	0	0	0	0	0	0	0	0	0	0	7	0	0	0
7f766051401e1498ac27481babc3e3e1	100	0	0	0	0	0	0	0	0	0	0	0	0	0	0	0	0	0	0	0	0	0	0	0	0	0	0	0	0	0
d17a72ad59c31d7d4cf722913999722c	17	8	0	2	8	7	9	6	0	7	22	6	36	103	127	25	4	0	27	44	0	2	0	0	10	13	53	10	28	0
4f744c44ce152a33355c4f1b326a40c5	0	0	0	0	0	0	0	0	8	0	0	0	0	0	0	0	0	0	0	0	0	0	0	0	0	0	0	0	0	0
f3901f2b04d7b7042e3b4bbecc23a77b	0	0	0	18	0	0	0	0	0	0	0	0	0	0	0	0	0	0	0	0	0	0	0	0	0	0	0	0	0	0
fb57e023facf10898b6241680de02d5b	0	0	0	0	0	0	0	0	0	0	0	0	0	0	0	0	0	0	0	0	0	0	0	0	8	0	0	0	0	0
99d7698af56faf92dc4d35a38b7b98f2	0	0	0	0	0	0	0	0	0	0	0	0	0	0	0	0	2	0	0	0	0	0	0	0	0	0	0	0	0	0
bca63a39364649ffbcaccb986e4de426	0	0	0	0	0	0	0	0	0	0	0	0	0	0	0	10	22	0	0	0	0	0	0	0	0	0	0	0	0	0
f105d8858602ff5c4b7cf0f26f3b75f3	0	0	0	23	0	0	0	0	0	0	0	0	0	0	0	0	0	0	0	0	0	0	0	0	0	0	0	0	0	0
7c7fc2e9c888fe0939a7ae5eeb1029b8	0	0	13	0	0	0	0	0	0	0	0	0	0	0	0	0	0	0	0	0	0	0	0	0	0	0	0	0	0	0
a5146465e60ea9160a2c38ddd8d7f671	27	15	2	0	14	27	0	0	0	0	0	0	0	0	0	0	0	0	0	0	0	0	0	0	0	0	0	0	0	0
e861ba70b44c52123cc5bc9b2c5fc871	0	0	0	0	0	0	0	0	0	0	0	17	0	0	0	0	0	0	0	0	0	0	0	0	0	0	0	0	0	0
3cef4262116ec6d9f98e0e00bf848e2e	0	0	0	0	0	0	0	0	0	0	9	0	0	0	0	0	0	0	0	0	0	0	0	0	0	0	0	0	0	0
0b6697a86d7760730b4a6fe7f3e2de9d	36	18	0	0	0	36	0	0	0	0	0	0	0	0	0	0	0	0	0	0	0	0	0	0	0	0	0	0	0	0
b0ed8d7b1b7afe9dbdf4ab3ee27e5b49	0	0	0	0	0	0	0	0	0	0	0	0	0	0	0	0	0	0	0	0	0	0	0	0	5	0	0	0	0	0
c5a67033a3f4d749522e949c085537db	0	0	0	12	0	0	0	0	0	0	0	0	0	0	0	0	0	0	0	0	0	0	0	0	0	0	0	0	0	0
ba911d3a61f4fe428b3f7cbfce592458	0	0	0	0	0	10	0	0	0	0	0	0	0	0	0	0	0	0	0	19	0	8	173	0	0	0	0	0	10	0
693bbcb45ee54240ec430d7f39ce4a0a	0	0	0	0	0	0	0	0	0	0	0	0	0	0	0	0	0	0	0	0	0	6	0	0	0	0	0	0	0	0
85f298312f34e8879476b26ffc20924a	43	0	0	0	0	0	0	0	0	42	0	0	27	0	0	0	0	27	0	0	0	0	0	0	0	0	0	0	0	0
7c9f0c90e04a82d7915797db37afc33d	0	0	0	0	2	0	0	0	0	0	0	0	0	0	0	0	0	0	0	0	0	0	0	0	0	0	0	0	0	0
34f14571b4124c17119afc1fd6af48a9	67	0	0	0	0	0	0	0	0	0	0	0	0	0	0	0	0	0	0	0	0	0	0	0	0	0	0	0	0	0
be1235a1a8f165fdb1826b595b6d8279	0	0	0	0	0	0	0	0	8	0	0	0	0	0	0	0	0	0	0	0	0	0	0	0	0	0	0	0	0	0
6847e10c89ce9881526cbd7dfdc65129	0	0	0	0	0	0	0	0	0	0	0	0	0	0	0	0	0	0	0	0	0	0	0	0	0	0	2	0	0	0
3ad2ceedf66f9ee138f9626ac7eedec1	0	0	0	0	0	0	0	0	0	0	0	0	0	0	0	0	0	0	0	0	32	0	0	0	0	0	0	0	0	0
570df748ff11b6147a58cd425a891866	0	0	0	0	0	0	0	36	0	0	0	0	0	0	0	0	0	0	0	0	0	0	0	0	0	0	0	0	0	0
a8add293d093b6db3284b0dec0a8498d	24	21	0	31	0	59	9	20	62	19	14	0	0	0	0	0	0	0	0	0	0	0	0	0	0	0	0	0	0	0
944fce69514e6ee8e544f9546bb14be4	0	0	0	0	0	0	22	0	0	0	0	0	0	0	0	0	0	0	0	0	0	0	0	21	0	0	0	13	0	0
be01ddd8d948e9d78d3c071a337a4e16	0	0	0	0	0	0	0	0	0	0	0	8	0	0	0	0	0	0	0	0	0	0	0	0	0	0	0	0	0	0
1f77ce72d4414d5ce0778d89b807f10e	0	0	0	0	0	0	0	0	0	0	0	0	0	0	0	0	0	0	11	0	0	0	0	0	0	0	0	0	0	0
288f5bd31dcf341ebbb768831bd94415	0	0	0	0	0	0	0	0	0	0	0	9	0	0	0	0	0	0	0	0	0	0	0	0	0	0	0	0	0	0
bd5900fb6b1869434c034fab9d1e9845	0	0	0	0	0	0	0	0	0	0	0	0	0	0	0	0	0	0	0	0	0	0	0	0	0	0	2	0	0	0
8e590570fb04b48d83c6bd2228e8f29f	0	0	0	0	0	0	0	0	0	0	0	0	0	0	0	0	0	0	0	0	0	0	0	0	0	0	7	0	0	0
5a242e8845d364b2a88244cb8394caab	0	0	0	0	0	0	0	0	0	0	0	0	0	0	0	0	2	0	0	0	0	0	0	0	0	0	0	0	0	0
33abfc923e6619b9b206b70ad0cb1b46	48	0	14	24	9	18	0	0	34	0	0	0	0	0	0	0	0	0	0	0	0	0	0	0	0	0	0	0	0	0
f5178ff466f0a69a79ad3d7da1102e17	0	0	0	0	0	0	0	0	0	0	0	0	15	0	0	0	0	0	0	0	0	0	0	0	0	0	0	0	0	0
2df5377bfc6b71bdb87850f9cd1eebaa	0	0	0	0	0	0	0	0	0	0	0	0	0	0	0	0	0	0	0	0	0	0	0	41	0	0	0	0	0	0
1eaaac5a802b13446370fcfa8d2cf7aa	70	72	1786	320	176	58	273	955	201	118	439	29	0	20	0	152	121	43	0	0	15	202	0	0	104	50	106	197	108	92
6fd8ff154369cb44f42b9e80104f9dbe	0	0	0	0	0	0	0	0	0	0	0	0	0	0	0	0	0	0	0	0	0	0	0	0	10	0	0	0	0	0
0ac44ddd6ae7e24a90a542f6a0d5ca93	14	0	0	12	0	15	0	0	0	0	0	0	0	0	0	0	0	0	0	0	0	0	0	0	0	0	0	0	0	0
73a1ce1e151d71f0419145aef2cea210	0	4	0	0	0	16	0	0	0	0	0	0	0	0	0	0	0	0	0	0	0	0	0	0	0	0	0	0	0	0
128fb98780d252ea121dc261fdf53ed3	6	0	0	0	0	0	0	0	0	0	0	0	0	0	0	0	0	0	0	0	0	0	0	0	0	0	0	0	0	0
ec495eaf0340da9f2565cae7a58d8640	19	0	0	0	0	0	0	0	0	0	0	0	0	0	0	0	0	0	0	0	0	0	0	0	0	0	16	0	0	0
57fedd5ca66c001f6c56f96faaf44262	0	0	0	0	0	0	0	0	0	0	0	0	0	0	0	0	0	0	0	0	0	42	0	0	0	0	0	0	0	0
ed3e1b770ad9af146d6dd2402d147730	0	0	0	0	0	0	0	0	0	0	0	0	0	0	0	0	0	0	0	0	0	0	0	0	7	0	0	0	0	0
81c6fa97e28bbb663c5cdb2e784510ce	0	2	0	0	0	0	0	0	0	0	0	0	0	0	0	0	0	0	0	0	0	0	0	0	0	0	0	0	0	0
4620f5528e946fe9fb7778a77db9ca9f	0	0	0	6	0	0	0	0	0	0	0	0	0	0	0	0	0	0	0	0	0	0	0	0	0	0	0	0	0	0
a785bd3297e9ef2c37570190f03aeb7e	0	0	0	0	0	0	0	0	0	0	0	0	0	0	0	0	0	0	0	0	0	0	0	0	0	0	0	0	55	0
2d90e24d4d109abd5e570dcb7c9f0f9d	0	0	0	0	0	0	0	0	0	0	22	0	0	0	0	0	0	0	0	0	0	0	0	0	0	0	0	0	0	0
6270845c95ffc87fe323864e226e66a0	0	0	0	0	0	0	0	0	0	0	0	0	0	0	0	0	0	3	0	0	0	0	0	0	0	0	0	0	0	0
5a217309b3cb62588ab2ea7112933e24	8	0	0	0	0	0	0	0	0	0	0	0	0	0	0	0	0	0	0	0	0	0	0	0	0	0	0	0	0	0
703d09c47edde28a5077fcc302798abf	0	0	0	0	13	0	0	0	0	0	0	0	0	0	0	0	0	0	0	0	0	0	0	0	0	0	0	0	0	0
b03653e34a6c5a58a49ccb42da5c7af9	0	0	0	0	0	0	0	0	0	0	0	0	9	0	0	0	11	0	0	16	0	0	0	0	0	0	0	0	0	0
0318efbd790d9e24901749cfb4d64411	0	0	0	0	0	0	0	0	0	0	0	0	0	0	0	0	0	6	0	0	0	0	0	0	0	0	0	0	0	0
8ca24531016ba2aa743fcbc4e04052a8	0	0	0	0	0	0	0	0	0	0	0	0	0	0	0	0	0	0	0	117	0	0	0	0	0	0	0	0	0	0
199f6d8a1f69f84b916bb34cdb4ea200	18	0	0	0	0	7	0	0	0	0	0	0	0	0	0	0	0	0	0	0	0	0	0	0	0	0	0	0	0	0
34694aeab9036acd9a19009d332b5f0b	0	0	0	0	0	0	0	0	18	0	0	0	0	0	0	0	0	0	0	0	0	0	0	0	0	0	0	0	0	0
c9fd00fd9d884c485a916e98bd7dafaa	0	0	0	0	0	0	0	0	0	0	0	0	0	0	0	0	0	0	0	0	0	0	0	0	0	0	5	0	0	0
8e26013a334e76ce27ff082ec94f62bd	0	5	0	0	0	0	0	0	0	0	27	0	0	0	0	0	0	0	0	0	0	0	0	0	0	0	0	0	0	0
6eacc97fb31d29c38390288b40b390da	0	0	0	0	0	0	0	0	0	0	0	0	0	0	0	0	0	0	5	0	0	7	0	0	0	0	0	0	0	0
ef4d1007270be6a848cccc51ae6f8181	0	0	0	0	0	0	0	0	0	0	0	0	0	14	22	0	0	0	0	0	0	0	0	0	0	0	0	0	0	0
23b70a4b4f786a6dc8a0d74f0c4d8aa2	0	0	0	0	0	0	0	0	0	5	0	0	0	0	0	0	0	0	0	0	0	0	0	0	0	0	0	0	0	0
af2a51fcd99cfd7603bd83cc193e3439	0	0	0	0	0	7	0	0	0	0	0	0	0	0	0	0	0	0	0	0	0	0	0	0	0	0	0	0	0	0
4c5b7bf2fab97157584eeb42407a7832	154	0	0	131	346	0	0	0	0	0	0	0	0	0	0	0	0	0	32	0	0	0	0	0	0	47	0	0	0	0
a07700476fabf6abc3f3b8b21264b384	0	0	0	0	0	0	0	0	0	0	0	0	0	0	0	0	0	0	0	0	0	2	0	0	0	0	0	0	0	0
47317309f1e869f89193e1480a60e8cb	0	0	0	0	0	0	0	22	0	9	0	0	0	0	0	0	0	0	0	0	0	0	0	0	0	0	0	0	0	0
852b502d41b1911200de8011f8ae0a9c	0	0	0	0	0	0	0	0	0	0	0	0	0	0	0	0	0	0	0	0	0	0	0	0	14	0	7	0	0	0
ee1d96f6d695187a8e1ed8c784122d4a	54	18	5	0	9	248	42	438	48	20	26	30	37	127	126	283	64	27	317	204	0	0	8	13	30	13	28	0	12	0
d8a41a188ff6fbb48853008a2e283a6e	0	0	0	0	0	0	0	0	0	0	0	0	0	0	0	0	8	30	0	145	0	0	0	0	0	0	0	0	0	0
85cfd5be7380cb544f0d12e10803ac3f	0	0	0	0	65	0	0	0	0	0	0	0	0	0	0	0	0	0	0	0	0	0	0	0	0	0	0	0	0	0
43165c1c631394158bb46dcd4606d691	0	0	0	0	0	0	0	0	0	0	0	0	0	0	0	0	0	0	0	0	0	0	0	0	0	0	0	0	13	0
ad55fc104504704d04700df62e062014	0	0	0	0	0	0	0	0	0	0	0	0	0	0	0	0	0	0	0	0	0	0	14	0	0	0	0	0	0	0
ebef2fe2174a21d99ae9da34f68bda3d	14	0	134	0	0	0	41	0	0	0	18	0	0	0	0	0	0	0	0	0	82	0	0	0	0	0	0	13	0	0
73dc9a8bc0bf495b18af6d4e91df1599	50	82	113	62	39	34	187	34	29	22	45	20	57	65	87	414	194	115	194	169	31	75	350	104	49	42	96	48	59	98
a8e094ed94627ceca9bcc7521138b55c	0	0	0	0	0	0	0	0	0	3	0	13	0	15	11	10	9	70	0	0	0	0	0	0	0	0	0	0	0	0
d1d966c385b7933285493fdae2f03ca0	0	0	0	0	0	0	0	0	0	0	0	0	0	0	0	0	0	0	0	0	0	0	0	0	0	0	4	0	0	0
8a3f175ec0b1b7da5b6de11c46de621a	0	0	0	0	0	5	0	0	0	0	0	0	0	0	0	0	0	0	0	0	0	0	0	0	0	0	0	0	0	0
305a3b69416354556b213fea1d060777	0	0	0	0	0	0	0	0	0	0	0	9	0	0	0	0	0	0	0	0	0	0	0	0	0	0	0	0	0	0
2032b9bb3483e51599549a51318e7032	0	0	0	0	0	0	0	0	0	0	0	0	0	0	0	0	0	0	0	9	0	0	0	0	0	0	0	0	0	0
ce4cdea4f14ecd95a0d78a57aa6cca2a	0	0	0	0	14	0	0	0	0	0	0	0	2	0	0	0	0	0	0	0	0	0	0	0	0	0	0	0	0	0
7bdc8167c49d1d1b83287acd40df03e3	357	450	56	19	118	10	17	13	6	0	0	0	0	0	12	14	0	0	0	0	0	0	9	9	31	0	0	15	21	4
bba047c0b4b43c7af64c51c3a3d2b408	0	0	0	0	0	0	0	0	0	0	0	0	0	0	0	0	0	0	0	0	0	0	0	0	0	0	151	0	0	62
7bac264b95b1c4471cd2c621470fcaa7	0	0	12	0	0	0	0	0	0	0	0	0	18	0	0	0	0	0	14	0	0	7	0	0	0	0	0	0	0	0
653fdf4203e951a4de8b0c17b741ef52	0	0	0	8	0	0	0	0	0	0	0	0	0	0	0	0	0	0	0	0	0	0	0	0	0	0	0	0	0	0
fd0dc7ba6e06a06ee72f2399fad215d3	0	0	0	0	0	0	0	3	0	0	0	0	0	0	0	0	0	0	0	0	0	0	0	0	0	0	0	0	0	0
7fc23ceec988156284ac2b1b419e3af2	0	0	0	0	0	0	0	0	0	0	0	0	0	0	20	0	0	0	0	0	0	0	0	0	0	0	0	0	0	0
85d10587e252e5f1b292490d96d10360	0	0	0	0	0	0	0	0	0	0	0	0	0	0	0	0	12	0	0	0	0	0	0	0	0	0	0	0	0	0
0a57a888b4f2432bc80f4a70a9647dc0	0	0	0	0	0	0	0	0	0	0	0	0	0	0	12	0	0	0	0	0	0	0	0	0	0	0	0	0	7	0
40b63df16b10239b59be0d171596c173	0	0	0	0	0	0	0	0	0	0	0	0	0	0	0	0	0	3	0	0	0	3	0	0	0	0	0	0	0	0
d12d00cf038f15013a929cd46d799abe	0	0	0	0	0	0	0	0	0	0	0	0	0	3	0	0	0	0	0	0	0	0	0	0	0	0	0	0	0	0
72593bce0d60129686254a8f25e21035	17	0	26	0	0	0	0	0	15	91	23	33	12	107	0	0	33	17	105	23	0	0	0	31	108	96	57	93	62	82
a8d52b2d44819ce6126e8e7aeb293baf	0	0	0	0	0	0	0	0	111	0	0	0	0	0	0	0	0	0	0	0	0	0	0	0	0	0	0	0	0	0
226e2358d4b9b3013fb1681d59c41282	0	0	0	0	0	0	0	0	0	0	0	0	0	0	0	2	0	0	0	0	0	0	0	0	0	0	0	0	0	0
9df2cb4704736d3c1015e7c7ba78091b	0	0	0	0	0	0	0	0	0	0	0	0	5	0	0	0	0	0	0	0	0	0	0	0	0	0	0	0	0	0
1e6e4f133f18434a439abde94e4a3592	0	0	0	0	29	0	0	0	0	0	0	0	0	0	0	0	0	0	0	0	0	0	0	0	0	0	0	0	0	0
c9f057806b07e4783c782a71804f3c08	0	0	0	0	0	0	0	0	0	0	0	0	0	0	0	0	0	0	0	0	0	0	0	0	0	0	0	2	0	0
3029540c36c70016b74b6201eb1cda43	0	0	0	0	0	0	0	0	0	0	0	0	0	0	0	0	0	0	30	0	0	0	0	0	0	0	0	0	41	0
32ed9660a355a62dca2456e6d8a61b70	0	0	0	0	0	0	0	0	0	0	0	0	0	0	0	0	0	0	0	0	0	0	0	27	0	0	0	0	0	0
5901729b96d7a7b11f76f72cae480251	0	0	0	0	0	0	0	0	0	0	0	0	0	0	0	0	0	0	0	0	0	0	0	0	0	0	0	2	0	0
d15a9a08ceaa1f8d887efd3aaf2f3189	33	0	0	14	7	39	0	0	0	47	0	0	0	0	0	0	0	0	0	0	0	0	0	0	0	0	0	0	0	0
41ae4507cb7a7bde79a4433870ab1b66	3	0	0	0	0	0	0	0	0	0	0	0	0	0	0	0	0	0	0	0	0	0	0	0	0	0	0	0	0	0
a9db1a06c126e8f977e094cd7c155a01	0	0	0	0	0	0	0	0	0	0	10	0	0	0	0	0	0	0	0	0	0	0	0	0	0	0	0	0	0	0
adc1a9f4f43799aa92fa3ebfcc3d1d8f	0	0	0	0	0	0	0	0	0	0	0	0	0	0	0	0	0	0	0	0	0	2	0	0	0	0	0	0	0	0
6e75bbd37c61dc6719632187ca0ea277	0	0	0	0	0	0	0	3	0	0	0	0	0	0	0	0	0	0	0	0	0	0	0	0	0	0	0	0	0	0
6273d84c3c061b0cb7ad37efeffe8557	0	0	0	0	0	0	0	0	0	0	13	0	0	0	0	0	0	0	0	0	0	0	0	0	0	0	0	0	0	0
6e358e82b9c9067480df5704772b41a2	0	0	0	0	0	0	0	0	0	0	20	0	0	0	0	0	0	0	0	0	0	0	0	0	0	0	0	0	0	0
b04a9c2ab3dbec25ad3a65c0a034d636	0	0	0	0	0	0	0	0	0	0	0	0	0	0	0	0	0	0	0	0	0	0	0	0	0	0	0	7	0	0
d481e22edc226bd3c204738ee9375f50	0	0	0	0	0	0	0	0	0	18	0	0	0	0	0	0	0	0	0	0	0	0	0	0	0	0	0	0	0	0
19e7544684229eaf209326e385763cf9	0	0	0	0	0	0	0	0	0	0	36	0	0	0	0	0	0	0	0	0	0	0	0	0	0	0	0	0	0	0
92b5525eca2b5343e6b31bb56a0c260d	0	0	0	0	0	0	0	0	0	0	0	18	112	0	0	0	0	24	8	0	0	0	0	0	0	0	0	0	0	0
9406f23a32152c43873ffa4252aa1e84	0	0	0	0	0	0	0	0	0	0	0	0	0	11	0	0	0	0	0	0	0	0	0	0	0	0	0	0	0	0
47abaa0f3ef988758758e33a790ac774	0	0	0	0	0	0	0	0	0	0	0	0	0	0	0	0	0	0	0	0	0	0	0	0	0	0	0	0	20	0
53a517ed1c44f402cfc1607fe9d2f42b	0	0	0	0	0	0	0	0	0	0	0	0	0	0	0	0	0	0	0	0	0	0	0	22	0	0	0	0	0	0
464d22655c5b18fdcd47f52a008ade70	0	0	0	0	0	0	0	0	22	0	0	25	200	0	0	0	0	11	19	80	0	0	0	0	0	282	60	19	0	0
4608e131ce3fc3998b731cbf64440b80	0	0	0	0	0	0	0	0	0	0	0	0	0	0	0	0	0	0	5	0	0	0	0	0	0	0	0	0	0	0
db3bca244c3f92cd75a59541c4412606	0	0	0	0	0	0	6	0	0	0	0	0	0	0	0	0	0	0	0	0	0	0	0	0	0	0	0	0	0	0
302638a26a3ac3d0016d318b17686148	0	0	0	0	0	0	0	0	0	0	0	0	0	0	0	0	0	0	0	13	0	0	0	0	0	0	0	0	0	0
d1300051af350da7b89928501587d856	0	0	0	0	0	0	0	0	15	0	0	0	0	0	0	0	0	0	0	0	0	0	0	0	0	0	0	0	0	0
4e0f8315f03e1a6c655d6805d2819337	0	0	0	0	0	0	0	0	0	0	0	0	0	0	0	0	0	0	0	0	0	0	0	0	0	0	0	4	0	0
01d35db52306fdddce90787b288ef970	0	0	0	0	0	0	0	0	2	0	0	0	0	0	0	0	0	0	0	0	0	0	0	0	0	0	0	0	0	0
40f8e747439ec8ecd98bae7fe7ccc6c9	0	0	0	0	0	0	0	0	0	0	0	0	0	0	0	0	0	0	0	0	0	0	0	0	0	15	0	0	0	0
4a1cd88b072e76530fceafd647b9018d	0	0	0	0	0	0	0	0	0	0	0	10	0	0	0	0	0	0	0	0	0	0	0	0	0	0	0	0	0	0
4d878bc4900639e4216c059d523f5084	17	0	0	0	0	18	0	0	0	0	0	0	0	0	0	0	0	0	0	0	0	0	0	0	0	0	0	0	0	0
cbac1acb8abb76db2d44264306e90258	275	182	19	95	203	106	0	0	74	0	0	0	0	0	0	0	0	0	0	0	0	0	0	0	0	0	0	0	0	0
795c34e6bfcdd4f8d3ee8760014fe4dc	0	0	14	0	0	0	0	0	0	0	0	0	0	0	0	0	0	0	0	0	0	0	0	0	0	0	0	0	0	0
ac28e945636f5d2b11cf6c210f5e8cdc	0	0	0	0	0	0	0	0	0	0	0	0	0	0	0	0	0	0	16	0	0	0	0	0	0	0	0	0	0	0
b25ce87ee96ca64fc5a4837beff70264	0	0	0	0	0	0	0	0	0	0	0	0	0	0	0	0	0	0	0	0	0	0	0	0	0	0	6	0	0	0
8a0e80c82cc32f3917702646607cc61a	0	0	0	0	0	0	0	0	0	0	0	0	0	0	0	5	0	0	0	0	0	0	0	0	0	0	0	0	0	0
5adf0d26b78bfdfd17e9f10435c3420b	0	0	0	6	0	0	0	9	0	0	0	0	0	0	0	0	0	0	0	0	0	0	0	0	0	0	0	0	0	12
d32581544b8cf330a50be8e9d2ac860d	9	5	0	0	0	0	0	8	0	0	0	0	0	0	0	0	13	0	0	0	0	12	0	8	0	17	0	0	0	0
b2ebf4d328ce99404f192b988de2ac89	0	0	0	0	0	0	0	0	0	0	0	0	0	0	0	4	0	0	0	0	0	0	0	0	0	0	0	0	0	0
9a1a2a0627abf3f404201e3b5cb704bb	0	0	0	0	0	0	0	0	0	0	256	0	195	0	75	113	0	0	0	0	0	0	0	0	0	78	0	0	131	0
d78fafb3418c844796f6e4f5b6306eee	12	0	0	0	0	0	0	0	0	0	0	0	0	0	0	0	0	0	0	0	0	0	0	0	0	0	0	0	0	0
ac8f8fdc14df8c934f663d10484e6f07	0	0	0	0	0	0	0	0	0	2	0	0	0	0	0	0	0	0	0	0	0	0	0	0	0	0	0	0	0	0
8b6dede18896b97c9f1b3656d6963032	0	0	0	0	0	0	0	0	0	0	22	0	0	0	0	0	0	0	0	0	0	0	0	0	0	0	0	0	0	0
4d9a2fd8e027071181b67acb34f92683	0	0	0	0	0	0	0	0	0	0	0	0	6	0	0	0	0	0	0	0	0	0	0	0	0	0	0	0	0	0
360f15699a7c9b6252e431cd82e4cd8a	0	0	0	0	0	0	0	0	0	0	0	0	0	0	0	0	0	0	0	29	0	0	0	0	0	0	0	0	0	0
0906b68eb59a07a8e4dff6502c81a405	0	0	0	0	18	0	0	0	0	0	0	0	0	0	0	0	0	0	11	0	0	0	0	0	0	0	0	0	0	0
5ed4c98698269b1dfb6291fdee683506	9	0	0	0	0	0	0	0	0	0	0	0	0	0	0	0	0	0	0	0	0	0	0	0	0	0	6	0	0	0
b9e34ee3b1626f0a6ad55847e1472e1a	0	17	0	0	0	0	0	0	0	0	0	0	0	0	0	0	0	0	0	0	0	0	0	0	0	0	0	0	0	0
a5a41aee25aea90d2b773561a7d0e567	0	0	0	0	0	0	22	0	0	0	0	0	0	0	0	0	0	0	0	0	0	0	0	0	0	0	0	0	0	0
5d444af5311cab579e024bc8f0eb8988	0	0	0	0	0	0	0	0	0	0	0	0	0	0	0	8	0	0	0	0	0	0	0	0	0	0	0	0	0	0
8e76711034128db89fda406ea51002ff	19	0	0	0	0	95	0	0	0	0	0	0	0	0	0	0	0	0	0	0	0	0	0	0	0	0	0	0	0	0
6ebb21fd7a436d3680622ab624d8afc0	0	0	0	0	0	0	0	0	0	0	0	0	25	0	0	0	0	0	0	0	90	60	443	366	95	156	127	0	90	36
a639b1b18f2d7b125b1508ff4791524d	0	0	0	0	0	0	0	0	0	0	0	0	0	0	0	0	0	0	0	0	0	0	0	0	0	0	0	0	4	0
ed130f23a469429ed37af6008324ae48	0	0	0	0	0	2	0	0	0	0	0	0	0	0	0	0	0	0	0	0	0	0	0	0	0	0	0	0	0	0
f88574bc5b80353cb48509ae2d54422a	0	0	0	0	0	0	0	0	0	0	160	0	0	0	0	6	0	0	0	0	0	0	0	0	6	0	0	0	0	0
c637092b62c89503a9f15bcacd6f79f4	0	0	0	0	0	0	0	0	0	0	0	16	0	0	0	0	0	0	0	0	0	0	0	0	0	0	0	0	0	0
039828b655d93234f3e4bfa96cfde58b	0	0	0	0	0	0	0	0	0	0	0	0	0	0	0	0	30	0	0	0	0	0	0	0	0	0	0	0	0	0
68b47b79bfd46f36f2a27fe8003568b4	11	0	0	0	0	0	7	9	0	0	0	0	0	0	0	0	0	0	0	0	0	0	0	0	0	0	0	0	0	0
8fe6cbcb74e6d30f76cc783f6d9a4e0a	0	0	0	0	0	10	0	0	0	0	0	0	0	0	0	0	0	0	0	0	0	0	0	0	0	0	0	0	0	0
c4b1abbbef5464becaaebf3fbbb19925	3	0	0	0	0	0	0	0	0	0	0	0	0	0	0	0	0	0	0	0	0	0	0	0	0	0	0	0	0	0
ecee6db0122a4f079fc7c11f5c6bf163	0	0	0	0	0	0	0	0	0	0	8	0	0	0	0	0	0	0	0	0	0	0	0	0	0	0	0	0	0	0
271b656bc0e825d0fbc9796668f30de6	0	0	0	0	0	0	0	0	0	0	0	0	0	0	0	0	0	0	0	0	0	2	0	0	0	0	0	0	0	0
8f3b187ec36170b9e86d294090a00a3c	0	0	0	0	0	0	0	14	0	0	0	0	0	0	0	0	0	0	0	0	0	0	0	0	0	0	0	0	0	0
26708a50de87bf5207f30dd08748675d	0	0	0	0	0	0	0	0	0	0	0	0	0	0	0	0	0	0	0	0	0	0	80	0	0	0	0	0	0	0
a41b77a2a7dabbead95117c45d309bb4	0	0	0	0	0	0	0	0	0	0	0	0	0	0	0	0	0	0	0	0	0	0	0	0	0	8	0	0	0	0
fa898b36bf517d0906c2c4d071caa818	0	0	0	0	0	0	0	0	0	0	0	0	0	0	0	0	0	0	5	0	0	0	0	0	0	0	0	0	0	0
80a1f78f00806ffccd30ab77b11b2983	0	0	0	0	0	0	31	0	0	0	0	21	0	0	0	0	0	0	0	0	0	0	0	0	0	0	0	0	0	0
ebd70516b4c85d90458544e6e1ec7148	0	0	0	0	0	0	0	0	0	0	0	0	2	0	0	0	0	0	0	0	0	0	0	0	0	0	0	0	0	0
7dde72300ec6f4f0204dddecf2935aab	0	0	0	0	0	0	0	0	0	18	0	0	13	22	0	0	14	45	0	0	0	0	0	22	0	0	0	0	0	0
18e76852bdd0032da1d72daee0f26366	0	0	0	0	0	0	0	0	0	0	0	0	0	0	0	0	0	0	3	0	0	0	0	0	0	0	0	0	0	0
2b1ca9b844284dff142e6c1129d693ee	0	0	0	0	0	0	0	0	0	0	0	0	0	0	28	0	0	0	0	0	0	0	0	0	0	0	0	0	0	0
7c9c8d287dc5a0299ba2f4078ecbfcae	0	0	0	0	0	0	0	0	0	0	0	0	6	0	0	0	0	12	0	6	0	0	0	0	0	0	0	0	0	0
6dcfc105e735c86d0c1e86f603b8629d	0	0	0	0	0	0	0	0	0	0	2	0	0	0	0	0	0	0	0	0	0	0	0	0	0	0	0	0	0	0
bce2a8c8d84c386c7a98f21c2157721e	0	0	0	0	0	0	0	0	0	0	13	0	0	0	0	0	0	0	0	0	0	0	0	0	0	0	0	0	0	0
41f7ff49c1a9141870e4182d9c158643	0	0	0	0	0	0	0	8	0	0	0	0	8	0	6	18	16	15	58	0	0	0	0	0	42	34	26	0	17	0
bb0b057a52ec63a2cdbf70ff696cd31d	0	0	0	0	0	0	32	0	0	0	0	0	0	0	0	0	0	0	0	0	0	0	0	0	0	0	0	0	0	0
040244f8fd482d15a41dd8d59e48cea4	0	0	0	0	0	0	0	0	0	0	0	0	2	0	0	0	0	0	0	0	0	0	0	0	0	0	0	0	0	0
9d7ef176d2d274b8273bedd9e95a4392	0	0	0	0	0	219	0	0	0	0	0	0	0	0	0	0	0	0	0	0	0	0	0	0	0	0	0	0	0	0
f0657136f38a7f5077417cc395170657	0	0	0	0	0	0	0	0	0	0	0	0	0	0	0	4	0	0	0	0	0	0	0	0	0	0	0	0	0	0
6f4d534a535bfb3b5dc4b61c80d5167a	0	0	0	0	0	0	0	0	0	0	0	0	0	0	0	0	0	0	0	0	0	7	0	0	0	0	0	0	0	0
bb1b73f46374fbb7d1ce21ca4325eb8b	0	0	0	0	0	0	0	0	0	0	0	0	0	0	0	0	0	0	0	0	0	0	0	0	0	0	0	0	0	2
3603718fd1817d14bff8625ff64e830d	0	0	0	0	0	0	0	13	0	0	0	0	0	0	0	0	0	0	0	0	0	0	0	0	0	0	0	0	0	0
9fcc527214e91f8b567a37cc19b9cda5	0	0	0	0	0	0	0	0	0	0	28	0	0	0	0	0	0	0	0	0	0	0	0	0	0	0	0	0	0	0
a8c096be41292fac5514cbafa887bd0e	0	0	0	0	0	0	0	0	0	0	0	0	0	0	0	0	0	0	0	0	0	0	0	0	0	0	0	0	0	15
59de0c2f3178310633191057ba94741e	0	0	0	0	0	0	0	0	0	0	0	0	0	10	0	0	0	0	0	0	2	0	0	0	0	0	0	0	0	0
13f61fabbe75e6969510e16308121af3	0	0	0	0	0	0	0	0	0	7	0	0	0	0	0	0	0	0	0	0	0	0	0	0	0	0	0	0	0	0
e29e210bead2d1e4e68762fa341e0330	0	0	2	0	0	0	0	0	0	0	0	0	0	0	0	0	0	0	0	0	0	0	0	0	0	0	0	0	0	0
9ef69b083306927b785baa38aff3eb4e	83	125	486	202	200	63	945	151	311	187	111	270	88	45	58	89	77	139	87	0	1966	703	122	160	116	248	89	340	336	483
7358d9b35a322f31ba269fc1089561af	0	0	0	0	0	0	0	0	0	0	0	0	0	0	43	0	0	0	0	0	0	0	0	0	0	0	0	0	0	0
99742260d6e90232321933d6c27e274d	0	0	0	0	0	0	0	0	0	0	0	0	0	0	294	0	0	0	0	0	0	0	0	0	0	0	0	0	0	0
c60fd441020c7a2f0867556f55720133	41	0	0	0	26	61	0	0	0	0	9	0	0	0	0	0	0	0	0	0	0	0	0	0	0	0	0	0	0	0
eb9855092fd71a9091b11ac91b4916b5	0	0	0	0	0	0	0	0	7	0	0	0	0	0	0	0	0	0	0	0	0	0	0	0	0	0	0	0	0	2
7eef5fb0a174ec3dc436e20a2ba535b0	0	0	0	0	0	0	0	0	0	0	0	0	0	0	0	0	0	0	0	16	0	0	0	0	0	0	0	0	0	0
5e5e9b5b8b22be966a5544572fcccdc7	0	0	0	0	0	0	0	0	0	0	0	0	0	0	4	0	0	0	0	0	0	0	0	0	0	0	0	0	0	0
f173b21513877d8e3790c0bf3f8ff25e	0	0	6	0	0	0	0	0	0	0	0	0	0	0	0	0	0	0	0	0	0	0	0	0	0	0	0	0	0	0
434283a05d51fc0a1882ca859f52202a	0	0	0	0	0	0	0	0	0	0	0	0	0	0	24	0	0	0	0	0	0	0	0	0	0	0	0	0	0	0
1d76e7aeadcb20b773ed08f892b1a16f	0	0	0	0	0	0	0	0	0	0	0	0	0	0	0	0	0	0	0	0	0	0	0	0	0	58	0	0	0	0
7550efe1f4e5630d273e27918c43b6a1	0	0	0	0	0	0	0	0	0	0	7	0	0	0	0	0	0	0	0	0	0	0	0	0	0	0	0	0	0	0
8761a8c6a708438e893aa276891285a8	0	0	0	0	0	0	0	0	0	0	0	0	0	0	0	2	0	0	0	0	0	0	0	0	0	0	0	0	0	0
b5fc33e527efe41c64574b36982bbb71	0	0	0	0	0	5	0	0	0	0	0	0	0	0	0	0	0	0	0	0	0	0	0	0	3	0	0	0	0	0
e844b6c97897be500ee67eabc90e045c	0	0	0	0	0	0	0	0	0	0	0	0	0	0	15	0	0	0	0	0	0	0	0	0	0	0	0	0	0	0
f59ba1b046f6e68645d3e77f62042391	0	0	2	0	0	0	0	0	0	0	0	0	0	0	0	0	0	0	0	0	0	0	0	0	0	0	0	0	0	0
ab757eeaeb35aeea681175eb4aab2353	0	0	0	0	0	0	0	0	0	0	0	0	0	0	0	0	0	0	0	0	0	0	2	0	0	0	0	0	0	0
78d1536d41c3d4675f7222b212cd9623	0	0	0	0	0	0	0	0	0	0	0	0	0	0	0	0	0	0	0	7	0	0	0	0	0	0	0	0	0	0
444be9ff3f3e82a073ab783877788b10	0	0	0	0	0	0	0	0	0	0	0	0	0	0	0	0	0	0	0	0	0	0	0	0	0	0	6	0	0	0
1f7eab344f44803c14f9d8a57daa4236	0	0	0	0	0	0	0	0	0	0	0	11	0	0	0	0	0	0	0	0	0	0	0	0	0	0	0	0	0	0
93e82f773f26aa6318b3a3373614abe4	0	0	0	0	0	10	0	0	0	0	0	0	0	0	0	0	0	0	0	0	0	0	0	0	0	0	0	0	0	0
8ca905fedcef7fe3671733717b737dad	0	0	0	0	0	0	0	0	0	0	0	0	0	2	0	0	0	0	0	0	0	0	0	0	0	0	0	0	0	0
53d8664ee3f52549301ecafc62f5fc56	0	0	0	0	0	0	0	0	0	0	0	0	0	0	0	0	0	0	0	0	0	0	0	0	0	0	0	3	0	0
744e9909eee30a88f97108f4b2054b9a	0	0	0	0	0	0	0	0	0	2	0	0	0	0	0	0	0	0	0	0	0	0	0	0	0	0	0	0	0	0
3967eb3dbd153e15d255bb4a1ea27103	28	0	0	0	0	0	0	0	0	0	0	0	0	0	0	0	0	0	0	0	0	0	0	0	0	0	0	0	0	0
e7abceeef5734eaa14ee7447931dc61b	0	115	0	0	0	0	19	9	36	0	0	0	0	0	0	0	0	0	0	0	0	0	0	0	0	0	0	0	0	0
1c3db77213475ae45d4946a5b66bb508	0	0	0	0	0	0	0	0	0	0	0	0	0	0	0	0	0	0	2	0	0	0	0	0	0	0	0	0	0	0
76288d5bdaafb8ed6042185267293e33	0	0	0	0	0	0	0	0	8	0	0	0	0	0	0	0	0	0	0	0	0	0	0	0	0	0	0	0	0	0
bceb655d7d55f9e8a7df6e5c0c977663	0	0	0	134	73	0	188	64	0	927	49	238	60	0	0	0	0	224	80	0	2808	1468	94	43	0	176	180	406	264	85
4d85e714c27bb7431c5f6eb46306a719	0	0	0	0	0	0	0	0	0	0	0	0	0	0	0	0	0	0	0	0	0	0	0	5	0	0	0	0	0	0
94b23074e6e831447d797e83109c12e5	0	0	0	0	0	0	0	0	0	0	18	0	0	0	0	0	0	0	0	0	0	0	0	0	0	0	0	0	0	0
98bdfb1bf875bd9a68310590b624cd14	0	0	0	0	0	0	0	9	0	0	0	0	0	0	0	0	0	0	0	0	0	0	0	0	0	0	0	0	0	0
2cb6d8cc4908f08c708a682611d24bb3	0	0	0	0	0	0	0	0	0	59	0	0	0	0	53	89	0	0	0	0	0	86	0	0	69	93	0	252	54	0
a6860cf2c1599ebca8203c4e41bc8e7a	0	3	0	0	0	0	0	0	0	0	0	0	0	0	0	0	0	0	0	0	0	0	0	0	0	0	0	0	0	0
16f7b6e5893b8beb6f2efba5bf832057	0	0	0	0	0	0	0	0	0	0	0	0	0	0	0	0	0	4	0	0	0	0	0	0	0	0	0	0	0	0
614b019769706c60f6e886dcbfc1fe78	0	0	0	0	0	0	0	0	0	0	0	0	0	0	0	0	0	0	0	0	0	0	0	0	0	0	0	2	0	0
dc864cedefaa261cc34f7eb4b717c92d	0	0	0	0	0	0	0	0	0	0	0	0	0	0	0	0	0	0	11	0	0	0	0	0	0	0	0	0	0	0
919c7676edddec87c1108c9c4b9c8a79	0	0	0	0	0	0	0	0	0	0	2	0	0	0	0	0	0	0	0	0	0	0	0	0	0	0	0	0	0	0
d977c5388a9fac87114a2474c5bbcf8b	0	0	0	0	0	0	0	21	0	0	0	0	0	0	0	0	0	0	0	0	0	0	0	22	0	0	0	0	0	0
cf845f91f8665cea356a45fe77c70248	0	0	49	0	0	0	0	0	0	0	53	0	0	0	0	0	85	0	0	0	0	0	0	0	0	0	0	0	0	1315
708153858f2bd03614d04375e6cb0301	0	0	0	0	0	0	0	0	0	0	0	0	0	0	0	0	0	15	0	0	0	0	0	16	17	0	0	0	0	0
3dfbae833f514a900cf317e110d78ab8	0	0	0	0	0	0	0	0	0	0	0	0	0	0	6	0	0	0	0	0	0	0	0	0	0	0	0	0	0	0
747c21f10fb395c893d422090cc878e0	0	0	0	0	0	0	0	0	0	0	0	0	0	0	0	0	0	0	0	0	0	2	0	0	0	0	0	0	0	0
eccbde03a1c25e2a85c05c0e077c5b00	0	0	0	0	0	0	0	0	0	0	0	0	0	0	0	0	0	16	0	0	0	0	0	0	0	0	0	0	0	0
5b9131f712aae1514ddf52bb5c50ec2c	0	0	118	0	0	0	0	0	0	0	7	0	0	0	0	0	0	0	0	0	0	0	0	0	0	0	0	0	0	0
07e449f98e7f89fc05f9b73e6068b90c	0	0	0	0	12	0	0	0	0	0	0	0	0	0	0	0	0	0	0	0	0	0	0	0	0	0	0	0	0	0
a920c7f62dff51074c264326aba464ab	0	0	0	0	0	0	0	0	0	0	0	0	0	0	6	0	0	0	0	0	0	0	0	0	0	0	0	0	0	0
da676f9bfa117520bd451e58978c0160	0	0	0	0	0	0	0	0	0	0	0	0	0	0	0	0	0	0	0	19	0	0	0	0	0	0	0	0	0	0
134a97af1133f443ec73b4fd512c3eeb	0	0	0	0	0	0	0	0	0	0	8	0	0	0	0	0	0	0	0	0	0	0	0	0	0	0	0	0	0	0
cfe549a8f39972a7de5245949e5c9bf5	0	0	0	0	0	0	0	0	0	0	0	0	15	29	60	0	37	0	0	17	0	0	0	0	0	0	0	0	17	0
147891684ba3e7427ec7793b7ca02e34	0	5	0	0	0	0	0	0	0	0	0	0	0	0	0	0	0	0	0	0	0	0	0	0	0	0	0	0	0	0
d2ed296a96493d0404ede4ae2e3ecaa8	0	0	0	0	0	0	0	0	0	0	0	0	0	0	0	0	0	0	0	0	0	0	0	0	0	4	0	0	0	0
8d64282e5c4418b646805438738a18ce	24	11	0	0	45	27	20	278	28	0	0	0	0	0	0	18	14	7	14	19	0	0	0	0	0	0	0	0	11	0
ab4d4f94572cf21c9f2fd11eea279c11	0	0	0	0	0	0	0	0	24	0	0	0	0	25	31	0	0	0	0	0	0	0	0	0	0	0	0	0	0	0
0c40ac1cdbe09a9e76bdcc3c9ec03348	0	0	0	0	0	0	0	0	0	0	0	0	0	0	9	0	0	0	0	0	0	0	0	0	0	0	0	0	0	0
1f0b63508ce3cc0eb34d2494452c6fb5	47	238	0	135	77	52	0	85	60	51	0	0	0	0	0	0	0	0	0	0	0	0	0	0	0	0	0	0	0	0
1db0e04e9668c6561ee295e78e57ce65	0	0	0	0	0	0	0	0	0	0	0	0	0	0	0	0	0	0	0	0	0	0	0	0	0	3	0	0	0	0
8def201eed6ecd4c5e470bedd1fea778	0	3	0	27	0	18	0	0	0	0	0	0	0	0	0	0	0	0	0	0	0	0	0	0	0	0	0	0	0	0
86895209b652068e5cfdce317a46d966	0	0	0	0	0	0	0	0	0	0	0	0	0	0	0	0	0	0	0	0	0	0	0	0	0	0	2	0	0	0
e4f7f27e282b7f75290c9b405b23708c	14	25	0	0	0	28	0	0	0	0	0	0	0	0	0	0	0	0	0	0	0	0	0	0	0	0	0	0	0	0
715d48541e8c5ade445a244257ac9e3b	0	0	0	0	0	0	0	0	0	0	0	0	0	0	0	0	3	0	0	0	0	0	0	0	0	0	0	0	0	0
c791127bf02b399a4fa9587ed337bc92	0	0	0	0	0	0	0	2	0	0	0	0	0	0	0	0	0	0	0	0	0	0	0	0	0	0	0	0	0	0
c85815ed1cde7974250a6964c98cd073	0	0	0	0	0	0	0	0	0	0	0	0	0	4	0	0	0	0	0	0	0	0	0	0	0	0	0	0	0	0
00848d2fd078491cc855ee5a25452eeb	0	0	0	0	28	0	0	0	0	0	0	0	0	0	0	0	0	0	0	0	0	0	0	0	0	0	0	0	0	0
b3c3b05c6e732c561f21bf70a7a6fd1c	22	0	0	19	0	10	0	24	0	0	0	31	0	0	0	28	0	0	54	0	0	0	0	0	0	0	0	0	0	0
7373b7956f32492bed22bac27b734f08	0	0	0	0	4	0	0	0	0	0	0	0	0	0	0	0	0	0	0	0	0	0	0	0	0	0	0	0	0	0
9a505c6a0fef846b57ef6fbb0683736d	3	0	0	0	0	0	0	0	0	0	0	0	0	0	0	0	0	0	0	0	0	0	0	0	0	0	0	0	0	0
e702c613089d191aa02b734b31e0f446	81	2619	49	180	133	190	49	127	17	80	0	62	0	165	0	112	0	64	0	233	714	148	2921	29	130	21	189	130	322	59
658c97089114252689f6e7773ba8bb64	0	0	0	0	0	0	0	0	0	0	0	0	0	0	0	0	0	0	0	17	0	0	0	0	0	0	0	0	0	0
e01f33686a5fcc61d2705b7691b5244e	0	0	0	0	0	0	9	0	0	35	0	0	0	0	0	0	9	69	27	0	0	0	0	0	0	0	0	0	0	0
377c8bf1208f3f3e9452bbd6538a058e	0	0	0	0	0	0	0	0	0	0	0	0	0	0	0	6	0	0	0	0	0	0	0	0	0	0	0	0	0	0
e8f2c8d6aaf5a61524fb5d2047b63c5e	0	0	0	0	0	0	0	0	0	0	0	0	0	0	0	0	0	0	0	0	0	0	0	0	0	0	0	10	0	0
e4eb76ca9e5550cec64bae5592db3a18	0	0	0	0	0	0	0	0	0	0	0	0	0	0	29	0	0	0	0	0	0	0	0	0	0	0	0	0	0	0
f6db6b7951b7259e277a95eb05a53162	45	130	161	0	0	64	54	102	43	66	15	16	24	0	0	0	21	0	0	0	0	0	0	29	0	0	0	31	0	125
79625658d540df88b67cefa2ad78dd46	0	0	0	0	0	0	0	0	0	0	0	0	0	0	0	0	0	0	8	0	0	0	0	0	0	0	0	0	0	0
246d67a9b0cc8e403f0f7d7aff0ce96d	0	0	0	0	0	0	0	0	0	0	0	0	0	0	0	0	0	0	0	0	0	0	0	0	0	6	0	0	0	0
373f1d42b25b057a5e4ee1daa8d97e8d	8	0	0	0	0	0	0	0	0	0	0	0	0	0	0	0	0	0	0	0	0	0	0	0	0	0	0	0	0	0
32eedff746fce21ce27d6c55d37b711d	0	0	0	0	0	0	0	0	0	0	0	0	0	15	0	0	0	0	0	0	0	0	0	0	0	0	9	0	0	0
12a7eeca2a59351e08f08c3ca020adf8	0	0	0	0	0	0	0	0	0	0	0	0	0	0	0	0	2	0	0	0	0	0	0	0	0	0	0	0	0	0
531e0f708918600450a8a36c0a4576f9	0	0	0	0	0	0	0	0	0	0	12	0	0	0	0	0	0	0	0	0	0	0	0	0	0	0	0	0	0	0
6321d2aed9b1b2e72e2d2e02ebc638dc	136	0	22	0	0	131	37	155	0	266	39	0	0	0	32	0	5	0	67	14	0	126	41	313	173	142	107	138	82	47
03cd522b58f8c61840e49231a746e4df	0	0	0	0	0	0	0	0	0	0	0	0	0	0	0	0	3	0	0	0	0	0	0	0	0	0	0	0	0	0
0958832a9ca91c6dc3192e479ce7cfc2	0	0	0	0	0	0	0	0	0	0	34	0	0	0	0	0	0	0	0	0	0	0	0	0	0	0	0	0	0	0
13f97d85bb30bccaa499ce515c1de4f4	0	0	0	0	0	0	0	0	0	0	0	0	0	0	0	0	0	0	0	0	0	0	0	0	16	0	0	0	0	55
c8c79a2c78ddfc1d0b88d6d49db525ea	0	0	238	0	34	0	675	70	31	37	0	0	0	32	17	0	21	0	51	36	17	0	0	35	0	27	0	23	0	12
0a0f75fa3531b2edd3a1c1ed6ae65f16	0	0	0	0	0	0	0	0	0	0	0	0	0	0	0	0	0	0	0	0	0	0	0	0	0	0	0	0	3	0
8c21569e4015a4c352436695b9444698	22	0	0	5	8	7	0	0	37	5	0	0	0	0	0	0	0	0	0	0	0	0	0	0	0	0	0	0	0	0
5e670dd37ddf1bb4508715533213d491	0	0	0	0	0	0	0	0	0	0	0	4	0	0	0	0	0	0	0	0	0	0	0	0	0	0	9	0	0	0
7c24e3f4d175c9c97f71f5f854a932c4	0	12	0	0	0	0	0	0	0	0	17	0	0	0	0	0	0	0	0	0	0	0	0	0	0	0	0	0	0	0
f36bc3413cb1020431686dbb76daf1b2	0	0	0	0	0	0	0	0	0	0	0	0	0	0	0	0	0	0	0	0	0	0	0	0	0	0	0	0	6	0
cbd8474ce9d0a921d1e72571a25a1517	0	0	0	0	0	0	0	0	0	0	0	10	0	0	0	0	0	0	0	0	0	0	0	0	0	0	0	0	0	0
a12dcf30153d403c33928d4624f06402	7	0	0	0	0	0	0	0	0	0	0	10	0	0	0	15	0	0	0	0	0	0	0	0	0	0	0	0	0	0
7566ba60e389c65aaf3806c7ed0c563c	0	0	0	0	0	0	0	0	0	0	0	0	0	0	0	0	0	0	0	0	0	0	0	0	2	0	0	0	0	0
d1c7461f964c7292fb15577871db5ce7	0	0	0	0	7	0	61	0	62	0	0	0	0	15	0	10	0	0	0	0	0	0	0	0	0	13	0	0	0	0
42d835a238ad9ad700892a12944c7884	0	0	0	0	0	0	299	32	0	0	0	0	0	0	0	0	0	0	0	0	0	0	0	0	0	0	0	0	0	0
2c9f075fad174bb6b5477004bfa82c27	0	0	0	0	0	0	0	0	0	0	0	0	0	233	0	0	0	0	0	0	0	0	0	0	0	0	0	0	0	0
e1fca25d62b5dd159ab057fd63f9b0a0	0	0	0	0	0	0	0	0	0	0	0	0	0	0	0	0	0	0	0	0	0	0	0	0	0	0	11	0	0	0
137663aca600c82da9c8dbf238655b12	0	0	0	0	0	0	0	0	0	0	0	0	0	0	0	0	0	0	8	0	0	0	0	0	0	0	0	0	0	0
717c802b56b4fb96a563099c415f9514	0	0	0	0	0	0	0	0	2	0	0	0	0	0	0	0	0	0	0	0	0	0	0	0	0	0	0	0	0	0
e2ea54b0e1f2a69dcb6658a3620d79e1	0	0	0	0	0	0	0	0	0	0	0	0	0	0	0	0	0	0	0	0	2	0	0	0	0	0	0	0	0	0
84d673f90acc4dd3d8d5d404c1ff524e	0	0	0	0	0	0	0	0	0	0	0	0	0	28	0	0	0	0	0	0	0	0	0	0	0	0	0	0	0	0
19fee605250a182572f782c6f13330fd	0	0	0	0	0	0	0	0	0	0	0	0	0	20	0	0	0	0	0	9	0	0	0	10	0	23	0	0	0	2
a0d35804e66c1f22b00adc663ba3b6cd	27	0	0	26	17	0	0	0	21	0	0	0	0	0	0	0	0	0	0	0	0	0	0	0	0	0	0	0	0	0
c772e8a9befd27b2384b40334edd9c16	36	0	7	0	0	30	0	0	0	0	0	0	0	0	0	0	0	0	0	0	0	0	0	0	0	0	0	0	0	0
bf8771e205224aa3526178935b0cab34	0	0	0	0	0	0	0	0	0	0	0	0	0	0	0	0	0	10	17	0	0	0	0	0	0	0	0	0	0	0
b60132a491a4588e2a182149119d0bb6	22	10	0	10	0	0	0	0	0	0	0	0	0	0	0	0	0	55	0	0	0	0	0	0	31	20	0	0	0	0
15f64beda52b3a567b828fdf5774302d	0	0	0	0	0	0	0	0	0	0	0	0	0	0	29	0	0	0	0	0	0	0	0	0	0	0	0	0	0	0
a26c012db85422071fc3dc09c5671df5	20	0	16	0	0	45	11	13	0	16	38	0	0	0	6	0	22	0	0	15	0	37	0	27	24	61	55	90	37	487
a53ec4c1616da35d7cb9b63b7be291c6	0	0	0	0	0	0	0	0	0	0	0	0	0	0	0	28	0	0	0	0	0	0	0	0	33	0	66	13	990	8
6bd9632456b355c1c0251841d315baa7	0	0	0	0	30	0	0	0	0	0	0	0	0	0	0	0	0	0	0	0	0	0	0	0	0	0	0	0	0	0
2fc0ea5c7574022a713808f8f8f4a023	0	0	0	0	0	0	0	0	0	0	0	0	0	0	0	0	0	8	0	0	0	0	0	0	0	0	0	0	0	0
5e45e051eb32537a6eb07ce77d1248df	0	0	0	0	0	0	0	0	0	0	0	0	0	0	0	0	0	0	3	28	0	0	0	0	0	0	0	0	0	0
b104d1c3db86e7e2e8611dd88df32c73	0	23	0	0	0	0	0	0	0	0	0	0	0	0	0	0	0	0	0	0	0	0	0	0	0	0	0	0	0	0
d96dcfef8eb011c491ea90263e039a5b	0	0	0	0	0	0	0	0	0	0	0	0	0	7	0	0	0	0	0	0	0	0	0	0	0	0	0	0	0	0
ada75c302e7b1cf28313618512ee9a8e	0	0	0	0	12	0	0	0	0	0	0	0	0	0	0	0	0	0	43	0	100	196	0	0	0	0	0	0	0	0
b069ed3c79aec494d79b24ab6fb3364d	0	0	0	0	0	0	0	0	0	0	0	0	0	0	0	0	0	0	0	0	0	0	0	0	42	0	0	0	0	0
080fb2db7ddf0108533dc9d4d3493ff2	0	0	0	0	0	0	0	0	0	0	0	0	0	0	0	0	0	0	5	0	0	0	0	0	0	0	0	0	0	0
93f48f0a7522cdfe40829711f242cca9	0	0	0	0	0	0	0	0	0	0	0	0	0	8	0	0	0	0	0	0	0	0	0	0	0	0	0	0	0	0
6c568bfa227510e6efc1f26285c24b8f	0	0	0	0	0	0	0	0	0	0	0	0	0	0	0	0	6	0	0	0	0	0	0	0	0	0	0	0	0	0
c3f6f160c106d723b15ae4db0ec1fa9e	0	0	0	0	0	2	0	0	0	0	0	0	0	0	0	0	0	0	0	0	0	0	0	0	0	0	0	0	0	0
46b01e8bc7f21a8bcd28b1e29fd03a0c	0	0	0	0	0	0	4	0	0	0	0	0	0	0	0	0	0	0	0	0	0	0	0	0	0	0	0	0	0	0
b503727d0858bf733ce915b324d156b3	0	0	0	0	0	0	2	0	0	0	0	0	0	0	0	0	0	0	0	0	0	0	0	0	0	0	0	0	0	0
20fbd365f06a1671f573b57c8d7e9f14	13	39	0	22	4	4	19	0	43	35	25	0	12	5	20	0	0	0	7	0	0	0	0	0	0	0	0	0	0	0
19d9bb889798005fd82c83561e2fbefb	0	0	0	0	0	0	0	0	0	0	0	0	0	0	0	0	0	0	0	0	0	0	0	0	0	0	8	0	0	0
5a94dffc58c65af8fe4e4aff7c74ce5c	0	0	159	0	0	0	0	0	0	0	0	0	0	0	0	0	0	0	0	0	0	0	0	0	0	0	0	0	0	0
908264109f07e2bd93fff70b0cf66f7d	0	0	0	0	0	0	0	0	0	0	0	0	0	21	0	6	5	0	0	10	0	0	0	0	0	6	0	0	11	0
b340addba67d4cd1ca05d41f45a968c4	0	0	0	0	0	0	11	0	0	0	0	0	0	0	0	0	0	0	0	0	0	0	0	0	0	0	0	0	0	0
c6306e3178187615c7607848296453e6	0	0	0	0	0	0	0	0	0	0	0	0	0	0	0	0	0	0	0	0	0	0	0	0	9	0	0	0	0	0
8a23f193b1fddd91b7b6bdea9d9b9256	0	0	0	0	0	0	0	0	0	0	16	0	0	0	0	0	0	0	0	0	0	0	0	0	0	12	5	0	0	0
9d22a310c5ce1f1dbef42d2506e82bb2	0	0	0	0	0	0	40	0	32	0	0	0	0	0	0	0	0	0	0	0	0	0	0	0	0	0	0	0	0	0
5addf6e34d0832c8e6f6f19bfe60ae6a	50	253	48	29	76	0	0	0	0	0	0	0	0	0	0	114	60	37	0	21	0	0	9	0	0	0	0	0	0	29
3281ade134c164a5bbada2f48106bf97	0	0	0	0	0	0	0	0	0	0	0	0	0	0	0	0	0	5	5	0	0	0	0	0	0	0	0	0	0	0
e5d2e45a4b46a0e039434783db54b697	0	0	75	82	188	0	529	100	327	35	30	0	0	33	53	0	0	0	0	0	0	0	0	0	0	0	72	94	0	62
126ffc3ae80d8237bccdf56e44714422	0	0	0	0	25	0	0	0	10	0	0	0	0	0	0	0	0	0	0	0	0	0	0	0	0	0	0	0	0	0
aaec559ed117014727fb42322a5b217c	0	0	0	0	0	0	0	0	0	0	0	0	6	0	0	0	0	0	0	0	0	0	0	0	0	0	0	0	0	0
f68bc7989ec25d411a24ae5e6643bd2a	0	0	0	0	0	0	0	0	6	0	0	0	0	0	0	0	0	0	0	0	0	0	0	0	0	0	0	0	0	0
3fdf0bb1cc820fed5efbdc3a8aac507c	0	0	0	0	0	0	0	0	0	0	0	0	0	0	0	0	0	0	0	0	0	0	0	0	0	0	0	0	0	2
499c6e7f379dba59efcf88c9e53c6086	0	0	0	0	108	0	0	0	20	0	0	0	0	0	0	0	0	0	6	0	0	0	0	0	0	0	0	0	0	0
ba0962e05253ba935b472774971ca71b	0	0	0	0	0	0	0	0	0	0	7	0	0	0	0	0	0	0	0	0	0	16	0	0	0	0	0	0	0	0
f884b1adc0586a458cca3bf7e6e36789	0	0	0	4	9	0	0	0	30	0	0	0	0	0	0	0	0	0	0	0	0	0	0	0	0	0	0	0	0	0
e6b3f81f258590e79378f9fd669bcaf1	0	0	0	0	0	0	0	0	0	0	8	0	0	0	0	0	0	0	0	0	0	0	0	0	0	0	0	0	0	0
fc9bdb526440257b77e515f35533022b	0	0	0	0	0	0	0	0	0	0	0	0	10	0	0	0	0	0	0	0	0	0	0	0	0	0	0	0	0	0
5d5ff8a43abfb79a3042f65b5a14f974	0	0	10	0	0	0	0	0	0	0	0	0	0	0	0	0	0	0	0	0	0	0	0	0	0	0	0	0	0	0
f86812bd68df0082c6c490cc87e1c18f	0	0	0	0	0	0	0	0	0	0	0	0	0	0	0	0	0	0	0	0	0	0	0	0	0	0	0	13	35	0
1da67e812d178489ebcfac521b935350	0	3	0	0	0	0	0	0	0	0	0	0	0	0	0	0	0	0	0	0	0	0	0	0	0	0	0	0	0	0
f621cdabee2c29f0f10412bd61a72b7f	0	0	0	0	0	0	0	0	0	0	9	0	0	0	0	0	0	0	0	0	0	0	0	0	0	0	0	0	0	0
d31d83d33b879c4caa72f02215a0c628	0	0	0	0	0	0	0	0	0	0	0	0	0	0	0	0	0	0	0	0	0	0	0	0	0	0	8	0	0	0
30f8299a6d350956b702c5a2449e52c9	0	0	0	0	0	0	0	0	0	0	0	0	0	0	0	0	0	0	0	5	0	0	0	0	0	0	0	0	0	0
9c28b2af59108dc32532b7b8ff8c07de	0	0	0	0	0	0	0	0	0	0	0	5	18	11	0	4	0	0	0	0	0	0	0	0	0	0	0	0	0	0
39d4234b2dfcab1f5884043f009f0f62	0	0	0	0	0	0	0	0	0	0	0	11	0	0	0	0	0	0	0	0	208	10	13	0	0	0	0	0	0	71
8a8ecf234aff5bf8bcc1c2ba1f3fc2a2	0	0	0	0	0	0	0	0	0	0	0	0	0	0	0	0	0	0	0	0	0	82	0	0	0	103	0	0	0	42
91279690c1043d820a98cd3b9be809ef	0	0	0	0	0	0	75	0	0	0	0	16	58	21	0	41	50	14	0	30	0	0	0	78	60	0	0	0	0	0
8da64cd1c06b76f3691de7db911c8b05	60	0	0	0	0	0	0	0	0	36	0	0	0	0	0	0	0	0	0	0	0	0	0	0	0	0	0	0	0	0
d14c66ab850e59f686dbc6eccec3c82c	0	0	0	0	0	0	0	0	0	64	0	85	163	0	0	0	0	0	0	0	0	0	0	0	0	0	0	0	0	0
922d846343d20f18366f3a95c249e393	913	155	0	557	0	24	0	0	0	58	0	0	0	28	0	0	537	0	0	0	0	0	0	0	0	0	0	0	0	0
23422b184c786901c30c8f3c6b1d0e89	0	0	0	0	0	0	0	0	0	0	0	0	0	0	0	0	0	0	0	0	0	0	0	0	0	0	0	0	9	0
c3e493b3ad0ec300a2886e0b8368e722	15	0	0	0	31	71	36	22	49	39	0	21	63	228	0	21	0	77	39	98	0	29	0	0	35	996	1303	31	366	0
444d51010edbd25cc97d72bd6197de8f	0	0	2	0	0	0	0	0	0	0	0	0	0	0	0	0	0	0	0	0	0	0	0	0	0	0	0	0	0	0
93c52dd849e9cb9bdf8a4fb7555ba37c	0	0	0	0	0	0	0	0	0	0	0	0	0	0	0	0	0	0	0	0	0	0	0	0	0	0	0	27	0	0
32a3c1dd016677dd5023a23ee515a27d	121	197	0	123	191	95	0	73	122	54	0	0	0	0	0	0	0	0	0	0	0	0	0	0	0	0	0	0	0	0
9e1eea97e4386f390ed5bf8819165482	3	0	0	0	0	0	0	0	0	0	0	0	0	0	0	0	0	0	0	0	0	0	0	0	0	0	0	0	0	0
f6fb4fde0eba11875f93d6f2bdf677ce	0	0	0	0	0	0	0	0	0	0	9	0	0	0	0	0	0	0	0	0	0	0	0	0	0	0	0	0	0	0
0d3e021cf5badc521f8cdca0adbc8736	0	0	0	0	0	0	0	0	0	0	0	0	0	13	0	0	0	0	0	0	0	0	0	0	0	0	0	0	0	0
48cdbe4254db3f2a929dfb5a85c30e4c	0	0	0	0	0	0	0	0	0	0	0	0	0	0	0	0	0	0	0	0	0	3	0	0	0	0	0	0	0	0
4d83609b6e74da11eb37d963164f9a09	0	0	0	0	0	0	0	0	0	0	0	0	0	0	0	0	0	0	0	0	0	0	0	0	0	8	0	0	0	0
667acf28b44a52f37a52771d9b3c4b2d	0	0	2	0	0	0	0	0	0	0	0	0	0	0	0	0	0	0	0	0	0	0	0	0	0	0	0	0	0	0
d2e7b2eb5550242bca8bba0d07b00f11	0	0	0	0	0	0	0	0	0	0	0	7	0	16	0	0	0	0	13	0	0	0	0	0	0	0	0	0	0	0
4dba46ef4c4a1dcf3fc11bba7ab66526	0	0	0	2	0	0	0	0	0	0	0	0	0	0	0	0	0	0	0	0	0	0	0	0	0	0	0	0	0	0
4355bf27386f8dc80808aea062f7d371	0	0	0	0	0	0	5	0	0	0	0	0	0	0	0	0	0	0	0	22	0	0	0	0	0	0	0	0	0	0
20e1328769e722e1a199530d4500a457	0	0	0	0	0	0	0	0	0	0	0	0	0	0	0	3	0	0	0	0	0	0	0	0	0	0	0	0	0	0
1124232357c170fb85c6582500c6cb35	0	0	0	0	0	0	0	0	0	0	0	0	0	0	0	0	0	0	0	0	0	0	0	0	0	0	0	0	0	2
3ad428abfaafd8a4e8ba266f82427763	0	0	0	0	0	0	0	0	0	0	0	0	0	0	0	0	0	0	0	0	0	0	0	0	0	0	0	2	0	0
4aa9040cf000defa021792833eec4dc8	0	0	0	0	0	0	0	0	0	0	0	0	0	0	0	0	0	0	20	0	0	0	0	0	0	0	0	0	0	0
eee92425eb86439cc68a5ffc8f3f4ffc	0	0	0	0	0	0	0	0	0	0	0	0	0	0	0	0	0	0	0	0	11	0	0	0	0	0	0	0	0	0
da0b3ae6db206a6b595f1cabd9a1ffd9	0	290	29	0	479	245	37	21	93	253	0	0	0	16	0	13	0	8	20	17	0	25	0	0	0	0	0	0	0	0
b88f868b392b2ce3164ec45cd6831817	0	0	0	0	0	0	0	0	0	0	0	0	0	23	0	0	0	0	0	0	0	0	0	0	0	0	0	0	0	0
c602d22a1bd7719d90f800d15b84a846	11	0	28	11	0	2	22	0	0	2	64	0	17	30	21	0	0	0	0	0	0	18	0	229	36	20	0	28	0	0
d2c4869f09d44336d7fb46613a6b929c	0	0	0	0	0	0	0	0	0	0	29	0	0	0	0	0	0	0	0	0	0	0	0	0	0	0	0	0	0	0
6f67d5c1dd7661e38317e402c2d46c01	0	0	0	0	0	0	0	0	0	0	0	0	0	0	0	11	0	0	0	0	0	0	0	0	0	0	0	0	0	0
fbe1fa8fa052686333e6ad87f4b96553	0	0	0	0	0	0	2	0	0	0	0	0	0	0	0	0	0	0	0	0	0	0	0	0	0	0	0	0	0	0
3cf8b427c22c5f79aa96323f4e30fb75	0	0	0	0	0	0	0	0	0	2	0	0	0	0	0	0	0	0	0	0	0	0	0	0	0	0	0	0	0	0
63da5620af9dda1e7ff0d3eb33b13a43	0	0	0	0	0	0	10	0	0	0	0	0	0	0	0	0	0	0	0	0	0	0	0	87	0	28	39	18	55	0
c17f1a9c8a79334aacc23285a70178d5	0	0	0	0	0	0	0	0	0	0	0	0	0	0	0	0	0	0	0	2	0	0	0	0	0	0	0	0	0	0
32bd82b48502a1cba031f1e11ddae2aa	0	0	0	0	0	0	112	0	0	0	0	0	0	0	0	0	0	0	0	0	0	0	0	0	0	0	0	0	0	0
a41fb6488318f749e739276b34631373	0	0	0	0	0	0	0	0	0	0	2	0	0	0	0	0	0	0	0	0	0	0	0	0	0	0	0	0	0	0
3d55e01cf4710065cd6371f3c35d5585	0	0	0	0	0	0	0	0	0	0	0	0	0	0	0	0	0	0	0	0	0	0	0	0	0	11	0	0	0	0
15d1b14303234a508259c387789793bc	0	0	0	0	0	0	0	0	0	0	0	0	0	0	0	0	2	0	0	0	0	0	0	0	0	0	0	0	0	0
e315175fea5a2173fcbbcb62339d4fa6	0	0	0	0	0	0	0	0	2	0	0	0	0	0	0	0	0	0	0	0	0	0	0	0	0	0	0	0	0	0
32980ed0d8fe19ddf757e58b5a293dc0	0	0	0	0	0	0	0	0	0	0	0	0	0	0	7	0	0	0	0	0	0	0	0	0	0	0	0	0	0	0
4ba2b49cd923ef720ee3ee1d674b1cc7	0	0	0	0	0	0	0	0	0	14	0	0	0	0	0	0	0	0	0	0	0	0	0	0	0	0	0	0	0	0
95886d1a11b8ab28357094d355269177	0	0	0	0	0	0	0	0	0	0	0	0	0	2	0	0	0	0	0	0	0	0	0	0	0	0	0	0	0	0
1bcd056a48312b0bd9feb3d778b33a8f	72	80	489	0	210	110	397	521	76	157	364	587	644	146	238	75	85	1908	132	98	83	0	0	1123	118	66	166	92	87	61
fae7d3c861c9b2a0a259087594da312d	0	0	0	0	0	0	0	0	5	0	0	0	0	0	0	0	0	0	0	0	0	0	0	0	0	0	0	0	0	0
53c7c8e4b059373828142e09f2becf45	0	0	0	0	7	0	0	0	0	0	0	0	0	0	0	0	0	0	0	0	0	0	0	0	0	0	0	0	0	0
f6b4704ddb6bd5c83608e612d4812b27	0	0	0	0	0	0	0	0	0	0	0	0	0	0	0	9	0	0	0	0	0	0	0	0	0	0	0	0	0	0
7eb5b6ce9fa3d71c32f42dbebc1c7841	0	0	0	0	0	0	0	0	0	0	0	0	0	0	0	0	0	0	0	0	0	0	0	0	0	0	0	5	0	0
e95255d3ced7db6624c1d0cb920c9948	0	0	0	0	0	0	0	0	0	0	0	0	0	0	0	0	0	0	0	0	0	0	0	0	0	0	8	0	0	0
58e1bf89f3eba93fe9bf8cf8384a8e08	0	0	0	0	0	0	0	0	0	0	0	0	0	0	0	0	0	0	0	0	0	0	0	2	0	0	0	0	0	0
743902af9af1754d3950223cb3f1d1e2	0	0	0	0	0	0	0	0	0	0	0	0	0	0	0	0	0	2	0	0	0	0	0	0	0	0	0	0	0	0
143b10d9d362690f93157f36bc3f0b68	28	0	50	0	0	19	15	0	0	0	0	0	0	0	0	0	14	0	0	0	0	0	0	15	0	0	18	24	0	23
08efa78367620c17c6ba5ee20db8fb4a	0	0	0	0	0	0	0	0	0	0	0	0	0	0	0	0	0	0	0	0	0	0	0	0	0	4	0	0	0	0
4d6b9706022bb99fd8d4fa8a8100ae9b	0	0	0	0	0	0	0	0	0	0	0	0	0	0	0	0	0	14	0	0	0	0	0	0	0	0	0	0	0	0
e7a2cea55f4432694f3e37278f87a1c0	0	0	19	0	0	0	0	0	0	0	0	0	0	0	0	0	0	0	0	0	0	0	0	0	0	0	0	0	0	0
9b7f912aea87ad841544c61880f8bd18	0	0	0	0	0	0	0	0	16	0	0	0	0	0	0	0	0	0	0	0	0	0	0	0	0	0	0	0	0	0
22820fd4a3b5a38388af6685183bffea	0	0	0	0	0	0	20	0	0	0	0	0	0	0	0	13	0	0	0	0	0	0	0	0	0	0	0	0	0	0
83d89b5a7db6ed3e86c8b866b788701e	0	0	0	0	0	0	0	0	0	0	0	0	0	26	0	0	0	0	0	0	0	28	230	0	0	0	0	26	0	0
b9fa2ef0817a97916233640c66d8e601	0	0	0	0	0	0	0	0	0	0	0	0	0	0	0	0	0	0	0	0	0	0	0	13	0	17	0	0	31	0
254dfdfdce2f300d35093eb393be1fa0	0	0	0	0	0	0	11	0	0	0	0	0	0	0	0	0	0	0	0	0	0	0	0	0	0	0	0	0	0	0
c1b8f8239a5a530196783a44ae7d0aa5	0	0	0	0	0	0	0	0	11	0	0	0	0	0	0	0	0	0	0	0	0	0	0	0	0	0	0	0	0	0
50ab10a669eda06e699d5c155f035890	0	0	0	0	0	0	0	0	0	0	0	0	0	0	31	0	0	0	0	0	0	0	0	0	0	0	0	0	0	0
dc63be33664fcaedd67a222f99702650	0	0	0	0	0	0	0	0	0	0	0	0	0	0	0	0	0	0	12	0	0	0	0	0	0	0	0	0	0	0
f02f49fa6f107614eec9a7936fb3fde0	83	53	276	63	346	75	191	122	177	132	1738	1715	2304	959	465	634	717	289	862	232	55	87	60	151	173	168	0	0	72	79
51deac757861d6a9d7af6c813b97e1e3	0	0	0	0	0	0	0	0	0	0	3	0	0	0	0	0	0	0	0	0	0	0	0	0	0	0	0	0	0	0
6de21ca632e18a0ea13144c70927c8dd	0	0	0	0	0	0	0	0	0	0	18	0	26	0	14	49	61	34	38	0	0	0	0	0	9	0	0	0	0	0
d3fb697e75e1dcb2ad423b65c745d95b	0	0	0	0	0	0	0	0	0	0	0	66	0	0	0	0	0	0	0	0	0	0	0	143	69	0	44	0	0	0
d41fe7e4cefa3d9efe662aba612fa97d	481	670	591	1326	612	294	909	1785	693	276	280	316	239	262	402	174	105	234	192	107	217	588	121	3411	505	367	631	2687	913	289
88339a8f752b78a0d7c2b7b966f4b014	0	0	0	0	0	12	0	0	0	0	0	0	0	20	15	0	0	0	35	0	0	0	0	0	0	0	0	0	0	0
e8b251eef49da03662721864247ff5f1	0	0	0	0	0	0	0	0	0	0	0	41	0	31	0	23	13	84	0	0	0	0	0	16	19	68	34	0	40	0
abbc78c362612d1d228390845efe7408	0	0	0	0	0	0	0	0	0	0	0	0	0	0	0	0	0	0	0	0	0	0	0	70	32	69	27	27	0	0
e9f5cd1f7e399a2b8f2e30b1b894f576	0	0	0	0	0	0	10	0	0	0	0	0	0	0	0	0	0	0	0	0	0	0	0	0	0	0	0	0	0	0
86cdc0fccffe28d169ea4cdb8a97adaf	0	0	0	0	0	0	0	0	0	0	0	0	5	0	0	30	55	0	0	0	0	0	0	0	0	0	0	0	0	0
43d34f6564d2ee853cd69759d6f3e9fa	0	0	0	0	0	0	0	0	0	0	0	0	0	9	0	13	0	0	0	0	0	0	0	0	0	0	0	0	0	0
dc56d07b30f1295da3a768d6ae55e198	0	0	0	0	0	0	0	0	0	0	0	0	21	0	0	0	0	0	0	0	0	0	0	0	0	0	0	0	0	0
3f5ea218d3468f2003ae228110fe2e09	0	0	0	0	0	0	0	0	0	0	0	0	0	0	18	0	0	0	0	0	0	0	0	0	0	5	0	0	0	0
6acae35ce532425b8bcd720a7b6f7b27	0	0	2	0	0	0	0	0	0	0	0	0	0	0	0	0	0	0	0	0	0	0	0	0	0	0	0	0	0	0
9bf9fa8e47c03684dbc60750e615490f	0	0	0	0	0	0	0	0	0	0	0	0	0	0	0	0	0	0	0	0	0	0	0	0	0	48	0	0	10	0
154743873e3dbb20bb6be447b39aceff	0	0	0	0	0	0	0	0	5	0	0	0	0	0	0	0	0	0	0	0	0	0	0	0	0	0	0	0	0	0
371c36d989dd5fb9c50cd7370094b861	0	0	0	0	0	0	0	0	0	0	0	0	0	0	0	0	0	0	0	0	0	0	0	0	0	21	0	0	0	0
9b4737209a0f9805a534ddaf248c54eb	0	0	0	0	0	0	0	0	0	0	0	0	0	0	0	0	0	0	0	0	0	0	0	0	0	4	0	0	0	0
b57aa5cb5fe24479350b59508e814839	0	0	0	0	0	0	0	0	0	0	0	0	8	0	0	0	0	0	0	0	0	0	0	0	0	0	0	0	0	0
201341dd174c7413722ae400080b1c63	0	0	0	0	0	0	0	0	0	0	0	0	0	0	0	0	0	0	0	0	0	0	0	0	0	0	8	0	0	0
2cc782b706c89923d138203a65a95112	0	0	0	0	0	0	0	0	0	0	0	0	0	0	0	0	0	0	0	0	0	0	0	0	0	0	0	0	0	48
26dc9efb98e10734b91e591713ff98c3	0	0	0	0	0	0	0	0	0	0	0	0	0	0	0	0	0	0	0	0	0	0	0	0	0	0	0	2	0	0
71e6c6ebacee97cb9936ca346ffabc15	0	0	0	0	0	0	0	0	0	0	0	0	0	4	0	0	0	0	0	0	0	0	0	0	0	0	0	0	0	0
0396c48708f575b636c75c596c4cd257	0	0	0	0	0	0	2	0	0	0	0	0	0	0	0	0	0	0	0	0	0	0	0	0	0	0	0	0	0	0
30199a2c58ed58b97fd73a79a4a9e23f	0	0	0	0	0	0	0	0	0	0	0	15	0	0	0	0	0	0	0	0	0	0	0	0	0	0	0	0	122	0
7dc63b05d0c36c14e505bd0783b0ad4e	0	0	5	0	0	0	0	0	0	0	0	0	0	0	0	0	0	0	0	0	0	0	0	0	0	0	0	0	0	0
94e6de8c6d465c367e5c15ae376518aa	0	0	0	0	0	0	0	0	0	0	0	0	0	0	0	0	0	0	0	7	0	0	0	0	0	0	0	0	0	0
d3d53000290c786ae26b51b88ede0c58	0	0	0	0	0	0	0	0	0	0	0	0	0	0	0	0	0	0	0	0	0	0	0	0	9	0	0	0	0	0
d382be25a0f28104dc60b8ba85021a15	0	0	0	0	0	0	0	0	0	0	0	0	0	0	20	0	0	0	12	0	0	0	0	0	0	15	0	10	0	0
4ac589012d1ee48af2fb853f61a45089	0	0	0	0	0	13	0	0	0	0	0	0	0	0	0	0	0	0	0	0	0	0	0	0	0	0	0	0	0	0
0ad1e95656328b86c908eac8a1abc7ab	0	0	0	0	0	0	0	0	0	0	0	2	0	0	0	0	0	0	0	0	0	0	0	0	0	0	0	0	0	0
be045181d09c6797cd227252bf3fe852	0	0	0	0	0	0	0	0	0	0	0	0	0	0	0	0	0	0	0	0	9	0	0	0	0	0	0	0	0	0
f224c54a3a58d8256b1bd0e4709f6db2	0	0	0	0	0	0	0	0	0	0	0	2	0	0	0	0	0	0	0	0	0	0	0	0	0	0	0	0	0	0
1b5451899817fedc2eed44f3e4cce8fe	0	0	0	0	0	0	0	0	0	0	0	0	0	0	0	0	0	0	0	4	0	0	0	0	0	0	0	0	0	0
4bd6fff33acb1530c27b8c413c82f7ff	0	0	0	0	10	0	0	0	0	0	0	0	0	0	0	0	0	0	0	0	0	0	0	0	0	0	0	0	0	0
5c51752e89c0b93bf617beefcfa84b18	0	0	0	0	0	0	0	0	0	0	0	3	0	0	0	0	0	0	7	0	0	0	0	0	0	0	0	0	0	0
b71a6309d5a1849117d2e8e4780709c9	0	0	0	0	0	0	0	0	0	0	0	0	0	0	0	0	0	23	0	0	0	0	0	0	0	0	0	0	0	0
c4665884d175d18f8e6c307521b14dd8	4	0	0	0	0	0	0	0	0	0	0	0	0	0	0	0	0	0	0	0	0	0	0	0	0	0	0	0	0	0
a0fdacc1e3630017cac033bac79f2a9e	0	128	64	12	220	83	24	15	38	20	9	0	0	180	20	0	17	0	41	232	72	249	2472	0	30	66	129	119	79	0
3aacc74d4c1c13a636609b629ec693de	0	0	55	0	0	0	0	0	0	0	0	0	0	0	0	0	0	0	0	0	0	0	0	0	0	0	0	0	0	0
40051ec22dc913823ef7d7bc0f0cd8d3	0	0	0	0	0	0	0	0	0	0	0	0	0	0	0	0	0	0	0	0	0	0	0	0	0	0	0	0	2	0
2ec603167a3cd2256d019ba5a9922f28	16	0	0	0	0	0	0	0	0	0	0	0	0	0	0	0	0	0	0	0	0	0	0	0	0	0	0	0	0	0
f79bdcb7307a6ba34aef5845e61b233a	0	0	0	0	0	0	0	0	0	0	0	0	0	0	0	0	0	0	12	0	0	0	0	0	0	0	0	0	0	0
5157284f184cc43ee1276887011a216b	0	0	78	0	0	21	17	0	0	0	0	0	0	0	0	0	0	0	13	0	0	0	0	0	0	0	0	0	0	0
109918df68d3a6d4096b41cbfc0ad3f0	0	0	0	0	0	0	0	0	0	0	0	6	0	0	0	0	0	0	0	0	0	0	0	0	0	0	0	0	0	0
66bce3b083be73c7a9e463231950a96e	0	0	0	0	0	10	0	0	0	0	0	0	0	0	0	0	0	0	0	0	0	0	0	24	0	0	0	0	0	0
c35aac7d50a7a8fd1c248ecdaa53ff9c	141	0	0	0	0	0	134	10	0	0	94	69	59	80	209	0	0	0	0	0	0	11	0	4275	112	19	28	209	69	107
23e29f556fc78173b2923e73e8e55b72	0	0	0	0	0	0	0	0	0	0	0	0	0	0	0	0	0	0	0	5	0	0	0	0	0	0	0	0	0	0
eac4678725fe8c141bf084309f3af726	0	0	0	0	0	0	0	0	0	0	43	80	45	70	0	81	255	126	56	82	0	0	0	0	0	0	0	0	0	0
7533b2fea009c6dcc9d0674b4c5760de	10	0	0	0	0	0	0	0	0	0	0	0	0	0	0	0	0	0	0	0	0	0	0	0	0	0	0	0	0	0
c7ab0861f434886fac89523c94560151	0	0	0	0	0	0	0	0	0	0	0	0	0	21	0	0	0	0	0	0	0	0	0	0	0	0	0	0	0	0
30dbdcaaf8dbb41471b1df58999ddbe0	58	39	40	29	1	2	0	16	11	0	4	0	0	0	0	0	0	0	0	0	0	0	0	0	0	0	0	0	0	0
683cb136037e9043fda2442624b42484	0	0	0	0	0	0	0	0	0	0	0	0	5	0	0	0	0	0	0	0	0	0	0	0	0	0	0	0	0	0
df9b766e2201e215c4915c6a75231a53	0	0	0	0	0	0	0	0	0	0	0	0	0	0	0	0	0	0	0	3	0	0	0	0	0	0	0	0	0	0
ecc045934603e992b51154bf8ad2b041	0	0	0	0	0	0	0	0	0	4	15	53	17	77	0	12	20	50	27	30	6	0	0	30	41	0	50	0	137	0
991289d326e2266360901f7357a2b808	0	88	912	0	0	0	0	0	84	0	110	0	0	0	0	0	64	0	0	0	0	0	0	0	0	0	0	0	0	0
5f60bd6493e2521367759612c8cf8d0f	0	0	0	0	0	0	0	0	0	0	0	0	0	0	0	0	0	0	0	0	0	0	0	0	5	15	0	0	0	0
d51be10294a206cebe2eaf767c722f56	0	0	0	0	0	0	0	0	0	0	50	0	0	0	0	0	0	0	0	0	0	0	0	0	0	0	0	0	0	0
4d1ea5e3b027778246c18a0be42f0e73	0	0	0	0	0	0	0	0	0	0	0	0	0	0	0	0	0	0	0	0	0	0	0	0	0	0	2	0	0	0
3f75eee35bc43cfa1b63c2e0b346de32	0	0	0	0	0	0	0	0	0	0	7	0	0	0	0	0	0	0	0	0	0	0	0	0	0	0	0	0	0	0
cb9289da6b14015301e87bead2518708	21	0	0	0	0	0	0	0	0	0	0	0	0	0	0	0	0	0	0	0	0	0	0	0	0	0	0	0	0	0
2d4512ad813688c0ef855784552add1d	0	0	0	0	0	0	0	0	0	0	0	0	0	0	0	0	0	0	0	0	0	0	0	0	0	0	0	0	6	0
674eb125963555cb2249f1177e29c222	0	0	0	0	0	0	0	0	0	0	0	0	0	0	0	0	0	0	0	0	64	0	0	0	0	0	0	0	0	0
9fb5cd0a94bb670811984607e779f55e	0	0	0	0	0	0	11	0	0	0	0	0	0	0	0	0	0	0	0	0	0	0	0	0	0	0	0	0	0	0
0e30b7a5eec080a448291661c962f6e7	0	0	0	0	0	0	0	0	0	0	0	0	0	0	0	0	0	0	0	0	0	0	0	0	8	0	0	0	0	0
e1da3356852bd66c05673c0c752f1ee7	0	0	0	0	0	0	0	0	0	0	0	0	0	0	0	0	0	0	0	0	0	0	0	0	0	0	0	6	0	0
def2edd79c620157478c789f954972bd	55	23	18	50	0	0	28	83	0	0	0	15	17	20	0	0	0	0	34	0	0	0	0	0	0	0	0	0	0	0
2773c056ccdb488ca0743935a10d24d8	0	0	0	0	0	0	0	0	0	0	0	0	0	0	0	0	0	0	15	0	0	36	0	0	0	9	9	65	0	53
434760d00e66572ade3e1aa4640fae49	0	0	0	0	0	0	0	0	0	0	0	0	0	0	0	4	0	0	0	0	0	0	0	0	0	0	0	0	0	0
95094e20d19102552c38f3fe5eeae109	0	0	0	0	0	0	0	0	0	0	22	0	0	11	21	0	23	0	0	0	0	0	0	156	0	0	0	0	0	328
6533da6e23c5ac6177b25a1b9841b1e2	0	0	58	0	0	0	0	0	67	0	0	0	37	0	0	0	70	0	34	0	54	705	24	0	0	27	56	44	49	2374
484aa63c6358556cc4cffcfd3546f446	0	0	0	0	0	0	0	0	0	0	0	0	0	0	0	5	0	0	0	0	0	0	0	0	0	0	0	0	0	0
681ca8b89cd6cf9710cf1ad7e6049239	0	0	0	0	0	0	0	0	0	0	0	0	0	0	0	0	8	0	0	0	0	0	0	0	0	0	0	0	0	0
3fab95cdd4f4ac42ae7afe75a561faf9	0	27	0	0	0	0	0	0	0	0	0	0	0	0	0	0	0	0	0	0	0	0	0	0	0	0	0	0	0	0
f6aabd2a494a67793f53289948ef3d09	0	0	0	0	0	0	2	0	0	0	0	0	0	0	0	0	0	0	0	0	0	0	0	0	0	0	0	0	0	0
fbd0bbddadfd6ffc2be35a2a4249a5ee	0	0	0	0	0	0	0	0	0	0	0	0	0	0	0	0	0	0	0	0	0	0	0	0	0	0	0	0	0	8
c53a9d467ce75b48604de4231b068045	0	0	0	0	4	0	0	0	0	0	0	0	0	0	0	0	0	0	0	0	0	0	0	0	0	0	0	0	0	0
847070021920b5197058ca31c0877364	0	0	0	0	0	0	0	0	0	0	0	0	0	0	0	0	0	0	0	0	0	0	0	0	0	0	11	0	0	0
23d4ff2a85be065048b711f4112a396f	0	0	0	0	0	0	6	0	0	0	0	0	0	0	0	0	0	0	0	0	0	0	0	0	0	0	0	0	0	0
b538e17d14779d855a7208a9a26c1cc9	0	0	0	2	0	0	0	0	0	0	0	0	0	0	0	0	0	0	0	0	0	0	0	0	0	0	0	0	0	0
ef6ea04ed4b761a728ef311185c33265	0	0	0	0	0	0	0	0	0	0	0	0	0	0	0	13	0	0	102	0	0	25	0	26	42	22	23	8	28	0
bc859761dfcd0c64cbada18d3b0182e6	0	0	0	0	24	0	21	0	0	0	0	43	44	0	0	0	0	0	0	0	0	0	0	0	0	0	0	0	0	0
e894d4781b1ce90780604bf7ffb1377a	0	0	0	0	0	0	0	0	0	0	0	0	0	0	0	0	0	0	0	0	0	17	0	0	0	0	52	0	27	0
7e9be672f40c9bcfd75335fcf1a568a1	0	0	0	0	0	0	0	0	3	0	0	0	0	0	0	0	0	0	0	0	0	0	0	0	0	0	0	0	0	0
7b08e0126440f6d1f6a679384c08f289	0	0	0	0	0	0	0	0	0	0	16	0	0	0	0	0	0	0	0	0	0	0	0	0	0	0	0	0	0	0
4674f6318b9358c2d286d551407addcf	0	0	0	0	0	0	0	0	0	0	0	0	0	0	0	0	0	0	0	0	0	25	10	0	0	0	0	0	0	0
0b20536f62b7efe4318dc65bef8b48b1	0	0	0	0	3	0	29	25	10	0	0	13	0	0	0	0	0	0	0	0	0	0	0	0	0	0	0	0	0	0
69a4c8eb75194a9677002ad06d715838	0	0	0	0	0	0	0	0	0	0	0	0	0	19	0	0	0	0	0	0	0	0	0	0	0	0	0	0	0	0
9d896e2b2557d7c2828465435e2d91bd	0	0	0	2	0	0	0	0	0	0	0	0	0	0	0	0	0	0	0	0	0	0	0	0	0	0	0	0	0	0
d32e62ebb598c56a590ab33b52b91690	0	0	0	0	0	0	0	0	0	0	0	4	0	0	0	0	0	0	0	0	0	0	0	0	0	0	0	0	0	0
1aec449f6844a42d173f4a90fe8ed509	0	0	0	0	0	0	133	36	117	17	0	0	0	0	0	0	0	0	0	0	0	0	0	0	0	0	19	0	0	0
6b0ce0b046fa680a05d94606a9c02511	0	0	0	0	0	0	0	0	0	0	8	0	0	0	0	9	31	0	0	0	0	0	0	0	0	0	0	0	0	0
191e06b2276cde0bc283b9be813f2394	0	0	0	0	0	0	452	0	30	0	0	0	0	0	0	0	0	0	0	0	0	0	0	0	0	0	0	31	0	0
c53f23d75cd7dadcc4c05693915d7969	0	0	0	0	0	0	0	2	0	0	0	0	0	0	0	0	0	0	0	0	0	0	0	0	0	0	0	0	0	0
0504f4bd0fcd667512ce8da31e558684	0	0	5	17	0	28	35	0	23	32	40	79	77	652	119	73	504	412	52	1255	14	0	22	0	15	0	46	9	0	15
03966004fce650be20104bec45f417d7	54	0	0	0	0	0	0	21	0	0	0	0	0	0	0	0	0	0	0	0	0	0	0	0	0	0	0	0	0	0
deff52080e8001dd65cb7042473509a8	0	0	0	0	0	0	0	0	0	0	0	0	0	0	19	0	0	0	0	0	0	0	0	0	0	0	0	0	0	0
a9ff5852be5ae800c17d984a7476639d	0	0	0	0	0	0	0	0	0	0	0	0	0	0	0	0	0	0	0	0	0	0	0	0	0	6	0	0	0	0
b214dbba5415fbc03341fab57b5c6bb8	0	2	0	0	0	0	0	0	0	0	0	0	0	0	0	0	0	0	0	0	0	0	0	0	0	0	0	0	0	0
f3c691bd428faa3dc38de3c9b26bd7f9	11	0	0	0	0	0	24	17	0	0	0	0	0	0	0	0	0	0	0	0	0	0	0	0	0	0	0	0	0	0
ae9e1b67f2544584e742427d39d59e76	0	3	0	0	0	0	0	0	0	0	0	0	0	0	0	0	0	0	0	0	0	0	0	0	0	0	0	0	0	0
2926f50a1ab0902d0e440b6468abf10f	0	0	0	0	0	0	0	0	0	0	0	0	0	0	0	32	27	0	0	0	0	0	0	0	17	15	0	0	0	0
de490c9be8a6d65c16c00904c47e8726	0	0	0	0	0	0	0	0	0	0	0	0	0	0	0	0	0	0	0	0	0	0	0	0	0	0	2	0	0	0
5af15503879b74113ba216ebcf8299c9	0	0	0	2	0	0	0	0	0	0	0	0	0	0	0	0	0	0	0	0	0	0	0	0	0	0	0	0	0	0
5c3024575881e32dd360a336fb854a93	0	0	87	0	270	0	0	0	0	0	0	0	0	0	0	0	0	0	0	0	0	0	0	0	0	0	0	0	0	0
fad3eeea42f83e2f19e9a18ea5e4f981	5	6	0	5	6	76	146	41	38	54	0	0	0	0	24	0	0	0	0	0	0	0	0	0	0	36	13	0	0	0
ce8edaf8a71d91749fecf538006cb12f	0	0	0	0	0	0	0	24	0	0	0	0	0	0	0	0	0	0	0	0	0	0	0	0	0	0	0	0	0	0
5ea5dc4713d17035cc60dd8020d2aea1	0	0	0	0	0	0	0	0	0	0	9	0	0	0	0	0	0	0	0	0	0	0	0	0	0	0	0	0	0	0
8b7b062ad6fd2043f4c353c3f02a003a	0	0	0	0	0	0	0	0	0	0	0	0	0	0	0	0	0	0	0	0	0	0	0	0	0	0	0	0	19	0
d87118fe83decbad1647e6fb7ba3480d	0	0	0	0	0	0	0	0	0	0	0	86	0	0	0	0	0	0	0	0	0	0	0	0	0	0	0	0	0	0
d24d8eef0d396acf6d9918e0d848a64b	0	0	0	0	0	0	19	0	0	0	0	0	0	0	0	0	0	0	0	0	0	0	0	0	0	0	0	0	0	0
68c05a2f96936bbdcab5811a76d76453	32	0	0	47	29	0	55	15	65	0	0	42	15	54	1409	84	45	19	0	56	0	0	117	50	0	16	0	46	0	0
0f450ae6e898ddc1ea5a57cce0a99602	0	0	0	0	0	0	0	0	0	0	0	0	0	28	0	0	0	0	0	0	0	0	0	0	0	0	0	0	0	0
3f4f0f34299e451934e0daf212bfda8b	0	0	0	0	0	0	0	0	0	0	0	0	0	0	0	0	0	0	0	10	0	0	0	0	0	0	0	0	0	0
cfba982458e7ea28b3dcae51006fe10e	0	0	0	0	0	0	0	0	0	0	0	0	0	0	0	0	0	0	7	0	0	0	0	0	0	0	0	0	0	0
dc404695adeb7a3482c8d9adf41dd2d0	0	0	0	0	0	0	0	0	0	0	0	0	0	0	0	0	0	0	0	0	0	0	0	0	0	0	0	9	0	0
6abbe22678db293b4ac3a2376deeaa26	0	0	0	0	0	0	0	0	0	0	0	2	0	0	0	0	0	0	0	0	0	0	0	0	0	0	0	0	0	0
f033464f55d52a044f95cad726181b19	0	0	0	0	0	0	0	0	2	0	0	0	0	0	0	0	0	0	0	0	0	0	0	0	0	0	0	0	0	0
7a779ca990489927a4d7c84604311e3c	0	0	0	0	0	0	0	162	0	0	0	0	0	0	0	0	0	0	0	0	0	0	0	0	0	0	0	0	0	0
9bacb121276bf1ea9321c9b0ea78043a	0	0	0	0	0	0	0	0	0	0	0	0	0	0	0	0	0	57	0	0	0	0	0	0	0	0	0	0	0	0
915ea79d85b3dce1d3909616f4fb43a7	0	0	0	0	0	0	0	0	0	0	0	0	0	0	11	0	0	0	0	0	0	0	0	0	0	0	0	0	0	0
55c15d1a0ddaeae55ce61f8da6abec01	0	0	0	0	0	0	0	0	0	0	0	0	0	0	0	0	0	0	0	0	0	0	0	0	0	34	0	0	0	0
faef16d0432b94789b75a7dc1c404935	0	0	0	0	0	0	0	0	0	0	0	0	0	0	0	4	11	43	0	183	0	0	0	7	0	0	0	0	8	0
dcc7819c55d74bbd6b7fed24b78a33a1	0	0	0	0	0	0	0	0	13	0	0	0	0	0	0	0	0	0	0	0	0	0	0	0	0	0	0	0	0	0
5a7ff2e5d60a5b14c41ae5bdae0e6563	0	0	0	0	0	0	0	0	0	0	0	0	0	0	0	0	0	0	0	0	0	0	0	0	0	0	0	0	14	0
3c35545eac296b481ab875feeb6f9b6d	69	30	0	109	40	0	0	0	22	0	21	25	0	0	0	0	0	0	0	0	0	0	0	0	0	0	0	0	0	0
830fa98a926dc1bafce3750929afd04d	0	0	0	0	0	0	0	0	0	0	0	0	0	0	0	0	0	0	0	0	0	26	0	20	33	6	0	0	0	0
7abfe27b3c31b277d2d5f4e7aff84459	0	0	0	0	0	0	0	0	0	0	0	0	0	0	0	0	0	0	0	0	0	0	0	0	0	0	0	25	0	0
9bb6b10215263984fae1260eb930b58e	0	0	0	0	50	0	0	0	19	0	0	0	0	0	0	0	0	0	0	0	0	0	0	0	0	0	0	0	0	0
db4eaef3119e70d2476dc7f82e1f649f	0	0	0	0	0	0	0	0	0	2	0	0	0	0	0	0	0	0	0	0	0	0	0	0	0	0	0	0	0	0
dc81d0b836848c2886bf57fb985411b5	0	0	0	0	0	0	0	0	0	0	0	0	0	48	0	0	0	0	0	0	0	0	0	0	0	0	20	0	0	0
67e48515a376ede90c6bfa4f185f04cf	0	0	0	0	0	0	0	4	0	0	0	0	0	0	0	0	0	0	0	0	0	0	0	0	0	0	0	0	0	0
3c0751731015aeebe101fbf05042878f	0	0	0	0	0	0	0	0	0	0	0	0	0	0	0	0	0	0	0	0	0	0	0	0	0	39	39	34	0	0
c6c46c827233d0065e04b59db279a994	0	0	8	0	0	0	0	0	0	0	0	0	0	0	0	0	0	0	0	0	0	0	0	0	0	0	0	0	0	0
e199cbf29a39b39a60f7b06e4cdb7ac9	8	0	0	0	0	0	0	0	0	0	0	0	0	0	0	0	0	0	0	0	0	0	0	0	0	0	0	0	0	0
64e644a54e7da27be1cffabf4e78c542	0	0	0	0	0	0	0	0	0	0	0	0	0	9	0	0	0	110	0	0	0	0	0	0	0	0	0	0	0	0
fdc9c865f4a7b56df9b48a5a367592f7	0	0	0	0	0	0	0	0	0	0	9	0	0	0	0	0	0	0	0	0	0	0	0	0	0	0	0	0	0	0
780394468c22e168272ab0810bc1cd8e	0	0	0	0	0	0	0	0	0	0	0	0	0	0	0	0	0	0	0	0	0	0	0	0	0	0	0	8	0	0
6cdbabc252d6b41306bb74a159684760	0	0	0	0	0	0	0	0	0	0	0	0	0	15	0	0	0	6	0	0	0	0	0	0	0	0	0	0	0	0
d3072edf294f025a5f51c38d57ca33e5	0	0	0	0	0	0	0	0	0	11	0	0	0	0	0	0	0	0	0	0	0	0	0	0	0	0	0	0	0	0
0c1bf635de82008c99cef99901ed45b1	0	0	0	0	0	0	0	0	0	4	0	0	0	0	0	0	0	0	0	0	0	0	0	0	0	0	0	0	0	0
b3b3abbb72ea340b953414f26150221b	0	0	0	0	0	0	0	0	0	0	0	0	0	0	0	0	0	0	0	0	0	0	0	0	0	0	0	23	0	55
4446498a21dfe1975138293bcd295903	0	0	0	0	0	0	0	0	0	0	0	0	5	0	0	0	0	0	0	0	0	0	0	0	0	0	0	0	0	0
b5ba7d6043090ddf01da9997184e767e	0	0	0	0	0	36	28	0	0	38	0	0	0	0	0	0	0	0	0	0	0	0	0	0	0	0	0	0	0	0
c0f4fcbab0f04ea87961273bce1a6be4	0	0	0	0	0	0	0	0	0	0	12	0	0	0	0	0	0	0	0	0	0	0	0	0	0	0	0	0	0	0
e49aba156480f83766e1ac27e4faab3c	0	0	29	0	0	0	0	0	0	0	0	0	0	0	0	0	0	0	0	0	0	0	0	0	0	0	0	0	0	0
49371de9682602a4d2a65f7dc849ae37	0	0	0	0	0	0	0	0	0	0	0	0	0	0	0	11	0	0	0	0	0	0	0	0	0	0	0	0	0	0
d31ae7295cd960b0f598e586876bd290	0	0	0	0	0	0	0	0	0	0	9	0	0	0	0	0	0	0	0	0	0	0	0	0	0	0	0	0	0	0
cb954566e71c568597a352479402bacd	0	0	0	0	0	0	0	0	0	0	0	0	0	0	0	0	0	0	0	0	0	0	0	0	0	0	0	0	9	0
782a47f22d2a0e37a8ca51398bd2ffc3	0	0	0	0	0	0	0	0	0	0	0	0	0	0	0	55	0	0	0	0	0	0	0	0	0	0	7	0	0	0
2bea6dab6663c297d1328fd487d4a2f7	0	0	0	0	14	0	16	0	0	0	0	12	0	63	0	22	0	0	10	0	0	0	0	6	0	17	30	0	0	0
8ef2e39cd8dbb3f0147664e89294923a	0	0	0	0	0	0	0	0	0	0	0	0	0	0	0	0	0	0	0	0	175	0	0	97	0	0	0	0	0	0
0a9c78d3dd752f7fea925cbab283b23e	0	0	0	0	10	0	0	0	0	0	0	0	0	0	0	0	0	0	0	0	0	0	0	0	0	0	0	0	0	0
92f1d415ad4ffe0e30687780591a123c	0	0	0	0	0	0	0	0	0	0	0	0	0	0	14	0	0	0	0	0	0	0	0	14	19	0	0	0	0	0
fff293e7fa77b18051cbe9c8e6132daa	0	0	0	0	0	0	9	0	0	0	0	0	0	0	0	0	0	0	0	0	0	0	0	0	0	0	0	0	0	0
66f950e6a4ef14fdf7d92a1641cabf95	0	0	0	0	6	0	0	0	0	0	0	0	0	0	0	0	0	0	0	0	0	0	0	0	0	0	0	0	0	0
4c92400d9da3932038db2aa1255f2c15	0	0	0	0	9	0	0	0	0	0	0	0	0	0	0	0	0	0	0	0	0	0	0	0	0	0	0	0	0	0
dc3fc2ac7d4f989685faa9150ce826f9	0	0	0	0	0	0	0	0	0	0	0	0	0	0	0	0	0	0	0	29	0	0	0	0	0	0	51	0	0	0
057176d418b717c2e4fb40606418c722	0	0	0	0	0	0	3	0	0	0	9	0	0	0	0	0	0	0	4	0	0	0	0	0	0	0	0	0	0	0
81f4c5b9b0cb26677cd335f602cbedf8	0	0	0	0	0	0	0	0	0	0	0	0	0	0	0	0	0	0	0	10	0	0	0	0	0	0	0	0	0	0
1d22cfc6a9517c6a7c61012718595f7e	0	0	0	27	0	0	28	107	15	0	0	0	0	0	0	0	0	0	0	0	0	0	0	0	0	0	0	0	0	0
af5a5526570120a82002ca27c874dc42	0	0	0	0	0	0	0	0	0	0	0	0	0	0	0	0	0	0	0	0	0	0	0	8	0	0	0	0	0	0
a7ad3bd45386079c24ab29fbdefcf875	0	0	0	0	0	0	23	0	0	0	0	0	0	0	0	0	0	0	0	0	0	0	0	0	0	0	0	0	0	0
b385946b80219af7019186e6bbb51220	0	60	0	19	0	15	0	0	0	24	0	0	0	0	0	0	0	0	0	0	0	0	0	0	0	0	0	0	0	0
ac39784bde76c37e739487497c7637a0	0	0	0	0	0	0	0	0	0	0	0	0	0	0	0	0	0	0	0	0	0	0	0	0	0	0	0	0	10	0
7d0e59b24be2bba3b30ff8b581129dcb	0	0	0	0	0	0	0	0	0	0	0	0	0	0	0	0	0	0	0	0	0	0	0	0	0	0	0	0	0	3
da27ad4ff37ba2671118f6de8fe75b5e	0	0	0	0	0	0	0	6	0	0	0	0	0	0	0	0	0	0	0	0	0	0	0	0	0	0	0	0	0	0
6887f800e783b7423b561a3115909f41	0	0	0	0	0	0	7	0	0	0	0	0	0	0	0	0	0	0	0	0	0	0	0	0	0	0	0	0	0	0
53a5f063127f34501a9cc20e35af4ac2	0	0	0	0	0	0	0	0	11	0	0	0	0	0	0	0	0	0	0	0	0	0	0	0	0	0	0	0	0	0
36a7539b98a82f4fc84d0de954b465d1	0	0	0	0	0	0	0	0	0	0	0	0	0	0	0	0	4	0	0	0	0	0	0	0	0	0	0	0	0	0
d6f604ac2c1a4557e2acdc1814d722b2	0	0	0	0	0	0	0	0	0	0	0	0	0	0	0	0	21	0	0	0	0	0	0	0	0	0	0	0	0	0
69a6d98d8e8aafa45691276c5e4c508a	0	0	0	0	0	0	0	0	0	0	2	0	0	0	0	0	0	0	0	0	0	0	0	0	0	0	0	0	0	0
d34609e8ac1c199f0a93484a9b1bfb6e	0	0	5	0	0	0	0	0	0	0	0	0	0	0	0	0	0	0	0	0	0	0	0	0	0	0	0	0	0	0
8ba2f4e0a5e435d04c42e5335a6b2c62	0	0	0	0	0	0	0	0	0	0	7	0	0	0	0	0	0	0	0	0	0	0	0	0	0	0	0	0	0	0
9193f08859f02b70a4c0472570975fdb	0	0	0	0	0	0	0	0	0	0	0	0	0	0	0	0	0	0	0	8	0	0	0	0	0	0	0	0	0	0
495282cda68200b9fd738a501c3e229a	5	0	0	0	0	0	0	0	0	0	0	9	8	0	15	36	0	0	0	0	0	13	0	0	12	42	0	0	33	0
2b7c31e02477902b180e45c3e69e71ec	0	0	10	0	0	0	0	0	0	0	0	0	0	0	0	0	0	0	0	0	0	0	0	0	0	0	0	0	0	0
a6d5747d8e797c714685cd57af0203d4	0	0	0	0	0	0	0	0	2	0	0	0	0	0	0	0	0	0	0	0	0	0	0	0	0	0	0	0	0	0
dc0c48e078e467dfcb90d52500b6b29f	0	0	0	0	0	0	0	0	0	0	0	0	0	0	0	0	0	0	0	0	0	0	0	0	0	0	0	0	0	3
2d92610e49d67adc0792c047f52248af	0	0	0	0	0	12	0	0	0	0	2	0	0	0	0	0	0	0	0	0	0	0	0	0	0	0	0	0	0	0
cf0bc78b5e61ee02936fdba1d7baac12	0	0	0	0	0	0	0	0	0	0	0	0	7	0	0	0	0	0	0	0	0	0	0	0	0	0	0	0	0	0
8d83a284d1ad5518c79cbb7754c803c5	0	0	0	48	0	0	0	0	0	0	0	0	0	0	0	0	0	0	0	0	0	0	0	0	0	0	0	0	0	0
dd7c9321e93000e0d91168143c2df078	0	0	0	0	0	0	0	0	0	0	0	22	0	18	0	0	0	0	0	42	0	0	0	0	0	0	0	0	0	0
1d1da1ffb1aecf86398ca3a9f67a10ea	0	0	0	0	0	0	0	0	0	0	0	3	0	0	0	0	0	0	0	0	0	0	0	0	0	0	0	0	0	0
c4af1360cd8718526b84f3aead4cc718	0	0	0	0	0	0	0	0	0	0	0	0	0	0	0	0	0	0	0	16	0	0	0	0	0	0	0	0	0	0
067b71f1de792ad7069ddd9e8c4b8d99	0	0	0	0	0	0	0	0	0	0	0	0	0	0	0	0	0	0	0	0	0	0	0	0	14	0	0	0	0	0
570775faf28f9972a3814f2e35be19cb	0	32	0	0	0	0	0	0	26	0	0	0	0	0	0	0	0	0	0	0	0	0	0	0	0	0	0	0	0	0
f5b251e60d6842c97aa09f1af3d9f67d	70	44	0	210	265	25	199	102	78	69	0	63	94	0	0	34	0	64	123	0	343	611	55	129	221	92	0	0	67	0
760b7e985d0d2356546e15e2c851378d	8	0	0	0	0	0	0	0	0	0	0	0	0	0	0	0	0	0	0	0	0	0	0	0	0	0	0	0	0	0
0ee0dd7ff1548c2d681eef75ad692f3c	0	0	212	0	0	0	13	11	0	0	20	12	15	0	0	0	12	0	25	0	0	65	0	4	0	0	12	0	21	14
89301de6d271c81665d651705eb04f98	0	0	0	0	0	0	0	0	0	0	0	0	0	0	0	0	0	0	0	15	0	0	0	0	0	0	0	0	0	0
98ffcb8b6f92d7a628f9ce15073334f6	0	0	0	0	0	0	0	0	11	0	0	0	0	0	0	0	0	0	0	0	0	0	0	0	0	0	0	0	0	0
5a1e4596f4f821afb480853a576a6f6d	0	0	0	0	0	0	0	0	0	0	0	15	0	0	0	0	0	0	0	0	0	0	0	0	0	0	0	0	0	0
aa62bc6c1e09bf619c39919d4e99d942	16	0	0	0	0	0	0	0	0	0	0	0	0	0	0	0	0	0	0	0	0	0	0	0	0	0	0	0	0	0
3dd2b0cece0aaddef3d73355e49d4283	0	0	0	0	0	0	0	0	0	6	0	0	0	0	0	0	0	0	0	0	0	0	0	0	0	0	0	0	0	0
8201e18a61848b70dfdf0665ec044ebc	0	0	0	0	0	0	0	0	0	0	0	15	0	0	0	12	0	0	0	6	0	0	0	0	0	7	0	0	0	0
132e08c491fc15384b877bceebc5a73b	26	17	78	33	0	33	0	51	38	0	25	0	0	0	0	92	0	0	0	24	0	47	0	0	0	0	58	0	58	0
67a1e63778b7dbfc28b717058cd238b3	0	0	0	0	5	0	0	0	0	0	0	0	0	0	0	0	0	0	0	0	0	0	0	0	0	0	0	0	0	0
6910b5fc964eb311bddff86454938cb2	0	0	0	0	0	0	0	0	0	0	0	40	52	0	0	93	26	18	47	55	0	0	0	0	0	0	0	0	0	0
df94578f8e7f5041161618dc335ce09c	0	0	0	0	0	0	0	0	0	0	0	0	0	0	0	0	0	0	0	0	0	0	0	2	0	0	0	0	0	0
1ba674201eebd8cc97198607e928b922	0	0	0	0	0	37	0	0	0	0	0	0	0	0	0	0	0	0	0	0	0	0	0	0	0	0	0	0	0	0
149c2b702507772d2ef10bf323ed77e7	0	0	0	0	0	0	0	0	0	0	0	0	0	0	0	0	0	0	0	0	0	0	0	0	0	8	0	0	25	0
d36f193eba6db863ed29722530f5b9f3	0	0	0	0	0	0	0	0	0	0	0	0	0	0	27	0	0	0	0	0	0	0	0	0	0	0	0	0	0	0
faac254dd18816a0e88919a0a45b8594	0	0	0	0	0	0	0	0	16	0	0	0	0	0	0	0	0	0	0	0	0	0	0	0	0	0	0	0	0	0
133e0f885a4e7c94b5f5eea886bb1e65	0	0	0	0	0	0	0	0	0	0	0	0	0	0	0	0	0	0	0	11	0	0	0	0	0	0	0	0	0	0
bf5fb3fccfebb7b2af71a0a0992875de	0	0	0	0	0	0	0	0	0	0	0	0	0	0	30	0	0	0	0	0	0	0	0	0	0	0	0	0	0	0
71679fba05b09f6d427fe8697c369208	0	0	0	0	0	0	0	0	0	0	0	0	0	0	0	4	0	0	0	0	0	0	0	0	0	0	0	0	0	0
032a40a4e45c53316fb5ada6b00b7b7a	0	0	0	0	0	0	0	0	0	0	0	0	0	0	0	0	0	0	10	0	0	0	0	0	0	0	0	0	0	0
416d47fcab0eb98648c24f4fd49ad451	0	0	26	0	0	0	0	0	0	0	0	0	0	0	0	0	0	0	0	0	0	0	0	0	0	0	0	0	0	0
8f316cae300d3adeefb932fe03bb9986	0	0	0	0	0	0	0	0	0	0	0	0	0	0	0	0	0	0	0	0	0	0	0	0	0	23	0	0	0	0
e8685c197396ebe5fec27ae68c30ec90	40	36	0	0	0	41	0	0	0	39	0	0	0	0	0	0	0	0	0	0	0	0	0	0	0	0	0	0	0	0
01c2f37c6f22af784c7f72b72abcf0a0	0	0	0	0	0	0	0	0	5	0	0	0	0	0	0	0	0	0	0	0	0	0	0	0	0	0	0	0	0	0
41165b7041b1df40633c5d88662f7bea	0	0	0	0	0	0	3	0	0	0	0	0	0	0	0	0	0	0	0	0	0	0	0	0	0	0	0	0	0	0
5be54ccfa0e29e775827b6c76092491d	0	2	0	0	6	0	0	0	0	0	0	0	0	0	0	0	0	0	0	0	0	0	0	0	0	0	0	0	0	0
39f3385ab4b40393d01026b93c54537c	0	0	0	0	0	0	0	0	0	0	2	0	0	0	0	0	0	0	0	0	0	0	0	0	0	0	0	0	0	0
8e621f5b5c9994a56c3619e47143c43f	0	0	0	0	0	0	0	0	11	0	0	0	0	0	0	0	0	0	0	0	0	0	0	0	0	0	0	0	0	0
da39de941e967dc74e70ab92bead56aa	0	0	0	0	0	0	0	18	0	0	0	0	0	0	0	0	0	0	0	0	0	0	0	0	0	0	0	0	0	0
f7e485b5b736f40266d8967e3e283f06	0	0	0	0	0	22	0	0	0	0	0	0	17	62	0	0	0	0	0	118	15	21	718	0	0	0	48	22	19	12
7d75f51790473ab7e54ffa05d073af06	0	0	0	0	0	5	0	0	0	0	0	0	0	0	0	10	8	7	23	24	0	0	0	0	11	0	3	0	25	0
b433c960c2c88b5041a313af05ddbbc6	96	90	43	32	77	21	107	147	135	70	158	223	350	91	86	94	72	0	283	68	61	812	59	803	2339	1629	964	27	673	852
6d193c40d57a28fdb326db1244880573	0	0	0	0	0	0	0	0	0	0	0	0	0	0	0	0	0	0	0	0	0	0	0	5	13	0	0	0	0	0
45cfbec96ab331b182e6037a41ab01d0	0	0	0	49	0	0	0	0	0	0	0	0	0	0	0	0	0	0	0	0	0	0	0	0	0	0	0	0	0	0
ca0271204239b7f932e8b8a38286d6cd	0	0	0	0	0	0	0	0	0	0	0	0	0	0	0	0	0	0	0	0	0	0	0	0	0	0	0	0	31	0
3a699bdf2dfeb3ebf0f3cbe386fe317f	0	0	0	0	0	0	0	0	0	0	0	0	0	0	0	0	0	0	0	0	0	0	0	0	0	0	0	2	0	0
337994750ab7d7b7e3a89c1680080d77	36	0	10	0	0	35	9	34	26	80	42	31	99	35	22	55	29	16	0	46	0	3	0	8	7	6	3	8	4	10
ee2f6cf4db4e8a8bb8193013544ac2aa	0	0	0	0	0	0	0	0	0	0	0	0	0	0	0	0	0	0	0	0	0	0	0	3	0	0	0	0	0	0
6be4f4a5999cdec4e3133508848565f2	0	0	0	0	0	0	0	0	0	0	0	0	0	0	0	0	0	0	0	0	0	0	0	0	0	0	0	2	0	0
8ddfbf3d4c23beb655d57e075694111c	0	0	0	0	0	0	0	0	0	0	0	73	138	0	0	103	54	0	0	50	0	0	0	0	0	0	0	0	0	0
0a87113d4f34a12dfb019e37e92eefc3	0	0	0	0	0	0	0	0	0	0	0	0	45	0	0	0	21	0	0	0	0	0	0	0	0	0	0	0	0	0
f1fdfc245f2ed780d5df40d1171c4b75	0	0	0	0	0	0	0	0	0	0	0	0	0	0	0	0	0	0	0	0	0	0	0	0	0	0	0	0	0	4
f36ede72cf19be16201216a59c4271d6	0	0	0	0	0	0	0	0	0	3	0	0	0	0	0	0	0	0	0	0	0	0	0	0	0	0	0	0	0	0
3380133b3e1ef3b2bb11ab72e7f2dbdd	0	0	0	0	0	0	0	0	0	0	0	5	0	0	0	0	0	0	0	0	0	0	0	0	0	0	0	0	0	0
ef0642d5351a75927414a9f166252fa0	0	0	0	0	0	0	0	0	0	0	0	0	0	0	0	0	0	0	0	8	0	0	0	0	0	0	0	0	0	0
e08007b0c419cf8461c266bdceb83ec2	0	0	0	0	34	0	0	0	0	0	0	184	77	119	48	114	31	125	1790	64	0	27	0	0	218	37	40	0	20	0
5ff4fd95254a2f54515a59579110a987	0	0	0	0	0	0	0	0	0	0	0	0	0	274	0	0	0	0	0	0	0	0	0	0	0	0	4	0	0	0
f1d70ce193b8e7e831878ec28aa094fc	0	0	0	0	0	0	0	0	0	0	0	0	0	0	0	0	0	0	0	0	0	0	0	0	2	0	44	0	0	0
e230b3af323e7cbe05512709285b846a	0	0	0	0	0	0	0	0	0	0	0	0	0	0	0	0	0	0	0	0	0	0	0	0	0	0	0	0	0	2
4556aa104cd4da0bb8fb385d379af0cc	0	0	0	0	0	0	0	0	0	0	0	0	0	0	0	0	0	0	0	19	0	0	0	0	0	0	0	0	0	0
cfb6177e943fefb44264fa5a804f0360	0	0	0	0	0	0	0	0	0	0	0	24	18	0	0	0	0	0	72	0	0	538	0	0	0	0	0	0	0	95
1e006c2f2be711564fb3f64e3fa83b54	0	0	0	0	0	0	0	0	0	0	0	0	0	0	0	0	0	0	0	0	0	0	2	0	0	0	0	0	0	0
02eedfac7a013fa0fee16131f6c806fb	72	71	43	100	92	183	0	47	26	0	0	0	0	19	0	0	0	0	0	0	0	0	0	0	0	0	0	0	0	0
8ab611eba5f9b4be4872c709b945c4e2	0	0	0	0	0	0	0	0	0	0	0	0	0	0	0	0	10	0	0	0	0	0	0	0	0	0	0	0	0	0
7e4cc663c555db4e87eac513d549c1f0	0	0	0	0	0	0	0	0	0	0	0	0	0	0	0	13	0	0	11	0	0	0	0	0	0	0	0	0	0	0
8777d601a6de7d0e54dca32787c4e282	0	26	0	0	0	0	29	29	93	0	151	0	22	39	0	81	82	0	124	0	48	202	32	75	53	99	0	245	133	1043
6b43f1cbacef51ff20e39a65cbccdb99	0	0	0	0	0	0	0	0	0	0	0	0	10	0	0	0	0	0	0	0	0	0	0	0	0	0	0	0	0	0
0cc2a506d7328f255bb18045a9e48ade	0	0	0	0	0	0	0	0	0	0	0	0	0	0	0	8	0	0	0	0	0	0	0	0	0	0	0	0	0	0
e3fecb3b803a10e66a5727e2c1b6ac2d	0	0	0	0	0	0	0	0	0	0	0	0	0	0	0	0	5	0	0	0	0	0	0	0	0	0	0	0	0	0
76000aa4d57ce9312589f864cdd18573	0	0	0	0	0	0	0	0	0	0	0	0	6	0	0	0	0	0	0	0	0	0	0	0	0	0	0	0	0	0
c4223130bb3488514c4c5fcf18b57c37	0	0	0	0	0	0	0	0	0	0	0	0	0	0	0	0	0	0	0	0	0	0	0	0	0	0	2	0	0	0
5e498d2cb85e4783782d426668d12ff1	0	0	0	0	0	0	0	0	20	0	0	0	0	0	0	0	0	0	0	0	0	0	0	0	0	0	0	0	0	0
9206582e7bab04fb3809b941f2db1198	13	62	39	135	48	41	30	0	27	24	31	0	0	0	0	0	0	0	0	0	0	0	0	0	0	0	0	0	0	0
7010e4896b4181de83ce387aa94aa7c4	0	0	0	0	0	0	0	0	0	0	0	0	0	0	0	0	0	0	8	0	0	0	0	0	0	0	0	0	0	0
3e58bb8e8803a90a7d4715c5361ffbab	0	85	0	0	0	0	37	12	0	0	0	18	0	0	0	0	0	0	0	0	0	0	0	0	8	0	0	0	0	0
eb7fbca7c558ab5e2a9e69e3732cb617	32	34	0	144	137	112	34	17	51	57	0	0	0	0	0	0	0	0	0	0	0	27	0	0	95	0	0	0	33	0
4efbaa7e760970ea46918264ffc88be1	0	0	90	0	0	0	0	0	0	0	0	0	0	0	0	0	0	0	0	0	0	0	0	0	0	0	0	0	0	0
e0ae651e7f9a008d734cc3409f548b77	0	0	0	0	0	0	0	0	0	0	0	0	0	0	0	0	0	13	0	0	0	0	0	0	0	0	0	0	0	0
08ba46b848db244b2fbe26d34b424b7c	0	0	0	0	0	0	0	0	0	0	0	0	0	0	0	0	0	0	0	0	0	0	0	0	0	0	0	0	0	2
092b2fe28ad32e6a23fcebdd0afcedef	0	0	0	0	0	0	28	0	0	0	0	0	0	0	0	0	0	0	0	0	0	0	0	0	0	0	0	0	0	0
5d9feea241febf0b555acd9deb6dcca7	0	0	0	0	0	0	0	0	0	0	0	0	8	0	0	0	0	0	0	0	0	0	0	0	0	0	0	0	0	0
2d49d2e27111d371ef1e851dc974c75c	0	22	0	0	37	31	0	35	0	0	0	0	0	18	0	11	0	0	0	16	0	8	0	44	0	0	74	9	0	0
af451de0d50e3454dbe1dc479264bd3c	0	0	0	0	0	0	0	0	0	0	0	0	20	0	48	0	0	0	0	0	0	0	0	0	0	0	0	0	0	0
a987c60db9f24dc8db569184d9e5a64b	0	0	0	0	0	0	0	0	0	0	0	0	0	0	0	0	0	0	0	0	0	0	0	0	0	0	0	11	0	11
0620811787202ad29196ecd02f2c89cf	0	0	0	0	0	0	0	0	0	0	0	0	0	0	0	0	0	0	0	0	0	0	19	0	0	0	0	0	0	0
f2de79c362ac7dc3a6323c107a65fb23	0	0	0	0	0	0	0	0	0	0	0	0	0	0	11	0	0	0	0	0	0	0	0	0	0	0	0	0	0	0
bf09258aaf8f08229fb0b55c10cb0f02	0	0	0	0	0	0	0	0	0	0	0	0	0	0	0	0	0	0	0	0	0	0	0	0	0	0	0	0	0	14
657ad247a3c8760f85a88a0eb472ff3d	0	0	0	0	0	12	0	0	0	0	0	0	0	0	0	0	0	0	0	0	0	0	0	0	0	0	0	0	0	0
da5f1b83692fe1e58c47139cf11a6b81	0	0	0	0	0	0	0	0	0	0	0	0	0	0	0	0	0	0	0	0	0	0	0	14	53	6	0	0	26	0
cab73e77f084d35139b43e2b59de5d7a	0	0	0	0	0	0	0	0	0	0	11	0	0	0	0	0	0	0	0	0	0	0	0	0	0	0	0	0	0	0
25535d51a488633ff2b84011bced470e	0	0	0	0	0	0	0	0	0	0	0	0	0	0	0	0	2	0	0	0	0	0	0	0	0	0	0	0	0	0
8ea26615ef97ddcc7782877325516d33	0	0	0	0	0	0	0	0	0	0	0	0	0	0	0	0	0	0	0	0	0	0	0	0	0	0	0	13	0	0
970c2b99e3f48a2765dca800a1945b6b	0	0	0	0	0	0	0	0	0	0	0	0	0	0	0	0	0	0	0	0	0	0	0	0	0	14	0	0	0	0
f5cb9c755d28fae86ebf563516b630da	0	0	0	0	0	0	0	0	0	0	0	0	16	0	0	0	0	0	0	0	0	0	0	0	0	0	0	0	0	0
8e7e4bcc32044d3645b83b652eac741c	0	0	0	0	0	0	0	0	0	0	0	0	0	0	0	0	0	0	0	0	0	0	0	0	14	0	0	0	0	0
65cb3fe2ba22bd0251cecf2e1117c888	0	0	0	0	0	0	0	0	0	0	23	0	0	0	0	8	0	0	0	0	0	0	0	0	0	0	0	0	0	0
e0e407d1c9ba184b5d1d5dd77a3936d7	0	0	0	0	0	0	0	0	0	0	21	0	0	0	0	0	0	0	0	0	0	0	0	0	0	0	0	0	0	0
9e13b2c0f3a84c9046eca110500eeeb4	0	0	0	0	0	0	0	0	0	0	0	17	0	0	0	0	0	0	0	0	0	0	0	0	0	0	0	0	0	0
49b3c3c6276a7560a279ae1ef6bb8bde	0	0	0	0	0	0	0	0	3	0	0	0	0	0	0	0	0	0	0	0	0	0	0	0	0	0	0	0	0	0
156f05f974abe0fc70d4d48ee009c792	0	0	0	0	0	0	0	0	0	0	88	0	0	0	0	0	0	0	0	0	0	0	0	0	0	0	0	0	0	0
1592967d4be438d371d390439db99c8f	0	0	0	0	0	0	0	0	0	0	5	0	0	0	0	0	0	0	0	0	0	0	0	0	0	0	0	0	0	0
d80d6b2fc04b2e04b0ba851026270f56	0	0	0	0	0	0	0	0	0	0	0	0	0	0	0	12	0	0	0	0	0	0	0	0	0	0	0	0	0	0
a1991de3cb8fd6bd1c4ca8d6d3a1a8df	0	36	0	24	0	35	0	0	0	0	0	0	0	0	0	0	0	0	0	0	0	0	0	0	0	0	0	0	0	0
a215101eb43c0e4c5708b55c940dd2a6	0	0	0	0	0	0	41	0	0	0	0	0	0	0	0	0	0	0	0	0	0	0	0	0	0	0	3	0	0	0
b16fff86adb4c9eea93a355a7427fffe	0	0	0	0	0	0	0	0	0	0	0	0	0	0	0	0	0	9	0	0	0	0	0	0	0	0	0	0	0	0
f1610b637f0003b9bfb64dc28c2fed3f	0	0	0	0	0	0	0	0	0	0	0	0	0	21	0	0	0	0	0	0	0	0	0	0	0	0	0	0	0	0
18b3d94c2d24e8349c5a551c9c9c7525	0	0	0	0	0	0	0	0	0	0	0	0	0	0	0	0	0	0	0	0	0	0	0	14	10	21	0	0	0	0
45d8c1277a107801740931065f6446df	0	0	0	0	0	0	0	0	0	0	0	0	0	0	0	0	0	0	0	0	0	0	0	0	0	0	3	0	0	0
90ceaf121d1cc66262cbba3193b1c6f3	0	0	0	0	0	0	0	11	0	0	0	0	0	0	0	0	0	0	0	0	0	0	0	0	0	0	0	0	0	0
8a3596110c66033f63479ff91910f837	0	0	0	0	0	0	9	0	0	0	0	0	0	0	0	0	0	0	0	0	0	0	0	0	0	0	0	0	0	0
5bb081943b4cf22536e754df3ea278ff	3	0	0	0	0	0	0	0	0	0	0	0	0	0	0	0	0	0	0	0	0	0	0	0	0	0	0	0	0	0
0f123931569cc9502f3faff633cc3c24	0	0	0	0	0	0	0	0	0	0	0	0	0	0	0	0	0	0	0	39	0	0	0	0	0	0	0	0	0	0
a1e69666c6d9a91a76974ad631cac528	0	0	0	0	0	0	0	0	0	0	0	0	0	0	0	0	0	0	0	0	0	0	0	0	0	11	0	0	0	0
ad3d96b8a23b00401767461ef1203c97	0	4	0	0	0	0	0	0	0	0	0	0	0	0	0	0	0	0	0	0	0	0	0	0	0	0	0	0	0	0
4d74568d7d30b2f9208f36a3757183d2	0	0	0	0	0	0	0	0	0	0	0	0	0	0	0	0	0	0	0	0	0	0	0	2	0	0	0	0	0	0
a55e7899af3d40f5307351cd5351f45a	0	0	0	0	0	0	23	0	0	0	0	0	0	0	0	0	0	0	0	0	0	0	0	0	0	0	0	0	0	0
1f2daace5e0687e997c73768634aa2d6	0	56	0	0	0	0	0	0	0	0	0	0	0	0	0	0	0	0	0	0	0	0	0	0	0	0	0	0	0	0
0ee842a97106ebab174107152510ca18	0	0	0	8	0	0	0	0	0	0	0	0	0	0	0	0	0	0	0	0	0	0	0	0	0	0	0	0	0	0
9501a9f89868179b43621b5a3c332fcf	0	0	0	0	0	0	0	0	0	0	0	58	0	47	0	0	29	25	0	0	0	0	0	16	19	0	12	0	88	0
9fb57a0d0ee8f5a8d2234028b6c1e62c	0	0	0	0	0	0	0	0	6	0	0	0	0	0	0	0	0	0	0	0	0	0	0	0	0	0	0	0	0	0
fcd30457dc1e87a4104098a097055e2c	0	0	0	0	0	0	0	0	0	0	18	0	0	0	0	0	78	0	0	0	0	0	0	0	0	0	0	0	0	0
358c0e29999b676f96d8442aed11e6e3	0	0	0	0	0	0	0	0	0	0	0	0	0	0	0	0	0	0	0	0	0	0	0	0	0	0	0	8	0	0
b051df862469d276fec1ae1520f49507	0	0	0	0	0	0	0	0	93	0	0	0	0	0	0	0	0	0	0	0	0	0	0	0	0	0	0	0	0	0
aac5b95be2a2f2edd477bc3eccc4e864	0	0	0	0	0	0	0	0	0	0	0	0	0	24	0	0	0	0	0	0	0	0	0	0	0	0	0	0	0	0
54e0ce8a624062f7eb83a929df9d6c74	0	0	0	0	0	0	0	0	0	0	0	0	0	0	0	0	0	0	0	0	0	139	0	0	0	0	0	0	0	0
2bf56aa811e9bba423b2fc213658c928	0	0	0	0	4	0	0	0	0	0	6	0	0	0	0	0	0	0	0	0	0	0	0	0	0	0	0	0	0	0
b4dcbca34a9d1096c6e89bc5174725bb	0	0	0	0	0	0	0	0	0	0	0	0	0	0	0	0	0	0	13	0	0	0	0	0	0	0	0	0	0	0
4f4c5ad50d53c2f38cf80b11668e8a04	0	0	0	0	0	0	0	0	0	0	43	27	0	0	18	32	23	43	0	14	17	23	0	12	30	75	0	19	44	0
e9326ec5408ae519cd61e0ee84913aab	0	0	0	0	0	0	0	0	0	0	0	0	0	0	0	0	0	4	0	0	0	0	0	7	6	0	0	0	7	0
4b2eb302c80437d6dd00b1749098ee09	0	1326	0	0	0	0	0	0	0	0	0	0	0	0	0	0	0	0	0	0	0	0	258	0	0	0	0	0	87	0
20d1fd15514b463d3b4f7a423f8491d4	0	0	0	0	0	0	0	0	0	0	0	93	0	78	0	129	0	0	0	0	0	142	0	0	53	0	26	0	102	0
502c7000f944688104ac9819b209dd37	0	0	0	0	0	0	0	0	28	0	0	0	0	0	0	0	0	0	0	0	0	0	0	0	0	0	0	0	0	0
9bb2d8a0f3fc9f175b35a7dc536139c9	0	0	0	16	0	0	0	0	0	0	0	0	0	0	0	0	0	0	0	0	0	0	0	0	0	0	0	0	0	0
e38e7aa7ab91ae8c15a6ecdf0634dc30	0	0	0	0	0	0	0	0	0	0	0	0	0	0	0	0	0	11	0	0	0	0	0	0	0	0	0	0	0	0
7325d02fb83a261b41d91c3e0b1a88f7	0	0	0	0	0	0	0	0	0	0	0	0	0	3	0	0	0	0	0	0	0	0	0	0	0	0	0	0	0	0
c23543a63ea635482a1b4adf1800c0d9	0	0	0	0	0	0	0	0	0	0	5	0	0	0	0	0	0	0	0	0	0	0	0	0	0	0	0	0	0	0
ea137b3ef291d1637cd5b86fd96f766f	0	0	0	0	0	0	0	0	0	0	0	0	0	84	0	0	197	73	20	19	0	0	0	0	0	0	0	0	0	0
73b23d8c436c9cbfa427e00dff9d3683	0	0	0	0	0	0	0	0	0	0	0	0	0	0	0	0	0	0	0	0	0	0	3	0	0	0	0	0	0	0
129790a4f0d97d191dfc275836abc17e	0	0	0	0	0	0	0	0	0	0	0	0	0	0	0	0	0	0	0	0	0	0	0	0	0	0	0	0	2	0
6d9d665e799fba2eb8e47cd6e59a829a	0	0	0	0	0	0	0	0	0	0	0	0	0	2	0	0	0	0	0	0	0	0	0	0	0	0	0	0	0	0
31b00d6f3df5f82ece898b846de4bfec	0	0	0	0	0	0	0	0	0	0	0	0	0	0	0	0	0	0	0	0	0	0	0	0	0	0	4	0	0	12
34f048272b0b3ecd4b1f793bcbb6c5eb	0	0	0	0	0	0	0	0	0	0	0	0	0	19	0	0	0	0	0	0	0	0	0	0	0	0	0	0	0	0
a408605ae1506c5c88d4751f064537a3	0	0	0	0	0	0	0	0	0	0	0	0	0	0	0	0	0	0	7	0	0	0	0	0	0	0	0	0	0	0
70c2eb5fbe1a6eea8a21ec84447e745b	0	0	0	0	0	0	0	0	0	0	0	0	0	0	0	0	0	0	0	0	0	0	0	0	0	0	0	0	10	0
57d71c01a296ff14350a8b871558e46b	0	0	0	0	0	0	0	11	0	0	0	0	0	0	0	0	0	0	0	0	0	0	0	0	0	0	0	0	0	0
146bc3aff036c4ebfc83f8a94541b8df	0	0	0	0	0	0	0	0	0	0	5	0	0	0	0	0	0	0	0	0	0	0	0	0	0	0	0	0	0	0
e58a8ae243a0ff1d6b8ade0edae18b42	0	0	0	0	8	0	0	0	0	0	0	0	0	0	0	0	0	0	0	0	0	0	0	0	0	0	0	0	0	0
e00e092f10aeb263b2dcd5b7cd4597ae	0	0	0	0	0	0	0	0	0	0	0	0	0	0	0	0	0	0	0	0	0	0	0	6	0	12	0	0	0	0
a7ee316053129d107c146aaabf17c933	0	0	0	0	0	0	0	0	0	0	0	0	0	0	79	0	0	0	0	0	0	0	0	0	0	0	0	0	0	0
42c56d7a57ac9cc36a65ae9bc5eac8ca	0	0	0	0	0	0	0	0	0	0	0	0	0	0	0	0	0	0	0	0	0	10	0	0	0	0	0	0	0	0
2425f800994be5a96a5561c76585303e	0	0	0	0	0	0	0	0	0	0	0	0	0	0	0	0	0	5	0	0	0	0	0	0	0	0	0	0	0	0
df2bea915199c3254abddccf68d607c7	0	0	0	0	0	0	0	0	0	0	0	0	0	0	0	0	0	0	0	0	0	0	5	0	0	0	0	0	0	0
cb1a51c546d191fe2ef7ac1545f6139f	0	0	0	0	0	0	0	0	0	0	0	0	0	0	13	0	0	0	0	0	0	0	0	0	0	0	0	0	0	0
5aa4869483a001ff70c61e9b00fa2d10	0	0	0	0	0	0	0	0	0	0	2	0	0	0	0	0	0	0	0	0	0	0	0	0	0	0	0	0	0	0
f2374039f9b9ca6921bedc60f9dc3af0	0	0	0	0	0	0	0	0	0	0	0	0	21	0	0	0	0	0	0	0	0	0	0	0	0	0	0	0	0	0
76bff1e8444a0081f8ac155f2ca1e362	0	0	0	0	0	0	0	0	0	0	0	0	0	0	0	7	0	0	6	0	0	0	0	0	0	0	0	0	0	0
f76b57ee6b176b38d05a03e832dd2d2a	0	0	0	0	0	14	0	0	0	0	0	0	0	0	0	0	0	0	0	0	0	0	0	0	0	0	0	0	0	0
f4b1479546bb7860b00c698d4f2e5369	0	0	0	0	0	0	0	0	0	0	0	0	0	0	0	0	0	0	0	11	0	0	0	0	0	0	0	0	0	0
476024b8c791691ff56c6c25b2208c12	0	0	0	0	0	3	0	0	0	3	0	0	0	0	0	0	0	0	0	0	0	0	0	0	0	0	0	0	0	0
316cba14be4f860df595ead562937187	0	0	0	0	0	2	0	0	0	0	0	0	0	0	0	0	0	0	0	0	0	0	0	0	0	0	0	0	0	0
3451f7368c63c147dc3e13e7b04d564d	0	0	0	0	0	0	0	0	0	0	0	0	0	0	0	0	0	0	0	0	0	0	0	0	0	0	0	0	0	2
922d20e495628a0ac8a0f2ec35129d62	0	0	0	0	0	20	0	0	0	0	0	0	0	0	0	0	0	0	0	0	0	0	0	0	0	0	0	0	0	0
8eb895deafd1f0526267d4f684e716bb	0	0	0	0	0	0	0	0	0	0	4	0	0	0	0	0	0	0	0	0	0	0	0	0	0	0	0	0	0	0
22b95bfa2738727b749034a70eb8b394	33	0	0	0	0	24	0	0	0	0	0	0	0	0	0	0	0	0	0	0	0	0	0	0	0	0	0	0	0	0
0956f1b96f4448319a8ff1b95cc7fb02	0	93	0	0	0	0	0	0	0	0	0	0	0	0	0	0	0	0	0	0	0	0	0	0	0	0	0	0	0	0
697dc41b22a708871ed026d0010f4698	0	0	0	0	0	0	10	0	0	0	130	61	48	21	29	39	118	54	63	51	0	17	0	29	38	65	71	11	67	13
da21d1dfa6405dbae8740365af5db8c2	0	0	0	0	0	0	0	0	0	0	17	0	0	0	0	0	0	0	0	0	0	0	0	0	0	0	0	0	0	0
8883136a228fc96f35ce8014a1702a2c	0	0	0	0	0	0	0	0	0	0	0	0	0	0	0	0	0	0	0	0	0	7	0	0	0	0	0	0	0	0
5a1d9a860260da15dd1af5f93a7b17a7	0	0	0	0	0	5	0	0	0	0	0	0	0	0	0	0	0	0	0	0	0	0	0	0	0	0	0	0	0	0
bf5b28f9f7eff283237a4e280886ff22	11	18	0	0	15	42	0	0	0	0	0	0	0	0	0	0	0	0	0	0	0	0	0	0	0	0	0	0	0	0
2d64e98c115bad59d1e5bd5fbb843fd8	2	0	0	13	0	0	0	0	0	0	0	0	0	0	0	0	0	0	0	0	0	0	0	0	0	0	0	0	0	0
fc86eaad87bcf52561b7b18482a046f2	0	0	0	0	0	0	0	0	0	0	0	0	0	0	0	0	6	0	0	0	0	0	0	0	0	0	0	0	0	0
1311742cf8747b63cffbf477f576d663	0	0	0	0	0	0	0	0	12	0	0	0	0	0	0	0	0	0	0	0	0	0	0	0	0	0	0	0	0	0
e0e01e6efa04c3b2de8e3fc1b5ef0810	0	0	21	0	0	0	0	0	0	0	0	0	0	0	0	0	0	0	0	0	0	0	0	0	0	0	0	0	0	0
8374a4b18cbf17b42cb9532e48f7c22c	0	0	0	0	0	0	0	0	0	0	0	0	0	0	0	0	0	0	0	0	0	0	0	0	0	0	0	0	0	40
a0aed79945d42ede762868f3bc9cd249	0	0	0	0	0	0	0	0	0	0	0	0	0	0	0	0	0	0	0	0	0	0	0	0	18	0	0	0	0	0
999f7f412e45735d080ce2cf4285372d	0	0	0	0	0	0	0	0	0	0	0	0	0	0	0	0	0	17	0	0	0	0	0	0	0	0	0	0	0	0
d6c6e28f5fab8b4ef9712ff497540cc7	0	0	0	0	0	0	0	37	0	0	0	0	0	0	0	0	0	0	0	0	0	0	0	0	0	0	0	0	0	0
366ae13f4fd85d58eba574e4f34a0bb3	0	0	0	0	0	0	0	0	0	0	0	4	0	0	0	0	0	0	0	0	0	0	0	0	0	0	0	0	0	0
164f1da708e1cef73bd0431f89de592e	0	0	0	0	0	0	0	0	0	0	0	0	0	0	0	0	0	0	64	0	0	0	0	0	40	0	75	0	28	0
6171f341aa3e448e301f3f33b461d5a4	0	0	0	0	0	13	0	0	0	0	0	0	0	0	0	14	5	0	0	0	0	0	0	0	0	0	0	0	0	0
714803f3869ad71a369b07aa19d059cd	0	0	17	0	0	0	0	0	0	0	0	0	0	0	0	0	0	0	0	0	0	0	0	0	0	0	0	0	0	0
e16801c5609fd92efcfc1962464be31d	0	0	0	0	17	0	0	0	0	32	0	0	0	0	0	0	0	0	0	0	0	0	0	0	0	0	0	0	0	0
532c233f0007cbcd68f2ca9e88bc5c59	0	0	0	0	0	0	0	0	0	0	0	0	0	0	0	0	0	0	0	0	0	0	0	0	0	0	9	0	0	0
07b5385c24390e99d8b770b8f67fcec6	0	0	0	0	0	0	0	0	4	0	0	0	0	0	0	0	0	0	0	0	0	0	0	0	0	0	0	0	0	0
5175d2d212e18c4efcec39512f3f46d5	0	0	0	4	0	0	0	0	0	0	18	15	36	22	0	0	11	34	6	189	0	0	0	0	0	0	0	0	0	0
3ac68ee0aaa1bfc04c2434ecc5d6df25	16	0	0	0	0	0	0	0	0	0	0	0	0	0	0	0	0	0	0	0	0	0	0	0	0	0	0	0	0	0
d2200a31bdd3d6dc2d2a9539a4d77003	0	0	0	0	0	0	0	0	0	0	0	0	0	0	0	0	0	0	0	0	0	0	0	0	0	0	0	0	2	0
db1fbe1ca45dba27f7d04489f75a989c	0	0	0	0	0	13	0	8	0	5	12	0	0	0	0	0	0	0	0	0	0	0	0	0	0	0	0	0	0	0
10f303e733565f86d059e45c9e89b41c	0	0	0	0	0	0	0	0	0	0	0	0	0	0	0	0	0	0	0	7	0	0	0	0	0	0	0	0	0	0
01445188bb9e784270293c69f9b050d9	0	0	0	0	0	0	0	0	0	0	0	0	0	0	0	6	0	0	0	0	0	0	0	10	0	0	0	0	0	0
734e418ef7618c6b83b430b98edb101a	0	0	17	0	10	0	40	0	0	0	0	21	0	17	0	12	0	21	0	19	24	0	0	0	0	0	0	0	0	0
9ea858ef1977128e06107991dc82f09f	0	0	0	0	0	0	0	0	0	0	0	0	0	0	0	0	0	0	0	0	0	0	0	0	0	0	18	0	0	0
b36f7af7da60fad1573f81dd4a2dc069	0	3	0	0	0	0	0	0	0	0	0	0	0	0	0	0	0	0	0	0	0	0	0	0	0	0	0	0	0	0
f3cdb04670a3087bf72fca1ed272f0d6	0	0	0	7	0	0	0	0	0	0	0	0	0	0	0	0	0	0	0	0	0	0	0	0	0	0	0	0	0	0
f83bb04982b0a0b537c9a5c02d58e65c	0	0	0	0	0	0	0	0	0	0	0	0	0	0	0	0	0	0	0	0	0	0	0	0	0	0	0	0	0	21
75dbc10e1d5af9aaa2faa1af556e9b13	0	0	0	0	0	0	0	0	0	0	0	0	0	0	0	0	2	0	0	0	0	0	0	0	0	0	0	0	0	0
9fd3c6fd464f4ea6968505693ac35bcd	0	0	181	0	0	0	0	0	0	0	0	0	0	0	0	0	11	0	7	11	0	0	0	0	0	0	0	0	0	0
580f5a29120bc3e53e37e69cbcc1caa6	0	0	0	0	0	0	0	4	0	0	0	0	0	0	0	0	0	0	0	0	0	0	0	0	0	0	0	0	0	0
173a7b025d3ad655e131c61fa5ffbce9	0	0	0	0	0	0	0	0	0	0	20	30	0	0	0	10	0	0	0	0	0	0	0	129	0	0	0	0	0	0
bb84bb5954f31c4f7ab0ee0e798ac664	0	0	0	0	0	0	0	0	0	0	0	0	0	13	0	0	0	0	0	0	0	0	0	0	0	0	0	0	0	0
6ae204b12d4c5b05f7acbe9bde3782ff	0	0	0	0	0	0	0	0	0	0	10	0	0	36	0	0	0	0	0	0	0	0	0	0	0	0	0	0	20	0
8dfbba82ed1090f2217b95e76c41d52b	0	0	0	0	0	0	0	0	0	0	0	0	0	12	0	0	0	0	0	0	0	0	0	0	0	0	0	0	0	0
d750e6f8ff3187ed43cffbea08c506df	0	0	0	0	0	0	0	0	0	0	4	0	0	0	0	0	0	0	0	0	0	0	0	0	0	0	0	0	0	0
dddb9516c778c931d9d5449e175e5942	0	0	0	0	0	0	0	0	0	0	0	0	0	0	0	0	0	0	0	0	0	0	0	0	0	0	7	0	0	0
5469dede8a8a8e7d69f37f86d1015497	0	0	0	0	0	0	0	0	0	0	0	0	0	0	0	0	0	0	2	0	0	0	0	0	0	0	0	0	0	0
ba576124c7c6247d11f2ce309fd46d29	0	0	0	0	0	0	0	0	0	0	0	0	47	0	0	0	0	0	0	0	0	0	0	0	0	0	0	0	0	0
9c04776da85e9e2403bb738e8023d39b	0	0	0	0	0	0	0	0	0	0	0	0	0	0	0	0	0	0	3	0	0	0	0	0	0	0	0	0	0	0
f4b8e9d5b4f029f31cf1131bb2272744	0	0	0	0	0	14	0	0	0	0	0	0	0	0	0	0	0	0	0	0	0	0	0	0	0	0	0	0	0	0
b9a8de214e406143b017b639ae19b169	0	0	0	0	0	0	0	0	0	0	0	0	0	0	0	54	0	0	0	0	0	0	0	0	0	0	0	0	0	0
0cf39d1d444810f6fdd2d8927a2beb8b	0	0	0	0	0	2	0	0	0	0	0	0	0	0	0	0	0	0	0	0	0	0	0	0	0	0	0	0	0	0
639c26977288c9ab03bc9e4b26282c33	3	0	0	0	0	0	0	0	0	0	0	0	0	0	0	0	0	0	0	0	0	0	0	0	0	0	0	0	0	0
e50218e1c4dfc70c125ed5bbb42a3108	0	0	0	0	0	0	0	0	23	0	0	0	0	0	0	0	0	0	0	0	0	0	0	0	0	0	0	0	0	0
a4a99998df57b57ccb94210fbb4cbe4f	0	0	0	0	0	0	0	0	0	0	0	0	0	0	0	0	0	0	6	19	0	0	0	0	0	0	0	0	0	0
1b338e983213806e42a62a6f2588368c	0	0	0	0	0	0	0	0	0	0	0	0	0	0	0	5	0	0	0	0	0	0	0	0	0	0	0	0	0	0
1ee7b406ee93df5811c4d1725fdb12e1	0	0	0	0	0	0	0	0	0	0	0	0	0	0	0	0	6	9	51	19	0	0	0	0	0	0	0	0	0	0
fa2c31d478e561047200820a70d1c9d7	0	0	0	0	0	0	0	0	0	0	0	2	0	0	0	0	0	0	0	0	0	0	0	0	0	0	0	0	0	0
2a40794cd6ed4257f9be6b3530c2321d	0	0	0	0	0	0	0	0	0	6	0	0	0	0	0	0	0	0	0	0	0	0	0	0	0	0	0	0	19	0
4db20f164bb62dabb38f5de649d0d1a2	0	0	0	0	7	0	0	0	0	0	0	0	0	0	0	0	0	0	0	0	0	0	0	0	0	5	0	0	0	0
8ee0dd7801b0439ffaffa495cbe64465	165	137	0	167	211	91	69	0	205	54	0	50	0	0	52	145	59	59	0	0	0	0	0	0	0	0	0	0	0	0
2801dbf11f84b55c8e4c0a60b8c3a83c	0	0	0	0	0	0	0	0	0	0	0	18	0	0	0	12	0	0	0	0	0	0	0	0	0	0	0	0	0	0
bcb4a0863324e39524684236639b3bb6	0	0	0	0	0	0	0	0	0	0	18	0	0	0	0	0	0	0	0	0	0	0	0	0	0	0	0	0	0	0
198b4bfa03f0e9ee3be2b1ac0feb5671	0	0	0	0	0	0	0	0	0	0	16	0	0	0	0	0	0	0	0	0	0	0	0	0	0	0	0	0	0	0
639494fd17e4b2548e5f28e2d0aecc7f	0	0	0	0	0	0	0	0	0	0	0	0	0	6	0	0	0	0	0	0	0	0	0	0	0	0	0	0	0	0
39a84cc0d15cab7a8b63a56eaa79616d	0	0	0	0	0	0	38	0	0	0	0	0	0	0	0	0	0	0	0	0	0	0	0	0	0	0	0	0	0	0
9dc2ec349e66aea31bd1000b93c61679	0	0	0	0	0	0	0	0	0	0	0	0	0	29	0	0	0	0	19	0	0	0	0	0	0	0	0	0	0	0
6024057feea276fa1033d729a92580f0	16	13	0	0	0	24	0	0	0	35	0	0	0	0	0	0	0	0	0	0	0	0	0	0	0	0	0	0	0	0
cb7a1c00f2a9a97ad7633da4cf2250d2	0	0	0	0	0	0	0	0	0	0	11	0	0	0	0	0	14	0	0	0	0	0	0	0	13	0	0	0	7	0
ea9fb5a1e196ba6d0eded48c5a87803b	0	0	0	0	0	0	0	0	2	0	0	0	0	0	0	0	0	0	0	0	0	0	0	0	0	0	0	0	0	0
732085fa027518f0634f8fbcf6ca8d75	0	0	0	0	0	0	0	0	0	0	0	0	0	0	0	14	0	0	0	0	0	0	0	0	0	0	0	0	0	0
9ec31b8c161b4fbe3f4bd6d57bc07c50	0	105	0	0	16	0	0	0	0	0	0	0	0	0	0	0	0	0	0	0	0	0	0	0	0	0	0	0	0	0
483fe44e5c7c4a3d0512e5595040bb9b	0	0	0	0	0	0	0	0	0	0	5	0	0	0	0	0	0	0	0	0	0	0	0	0	0	0	0	0	0	0
c27fa088993eaa52ea4ff30b744cf12d	0	0	0	0	0	0	0	0	3	0	0	0	0	0	0	0	0	0	0	0	0	0	0	0	0	0	0	0	0	0
be93e3982d8f81a03afbe852f81a1628	0	0	0	12	0	0	0	0	25	0	9	0	0	0	0	0	0	0	0	0	0	0	0	0	0	0	0	0	0	0
fe2132f9e1dc3fa00d190920938f763d	0	0	0	0	0	0	0	0	0	0	39	65	233	8	0	24	0	0	9	12	0	0	0	17	0	10	0	0	0	0
f69935468f23e756fecb52ff97286a75	0	0	0	7	8	0	0	56	0	10	0	0	0	0	0	0	0	0	0	0	0	0	0	0	0	0	0	0	0	0
05275de8db2f6162fd8c7621f6a724d1	0	0	0	0	0	18	0	0	0	0	0	0	0	0	0	0	0	0	0	0	0	0	0	0	0	0	0	0	0	0
e7a7c45847855742e0de0fa1cd69510a	0	0	0	0	0	0	0	0	0	0	0	0	0	0	0	0	0	0	0	0	0	0	0	0	0	0	2	0	0	0
d7491daacc268d24a838131947c1b538	0	0	0	0	0	0	0	0	0	0	0	0	0	0	0	0	0	0	0	0	0	0	0	0	0	0	0	0	6	0
5a76c0a91385d0fc12cc18ea533b804d	0	0	0	0	0	0	0	0	0	0	0	0	0	0	0	0	0	0	0	0	0	0	0	0	0	0	0	3	0	0
a47da1e0ff307f01250613c65038badb	0	0	0	0	0	0	145	0	0	0	0	0	0	9	17	272	121	92	84	56	0	0	0	23	14	0	0	0	13	0
35f03d125182a047dd206f7c70009614	0	0	0	0	0	0	0	0	0	0	0	0	8	0	0	0	0	0	0	0	0	0	0	0	0	0	33	0	0	0
593770bb0c6a54296579e7792b762a03	0	0	0	0	0	0	0	0	0	0	0	0	0	0	0	0	0	0	8	0	0	0	0	0	0	0	0	0	0	0
205339294261b9f66cd328b72f937cfe	0	0	0	0	0	0	0	0	0	0	0	4	0	0	0	0	0	0	0	0	0	0	0	0	0	0	0	0	0	0
4ea72b5564ef0d65cc84cbc6936bfe8f	0	0	0	0	0	0	0	0	0	0	0	0	0	0	0	0	0	0	0	0	0	0	2	0	0	0	0	0	0	0
ab3aeaa48370a6ead6708c9c3c85d990	0	0	0	0	0	0	0	0	0	0	0	0	0	0	0	0	0	0	0	7	0	0	0	0	0	0	0	0	0	0
37f7fef9705bf9b33d867771311e2fe1	0	0	0	0	0	0	0	0	0	0	0	0	0	0	0	0	0	0	0	2	0	0	0	0	0	0	0	0	0	0
0c3f7c68c3f1aece5718134487ab472a	0	0	0	0	0	0	2	0	0	0	0	0	0	0	0	0	0	0	0	0	0	0	0	0	0	0	0	0	0	0
a6616b279112b45c658581da60fbcd04	0	0	0	0	0	0	0	0	0	0	0	0	0	0	0	0	0	0	0	0	0	0	0	0	0	23	9	0	0	0
39ef65dfc72c0d4aec4612fc52eecdda	0	0	0	13	0	0	0	0	0	0	0	0	0	0	0	0	17	0	0	0	0	0	0	0	0	0	0	0	0	0
daed61883c2dba4d8d2014294d942caa	0	0	0	0	0	0	0	0	0	0	0	0	0	0	0	0	0	0	0	0	0	0	0	0	2	0	0	0	0	0
9121da927739d263194dfcbd7055f62a	0	0	0	0	0	0	0	0	0	0	0	0	0	0	0	0	0	0	0	2	0	0	0	0	0	0	0	0	0	0
c022a8213230060047f867bf5c8d5572	0	0	0	0	0	0	0	0	0	0	0	0	11	0	0	0	0	0	0	0	0	0	0	0	0	0	0	0	0	0
15fca5c9d7acc7c3d095b0dec7f77e38	0	0	0	0	0	7	0	0	0	0	0	0	0	0	0	0	0	0	0	0	0	0	0	0	0	0	0	0	0	0
73610dc93fa9db06c35f4ddbd2a1efcf	0	0	0	0	0	0	0	14	0	0	0	0	0	0	0	0	0	0	0	0	0	0	0	0	0	0	0	0	0	0
c4f76e3153ca609dea352f39da8a8f91	0	0	0	0	0	0	0	0	0	0	14	0	0	0	0	0	0	0	0	0	0	0	0	0	0	0	0	0	0	0
009caf4563a5cfd526bfa53158cf983c	0	0	0	0	0	0	11	0	0	0	0	0	0	0	0	0	0	0	0	0	0	0	0	10	0	0	0	0	0	0
3bc3116dbacb7163c6639f49cdd90445	0	0	0	0	0	0	0	0	0	0	0	0	0	0	0	0	2	0	0	0	0	0	0	0	0	0	0	0	0	0
a38597f9ab8d34020b882b069ea75cd2	0	0	0	0	0	0	0	0	0	0	0	0	0	51	0	0	0	0	0	0	0	0	0	0	0	0	0	0	0	0
0fe73a53af0f99c8e5f37733427d4711	0	26	0	0	0	0	0	0	0	0	0	0	0	0	0	0	0	0	0	0	0	0	0	0	0	0	0	0	0	0
62e93ab9549068e01848f2d2ae098c33	0	0	0	0	0	0	0	10	0	0	0	0	0	0	0	0	0	0	0	0	0	0	0	0	0	0	0	0	0	0
1947b5528285b9df5a9e4271b314c90c	27	61	0	37	45	49	0	0	28	0	0	0	0	0	0	0	0	0	0	0	0	0	0	0	0	0	0	0	0	0
3529ecadab9c5a590ba7732980342692	0	0	0	0	0	0	0	0	0	0	0	0	0	0	0	0	0	0	0	0	0	0	0	0	0	44	0	0	0	0
e9a2e13c197d748481418b8ae7a91209	0	0	0	0	0	0	0	0	0	0	0	0	0	0	2	0	0	0	0	0	0	0	0	0	0	0	0	0	0	0
42f4658173afc7b48ff4a8223fe335b3	0	0	0	4	0	0	0	0	0	0	0	0	0	0	0	0	0	0	0	0	0	0	0	0	0	0	0	0	0	0
7cd98dd3be3a43135fc11916b76fc900	0	0	0	0	0	0	0	0	0	0	11	0	0	0	0	0	0	8	0	0	0	0	0	0	0	0	0	0	0	0
9b4ec517c2053995767ad8bcefbd6502	0	0	0	0	0	0	0	0	0	0	0	0	0	0	0	0	0	0	0	0	0	12	0	0	0	0	0	0	0	0
9bf940157414d7d55b3abcc924d7b260	3	0	0	0	0	0	0	0	0	0	0	0	0	0	0	0	0	0	0	0	0	0	0	0	0	0	0	0	0	0
5beba15e01abfc4221ee3883bcf5aff2	0	0	0	0	0	0	0	0	0	0	0	0	0	0	0	0	0	0	0	12	0	0	0	0	0	0	0	0	0	0
2078f626cbfd4d5056930aea944c8179	0	0	0	0	0	7	0	0	0	0	0	0	0	0	0	0	0	0	0	0	0	0	0	0	0	0	0	0	0	0
e79b37ae3f476bf98494e19ad797acca	0	0	0	0	0	0	0	0	0	0	0	0	0	0	0	0	0	0	0	0	0	0	33	0	0	0	0	0	0	0
e39f9c7c1be14f7ed2f1cb7384a1aa60	0	0	0	0	0	0	0	0	0	0	0	0	0	0	0	0	0	0	0	0	0	0	0	0	0	8	0	0	0	0
874062df4f36ddc352876d26416b2678	0	0	0	0	0	2	0	0	0	0	0	0	0	0	0	0	0	0	0	0	0	0	0	0	0	0	0	0	0	0
2cff059c4bdccfb812fa09feceb3b23d	0	0	0	0	0	0	0	0	0	0	0	0	0	0	19	0	0	0	0	0	0	0	0	0	0	0	0	0	0	0
bc37ee8dec99592461ca1af68d34ab02	0	0	0	0	0	0	0	0	0	0	0	0	0	0	0	0	0	5	0	0	0	0	0	0	0	0	0	0	0	0
67678172ab00fd167164466b53331001	0	0	0	0	0	0	0	0	0	0	0	0	0	0	0	0	0	0	0	0	15	0	0	0	0	0	0	12	0	11
a098afc8c5b176d7e24de83889cd94c8	0	0	0	0	0	0	0	0	0	0	14	0	0	0	0	0	0	0	0	0	0	0	0	0	0	0	0	0	0	0
546fa8988ad5837bb06e36c7d89de660	0	0	23	0	0	0	0	0	0	0	1	0	0	0	0	0	2	0	0	0	11	0	0	0	0	0	0	0	0	44
9cc8d00506904a0e8e88624b2eb3ea51	0	0	0	0	0	0	0	0	0	0	0	0	0	0	0	0	0	0	0	2	0	0	0	0	0	0	0	0	0	0
db1606fa719ba76d714aad0b8eacdf43	0	0	0	0	0	58	0	0	21	90	0	0	0	0	0	0	0	0	0	0	0	0	0	0	0	0	0	0	0	0
ea03f9da048e663495661423b0ad78c5	0	0	0	0	0	0	0	0	0	0	0	0	0	0	0	0	0	0	0	0	0	0	0	0	0	6	0	0	0	0
79a587e732f732ba67806ab033754669	0	0	0	0	0	0	0	0	0	0	0	0	0	0	0	2	0	0	0	0	0	0	0	0	0	0	0	0	0	0
7a85ce335d8635f4f80e04dd8e803866	0	0	0	0	0	0	0	0	0	0	0	0	0	0	0	0	0	0	0	0	0	0	0	0	0	0	0	0	0	3
0f2907ce3e963791d1069e0a403f98e4	0	0	0	3	0	0	0	0	0	0	0	0	0	0	0	0	0	0	0	0	0	0	0	0	0	0	0	0	0	0
e141da32881e659c9f1bb34233162800	0	0	0	0	0	0	0	0	0	0	0	0	0	0	16	0	0	0	0	11	0	0	0	0	0	40	0	0	0	0
9b954e750150892190e8d558f724b4e4	0	0	0	0	0	0	0	0	0	0	0	0	0	0	0	0	0	0	0	0	0	0	0	0	0	3	0	0	0	0
d06c0c2b17780a434818db354a52751e	0	0	0	0	0	0	0	0	0	0	0	0	0	0	0	0	0	0	3	0	0	0	0	0	0	0	0	0	0	0
4f3e5ea06a8f1edd7beb4f97faa05dae	0	0	0	0	0	0	0	0	0	0	0	0	0	0	0	0	0	0	0	0	0	0	0	0	0	0	0	0	0	132
b6e2aa621b9c78f654b2d086709f0944	0	0	4	0	0	0	0	0	0	0	0	0	0	0	0	0	0	0	0	0	0	0	0	0	0	0	0	0	0	0
242d0c5279766f0afd3171ee44a164bb	0	0	0	0	0	0	0	2	0	0	0	0	0	0	0	0	0	0	0	0	0	0	0	0	0	0	0	0	0	0
82ac27813221fbce1d112785e26d8c86	0	0	0	0	0	0	0	0	0	0	0	0	0	0	0	0	3	0	0	0	0	0	0	0	0	0	0	0	0	0
f9d9054394493edf4ae77b479873304a	0	0	0	0	0	0	0	0	9	0	0	0	0	0	0	0	0	0	0	0	0	0	0	0	0	0	0	0	0	0
4aa8fdee814231d8f2a3b2a2cecdb5b4	0	0	0	0	0	0	0	0	0	0	0	0	0	0	0	0	0	0	0	0	0	0	0	0	0	8	0	4	0	0
e03267809da535f4c8ae4436ea4d6499	0	5	0	0	0	12	6	0	0	21	0	0	0	0	0	0	0	0	0	0	0	0	0	0	0	0	0	0	0	0
cf3385c4720773c6832a0705c0fe0954	0	0	0	0	0	0	0	0	0	0	0	0	0	0	0	0	0	0	0	0	0	0	0	0	0	0	0	0	6	0
a2bc801b043384aa07a136ee5201caf3	0	0	0	0	0	0	0	0	0	0	12	0	0	0	0	0	0	0	0	0	0	0	0	0	0	0	0	0	0	0
50d55f3cf8a221d1233ee761ca31f5a0	12	0	49	75	11	9	32	16	11	20	6	0	20	16	0	25	15	8	37	0	0	15	0	0	7	32	0	0	55	0
15f58b3addac3127f525fc30b4d65281	0	0	0	0	0	0	0	0	0	0	0	0	0	0	0	0	0	0	9	0	0	0	0	0	0	0	0	0	0	0
7ca0e69dcb461b5b39d3719a653169fc	0	0	0	0	34	0	0	0	0	0	0	0	0	0	0	0	0	0	0	0	0	0	0	0	0	0	0	0	0	0
c6cb2691a077eedeabc174d5443b7ff0	0	0	0	0	0	0	6	0	0	0	0	0	0	0	0	0	0	0	0	0	0	0	0	0	0	0	0	0	0	0
82a302cac0056cb66de51662902ccafe	0	0	0	0	0	0	0	0	12	0	0	0	0	0	0	0	0	0	0	0	0	0	0	0	0	0	0	0	0	0
5cd5a612bfe219b542daccf4e1b7c1cc	0	0	0	0	0	0	0	0	0	15	0	0	0	0	0	0	0	0	0	0	0	0	0	0	0	0	0	0	0	16
1c0f049687fb165d7ec9731f9f6372cd	0	0	0	0	0	0	0	0	0	0	0	0	0	19	0	0	0	0	0	0	0	0	0	0	0	0	0	0	0	0
3f92903dc63bf139eeea7c35a79c5f2f	0	0	0	0	0	0	0	0	0	0	0	0	0	0	0	0	0	0	0	97	0	0	0	0	6	0	0	0	0	0
4b4bb1fad2c8554a707e37dfaf00a352	0	0	0	0	0	40	0	0	0	0	0	0	0	0	0	0	0	0	0	0	0	0	0	0	0	0	0	0	0	0
875351cb702b896a58445b4ed8eb0d54	0	0	0	0	0	0	0	0	0	0	9	0	0	0	0	0	0	0	0	0	0	0	0	0	0	0	0	0	0	0
283d9f39f175a9dca7a0e387975d29b9	32	0	13	236	139	106	244	15	56	0	21	50	30	0	0	0	0	19	18	8	0	0	0	0	0	14	0	9	0	0
4cd560630340006dc2f0b64a9f310838	0	0	0	0	0	0	0	0	0	0	0	0	0	0	0	0	0	18	0	0	0	0	0	0	0	0	0	0	0	0
8f2229eff2d463835f86b0bf09721640	0	0	0	60	103	58	0	0	87	0	0	0	47	0	0	0	0	42	53	17	0	0	0	19	0	36	15	0	0	27
3756f76aa4f598d624a472c767f395ed	0	83	32	128	104	53	34	0	29	39	0	8	0	0	0	0	0	17	0	0	0	0	0	0	26	0	19	0	6	0
9bb9b5e2fea93df218253549d4c732f8	0	0	0	0	0	0	0	0	0	0	0	0	0	0	0	0	0	0	0	0	0	0	0	0	6	0	0	0	0	0
0e2ad5194f767322d082de4920c95344	0	0	0	0	0	0	0	0	0	0	0	3	0	0	0	0	0	0	0	6	0	0	0	0	0	0	0	0	0	0
4da53db740e043e120058a0855f29d24	0	0	0	0	0	0	0	0	0	0	0	0	0	0	0	0	0	0	0	0	0	0	0	0	0	0	0	0	0	10
d2ef8e0461b1b75aa75bb8f056598749	0	0	0	0	0	0	0	0	0	0	0	0	0	0	15	0	0	0	0	0	0	0	0	0	0	0	0	0	0	0
9ab3818011a4e485e20a55a41fc49951	0	0	0	0	0	0	0	0	0	0	0	0	0	0	0	0	0	0	0	0	0	0	0	0	0	0	0	0	0	2
9b3eb426c7cbd90cbfa3fd8c51eaccb2	0	0	0	0	0	0	0	0	0	0	2	0	0	0	0	0	0	0	0	0	0	0	0	0	0	0	0	0	0	0
172566acf0fc901818f04464aab002f5	0	0	0	0	0	0	0	0	25	0	0	0	0	0	0	0	0	0	0	0	0	0	0	0	0	0	0	0	0	0
3c6cb26944827cb086f44a48b28f7013	0	0	0	15	0	5	0	0	0	0	0	0	0	0	0	0	0	0	0	0	0	0	0	0	0	0	0	0	0	0
5b4bbfd4751c585c07744b30a2761f1d	0	0	0	0	0	1	0	0	0	0	0	0	0	0	0	0	0	0	0	0	0	0	0	0	0	0	0	0	0	0
cac538b87f008bb361aa62890f88eb88	0	0	0	0	0	0	0	0	0	0	0	0	0	0	0	0	0	0	0	0	0	0	0	0	0	0	0	10	0	0
d420c5eba9610e54bcd16438999958e9	0	0	0	0	0	0	0	6	0	0	0	0	0	0	0	0	0	0	0	0	0	0	0	0	0	0	0	0	0	0
c9ad9c841217759b2377f353decc0017	0	0	0	0	0	0	0	0	0	0	3	0	0	0	0	0	0	0	0	0	0	0	0	0	0	0	0	0	0	0
a26309005207d90eb7b872fd5d8e5786	0	0	0	0	0	0	0	8	0	0	0	0	0	0	0	0	0	0	0	0	0	0	0	0	0	0	0	0	0	0
71b9b1a7310fa6c69f2943d095a20139	0	0	0	0	0	19	0	0	0	49	0	0	0	0	0	0	21	13	0	0	0	23	0	0	0	0	9	0	0	0
4cb19d3eb91f7e4a13c475d64fdf71a5	0	0	0	0	0	0	0	0	0	0	0	0	0	0	0	0	0	0	0	0	0	0	0	0	0	0	0	0	2	0
213d9a8d3b42e050b0c9806e21edbc84	0	0	0	0	0	0	0	0	0	0	0	0	0	0	0	0	0	0	8	0	0	0	0	0	0	0	0	0	0	0
750112c9caee052ed4a44f218610d48b	0	0	0	0	0	0	0	0	0	0	0	0	0	0	0	0	40	32	0	30	0	0	0	0	0	0	0	0	0	0
e8c540fb80602a624a22e7ed6633728c	0	0	0	0	0	0	0	0	0	0	0	0	0	2	0	0	0	0	0	0	0	0	0	0	0	0	0	0	0	0
1dd178baa90a15118c7034208717ae9a	0	0	0	0	0	0	0	0	0	67	0	0	0	0	0	0	0	0	0	0	0	0	0	0	0	0	0	0	0	0
58cbfe0e9714a15104c1df905c86ac09	0	0	0	0	0	0	43	0	0	0	0	0	20	0	0	0	0	0	0	0	0	0	0	0	0	0	0	0	0	0
a932d522229764b9a9595f8dbef52adf	179	60	240	151	82	189	34	160	121	214	79	114	280	48	20	89	19	54	110	54	47	111	0	174	566	109	83	133	96	55
c058aa13cb9ea3c58c41798bde67b280	0	0	0	0	0	0	0	0	0	0	0	0	0	2	0	0	0	0	0	0	0	0	0	0	0	0	0	0	0	0
7b47407b31d3e348e568b29a88808a91	34	0	0	0	0	129	0	0	0	63	0	0	0	0	0	0	0	0	0	0	0	0	0	0	0	0	0	0	0	0
30c38d725ac42ae3276cdd2a9ed3ed29	0	0	0	7	0	0	0	0	0	0	0	0	0	0	0	0	0	0	0	0	0	0	0	0	0	0	0	0	0	0
932f59b59030c256f7d53922ae4e4fdc	0	0	70	0	0	0	0	0	0	0	0	0	0	0	0	0	0	0	0	0	0	0	0	0	0	0	0	0	0	0
bfc2ec1d0619c9c5797b25a09e2994c3	0	0	0	0	0	0	0	0	0	0	0	0	116	0	0	0	0	0	82	0	0	0	0	0	0	66	0	0	0	0
68a52f3954e23688c9ca235bed4eb2a7	0	0	0	0	0	0	0	0	0	0	0	0	0	0	0	0	0	0	0	2	0	0	0	0	0	0	0	0	0	0
73b3450997defd6eaf8be03b9f8cd135	0	0	0	0	0	0	0	0	0	0	15	0	0	0	0	0	0	0	0	0	0	0	0	0	0	0	0	0	0	0
a6d7e8b96ca559adc6a92ee623890030	0	0	0	0	0	0	0	0	0	0	0	0	27	0	0	0	0	0	0	0	0	0	0	7	0	0	0	0	0	0
7125319b72679f58bdb60951d1229d4c	0	0	0	0	0	0	0	0	0	0	0	0	0	0	0	17	14	7	7	0	0	0	0	0	13	7	0	0	0	0
f805593c0bc2caeb65bac5d1a7f8d37f	0	7	0	0	0	0	33	0	0	0	0	0	0	0	0	0	7	0	0	0	0	0	0	0	0	0	0	24	40	71
9dd2349570937b047e1fa3cb94e9b875	0	0	0	0	0	0	0	0	0	0	0	2	0	0	0	0	0	0	0	0	0	0	0	0	0	0	0	0	0	0
61ac1bebaa6d320bbf0a6d5605b167ba	17	0	0	0	18	21	0	0	38	0	0	0	0	0	0	0	0	0	0	0	0	0	0	0	0	0	0	0	0	0
c000bb4dc71cb04b41494737df1cde69	0	0	0	0	0	0	0	0	0	0	0	0	0	0	0	0	0	2	0	0	0	0	0	0	0	0	0	0	0	0
dfe7e7b8658203aa733abe8b0065a2cf	0	0	0	0	0	0	0	0	0	0	17	0	0	0	0	0	0	0	0	0	0	0	0	0	0	0	0	0	0	0
67c32d81e04905b47c80d824835529af	0	6	40	0	0	0	0	17	0	0	0	0	0	0	0	0	0	0	0	0	0	0	0	0	0	0	0	0	0	0
a862af0fce07295e7648d1184a39ece3	0	0	0	0	0	0	0	0	8	0	0	0	0	0	0	0	0	0	0	0	0	0	0	0	0	0	0	0	0	0
1d4ba37fb9256e91495eda0349c8ff65	48	32	174	35	39	36	75	35	32	37	57	37	39	65	87	249	142	77	99	86	12	190	15	228	216	779	149	199	170	178
0f9246c554ece9730a4d7d2569fb18a9	0	0	0	0	0	0	0	0	0	0	0	0	0	0	0	0	0	0	0	0	0	0	0	0	3	0	0	0	0	0
00a15c0f3a57fe4a96ae09157d189bfa	0	0	0	0	0	0	0	0	0	0	0	0	0	0	0	0	0	0	0	0	0	0	17	0	0	0	0	0	0	0
e5bcf48dd86c678b78fe9301ad906e6e	0	0	0	0	0	0	0	0	0	0	17	0	0	0	0	0	0	0	0	0	0	0	0	0	0	0	0	0	0	0
f95b6a9a2fde277449f448bb93752245	0	0	0	0	0	0	0	0	0	0	0	0	0	0	0	0	15	0	0	0	0	0	0	0	0	0	0	0	0	0
4eb56931a0d4a537d19e92b38f24cfd4	0	0	0	0	0	0	23	0	0	0	0	0	0	0	0	0	0	0	0	0	0	0	0	0	0	0	0	0	0	0
d4e96d549419098c24470116f5f2b9ec	0	0	0	0	0	0	0	0	0	0	0	0	0	0	0	0	0	0	0	0	0	0	0	35	0	0	0	0	11	0
207a5e85727964887a6d5f58f2918fe0	0	0	37	0	0	0	0	0	0	0	0	0	0	0	0	0	0	0	0	0	0	0	0	0	0	0	0	0	0	0
98b9aa256f8981ab9490f50fa34cccf2	0	0	0	0	0	0	0	0	0	0	0	0	0	0	0	0	0	0	0	0	0	0	0	0	0	0	0	0	11	0
c9d6197a09e835cd187154d5484987c2	0	0	0	0	0	0	0	0	0	18	0	0	0	0	0	0	0	0	0	0	0	0	0	0	0	0	0	0	0	0
b6d6edc5fcb4b3d6402b6a6a940bfaac	0	0	0	0	0	0	0	0	0	0	0	0	0	0	0	0	0	0	0	0	0	0	63	0	0	0	0	0	0	0
f4ed1f141d92157235283a78c5afe668	0	0	0	0	0	2	0	0	0	0	0	0	0	0	0	0	0	0	0	0	0	0	0	0	0	0	0	0	0	0
3eeaa2a2d04f5023e36e4ce395be3504	0	0	0	0	0	0	8	0	0	0	7	0	0	0	0	0	0	0	0	0	0	0	0	0	0	0	0	0	0	0
1cc204d7e03728008cd2b91aa0ab3b6f	0	0	0	0	0	0	0	16	0	0	29	0	0	0	0	0	0	0	0	0	0	9	0	0	0	84	0	0	23	0
217733e442c6e685fb5c3895db518456	0	0	0	0	0	0	0	0	0	0	0	0	0	4	0	10	0	0	0	0	0	0	0	0	0	0	0	0	0	0
91f41d3fd3c801596f19b1dda57c9241	0	0	0	0	0	0	33	0	0	12	0	0	0	0	0	0	0	0	0	17	0	0	0	0	0	0	0	0	0	0
0e3706917d465e91e48ea5816e403734	0	0	0	0	0	0	0	0	0	0	0	0	0	0	8	0	0	0	0	0	0	0	0	0	0	0	0	0	0	0
344dad0438f3151e87d55d16b505a534	0	0	0	0	0	0	0	0	0	0	0	0	0	0	0	0	0	0	0	8	0	0	0	0	0	0	0	0	0	0
00b4159314deb0a78f0d4a329438bbd2	0	0	0	0	0	0	13	0	0	0	0	0	0	0	0	0	0	0	10	8	0	0	0	0	0	0	0	0	0	0
0b6db0ab17414721115dc17707022bab	0	0	0	0	0	0	0	0	0	0	0	0	0	0	0	0	2	0	0	0	0	0	0	0	0	0	0	0	0	0
da7e1e18d1d745e946b7c8cd2e2d2537	0	0	0	0	0	0	2	0	0	0	0	0	0	0	0	0	0	0	0	0	0	0	0	0	0	0	0	0	0	0
a0f96b8eb79f9c9127a42cafba981893	13	0	0	0	0	0	0	0	0	0	0	0	0	0	0	0	0	0	0	0	0	0	0	0	0	0	0	0	0	0
760ce48c761859952bf6ab8877cade80	0	0	0	0	0	0	0	0	43	0	3	0	0	0	0	0	2	0	0	0	0	15	0	0	0	0	0	24	0	29
61fd15cb4311fd4641abfc70190b162d	0	0	0	0	0	0	0	0	0	0	0	0	0	14	0	0	0	0	0	0	0	0	0	0	0	0	0	0	0	0
2366f87c76e676397cea6a1a7451816e	0	8	0	0	0	0	0	0	0	0	0	0	0	0	0	0	0	0	0	0	0	0	0	0	0	0	0	0	0	0
e829129c8a513187cf00e8214e547ffa	0	0	0	0	0	0	0	0	0	0	0	0	0	0	0	0	0	0	0	0	0	2	0	0	0	0	0	0	0	0
913d19011f17cfd1b189f9d8ef5ab634	0	0	0	0	0	0	0	0	0	0	0	0	0	0	0	0	0	0	0	0	0	0	5	16	0	0	0	0	0	0
cd5761df023df384f6485703bc9fba2e	0	0	0	0	0	0	0	0	37	8	31	0	0	20	0	0	0	0	0	22	0	0	0	0	0	0	0	0	0	0
ea9db3faad156d940c2812cb2b517b78	80	0	0	0	0	0	0	0	0	0	0	0	0	0	0	0	0	0	0	0	0	0	0	0	0	0	0	0	0	0
97df4d12678497e7ba15f01a9c72931e	0	0	0	0	0	0	18	0	0	0	0	0	0	0	0	0	0	0	0	0	0	0	0	0	0	0	0	0	0	0
88c7ab618935972eb8bb436f93e56972	0	0	0	0	0	0	0	0	0	0	0	0	0	0	0	0	0	0	0	3	0	0	0	0	0	0	0	0	0	0
bb2b0928a04d4aebaba226be5c2c13a7	0	0	0	0	0	0	0	0	0	0	0	0	0	2	0	0	0	0	0	0	0	0	0	0	0	0	0	0	0	0
ae80e5baa3cda61e721fbab587c18a32	0	0	0	0	0	0	0	0	0	0	85	34	96	233	0	33	366	38	45	148	0	0	0	0	0	0	0	0	0	0
456ba3e7fd6aa3a4c739cf1f56473f16	0	0	0	0	0	10	0	0	0	0	0	0	0	0	0	0	0	0	0	0	0	0	0	0	0	0	0	0	0	0
030808b94bc77e92ba1fb786780d3cd9	0	0	0	0	0	0	0	0	0	0	0	0	0	0	0	0	10	0	0	0	0	0	0	0	0	0	0	0	0	0
6e1db0a6344ffcebfbb0cc9cfe014776	0	0	0	0	0	0	0	0	0	0	0	0	0	0	0	0	0	0	0	0	20	0	0	0	0	0	0	0	0	0
7faf27a84d516a4645069c41c413d580	0	0	0	180	0	0	38	0	94	17	0	0	0	0	0	0	0	0	0	0	0	0	0	0	0	0	0	0	0	0
5ab696971b450e478ae9e5fdcfc0aa81	0	0	0	0	0	0	0	0	0	0	0	0	0	0	0	0	0	0	0	0	0	0	0	0	0	0	0	0	28	0
3bc556b2cbc92d0d4d678c64a801ecb1	0	0	0	0	0	0	0	0	0	0	0	0	0	0	0	0	0	0	0	0	0	0	0	0	0	0	0	0	6	0
758b546f9634ff4fef7bb88eb033cfc2	0	0	0	0	0	0	0	0	0	0	0	15	0	0	0	0	0	0	0	0	0	0	0	0	0	0	0	0	0	0
f265dc6b6b6ce18a11c9b7c2981c8ce0	0	0	0	0	0	0	0	0	0	11	0	0	0	0	0	0	0	0	0	0	0	0	0	0	0	83	64	0	31	0
26f9f2e28b48599aff1b33e9580b94f9	0	0	0	0	0	0	0	0	0	0	0	0	0	0	0	0	0	0	0	0	0	0	0	0	0	9	0	0	0	0
b12ed59a63f95d41146682ee44b0456d	0	0	0	0	0	0	0	0	0	0	0	0	0	0	0	0	0	0	32	0	0	0	0	0	0	0	0	0	0	0
13ad6b902d7e32cc7f143c949c5221f0	0	0	0	0	0	0	0	0	0	0	0	0	0	0	0	0	0	0	0	0	0	0	0	0	0	0	0	0	11	0
016c63ccc38471fc5748137a4841e76c	50	113	0	55	0	55	0	0	0	0	0	0	0	0	0	0	0	0	0	0	0	0	0	0	0	0	0	0	0	0
cb4bd3b8ba517ab0de80a5fd0ffd6d53	0	0	0	0	0	0	0	0	0	15	0	0	0	0	0	0	0	0	0	0	0	0	0	0	0	0	0	0	0	0
d2438c845370b111dc1a523a48439ec8	0	0	0	0	0	0	0	0	0	0	0	0	0	0	0	0	0	0	0	11	0	0	0	0	0	0	0	0	0	0
5b0f9c2fccedbbf1acf9a278695d3764	0	5	0	0	0	0	0	0	0	0	0	0	0	0	0	0	0	0	0	0	0	0	0	0	0	0	0	0	0	0
f5851a8b44230a289058db650a88bf19	63	0	0	36	32	30	0	0	0	0	0	0	0	0	0	0	0	0	0	0	0	0	0	0	0	0	0	0	0	0
a7f17bd86d5253cab3cf9480411ccc44	0	0	0	0	0	0	2	0	0	0	0	0	0	0	0	0	0	0	0	0	0	0	0	0	0	0	0	0	0	0
f18cf255549fa61ff3dadd4f01671293	0	0	0	0	0	0	0	0	0	0	0	0	0	0	0	0	0	0	0	0	0	0	0	0	0	0	0	0	2	0
e49d77454aff2b17bc0dd2b5a7da96c8	0	0	0	0	0	0	271	0	0	0	0	0	0	0	11	0	0	0	0	0	0	0	0	0	0	0	0	6	0	0
96d86c50495b64b08e74be577834d3eb	0	0	0	0	0	0	0	0	8	0	0	0	0	0	0	0	0	0	0	0	0	0	0	0	0	0	0	0	0	0
1b1c0748f4780b96d815d2eab7949ded	0	0	0	0	0	4	0	0	0	0	0	0	0	0	0	0	0	0	0	0	0	0	0	0	0	0	0	0	0	0
e137a6e9d0a06da77de210a4fa1814ea	0	0	21	0	0	0	0	0	0	0	0	0	0	0	0	0	0	0	0	0	0	0	0	0	0	0	0	0	0	0
b542f1c21fce9c48f3598cb34f49348d	0	0	0	0	0	0	0	0	0	0	0	0	0	0	0	0	0	0	8	9	0	0	0	0	0	0	0	0	0	0
33050923f8afaeec1e16db23612cf184	0	0	0	0	0	0	0	0	0	0	0	0	0	4	0	0	0	0	0	0	0	0	0	0	0	0	0	0	0	0
b2b27d6b58f648c0cd344ac2ab9b20b2	0	0	0	0	0	0	11	0	0	0	0	0	0	0	0	0	0	0	0	26	0	0	0	0	0	0	81	0	0	0
4ed58da69187235cd623cb293de5959e	0	0	0	0	0	0	0	0	0	2	0	0	0	0	0	0	0	0	0	0	0	0	0	0	0	0	0	0	0	0
81872086bba54419b25b0f2de2648fe6	0	0	0	0	2	0	0	0	0	0	0	0	0	0	0	0	0	0	0	0	0	0	0	0	0	0	0	0	0	0
3de0a9a9b05b3ee9adc985d79b73058e	0	0	0	0	0	0	0	0	0	0	0	0	0	0	0	0	0	0	10	0	0	0	0	0	0	0	0	0	0	0
6088bf6337b2532489cf7ae858df1c7c	0	0	0	0	0	0	0	0	0	0	0	0	0	0	0	0	0	0	2	0	0	0	0	0	0	0	0	0	0	0
a237b6960ac0138e93ea9dccc62572d9	0	0	0	8	0	7	0	0	0	0	32	0	0	0	0	0	0	0	0	0	0	0	0	0	0	0	0	0	0	0
7c6f30b9aec7329625051e1504f33943	0	0	0	0	0	0	0	0	0	0	0	0	0	8	0	0	0	0	0	66	0	0	0	0	0	0	0	0	0	0
269b25cb05df418ceb0d965b0781d987	0	0	0	5	0	0	0	0	0	0	24	0	0	0	0	0	8	4	0	3	0	0	0	0	0	0	0	0	0	0
0257c26c69ce9170570557b196a19e5b	0	0	0	3	0	0	0	0	0	0	0	0	0	0	0	0	0	0	0	0	0	0	0	0	0	0	0	0	0	0
dccd43f78f1ef131e5e36f3b3de433e2	0	0	0	0	0	0	0	0	0	0	0	3	0	0	0	0	0	0	0	0	0	0	0	0	0	0	0	0	0	0
6dc8ade904ee3fb2f7c6303a27c41b6d	0	0	0	0	0	0	0	0	0	0	0	0	0	0	0	0	0	0	0	0	15	0	0	0	0	0	0	0	0	0
ffae7d75c58d762b4a4cf9623e8836b9	2	0	0	0	0	0	0	0	0	0	0	0	0	0	0	0	0	0	0	0	0	0	0	0	0	0	0	0	0	0
1881245813f3d64abc7d95c1100ce3fa	15	0	99	0	0	0	0	0	0	0	0	0	0	0	0	0	0	0	0	0	0	0	0	0	0	0	0	0	0	0
7fc6b52a8b4205160bd6fb495c774370	0	0	0	0	0	0	0	0	0	0	6	0	0	0	0	0	0	0	0	0	0	0	0	0	0	0	0	0	0	0
a8666557ba4e38bb370d30c63c3ad207	0	0	0	0	0	0	0	0	0	0	0	0	0	0	0	0	0	2	0	0	0	0	0	0	0	0	0	0	0	0
7443200bf1d5f447406e372d39930e65	0	0	0	0	0	0	0	0	0	0	0	0	6	0	0	0	5	0	0	0	0	0	0	0	0	0	0	0	0	0
ae0bdeadf8b7af463099419f0d479d85	0	0	0	0	0	0	0	0	0	0	0	0	0	0	0	18	0	0	0	0	0	0	0	0	0	0	0	0	0	0
655126be8a7d1de2b1aac71793821128	0	30	0	23	8	0	9	0	0	40	0	13	0	0	0	0	0	0	0	0	0	0	0	0	0	0	0	0	0	0
d5e6f3028be66f3a9b512224bf901f87	0	0	0	0	0	0	0	0	0	0	0	0	0	0	0	0	0	0	0	0	0	0	0	0	0	0	0	0	16	0
412c6d2c39d6eaed708a7c398215677b	0	0	0	20	0	0	0	0	0	0	0	0	0	0	18	0	0	0	0	0	0	0	0	0	0	0	0	555	0	0
d780188f17a17be414eb52da4c7a5a93	0	0	0	0	0	0	0	0	0	0	0	11	0	0	0	0	0	0	0	0	0	0	0	0	0	0	0	0	0	0
d4b880409efa17a32f35913d917e1f62	0	0	0	0	0	0	0	0	10	0	0	0	0	0	0	0	0	0	0	0	0	0	0	0	0	0	0	0	0	0
a6f05fd5bcacd2a46a1c08edd94a1e41	4	0	0	0	0	0	0	0	0	0	0	0	0	0	0	0	0	0	0	0	0	0	0	0	0	0	0	0	0	0
358e984f283897d0d72d7c76887da53d	23	31	0	56	23	26	22	0	0	0	0	0	47	0	0	0	0	0	0	0	0	0	0	0	0	0	0	0	0	0
7c133a002c514ad01eb72a165d474d2b	0	0	0	26	28	0	356	149	152	122	0	0	42	48	47	35	0	0	17	13	0	0	0	0	0	0	41	0	0	0
1cf970274d8209bd55f766b908782d6e	0	0	0	0	0	0	0	0	0	0	0	0	4	0	0	0	0	0	0	0	0	0	0	0	0	0	0	0	0	0
6c51d242fb5974894e47998450f58654	396	0	0	0	0	27	20	0	0	0	0	0	0	0	0	0	0	0	0	0	0	0	0	0	0	0	0	10	0	0
6fd0c119dca7a39f8e3982bf0827ab2f	0	0	0	2	0	0	0	0	0	0	0	0	0	0	0	0	0	0	0	0	0	0	0	0	0	0	0	0	0	0
0f97ff95fc91dac156f825d4ba55fd3d	0	0	0	0	0	0	0	0	0	0	0	0	0	0	0	0	0	0	0	0	0	0	0	0	0	2	0	0	0	0
77757f60d9a996736963320f8fb1c0f2	0	0	0	0	0	0	0	0	0	0	0	217	0	67	0	0	164	73	81	57	0	0	0	0	0	0	0	0	0	0
78f0769f1bb95d53b435f7d76c288de9	25	0	0	0	0	0	21	0	0	0	19	0	0	16	19	0	10	0	13	0	24	284	0	203	387	130	0	469	52	97
19f68510eccc4313fbcf19080dc111dd	0	0	0	0	0	0	0	0	0	0	0	0	0	0	0	0	2	0	0	0	0	0	0	0	0	0	0	0	0	0
2414a72d49a63804dc7594ca71426189	0	0	0	0	0	0	0	0	0	0	25	57	0	0	87	0	5	0	0	0	0	0	0	0	0	0	0	0	0	0
eda67c4a666fdb416cf3b4f7abec96b2	0	0	0	0	0	0	0	0	0	0	0	0	0	0	0	0	0	0	0	0	0	0	0	0	0	0	0	0	20	0
c10a5795e64e6b79ea8525ecbbf72d61	22	0	0	0	0	0	0	0	0	0	0	0	0	0	0	0	0	0	0	0	0	0	0	0	0	0	0	0	0	0
391081e7bd29d42fecfe8b495204478f	0	0	0	0	0	0	0	0	0	0	4	0	0	0	0	0	0	0	0	0	0	0	0	0	0	0	0	0	0	0
7ecc774648bb2b00669ef3532605cbda	0	0	0	0	0	0	0	0	0	0	0	0	0	0	0	0	0	0	0	0	0	0	0	28	0	0	0	0	63	0
946b204d1a6f5a807d537afb17e9e05c	0	0	0	0	0	0	0	0	0	0	0	0	0	0	0	0	0	0	0	4	0	0	0	0	0	0	0	0	0	0
555111805e194b0faeb43d8f5a4867bf	0	0	0	0	0	0	0	0	0	0	0	0	0	0	0	38	0	0	0	0	0	0	0	0	0	0	0	0	0	0
bcb7c07bb329f7d9e0b1036fa29d0032	0	0	0	0	0	0	6	0	0	0	0	0	0	0	0	0	0	0	0	0	0	0	0	0	0	0	0	0	0	0
6d66f9654da3ad6b0b1ef9321e976601	352	245	158	160	189	222	296	722	314	457	611	539	530	384	216	462	497	1124	231	372	64	405	0	375	609	1146	1409	663	569	368
b8918d67da3d9b6426807ba827686f2b	0	0	0	0	0	0	0	0	10	0	0	0	0	0	0	0	0	0	0	0	0	0	0	0	0	0	0	0	0	0
cea7018e8c1684bd4b5b1c7f5ac6686d	6	3	0	13	17	14	0	0	0	29	39	0	0	0	0	0	0	0	0	0	0	0	0	0	0	0	0	0	0	0
cf046455a07bffef6fee3477e8137694	0	0	0	0	0	0	0	0	0	0	0	0	9	0	15	0	0	0	0	0	0	0	0	0	0	0	0	0	0	0
662b0710c72073eac156795bef29daa1	0	0	0	0	0	0	0	0	0	0	0	0	0	0	0	0	0	0	8	0	0	0	0	0	0	0	0	0	0	0
683f4d70c002b0dd02ae3cdb53744777	0	0	0	26	0	0	10	0	16	34	0	43	14	0	0	0	0	42	0	0	682	26	0	15	10	456	29	51	0	36
c656aa6dc64c3a5c8ee603964c21100a	0	0	0	0	0	0	0	0	0	0	0	0	0	0	0	12	0	0	0	0	0	0	0	0	0	0	0	0	0	0
54516958459ae5084e4515f645027903	0	0	0	0	0	0	0	0	0	0	0	0	0	0	0	11	0	0	0	0	0	0	0	0	0	0	0	0	0	0
c4c8a38e55d276234a585f467725719f	0	0	0	0	0	0	0	0	0	0	0	0	0	0	41	0	0	0	0	0	0	0	0	0	0	0	0	0	0	0
80cd1f80f744fb0d56f83651af576c83	0	0	0	0	0	0	0	4	0	0	0	0	0	0	0	0	0	0	0	0	0	0	0	0	0	0	0	0	0	0
74b26c8ddd1bf8e0616e4ca0b60ffbac	0	0	0	0	0	0	0	0	0	0	0	0	0	0	0	0	0	0	0	0	0	0	0	0	0	0	0	0	0	43
923824176c687da4d534a1c6298cb92f	0	0	0	0	15	0	0	0	0	0	0	0	0	0	0	0	0	0	0	0	0	0	0	0	0	0	0	0	0	0
010e79010432d275d91e8f75b89fa17c	0	0	0	0	0	0	0	0	0	0	0	0	0	9	0	0	0	0	0	0	0	0	0	0	0	0	0	0	0	0
e69a1ff980ad23ae3876d954d50437dc	0	0	0	0	0	0	0	0	0	0	0	0	0	0	0	0	0	0	0	0	80	0	12	41	12	0	0	54	45	18
dfad0c782c9d0250f39e1bb7ab11a903	4	0	0	0	0	0	0	0	0	0	0	0	0	0	0	0	0	0	0	0	0	0	0	0	0	0	0	0	0	0
2ac1950a6aa722c155416a2c2eb7778e	0	0	0	0	0	0	0	0	0	13	0	78	154	98	14	37	97	205	15	133	0	0	0	0	4	0	0	0	0	0
05d9c1db56afe6cb05386b7500f74270	0	0	0	0	0	0	0	0	0	0	0	0	0	0	0	0	6	0	22	0	0	0	0	0	0	0	0	0	0	0
6751776f04ed46fc6012079053cd387f	0	25	0	0	0	0	0	0	0	0	0	0	0	0	0	0	0	0	0	0	0	0	0	0	0	0	0	0	0	0
176ce4a5d7a3ca4fa8da8821b09435c4	0	33	0	0	0	20	210	47	0	22	0	0	0	0	0	0	0	0	0	91	71	143	448	28	50	24	0	0	0	0
8f8778135f85d3ec46d06ef672e8dcb6	0	0	0	0	0	0	0	0	0	0	0	0	0	0	0	0	0	0	0	0	0	0	0	9	0	0	0	0	0	0
a5e1fcbcc01b6c21a06ac50a9ef01283	0	23	0	22	0	54	0	0	54	0	0	14	0	0	0	9	0	0	13	27	0	0	0	0	23	27	0	0	20	0
9ef0324e6a3270c39f03130360b20209	0	0	0	0	0	0	0	0	0	0	6	0	0	28	0	0	0	0	0	0	0	0	0	0	0	0	0	0	0	0
af31b438efe01b5ef54bc97415fc5487	0	8	0	0	0	0	0	0	0	0	0	0	0	0	0	0	0	0	0	0	0	0	0	0	0	0	0	0	0	0
a74a3fabf435bee73d036233c417a994	0	0	0	0	0	0	0	0	0	0	0	0	0	0	138	14	0	0	0	0	0	36	15	34	0	0	0	0	0	0
a2fb125570400ea40cdbb08976f80a13	7	0	0	0	0	0	0	0	0	0	0	0	44	0	0	0	0	0	0	0	0	0	0	0	0	0	0	0	0	0
83ff86dff79e9186354d1771e90b8450	0	0	0	3	0	0	0	0	0	0	0	0	0	0	0	0	0	0	0	0	0	0	0	0	0	0	0	0	0	0
b4eb2e23c0432322ca4154a653e36047	0	0	0	0	0	0	0	0	0	14	0	0	0	0	0	0	0	0	0	0	0	0	0	0	0	0	0	0	0	0
fccf84405c6e6503a77f3a29415f6cf3	0	0	0	0	0	0	0	0	0	0	11	0	0	17	0	13	0	0	0	34	0	0	0	0	0	0	0	0	0	0
05030e12b2f24b1cc3627d8407fbad45	0	10	0	0	0	0	0	0	0	0	0	0	0	0	0	0	0	0	0	0	0	0	0	0	0	0	0	0	0	0
1350a6d29b5fde8e1dbc0633a8bdc662	0	0	0	0	0	0	0	0	0	0	0	0	0	0	0	15	0	0	0	0	0	0	0	0	0	0	0	0	0	0
23b2d16d7c58eb535fef02c891034458	0	0	0	0	0	0	0	0	0	0	0	0	11	47	0	0	0	0	0	0	0	0	0	0	0	0	0	0	0	0
e25591099dfc8080390c4035217d578c	0	0	0	0	0	0	9	0	0	55	0	0	0	0	0	0	0	0	0	0	0	0	0	0	0	0	0	0	0	0
2df559c9acfc5151cfe29613e1119cfc	31	13	0	0	0	17	11	0	0	0	0	0	0	0	0	0	0	0	0	0	0	0	0	0	0	0	0	0	0	0
2dfa9c9b249aa994b33e593c0ca3bf64	0	0	0	0	0	0	0	0	0	0	0	0	0	0	0	0	0	0	9	0	0	0	0	0	0	0	0	0	0	0
95f17a6ef59fd37d0ae8dce8e6e8e826	0	0	0	0	0	0	0	0	0	0	0	0	0	0	0	0	0	0	0	11	0	0	0	0	0	0	0	0	0	0
9fb642dbc20f7d625e1434e17ffd736e	0	0	0	0	0	0	0	0	0	0	0	0	0	0	0	0	0	0	0	0	0	0	0	0	0	0	0	0	4	0
fadff1199ff10d8178f16587b82697a9	0	0	0	0	0	0	0	0	0	0	0	0	0	0	0	0	2	0	0	0	0	0	0	0	0	0	0	0	0	0
f9b2a5f78e0b7ff8fa7e381a5d686a60	0	0	0	0	0	0	0	0	0	0	0	0	0	0	0	0	0	0	0	0	0	4	0	0	0	0	0	0	0	0
5c06330d1310189f9caeaae967016e17	0	0	0	0	0	0	0	0	0	0	0	0	0	0	0	0	0	0	0	0	0	0	0	0	0	0	0	0	0	28
2be8c4d3c7ceff05a2eeee340ab82111	0	0	0	0	0	0	0	0	0	0	0	0	0	0	0	0	0	0	0	44	0	0	0	0	0	0	0	0	0	0
85616e90f35156e419fcac4969f23758	0	0	0	0	0	0	0	0	0	19	37	0	0	0	0	0	0	0	0	0	0	0	0	0	0	0	0	0	0	0
10626493393cf71acdb024fb3336fe34	0	0	0	0	0	0	0	0	0	0	0	0	0	0	0	0	0	0	4	0	0	0	0	0	0	0	0	0	0	0
fe68d1fb4a4a4f3f8432ade414ecb267	0	0	0	0	0	0	43	0	0	0	0	0	0	0	0	0	0	0	0	0	0	26	0	59	26	35	27	57	39	0
acc81d31f4e5c5f7e99ac87eddd21218	0	0	18	0	0	0	0	0	0	0	0	0	0	0	0	0	0	0	0	0	0	0	0	0	0	0	0	0	0	0
9220c86b5d91960680aea3443053eed4	0	0	0	0	0	0	0	0	0	0	0	9	0	0	0	0	0	0	0	0	0	0	0	0	0	0	0	0	0	0
19e8a53991f13608dc35b9130d8e5990	8	0	0	0	0	0	0	0	0	0	0	0	0	0	0	0	0	0	0	0	0	0	0	0	0	0	0	0	0	0
7418922660f935c82caf493e215e64d9	0	0	0	0	2	0	0	0	0	0	0	0	0	0	0	0	0	0	0	0	0	0	0	0	0	0	0	0	0	0
0df498fba78e16e6b9dfe7b9bc5271d9	0	0	4	0	0	0	0	0	0	0	0	0	0	0	0	0	0	0	0	0	0	0	0	0	0	0	0	0	0	0
fae1bd56a60e9bc9f0b7e36730ae0fd8	0	0	0	0	0	0	0	0	0	0	0	0	0	0	21	0	0	0	0	0	0	0	0	0	0	0	0	0	0	0
2cff339351b4aee6adfed73f84948b33	0	0	0	0	0	0	0	0	0	0	42	0	0	0	0	0	0	0	0	0	0	0	0	0	0	0	0	0	0	0
0c862f08e58edabd2e566a17c3405fe4	0	0	0	0	0	0	0	0	0	0	0	0	0	0	0	0	0	0	0	0	0	0	0	0	0	0	0	0	0	5
926c5b4cbca040119fd131914616840c	0	0	0	0	0	0	0	0	0	0	0	0	0	0	0	0	0	0	0	0	0	0	0	0	0	0	0	11	0	0
c89392043237364b36ef82e42c092f3c	0	0	0	0	0	0	0	0	0	0	0	0	0	0	0	0	0	0	0	0	0	0	0	0	0	0	0	0	0	29
e570e5295962952929940f0726dff5c4	0	0	0	0	0	0	0	0	0	0	0	0	4	0	0	0	0	0	0	0	0	0	0	0	0	0	0	0	0	0
481e45cef70cc8c36605f66adc5a3714	0	0	0	0	0	0	0	0	0	0	0	0	0	0	0	0	0	0	0	0	0	0	0	0	6	0	0	0	0	0
177e66ee5c146136da448a7ad01fc68a	0	0	0	0	0	0	0	0	0	0	0	0	2	0	0	0	0	0	0	0	0	0	0	0	0	0	0	0	0	0
394ee12c6b058b95ac8c6a5f55d9359c	0	0	0	0	0	0	0	0	0	0	0	0	0	0	0	0	0	0	0	0	0	6	0	0	0	0	0	0	0	0
3f1a7d608b7e69d1a8e267c7eb5d21f6	0	0	0	0	0	0	0	0	0	0	0	0	0	0	0	0	0	0	0	30	0	0	0	0	0	0	0	0	0	0
5761522e61e4bb08f1df6c4d76547489	0	0	0	0	0	0	0	0	0	0	0	0	0	0	0	0	0	0	2	0	0	0	0	0	0	0	0	0	0	0
a94d857acec1a0b6f74960a0420de229	0	0	2	0	0	0	0	0	0	0	0	0	0	0	0	0	0	0	0	0	0	0	0	0	0	0	0	0	0	0
3aa5ddaeeb9fb087878fcfcb4f80d8a5	0	0	0	0	0	0	0	0	0	0	0	0	0	0	0	0	0	0	0	0	0	0	0	0	0	0	0	22	0	0
7c4beb29c3391821c801900f237fa28a	0	0	0	0	0	0	0	0	0	0	0	0	0	14	0	0	0	0	0	0	0	0	0	0	0	0	0	0	0	0
97e29f605712f9bdcfa8c24ef62ffbf3	0	0	0	0	0	0	0	0	0	0	0	0	0	42	0	0	0	0	0	0	0	0	0	0	0	0	0	0	0	0
c427535ebca7e7f762ec3f3b0a849e66	0	9	24	0	0	0	101	122	74	0	104	27	52	50	0	34	64	64	163	39	0	0	0	0	0	23	22	0	0	16
07bc2ecdc3db233859a1aec52c055421	0	0	0	0	0	0	0	0	0	0	0	0	0	0	0	0	0	0	11	0	0	0	0	0	0	0	0	0	0	0
30143d55013d1a3b7ce91f4e9950cb95	0	0	0	0	0	0	0	0	0	0	0	0	7	0	0	0	0	0	0	0	0	0	0	0	0	0	0	0	0	0
2a0e66e22c3a8d682c1b15eec3674496	0	0	0	2	9	0	0	0	0	0	0	0	0	0	0	0	0	0	0	0	0	0	0	0	0	0	0	0	0	0
7837696a2ced3c012e3b6652774ad9f3	0	0	10	0	0	0	0	0	0	0	0	0	0	0	0	0	0	0	0	0	0	0	0	0	0	0	0	0	0	0
ece6e410fc4dabb1f6b13ad1b64d0bc3	0	0	0	0	0	0	0	0	0	0	0	0	0	0	0	0	0	0	0	0	0	0	0	0	0	0	7	0	0	0
70ed3424a239d6d6f9c33306a074041d	0	0	0	0	0	0	0	0	0	0	0	0	0	10	0	0	0	0	0	0	0	0	0	0	0	0	0	0	0	0
0650c79f4a196ef47a73aa2644b27656	0	0	0	0	0	0	0	0	2	0	0	0	0	0	0	0	0	0	0	0	0	0	0	0	0	0	0	0	0	0
2f39d220b3f89ae74b2977b3d319639b	0	0	0	0	0	0	0	0	0	0	0	0	0	0	0	0	2	0	0	0	0	0	0	0	0	0	0	0	0	0
cd1c31be2a663835f3a140949cfc3a0a	0	0	0	0	0	0	0	0	0	0	0	0	0	0	0	0	0	0	0	0	0	0	0	0	0	0	10	0	0	0
0497c9aca9fe2445d21273e37483784c	0	0	0	0	0	0	0	0	0	0	0	0	0	0	0	0	0	0	0	0	0	58	0	0	0	0	0	0	0	0
32c4db133cb072ac15d0fad1a53c9b27	0	0	0	0	0	0	0	0	0	0	0	0	0	0	0	7	0	0	0	0	0	0	0	0	0	0	0	0	0	0
177725f4e1073d057174afb61599e418	0	0	0	0	0	0	0	0	0	0	0	0	0	9	0	0	0	0	0	0	0	0	0	0	0	0	0	0	0	0
419efadda61f8e0a220b7251387497eb	0	0	0	0	0	0	0	0	0	0	10	0	0	0	0	0	0	0	0	0	0	0	0	0	0	0	0	0	0	0
43965c4a56aa6ac58b6fcdf369c06570	0	0	0	0	0	0	0	0	0	0	0	0	0	0	0	0	0	0	0	0	0	0	35	0	0	0	0	0	0	0
9484222320fbd53663cdd1331d475b67	0	0	0	0	0	0	0	0	0	0	0	0	0	0	0	0	0	0	0	20	0	0	0	0	0	0	0	0	0	0
b624dbe391967b3e8380fe2807bae0c4	0	0	0	0	0	0	0	0	0	0	0	0	0	0	0	8	0	0	0	0	0	0	0	0	0	0	0	0	0	0
2057446b41d44805f4958df13648cb43	0	0	86	0	0	0	0	0	0	0	0	0	0	0	0	0	0	0	0	0	0	0	0	0	0	0	0	0	0	0
994f930aa46a5d392c1bbaa574e2b419	0	0	0	0	0	0	0	0	0	0	0	0	0	0	15	0	0	0	0	0	0	0	0	0	0	0	0	0	0	0
e88d7eb4cb34f55cc17f4643f02a3182	13	0	0	0	0	0	15	0	0	0	17	0	0	0	0	0	0	0	0	0	0	0	0	0	0	5	0	0	0	0
bb5962bd7627f75f8aa30b5375aeb2bb	0	48	0	0	0	0	0	0	0	0	13	0	0	0	0	0	14	0	0	0	85	44	17	0	9	0	0	162	22	249
725c30d98bceddc83250bb88f383a9f2	0	0	0	0	0	0	0	0	0	0	0	0	0	0	0	9	0	0	0	0	0	0	0	0	0	0	0	0	0	0
969df4700be7875cc1e9b39c6bef8db0	0	3	0	0	0	0	0	0	0	0	0	0	0	0	0	0	0	0	0	0	0	0	0	0	0	0	0	0	0	0
d954b4b1cdcef00b501c1b452c706ca1	0	0	0	0	0	0	0	0	0	11	0	0	0	0	0	0	0	0	0	0	0	0	0	0	0	0	0	0	0	0
8bb0733eec5c36898fe91e3ddeb6375c	0	0	0	0	0	0	0	0	0	0	0	0	0	0	29	0	0	0	0	0	0	0	0	0	0	0	0	0	0	0
be8fe637ba7d637ca695497388c717d9	0	0	0	0	0	0	0	0	0	0	0	0	0	0	2	0	0	0	0	0	0	0	0	0	0	0	0	0	0	0
506add8cf9d2240e50f200b2eff4b360	0	0	0	0	0	0	0	0	0	0	0	0	0	0	0	0	0	0	0	0	0	0	0	0	0	0	14	0	0	0
0f6247c47e88b229939eaac62d3da084	0	0	0	45	49	0	0	0	0	0	0	0	0	0	0	0	0	0	0	0	0	0	0	0	0	0	0	0	0	0
5221768f221377a2e261b183b85a0bc8	0	0	0	0	0	0	0	9	0	0	0	0	0	0	0	0	0	0	0	0	0	0	0	0	0	0	0	0	0	0
7907f271953dd44ad631a2607666ce17	0	0	0	0	0	0	0	0	0	0	0	0	0	0	0	0	0	0	0	0	0	0	0	0	0	18	0	0	0	0
1aae2419b45d30d127c83940795c94c7	0	0	28	0	0	0	0	19	0	0	14	0	0	0	0	0	0	0	0	0	0	0	0	0	0	0	0	0	0	0
188d88bbd4ecb554dfdd867c59a636f8	0	0	0	0	2	0	0	0	0	0	0	0	0	0	0	0	0	0	0	0	0	0	0	0	0	0	0	0	0	0
c1bdb6cfe0f8c80c8b2701da956e8220	0	0	0	0	0	0	7	0	0	0	0	0	0	0	0	0	0	0	0	0	0	0	0	0	0	0	0	0	0	0
d1d2d0702884c2a79188a5343d708813	0	0	0	0	0	0	0	0	0	0	0	0	0	0	0	0	0	0	0	0	0	0	0	0	6	0	0	0	0	0
61f61cb6233b983c70cb06e4fe17ae8c	0	0	0	0	0	0	0	0	0	0	0	0	8	0	0	0	0	0	0	0	0	0	0	0	0	0	0	0	0	0
4d7a1c4dc1d6b451660e548c4f9dcbd1	44	41	0	44	0	27	85	0	47	0	109	0	0	0	549	137	33	17	29	50	15	66	93	37	33	0	0	17	0	0
66d2715481c97d0fbf95d9a7b4a70fe8	0	0	0	2	0	0	0	0	0	0	0	0	0	0	0	0	0	0	0	0	0	0	0	0	0	0	0	0	0	0
35b958ed462a71012c275a47ce02c0fc	42	15	0	0	0	8	96	39	0	26	0	0	0	27	139	132	0	0	0	0	0	0	0	96	135	31	0	73	113	0
d70138f94c79402c04f0e7c70834d444	0	0	0	0	0	0	0	0	0	12	0	0	0	0	0	0	0	0	0	0	0	0	0	0	0	0	0	0	0	0
3bfeded0ecb35116d3cdac0236ff2716	0	0	0	0	0	0	0	0	21	0	0	0	0	0	0	0	0	0	0	0	0	0	0	0	0	0	0	0	0	0
4f7a3e204fce7417d10be50703ddf652	21	0	0	0	0	0	0	0	0	14	0	0	0	0	0	0	0	0	0	0	0	0	0	0	0	0	0	0	0	0
c18512f268f14be92e8c2891dab5e009	0	0	0	8	0	0	0	0	15	0	0	0	0	0	0	0	0	0	0	0	0	0	0	0	0	0	0	0	0	0
6e2a8eeb71531bcb00d68e2af046cbab	0	0	0	0	0	0	6	0	0	0	0	0	0	0	0	0	0	0	0	0	0	0	0	0	0	0	0	0	0	0
9901dc29934f033aa5e943ceb8b258b1	0	0	0	14	0	0	0	0	0	18	0	0	0	0	0	0	0	0	0	0	174	0	0	0	0	0	0	0	0	0
388b5a5b9c9b9a93214b8634f8c40f7c	0	0	0	0	0	0	0	0	0	0	19	0	0	0	0	0	0	0	0	0	0	0	0	0	0	0	0	0	0	0
184f0daa79135618f0e3a9f60ccf0577	0	0	0	0	0	0	0	0	0	0	0	0	0	0	0	0	0	0	0	0	0	0	0	0	3	0	0	0	12	0
e90e78557ca2d1aa7e98beff62d5f859	0	0	0	0	0	0	0	0	0	0	0	0	0	0	0	0	98	13	0	19	0	0	0	0	0	0	0	0	0	0
3d33df7276b3edca7b896482d468d82a	0	0	0	0	0	0	0	0	0	0	0	0	0	0	0	0	0	0	0	0	0	0	0	5	0	0	0	0	0	0
82ef98eb73774f0b2781dfca4ce2dfc1	0	0	0	0	0	0	2	0	0	0	0	0	0	0	0	0	0	0	0	0	0	0	0	0	0	0	0	0	0	0
bc4b5c86632ee16a7bfe4c263a6c1365	0	0	0	0	0	0	0	0	0	0	0	0	33	0	0	67	0	0	0	0	0	0	0	0	0	0	0	0	0	0
a62d12a72211f7c8d3ef386f64cccc91	0	0	0	0	0	0	0	0	0	0	0	0	0	0	0	2	0	0	0	0	0	0	0	0	0	0	0	0	0	0
489f576332e92b7207009c1b2a3fd2ab	0	0	0	0	0	0	0	0	0	0	0	0	0	0	0	0	0	0	0	0	0	0	0	0	0	2	0	0	0	0
b6cb9acbd6be7d5bf12a58050d586721	0	0	0	0	0	0	0	9	0	11	0	0	0	0	0	61	0	0	0	66	0	0	0	0	17	0	0	0	0	0
907a69601c568c4cddd71a6bbba29b97	0	0	18	0	0	0	0	0	0	0	0	0	0	0	0	0	0	0	0	0	0	0	0	0	0	0	0	0	0	0
5e3c98c92a86c04d5fb26d8f2eb6a155	0	0	0	0	0	0	0	0	0	0	17	88	0	0	0	11	199	15	13	16	0	0	0	0	0	0	0	0	0	0
fd359e48760f962104d03a03756c60df	0	0	0	0	0	0	0	0	0	0	0	4	0	0	0	0	0	0	0	0	0	0	0	0	0	0	0	0	0	0
8bb520d59685445230a7efab133ef970	0	0	0	0	0	51	0	0	0	0	0	0	0	0	0	0	0	0	0	0	0	0	0	0	0	0	0	0	0	0
2ada9f41cd56dfaf1e116fb2866a0687	0	0	0	0	0	0	0	0	0	0	0	4	0	0	0	0	0	0	0	0	0	0	0	0	0	0	0	0	0	0
49d6692c8b6b14e7024df4dda7429ab8	0	0	0	0	0	0	0	0	0	0	0	0	0	0	0	0	0	0	0	0	0	66	26	0	0	0	0	0	0	0
179a0dfc13916c2cf077811532ebf206	0	0	0	0	0	0	0	0	0	0	0	0	0	0	0	0	0	0	0	0	0	0	0	0	2	0	0	0	0	0
11cd0112855e9b1fbf3c502d64f03dd7	0	0	0	0	0	0	0	0	0	0	0	0	0	0	0	0	10	0	0	0	0	0	0	0	0	0	0	0	0	0
7e2ff0cce0536a6d7a884a514b39dfdc	0	0	0	0	0	0	0	26	30	85	48	63	88	61	84	58	130	57	247	50	0	37	0	0	90	89	73	0	39	0
08767a747a7817d86bb70e4673360cc7	0	0	0	0	0	0	0	0	0	0	0	0	0	0	0	0	0	0	0	0	0	0	0	89	0	0	0	0	11	0
193232f53c6600a1f0df7f5e3ca785b3	0	0	0	0	0	0	0	0	0	0	0	0	0	0	0	0	0	0	0	0	0	0	0	0	0	26	0	0	0	0
1e8c5a6f3583ed22aabbad694eac5b96	0	0	0	0	0	2	0	0	0	0	0	0	0	0	0	0	0	0	0	0	0	0	0	0	0	0	0	0	0	0
c4dab3b75ab9efaad5b333ac5b6b32fc	0	0	0	0	0	12	0	0	0	0	0	0	0	0	0	0	0	0	0	0	0	0	0	0	0	0	0	0	0	0
c1eb27be3a9197922800106146c27fb4	0	0	0	0	0	0	0	0	0	0	0	0	0	11	0	0	0	0	0	0	0	0	0	0	0	0	0	0	0	0
130bdb82a332d2b4734e2c12e4e5e541	0	0	0	0	0	0	0	0	0	0	0	0	0	0	0	0	12	0	0	0	0	0	0	0	0	0	0	0	0	0
87b5ac34126c4bbe8f52f32e976680a8	0	0	0	0	0	0	0	0	0	0	0	0	0	0	0	0	0	2	0	0	0	0	0	0	0	0	0	0	0	0
04b85b1a78658c49c63e78b47b06d35e	0	0	0	0	0	0	0	0	0	0	0	7	0	0	0	0	0	5	0	0	103	0	0	0	0	0	0	0	0	0
ab1b9bb0568361b14a7f300448a6fd6d	0	0	33	0	0	59	156	63	175	574	1199	1004	881	239	54	451	21	184	481	69	0	11	16	64	84	36	14	0	89	0
c9d2d1583c3110439285e1f42afab3c9	0	0	0	0	0	0	0	0	0	0	18	31	19	0	13	15	16	15	32	32	0	0	0	0	0	23	0	0	0	0
8fb070650959ef489641e77ead0acb6b	0	0	0	0	0	0	0	0	0	0	0	0	0	0	0	11	0	0	0	0	0	0	0	0	0	0	0	0	0	0
475c91f32fcf910a569e8e35debbd88a	22	0	0	63	173	0	467	138	85	0	0	0	0	0	0	10	0	0	0	0	0	0	0	0	0	0	0	0	0	0
46bd156c283756d310869b7934b85281	0	0	0	0	0	2	0	0	0	0	0	0	0	0	0	0	0	0	0	0	0	0	0	0	0	0	0	0	0	0
5f15a93e72d1c493096d87043acc9773	0	0	0	0	0	0	0	0	0	0	0	0	0	0	0	0	0	0	0	0	2	0	0	0	0	0	0	0	0	0
67827260d205be86b23f9fa60ad8fcab	0	0	0	0	0	8	0	0	0	0	0	0	0	0	0	0	0	0	0	0	0	0	0	0	0	0	0	0	0	0
9c7e0ea4e5b7e1dd95fef28ed7b61598	0	0	0	0	0	0	0	0	0	0	125	0	0	0	0	0	0	0	0	0	0	0	0	0	0	0	0	0	0	0
c42e3ce381eb1997f16c8fa3f93a8b64	0	0	0	0	0	0	0	0	0	0	20	0	0	0	0	0	0	0	0	0	0	0	0	0	0	8	0	0	0	0
123ab5a1581d922b5c5b50449da56d5f	0	0	0	0	0	21	0	0	0	0	0	0	0	0	0	0	0	0	0	0	0	0	0	0	0	0	0	0	0	0
72732f0460505a0af23f451ea8ca013e	0	0	0	0	0	0	9	0	0	0	0	0	0	0	0	0	0	0	0	0	0	0	0	0	0	0	0	0	0	0
06a9fa5af39d8eb7bfe5308265abb9a1	0	0	0	0	0	0	0	0	0	0	0	0	0	0	0	0	0	0	0	14	0	0	0	0	0	0	0	0	0	0
6bf2a3b5e3eb92bc8d3b998a17ae566a	0	0	0	0	0	0	0	0	0	0	0	0	0	0	0	0	0	0	0	0	0	0	0	0	0	0	0	0	6	0
7c70ef291d67ac1a0f32594084145837	0	0	0	0	0	0	0	0	0	0	0	14	23	23	0	0	27	0	0	0	0	0	0	0	0	0	0	0	0	0
aabe2611602f1fa6291fdc8941784779	0	0	0	0	0	0	0	0	0	0	0	0	0	0	21	0	0	12	0	0	0	0	0	0	0	0	0	0	0	0
f7d8b029e4b361f68e3b80f20acfe54b	0	0	0	2	0	0	0	0	0	0	0	0	0	0	0	0	0	0	0	0	0	0	0	0	0	0	0	0	0	0
04a49147a2b1f5768fd139f65a27df0e	0	0	0	0	0	0	0	0	0	0	0	0	0	0	0	0	0	0	0	0	0	0	0	0	0	0	0	0	13	0
1c8d707f2a76461ae8a6591ea4bc6b8a	0	0	0	0	0	0	0	0	0	0	0	11	0	0	0	0	0	0	0	0	0	0	0	0	0	0	0	0	0	0
82e5fc87585a5efcf290db0ac70a2fd2	0	0	0	0	0	0	0	0	0	0	0	14	0	0	0	8	0	0	0	0	0	0	0	0	0	0	0	0	0	0
7830aff18a41073f8f83cf14191f200b	0	0	12	0	8	0	0	0	0	0	0	0	0	0	0	0	0	0	0	0	0	0	0	0	0	0	0	0	0	0
d805f3c2de8a09a4d6c2f359f59b06fb	0	0	0	0	0	0	0	0	0	0	0	0	0	0	0	0	0	0	28	0	0	0	0	0	0	4	0	0	0	0
d5d57c524f212ada0788aaaeec518cca	0	0	0	0	0	0	0	0	15	0	0	0	0	0	0	0	0	0	0	0	0	0	0	0	0	0	0	0	0	0
c9ff2141bca2db60a1fcbcf1f6d8b645	0	0	0	0	0	0	0	0	6	0	0	0	0	0	0	0	0	0	0	0	0	0	0	0	0	0	0	0	0	0
098f1c8d75c3a1011e1e9e56e5ac7189	0	0	0	0	0	0	0	0	0	0	0	0	0	0	0	0	0	0	0	0	0	0	0	14	0	0	0	0	0	0
f0e333b5c27fcf0e356567bb69e4b08d	0	0	0	0	0	0	0	0	0	0	0	5	0	0	0	0	0	0	0	0	0	0	0	0	0	0	0	0	0	0
d450115a66c6a279dc7316c1ed005de2	0	0	0	0	0	0	0	0	0	0	24	0	0	0	0	0	0	0	0	0	0	0	0	0	0	0	0	0	0	0
1bfea511776a0d57f22216ffe4a4e111	0	0	18	0	0	0	0	0	0	0	0	0	0	0	0	0	0	0	0	0	0	0	0	0	0	0	0	0	0	0
9dea8af7865a0941a8fee5a5e1ef4cfa	0	0	0	0	0	0	0	0	0	0	0	0	0	0	0	0	0	0	0	0	0	0	0	0	0	0	0	0	0	4
a5f9df8f49853fc28f61436c4e32a3b2	0	0	0	0	0	0	0	0	0	0	0	0	6	7	0	0	0	0	0	0	0	0	0	0	0	0	0	0	0	0
0b4c059a68b56eb7ad63719aee755600	0	0	0	0	0	0	0	0	10	0	0	0	0	0	0	0	0	0	0	0	0	0	0	0	0	0	0	0	0	0
e6fada9bd46d3f2455534e05f8fac179	0	0	0	0	0	0	0	0	0	0	0	0	0	9	0	0	0	0	0	0	0	0	0	0	0	0	0	0	0	0
4dfe7c241eecdbe1a4f0c8bfc70cfc69	0	0	0	0	0	0	0	0	0	0	0	0	0	0	0	0	0	0	0	0	0	0	55	0	0	0	0	0	0	0
e08b8fe8db288df497d951e9c2bb82da	0	0	0	0	0	0	0	0	0	0	0	0	0	0	0	0	0	0	0	0	0	0	0	0	0	0	0	0	8	0
627c01b9b5cc04bf41f8831e4e3962c3	0	0	0	0	0	0	12	0	0	0	66	0	19	0	0	0	0	0	19	0	0	0	0	0	0	0	0	0	0	0
24fe6cc3be1941d4e814679c4bff9cc7	0	0	0	0	0	0	0	0	0	0	0	0	0	9	0	0	0	0	0	0	0	0	33	5	0	0	0	0	0	0
1b50017f1dccc1f34ad3ecbd8b45f442	0	0	0	0	0	0	0	0	0	0	0	9	0	0	0	0	0	0	0	0	0	0	0	0	0	0	0	0	0	0
41b85cd51c30e27cc4260e3dc39b266a	0	0	0	0	0	0	0	0	0	0	0	0	0	0	0	0	0	0	0	0	0	16	0	0	0	0	0	0	0	0
c023523f4d97cdc45058863032dca150	0	0	0	2	0	0	0	0	0	0	0	0	0	0	0	0	0	0	0	0	0	0	0	0	0	0	0	0	0	0
70790d518d0584cb8fa9b976c79160cf	0	0	0	0	0	0	0	0	0	11	0	0	0	0	0	0	0	0	0	0	0	0	0	0	0	0	0	0	0	0
81e85d50b221c68d45b6b348ac3d34d4	0	0	0	0	0	0	0	0	0	2	0	0	0	0	0	0	0	0	0	0	0	0	0	0	0	0	0	0	0	0
1d14cedc77da46eff118d94f1a2f10a6	0	0	0	0	0	0	0	10	23	0	0	0	0	0	0	0	0	0	0	0	0	0	0	0	0	0	0	0	0	0
bd8b8606a61f7de40d9e34af80675f3e	0	0	0	0	0	2	0	0	0	0	0	0	0	0	0	0	0	0	0	0	0	0	0	0	0	0	0	0	0	0
d10e6c48c72d392d6fc881875530efed	0	0	0	0	0	0	0	0	0	0	0	0	0	7	0	0	0	0	0	0	0	0	0	0	0	0	0	2	0	0
4d2d6934999ba38ceea0b2c8e334ac5b	0	0	0	0	0	0	0	0	0	0	0	10	0	0	0	0	7	0	0	6	0	0	0	0	0	0	0	0	0	0
46568cf7c1e704cef33abdef7c845736	0	0	0	0	0	0	0	16	0	0	0	0	0	0	0	0	0	12	0	0	0	0	0	0	0	0	0	0	0	0
84839bfc09afeb95c2f9e47e89b33030	0	0	0	0	0	0	0	0	0	0	2	0	0	0	0	0	0	0	0	0	0	0	0	0	0	0	0	0	0	0
3ca921aca1cd842b9a570dfc86325e0a	0	0	26	10	0	0	32	14	27	25	426	496	143	215	88	181	309	234	105	104	17	0	0	17	49	16	0	0	0	18
b9781f1bf33c61b8fe328333e5964da3	0	0	0	0	0	0	0	0	0	0	0	0	0	0	0	9	0	0	0	0	0	0	0	0	0	0	0	0	0	0
7d509affc21b3dc3215a5fbd37a55c35	0	0	0	0	0	0	0	0	0	0	0	0	0	0	0	0	0	0	8	0	0	0	0	0	0	0	0	0	0	0
ea0dd72c75f139c047ed873d8b7a3874	0	0	0	0	0	0	0	0	0	0	0	0	0	0	9	0	0	0	0	0	0	0	0	0	0	0	0	0	0	0
3f306f0bcd6277222cdef744c80f75f1	0	0	0	0	0	0	0	0	0	0	0	0	0	3	0	0	0	0	0	0	0	0	0	0	0	0	0	0	0	0
5f8c3f60c9efc5e48991f3ac8e47ae17	0	0	0	0	0	0	0	0	0	0	0	0	0	0	0	0	0	0	0	0	0	2	0	0	0	0	0	0	0	0
5e0d2529422d4045fd64320945084587	0	0	0	0	0	0	0	0	0	0	0	0	0	0	0	8	0	0	0	0	0	0	0	0	0	0	0	0	0	0
608e7a49fa8acb9b3dcd4d000dd1d54c	0	0	0	0	0	0	0	0	0	0	0	0	0	0	0	0	0	0	0	0	0	0	0	0	0	0	0	0	0	13
72c83b64c915b3ca7628a2f97b8a22d7	0	0	0	0	0	0	0	0	0	0	0	0	0	0	0	0	0	0	0	43	0	0	29	0	0	0	0	37	0	0
f870527e3a3fba63211a3450d2bab2e5	0	0	66	0	0	0	0	0	0	0	0	0	0	0	0	0	0	0	0	0	0	15	0	0	0	168	0	0	0	0
f6474d6842200cde858e47bb093fc415	0	0	0	0	0	0	0	0	0	0	6	0	0	0	0	0	0	0	0	0	0	0	0	0	0	0	0	0	0	0
85219cede5da30bce8af08ed08ec3f88	11	0	0	0	0	0	0	0	0	0	0	0	0	0	0	0	0	0	0	0	0	0	0	0	0	0	0	0	0	0
5f88d6172a275991ea1372f74cc7ddea	8	0	0	0	0	0	0	0	0	0	0	0	0	0	0	0	0	0	0	0	0	0	0	0	0	0	0	0	0	0
85b5a66fb12d0a5f67dc8df307ce5ff7	0	0	0	5	0	0	11	0	0	0	15	0	0	0	0	14	0	0	0	0	0	0	0	0	0	5	0	0	0	0
417fe1ddd4406f05195355b703ae3c2b	0	0	0	0	0	0	0	0	21	19	0	0	0	0	0	0	0	0	0	0	0	0	0	0	0	0	0	0	0	0
6118cdddf6fa679d7ccebb422e7df85f	0	0	0	0	0	0	0	0	0	0	0	0	40	0	0	0	0	0	0	0	0	0	0	0	0	0	0	0	0	0
96e2bc3df6cb2f420a15e0289ab68ac1	0	0	0	0	0	0	0	0	0	0	0	0	0	8	0	0	0	0	0	0	0	0	0	0	0	0	0	0	0	0
a6263bb4dfdc9300e2d27bfd1db07092	0	0	0	0	0	0	0	0	0	0	0	0	0	0	185	34	0	0	0	16	0	0	11	0	0	0	0	11	0	0
a29d2f5a2183a905b7154000cfd32996	0	0	0	0	0	0	0	0	18	0	190	60	37	78	0	52	90	83	33	39	0	0	0	16	9	107	30	0	0	0
73659bc029b63d8565ec0b4bbe3a7292	0	0	0	0	0	0	0	0	7	0	0	0	0	0	0	0	0	0	0	0	0	0	0	0	0	0	0	0	0	0
47e34806a94a725a142308522dff81b2	0	0	0	0	0	0	0	0	0	0	0	0	0	35	0	47	0	0	0	0	0	0	0	0	0	0	0	0	0	0
37ea64b6d5e1cd4e6c1b5f3f6bd79d6c	0	0	0	0	0	0	0	0	0	0	0	0	0	0	0	0	0	0	0	3	0	0	0	0	0	0	0	0	0	0
a1c62d328edd7316f4a132e24ed5ca57	0	9	0	0	0	0	0	0	0	0	0	0	0	0	0	0	0	0	0	0	0	0	0	0	0	0	0	0	0	0
4fcb6cd30205c1d9614b5b843a448f30	0	0	0	0	0	0	0	0	0	0	0	0	0	0	0	0	0	0	0	0	0	2	0	0	0	0	0	0	0	0
78aba920ca6f94ed7fae6ca6d4ff5783	0	0	0	0	0	0	0	0	0	0	0	0	0	0	0	0	0	0	0	0	0	0	2	0	0	0	0	0	0	0
a311e6d80416fcbdfb591883427597b9	0	0	0	0	0	0	0	0	0	0	58	197	106	105	0	21	381	68	0	35	0	0	0	0	0	0	0	0	0	0
483e81ad0858a9ddbd720582ff6dda73	0	0	0	0	0	0	0	0	0	0	9	0	0	0	0	0	0	0	0	0	0	0	0	12	13	39	21	11	0	0
52e4aa4f6bf2f8277daad438d6197fa7	10	0	0	0	0	0	0	0	0	0	0	0	0	0	0	0	0	0	0	0	0	0	0	0	0	0	0	0	0	0
049f2eaa9a833a51cadb4027dcb440a2	0	0	0	0	0	0	0	0	0	0	0	0	0	0	0	0	0	0	0	0	0	0	0	0	0	0	0	2	0	0
e53a0398845de64e6fcaeb7e67e18d3c	0	12	0	43	0	0	13	308	0	0	0	17	0	0	0	0	0	0	0	0	0	0	0	0	0	0	0	0	0	0
27bff8d3b82cf397c1ba23938f8aa9d5	0	0	106	0	0	0	0	0	0	0	0	0	0	0	0	0	0	0	0	0	0	0	0	0	0	0	0	0	0	0
fdc351b750d39f11d524ec665e0fc262	0	0	0	0	0	0	12	0	0	0	0	10	0	0	24	0	0	0	0	0	0	0	0	0	0	0	0	0	0	0
29bcf5f7378aa0d33fd1db938b758c05	0	0	0	0	0	0	0	0	5	0	0	0	0	0	0	0	0	0	0	0	0	0	0	0	0	0	0	0	0	0
8553cb9eefc956b953b83b4a5a5c595b	0	0	0	0	0	0	0	0	0	0	0	0	0	0	0	0	0	0	0	0	0	0	21	0	0	0	0	0	0	0
4841bde318f4b24f9d398c3a3c8983e2	0	0	0	0	0	0	0	0	0	0	0	3	0	33	0	0	0	0	0	0	0	0	0	0	0	0	0	0	0	0
ab936caa10920baf5876c6d65ad9057f	0	0	0	0	0	0	0	0	0	0	23	12	0	25	0	53	0	0	0	0	0	0	0	0	0	0	0	0	0	0
a26f0f3e4933f9dae366eba99287d0bc	0	0	0	0	0	0	0	0	0	0	5	0	0	0	0	0	0	0	0	0	0	0	0	0	0	0	0	0	0	0
61b0e043438130c26b36a5ffe952c420	0	0	0	0	0	0	9	0	0	0	14	0	0	0	0	0	0	0	0	0	0	0	0	0	0	0	0	0	0	0
570b04d618148197c2b24ea35b9ce068	0	0	0	0	0	0	0	0	0	0	0	0	0	0	0	0	0	0	0	0	0	0	0	0	57	0	145	0	42	0
4bb0d4848817875031f09c3c65246ca0	68	55	21	95	129	0	23	46	113	0	133	63	87	49	0	47	0	102	0	37	0	17	0	84	121	108	59	35	166	0
851a838332986e932786ee030d032029	0	0	2	0	0	0	0	0	0	0	0	0	0	0	0	0	0	0	0	0	0	0	0	0	0	0	0	0	0	0
ca3460ffb70941132298c3661eef82f1	0	0	0	0	0	0	0	0	0	0	0	0	0	0	0	0	0	0	0	0	0	0	0	0	0	22	11	0	0	0
9c7696a7343426f44e8c87934c2647b9	0	0	0	0	0	0	0	0	0	0	0	0	0	0	0	0	0	0	0	0	36	0	0	0	0	0	0	0	0	0
49328e402d4b54c8ab97a804f3b3e6e2	0	0	0	0	0	0	0	0	0	0	0	0	0	0	0	0	0	0	0	0	0	0	0	0	4	0	0	0	0	0
41861b2b9d6ceb1bbcbd6896cda032c2	0	0	0	9	0	0	0	5	8	0	0	0	0	0	0	0	0	0	0	0	0	0	0	0	0	0	0	0	0	0
036843cf748e94118d67400036a5c64e	0	0	0	0	0	0	0	0	0	0	0	0	0	0	0	0	2	0	0	0	0	0	0	0	0	0	0	0	0	0
64c08998d36492cca04f37ba2b54f1ab	0	0	0	8	0	5	0	0	0	0	0	0	0	0	0	0	0	0	0	0	0	0	0	0	0	0	0	0	0	0
a3753d2e607445dfcfbbe9e052e33d20	0	0	0	0	0	309	0	0	0	0	0	0	0	0	0	0	0	0	0	0	0	0	0	0	0	0	0	236	288	0
a3ed919247003a77269a8c2a8c22ca22	0	0	0	0	0	0	0	0	0	0	0	0	0	0	0	3	0	0	0	0	0	0	0	0	0	0	0	0	0	0
ed8df8e5e71822091ab48f4706a8a047	0	0	0	0	0	0	0	0	17	0	0	0	0	0	0	0	0	0	0	0	0	0	0	0	0	0	0	0	0	0
f8b07a7e48a69f3fcc49438c623b38c9	0	0	0	0	0	0	0	0	0	0	0	0	0	0	0	0	0	0	0	0	0	0	0	0	0	0	42	36	0	0
643855e5bd171160a914c23629049895	0	0	0	0	0	0	0	0	0	0	0	0	0	0	0	0	0	0	0	0	0	0	0	89	0	0	0	0	43	69
d7cafc7b91c3aba3a02cb6e5d0077948	0	0	0	0	0	3	0	0	0	0	0	0	0	0	0	0	0	0	0	0	0	0	0	0	0	0	0	0	0	0
ed404d9b94fe8ff6a78a88b85457e2b1	0	0	0	0	0	0	0	0	0	0	0	0	0	0	0	0	0	0	0	0	0	0	0	0	0	0	146	0	0	0
5e728ed076410eaa4778eed8eb883c19	0	0	0	0	9	0	0	0	0	0	0	0	0	0	0	0	0	0	0	0	0	0	0	0	0	0	0	0	0	0
744224d10595f039ff6ff566598daeab	0	0	0	0	0	0	0	0	0	0	0	0	0	0	0	0	0	0	0	0	0	0	0	0	0	0	0	0	41	0
e8c2dc04f9e56f73aafe9bc4860bba13	0	0	0	0	0	0	0	0	0	0	2	0	0	0	0	0	0	0	0	0	0	0	0	0	0	0	0	0	0	0
c77c68cab681a65f2caee6b90aeb0204	0	0	0	0	0	0	0	0	0	0	0	0	0	0	0	7	0	0	0	0	0	0	0	0	0	0	0	0	0	0
46304623acb0542fa8c931bfb55520ab	0	0	0	0	0	18	0	0	0	0	0	0	0	0	0	0	0	0	0	13	0	0	0	0	0	0	0	0	0	0
d3d05dc3d6d67645b041cf9be7c92107	0	0	0	0	0	0	0	0	0	0	0	0	0	0	0	0	0	0	2	0	0	0	0	0	0	0	0	0	0	0
5c19e08b2e7cb5eec64c543a8298775b	0	0	0	0	0	0	0	0	0	0	0	0	12	0	0	0	0	0	0	0	0	0	0	0	0	0	0	0	0	0
87135819bb2ad5675ff29e8c3ae88327	0	0	0	0	0	0	0	0	0	0	0	11	0	16	0	0	0	0	0	0	0	0	0	0	0	0	0	0	0	0
28bc9b83a4b1ce56b203ee0952b28d84	0	0	0	0	0	0	0	0	0	0	0	0	8	0	0	0	6	0	0	0	0	0	0	0	0	0	0	0	0	0
cd7d3824926f944502b09a3aec58686c	0	0	0	0	0	0	0	0	0	0	0	0	0	0	0	0	0	0	0	0	0	0	0	0	10	0	0	0	0	0
bf4766d2b4b88039b71430122025c3cb	0	0	13	0	0	0	0	0	35	33	0	23	22	0	0	0	44	0	0	0	0	25	0	0	1	24	8	0	3	6
07eba2a02a4c526126f7255a256597cb	0	0	0	0	0	0	0	0	0	0	0	0	0	0	0	0	28	0	0	0	0	0	0	0	0	0	0	0	0	0
e5298b07003693ecf3cb3fcf8b42e8f3	0	0	27	0	0	0	0	0	0	0	0	0	0	0	0	0	0	0	0	0	0	0	0	0	0	0	0	0	0	0
f2380985725854951b33bc3b99624436	0	8	0	0	0	0	0	0	0	0	0	0	0	5	0	0	0	0	0	0	0	0	0	0	0	0	0	0	0	0
1b31bdc15480418e7aeac114fad6eb70	0	0	0	0	0	0	0	0	0	23	33	0	0	0	0	0	0	0	0	0	0	0	0	0	0	0	0	0	0	0
b7db5f4549a3907a9bd4089bb0374dcf	0	0	0	0	0	0	0	0	0	0	0	0	0	0	0	0	0	16	0	0	0	0	0	0	0	0	0	0	0	0
6834196bcb051acf60be90b210d9c99b	0	0	0	0	0	0	0	0	0	0	0	0	0	0	0	0	0	0	0	0	0	0	0	0	0	0	0	43	0	0
5b89c6fd594ea5e6e02eedc0f6c84233	0	0	0	0	0	0	0	2	0	0	0	0	0	0	0	0	0	0	0	0	0	0	0	0	0	0	0	0	0	0
0bbd7a2ceb20eb767db36a0998988740	0	0	0	0	0	0	0	0	0	0	12	0	0	0	0	0	0	0	0	0	0	0	0	0	0	0	0	0	0	0
3e139691807e16f1873ecb98d45a164a	0	2	0	0	0	0	0	0	0	0	0	0	0	0	0	0	0	0	0	0	0	0	0	0	0	0	0	0	0	0
c3ddeb1c7d770b53b0e1ae447d3d7c66	0	0	0	0	0	0	0	0	0	58	0	0	0	0	0	0	0	10	0	0	0	0	0	0	0	0	0	0	0	0
49ec511a15bbaf70aaaf41b6b2b19e88	0	0	0	0	0	0	0	0	0	0	0	0	0	0	0	0	0	0	0	0	0	0	0	9	0	0	0	0	0	0
f9c9445363d5390ebea066ab1a19f18e	0	0	0	0	0	0	0	0	0	0	0	0	0	0	0	0	0	0	0	0	0	17	0	0	0	0	0	0	0	0
80a40907c6546072d832b48f2a75f90e	0	0	0	31	0	0	9	10	0	0	0	0	0	0	0	0	0	0	0	0	0	0	0	0	0	0	0	0	0	0
13213dde858f19a210a6b05120a00ff5	0	0	0	0	0	0	0	0	0	0	0	0	0	0	0	0	0	0	0	0	0	0	0	0	0	0	0	0	0	46
d8b0298e7aaafab5ad85ea2c5522c0aa	0	0	0	0	0	0	0	0	0	0	0	0	0	0	0	48	0	0	0	0	0	0	0	0	0	0	0	0	0	0
02e7ccb2b82f66eeec6441d921f8edfa	0	0	0	0	0	0	11	0	0	0	0	0	0	0	0	0	0	0	0	0	0	0	0	0	0	0	0	0	0	0
29051b5f4e76eb6268beb2847e043ae8	0	0	0	0	0	0	0	0	0	0	0	0	0	0	0	0	6	0	10	0	0	0	0	0	0	0	0	0	0	0
248f6354ece880479e2817aa4b2a5d50	0	0	0	0	0	0	0	0	0	0	0	0	0	0	0	0	0	0	0	0	0	0	0	0	25	0	0	0	0	0
f41513a1e375afa4d8a592be6c56bfbb	0	0	0	0	0	0	0	0	0	0	0	0	0	0	0	0	0	0	0	0	0	15	0	0	0	0	0	0	0	0
f2b278dc8a350b2d44820b3a7c64f9cd	0	0	40	0	0	0	0	0	0	0	0	0	0	0	0	0	0	0	0	0	0	0	0	0	0	0	0	0	0	0
f47e73109ef4325bd17b57e1a290df6a	0	0	0	0	0	0	0	0	0	0	0	0	0	0	0	0	0	0	0	0	0	0	0	0	11	0	0	0	0	0
a78aabcb54a0103b907ad7c6bbf4452f	0	0	0	5	0	0	9	0	0	8	25	27	0	21	0	24	0	256	0	0	0	0	0	14	122	170	105	0	27	0
49b4b5bbb33ff8511eed5cf344e85da6	0	0	22	21	26	0	0	0	12	0	0	0	0	0	0	0	0	0	0	13	135	10	93	17	0	19	6	0	10	0
f3a86f7f1a4c3e450dd9277888771424	0	0	0	0	0	0	0	0	0	0	0	0	0	0	140	0	0	0	0	0	0	0	0	0	0	0	0	0	0	0
4ba38f9187b74431708b147f44aa0667	0	0	0	0	0	0	0	0	0	0	0	0	0	0	0	0	0	0	0	12	0	0	0	0	0	0	0	0	0	0
414130b788042ae3edf163b283f5acae	0	0	0	0	0	0	0	0	0	0	0	0	0	0	0	23	0	0	0	0	0	0	0	0	0	0	0	0	0	0
fd026aa9c09e6480a095ad0b7d277665	0	0	0	0	31	0	0	0	0	0	0	0	0	0	0	0	0	0	0	0	0	0	0	0	0	0	0	0	0	0
42ac640b5efce675c3295c0390573ca5	0	0	11	0	0	0	0	0	0	0	0	0	0	0	0	0	0	0	0	0	0	0	0	0	0	0	0	0	0	0
97616df1ab63068bb8c8a9d4c6398743	0	0	2	0	0	0	0	0	0	0	0	0	0	0	0	0	0	0	0	0	0	0	0	0	0	0	0	0	0	0
ba22373833ee493dcd746766e3b54660	0	0	0	0	0	0	0	0	0	0	0	0	0	0	17	348	0	0	13	250	0	0	0	0	6	0	0	0	5	0
d8a383fd3152e4e179a4541f7c6fad06	0	0	0	0	0	0	0	0	0	0	0	0	0	0	25	0	0	0	0	0	0	0	0	0	0	0	0	0	0	0
eda824049ca6e57f76f3a8a23b698585	0	0	0	0	6	0	0	0	0	0	0	0	0	0	0	0	0	0	0	0	0	0	0	0	0	0	0	0	0	0
678b4521ae932d7cbbca549916df6218	0	0	0	0	0	0	0	0	0	0	28	0	0	0	0	0	0	0	0	0	0	0	0	0	0	0	0	0	0	0
bb60328fe40cdda8eae2bcd581fbc980	0	0	0	0	0	0	0	0	0	0	0	0	0	7	0	0	0	0	0	0	0	0	0	0	0	0	0	0	0	0
6e3cb163765765487de67c7228b6da9e	0	0	0	0	0	3	0	0	0	0	0	0	0	0	0	0	0	0	0	0	0	0	0	0	0	0	0	0	0	0
f003603efb31aa540b6c785c14e57929	0	0	0	0	0	0	0	0	0	0	0	0	0	25	0	0	0	13	0	0	0	0	0	0	0	0	0	0	0	0
def8059bc426d9cab42e118a43b9bafd	0	0	0	0	0	0	0	0	0	0	0	0	0	0	47	0	0	0	0	0	0	0	0	0	0	0	0	0	0	0
f9b3149c6a07e2c4c3f6fcac5d745192	0	5	0	0	0	0	0	0	0	0	0	0	0	0	0	0	0	0	0	0	0	0	0	0	0	0	0	0	0	0
d56bcfd8f505fa2aba5f71a6aa670d75	0	0	0	0	0	0	0	0	3	0	0	0	0	0	0	0	0	0	0	0	0	0	0	0	0	0	0	0	0	0
de9f88a1b4c79ba0e0392deaaf69446c	0	0	0	0	0	0	17	0	0	0	0	0	0	0	0	0	0	0	0	0	0	0	0	0	0	0	0	0	0	0
9a50eb42c65c4d55a563256a9c8fbe08	17	0	0	0	0	0	0	0	0	0	0	0	0	0	0	0	0	0	0	0	0	0	0	0	0	0	0	0	0	0
7d2aef6aeb9103f02844f22408232772	0	0	0	0	0	0	0	0	0	0	0	0	0	0	0	0	0	0	0	0	0	0	0	0	0	9	0	0	0	0
212fb829f2bf4d63612c7af4d4d92664	0	0	0	0	0	0	0	0	0	0	4	0	0	0	0	0	0	0	0	0	0	0	0	0	0	0	0	0	0	0
13ac3b1de78b6a68c46118b680089030	0	0	0	0	0	0	0	0	0	0	0	0	0	0	0	0	0	0	0	0	0	0	3	0	0	0	0	0	0	0
1f69728ee67ef902d8acf405334c1773	0	0	0	0	0	0	0	0	0	0	0	0	0	0	0	0	0	0	0	0	0	0	0	0	6	0	0	0	0	0
29e77abe849b65dd2704429940eabaae	0	0	0	0	0	0	0	0	0	0	0	0	0	0	0	0	0	16	0	0	0	0	0	0	0	0	0	0	0	0
ccf1efd95bf1aa689df5c914ac192fb7	0	0	0	0	0	0	0	0	0	0	0	0	0	0	0	0	0	0	0	0	0	0	7	0	0	0	0	0	0	0
25e2b2a9bc29695a689b2bc4c838ff42	0	0	0	0	0	0	0	0	0	0	0	0	0	0	0	0	0	0	0	0	0	0	0	3	0	0	0	0	0	0
54e88999f41d7eb87400824430abd1c7	0	0	0	0	0	0	0	0	0	0	0	0	0	0	0	0	0	0	0	0	0	0	0	0	0	0	0	21	0	0
6b8572a574f121bf39054883795f244a	0	7	0	0	0	0	0	0	0	0	0	0	0	0	0	0	0	0	0	0	0	0	0	0	0	0	0	0	0	0
7d5822c7e400e30bfb84eb3cd73283b7	0	0	0	0	15	0	0	0	0	0	0	0	0	0	0	0	0	0	0	0	0	0	0	0	0	0	0	0	0	0
d6531ff3c22f3344dca5feb122924d49	0	0	0	0	0	0	0	0	0	0	0	0	0	0	0	0	0	0	2	0	0	0	0	0	0	0	0	0	0	0
6b5e144299dfde76b28dbecf0dfe29ab	0	0	0	0	0	0	0	0	0	0	43	0	0	0	0	75	55	40	0	62	0	0	0	0	0	0	0	0	0	0
4b7b4a3f661f7c302ee1c01a4b03be8c	0	0	0	0	0	0	0	0	0	2	0	0	0	0	0	0	0	0	0	0	0	0	0	0	0	0	0	0	0	0
7676f4f1d09d231dbba72c77ff40c42b	0	0	0	0	0	0	0	0	0	0	0	3	0	0	0	0	0	0	0	0	0	0	0	0	0	0	0	0	0	0
c9dae4036e47df3627257708a53a2a82	0	0	0	0	0	0	0	0	0	0	32	0	0	0	0	0	28	0	19	0	0	0	0	0	0	0	0	0	0	0
d777648846b311b04f335f121253c8b2	0	0	0	0	0	26	0	0	0	0	0	0	0	0	25	0	41	0	14	0	0	0	0	0	0	0	0	0	0	0
583f62d9d80f4c567761558052900744	0	0	0	0	0	0	0	0	0	0	0	0	0	0	0	0	0	0	0	0	0	0	0	0	0	10	0	0	0	0
e1d4c30502f2f6fed7c7b6abb692756d	0	0	0	0	0	0	0	0	21	0	0	0	0	0	0	0	0	0	0	0	0	0	0	0	0	0	0	0	0	0
4c34c5d3cd3bd2ac1d46bb63ec410cbc	0	0	0	0	0	0	0	0	0	9	0	0	0	0	0	0	0	0	0	0	0	0	0	0	0	0	0	0	0	0
447191ffd7989c89e82b8b12fa04d25b	0	0	0	0	0	0	0	0	0	0	0	0	7	0	0	0	0	0	0	0	0	0	0	0	0	0	0	0	0	0
9a83c4499594e9c38d4f959a1deb6196	0	0	0	0	0	0	0	0	0	0	8	0	0	0	0	0	9	0	0	0	0	0	0	0	0	0	0	0	0	0
32540080128d87520cf34a894c090a04	6	0	0	0	0	0	0	0	0	0	0	0	0	0	0	0	0	0	0	0	0	0	0	0	0	0	0	0	0	0
26c8409735e63970cd8989f595f4d5e7	0	2	0	0	0	0	0	0	0	0	0	0	0	0	0	0	0	0	0	0	0	0	0	0	0	0	0	0	0	0
f02ef1a12efb5efcb9d08b80f996d9f9	0	0	0	0	0	0	0	0	0	0	9	0	0	0	0	0	0	0	0	0	0	0	0	0	0	0	0	0	0	0
4bc59d5912ff1bfbb5c6ee208754a7ba	20	0	0	0	0	0	0	0	0	0	0	0	0	0	0	0	0	0	0	0	0	0	0	0	0	0	0	0	0	0
80844a0cac90c508aa9fe482021ab4f6	38	44	0	36	0	51	0	0	0	65	0	0	0	0	0	0	0	0	0	0	0	0	13	0	0	0	0	0	0	0
b8d96e4f2ae137bcb9731f4eb3edd287	0	0	0	6	0	0	0	0	0	0	0	0	0	0	0	0	0	0	0	0	0	0	0	0	0	0	0	0	0	0
2537a638a6e6475ccd2ad6fdfa888107	0	0	0	0	0	0	0	0	0	0	0	0	0	18	0	0	0	0	0	0	0	0	0	0	0	0	0	0	0	0
99d54f6524b82a4d2c6e9feb79393d25	0	0	0	0	0	0	0	0	0	0	12	0	0	0	0	0	0	0	0	0	0	0	0	0	0	0	0	0	0	0
dda737278b3e86b76ccdcf77e40dd8f9	0	0	0	0	0	0	0	0	0	0	0	0	0	0	0	0	0	0	0	0	0	0	0	0	0	0	0	0	6	0
f11814ff7b478b23d53a306d5cd9d6f1	0	0	0	0	0	0	0	4	0	0	0	0	0	0	0	0	0	0	0	0	0	0	0	0	0	0	0	0	0	0
b3a0ada020aaf506abee19e900bbdce8	0	0	0	0	0	0	0	0	0	0	0	0	0	0	0	12	0	0	0	0	0	0	0	0	0	0	0	0	0	0
a54efe10338eff80aacf3309ac60b81f	0	0	0	0	0	0	0	0	0	0	0	143	0	0	0	0	0	0	0	0	0	0	0	0	0	0	0	0	0	0
71e0f2a65da5641b1d1d118b50015db7	0	3	0	0	0	0	0	0	0	0	0	0	0	0	0	0	0	0	0	0	0	0	0	0	0	0	0	0	0	0
e6ec144fe87af0c79909912b5191645f	0	0	0	0	0	0	0	0	0	0	0	0	0	0	0	0	0	0	0	0	0	14	0	0	0	0	0	0	0	0
ea718275b8552a740c3479d853fc3b90	0	0	0	0	0	0	0	0	0	0	0	0	0	6	0	0	0	0	0	0	0	0	0	0	0	0	0	0	0	0
ff1df238ad2f49afc0d876ba08e7d2fe	0	0	0	0	0	0	0	0	0	0	0	0	0	0	0	0	0	0	21	0	0	0	0	0	0	0	0	0	0	0
031232bd69cc752bd6310614ff9b7236	0	0	0	0	0	0	0	0	0	0	0	0	0	0	18	0	0	19	0	0	0	0	0	0	0	0	0	0	0	0
e57486c50d8c3e221fdf6ac42375a572	0	0	0	0	0	0	0	0	0	0	0	0	0	0	0	0	0	0	0	0	0	0	0	0	0	0	0	0	9	0
81a12723a5b581e38cd1facf170c96b9	0	0	0	0	0	25	0	0	0	0	0	0	0	0	0	0	0	0	0	0	0	0	0	0	0	0	0	0	0	0
89b5e1f81d15443e09055788c056a37f	0	0	0	0	0	0	0	0	0	0	0	0	0	0	0	0	0	0	0	0	0	0	0	0	35	0	0	0	23	0
721657e1569f2eeb66d66f80ae0abba6	0	0	0	61	0	0	0	0	0	0	0	0	0	0	0	0	0	0	0	0	0	0	0	0	0	0	0	0	0	0
4bbcf87e00ea71a68c4568de18f54812	0	0	0	0	0	0	0	11	0	0	0	0	0	0	0	0	0	0	0	0	0	0	0	0	0	0	0	0	0	0
7fcf5f3634c5e45a438007758bab0ac7	0	15	0	0	0	0	0	0	0	0	0	0	0	0	0	0	0	0	0	0	0	0	0	0	0	0	0	0	0	0
8790e4611f562711764924d661637c2a	0	0	0	0	0	0	0	0	0	0	0	0	11	0	0	18	0	0	0	0	0	0	0	0	0	0	0	0	0	0
1157dfadc93acd45b501a240d96f9579	0	0	0	0	0	0	0	0	0	0	35	0	9	0	36	0	0	0	97	0	0	9	0	0	0	0	0	0	0	0
f7182c7aabf70882096a997b8d4ee7df	0	0	0	0	0	0	0	0	0	0	0	0	2	0	0	0	0	0	0	0	0	0	0	0	0	0	0	0	0	0
273feb36ab96eadc5c0e4ba3b335c9a0	0	0	0	0	0	0	0	0	0	0	0	0	0	0	0	7	0	0	0	0	0	0	0	0	0	0	0	0	0	0
79825ed9a2c6340b8438c1efbd428d9e	0	0	0	0	0	0	0	0	0	0	0	0	0	0	0	0	0	0	0	0	0	0	0	0	9	0	0	0	0	0
b6859fe03ae15aff687a39cb2a45e11a	0	0	0	0	0	0	0	0	0	0	0	0	0	0	0	0	0	0	9	0	0	0	0	0	0	0	0	0	0	0
63c6227e08de1411d7587923ebf91be5	0	0	0	0	0	0	0	0	0	0	10	0	0	0	0	0	0	0	0	0	0	0	0	0	0	0	0	0	0	0
7f257522be38132338b66eb136d5bb00	0	0	0	0	0	0	0	0	0	0	0	0	0	0	0	0	0	0	0	0	0	0	0	0	0	0	21	0	0	0
db2e0aa9b4cf55f6f9755444682f951d	0	0	0	0	0	0	0	0	0	0	0	0	0	0	0	0	0	4	0	0	0	0	0	0	0	0	0	0	0	0
58d02fe3de7dd3b4267b3528d0fbe3aa	0	0	315	0	0	0	0	0	0	0	17	0	0	0	0	0	31	7	0	0	0	0	0	0	0	0	0	0	0	23
38f6208b03811585254819a2550a79ea	0	0	0	0	2	0	0	0	0	0	0	0	0	0	0	0	0	0	0	0	0	10	0	6	16	0	13	0	60	12
7333c6c5ad1af1053a991f2e3de02561	0	0	0	0	0	0	0	0	0	0	0	0	0	0	0	0	0	0	0	11	0	0	0	0	0	0	0	0	0	0
745ddfe7dfa2cf531c6042d4b5923cb2	0	0	10	0	0	0	0	0	0	0	4	0	0	12	0	0	0	0	0	0	0	0	0	0	0	0	0	0	0	0
e92179b684ca4685d4a5a69115368b9b	0	0	0	0	0	0	0	0	0	0	12	0	0	0	0	0	0	0	0	0	0	0	0	0	0	0	0	0	0	0
f9a65294b0bf51ba2d3325c2c83fc667	0	0	0	0	0	0	0	0	0	0	0	0	0	0	0	0	15	20	0	162	0	0	0	0	0	0	0	0	9	0
2f7a521836230f966ebe710b2fb941d4	0	0	0	0	0	0	0	0	0	55	0	3	0	0	18	0	0	2	0	0	0	0	0	0	0	0	0	0	0	0
77d33cf4fad66b2784026cec1f79727e	0	0	0	0	0	0	0	0	0	0	0	0	0	0	0	0	0	0	32	0	0	31	0	0	0	0	0	0	0	0
ad6db9695fd1471790c92934f6e910ea	0	0	0	0	0	0	0	0	0	0	0	0	2	0	0	0	0	0	0	0	0	0	0	0	0	0	0	0	0	0
889ffbc20d19bf01ceebe6eade1c3650	0	0	0	0	0	0	0	0	0	0	0	0	5	0	0	0	0	0	0	0	0	0	0	0	0	0	0	0	0	0
5f823cac9d794e3330c47f3f27586eff	0	0	0	0	0	0	0	0	0	0	0	0	0	6	0	0	0	0	0	0	0	0	0	0	0	0	0	0	0	0
97cf63463728f652ccb6f858389d7cd4	0	0	0	0	0	0	0	0	0	0	0	0	0	0	0	0	0	0	0	0	0	0	0	0	0	0	0	0	6	0
f1ef9d7122fbd2ad258ccc123a0c1a64	0	0	0	0	0	0	0	0	0	0	0	0	0	0	0	0	0	31	0	0	0	0	0	0	0	0	0	0	0	0
41876d9cfb266d7807a7949f93f842e7	0	0	0	25	0	0	0	23	0	97	14	0	0	0	0	0	26	0	0	0	14	0	0	0	0	374	0	15	100	368
5d7512c6d4d2cd5af4e638e01036468b	0	0	0	0	0	0	0	0	3	0	0	0	0	0	0	0	0	0	0	0	0	0	0	0	0	0	0	0	0	0
43da2c61033716e466731be5388863d4	0	0	0	0	0	0	30	0	0	0	0	0	0	0	0	0	0	0	0	0	0	0	0	0	0	0	0	0	0	0
67c134f5d8029665bd68b78ebcbab143	45	42	0	0	0	106	0	0	0	0	0	0	0	0	0	0	0	0	0	0	0	0	0	0	0	0	0	0	0	0
49482d9ab67443fb6599ecdf84106899	0	0	0	0	0	0	0	0	0	0	0	8	14	0	0	0	0	0	0	0	0	0	0	0	0	0	0	0	0	0
48a794fedbfe60e50c292ecb23a05a06	0	0	0	0	0	0	9	0	0	0	0	0	0	0	0	0	0	0	0	2	0	0	0	0	0	0	0	0	0	0
2feb96fa85447c09a626ca25acce581e	0	0	0	0	0	0	0	0	0	0	0	0	0	0	0	6	0	0	0	0	0	0	0	0	0	0	0	0	0	0
61fa993efdcc0a37e456df3981c12740	0	0	0	0	34	0	4	0	11	0	0	0	0	0	0	0	0	0	0	0	0	0	0	0	0	4	0	0	0	0
8ba97646a90f985989983bfc4410ca1d	0	0	0	3	0	0	0	12	6	0	0	0	0	0	0	0	10	16	0	0	0	0	0	0	0	0	4	0	0	0
19c1b45877f2bd850b424c808e1f2984	0	0	0	0	0	0	0	0	40	0	58	0	0	0	0	0	46	0	0	0	0	0	0	0	0	0	0	21	38	1261
8eaa1220e7cf99360824ed1704caa9c1	15	0	0	0	26	0	528	22	0	12	0	0	0	0	14	0	0	0	41	0	0	0	0	19	0	0	10	13	0	0
83bb7af9f708840ddfd5c42d022fa4f9	0	0	0	0	0	0	0	0	0	0	0	0	31	0	0	0	0	23	23	0	0	0	0	0	0	0	0	0	0	0
c5c8c72e7dc96aecc4e3674af3c1b560	0	0	0	0	0	0	0	0	0	0	15	0	0	0	0	0	0	0	0	0	0	0	0	0	0	0	0	0	0	0
ff408bbbdc5a0df4a7c5acd617f71c31	0	0	0	0	0	0	0	0	0	0	0	0	0	0	0	0	0	0	0	0	0	0	0	0	0	0	0	0	6	0
d437468fe87b1c19df814edb66b27aa1	0	0	0	0	0	0	0	0	0	0	31	0	0	0	0	0	0	0	0	0	0	0	0	0	0	0	0	0	0	0
e0bfbdd6b911d1eafcf874fadc3c3538	0	0	0	0	0	0	0	10	0	0	0	0	0	0	0	0	0	0	0	0	0	0	0	0	0	0	0	0	0	0
e2751f45f44c010a540834d3e07133a4	1076	1190	55	1007	731	545	184	65	1122	583	30	83	39	0	56	66	34	143	158	47	33	17	0	43	71	115	104	39	59	25
04497c87c2242fb315386bb1d77def35	0	0	0	0	0	0	0	0	0	0	0	0	0	2	0	0	0	0	0	0	0	0	0	0	0	0	0	0	0	0
d01c561239d3c092f45044930908cc22	57	39	0	63	60	63	0	0	77	58	67	0	0	0	0	0	0	0	0	0	0	0	0	0	0	0	0	0	0	0
16ddad5ba1eff03ee725f839f4927396	0	0	0	0	0	0	15	0	0	0	0	0	0	0	0	0	0	0	0	0	0	0	0	0	0	0	0	0	0	49
78e6e4588811faed3aab1de2fb0673c9	0	0	0	0	0	0	0	0	0	0	0	0	21	46	17	0	0	0	0	0	0	0	0	0	0	0	0	0	0	0
2e6fd4972777e452781e0e9a9bcea89b	0	0	0	0	0	0	0	0	0	0	14	0	0	0	0	11	0	0	0	0	0	0	0	0	0	0	0	0	0	0
4e7b489f5ac044fca241faf215ff9ffb	0	0	0	2	0	0	0	0	0	0	0	0	0	0	0	0	0	0	0	0	0	0	0	0	0	0	0	0	0	0
e6b3f85d1a5a984595bfc1be4b05ae33	0	0	0	0	0	0	0	0	0	0	0	0	0	0	0	19	0	0	0	0	0	0	0	0	0	0	0	0	0	0
2484925d39753b597324d218f847f610	0	0	0	0	0	0	0	0	0	2	0	0	0	0	0	0	0	0	0	0	0	0	0	0	0	0	0	0	0	0
cfbf019d2d81f770c3a364515da32659	0	0	0	0	0	0	0	0	0	0	0	0	0	0	0	0	0	2	0	0	0	0	0	0	0	0	0	0	0	0
69413ef51e9058b4cd5500e00f548b13	0	0	0	0	0	22	0	0	0	0	0	0	0	0	0	47	0	0	0	0	0	0	0	0	0	0	0	0	0	0
47cd013e35d4154934129ae00b1c60bb	0	0	0	0	0	0	0	0	0	0	0	0	0	0	19	0	0	0	0	0	0	0	0	0	0	0	0	0	0	0
1c85f1cdab073472705b98abb6c7bd43	0	0	0	0	0	0	0	0	0	0	0	0	0	0	0	0	0	0	0	3	0	0	0	0	0	0	0	0	0	0
4c442c50098f25fb18bb593c43b02f88	0	0	0	4	0	0	0	0	0	0	7	0	0	0	0	0	0	0	0	0	0	0	0	0	0	0	0	0	0	0
83ecadd02c251f3d04bbbba6c600397a	0	0	0	0	0	10	0	0	0	0	0	0	0	0	0	0	0	0	0	0	0	0	0	0	0	0	0	0	0	0
093522a1db254792f7e6da22962ee12a	0	0	22	0	0	0	0	0	0	0	0	0	0	0	0	0	0	0	0	0	0	0	0	0	0	0	0	0	0	0
380aa8d36771ab0ecb3d45da650c3e00	0	58	0	41	0	62	25	26	59	53	0	0	0	0	28	0	17	0	57	22	0	0	0	0	0	0	0	0	0	0
a633c5ffe9fa8224574e209752e0bacb	0	0	0	0	0	0	0	0	0	0	0	0	0	0	0	5	0	0	0	0	0	0	0	0	0	0	0	0	0	0
4640b48137f5231db78c59208f87345e	0	0	0	0	0	68	0	0	0	26	8	14	53	0	0	24	0	0	14	58	0	0	0	23	23	0	6	0	0	0
cfc363d3b8c8f1c1da0f9409ee61696c	0	0	0	0	0	0	0	0	0	0	0	0	0	8	0	0	0	0	0	0	0	0	0	0	0	0	0	0	0	0
5c24cc8ea2d14ecc91f05df9737dd6b9	0	0	0	0	0	0	0	0	0	0	0	0	0	0	0	0	0	0	0	0	0	0	0	0	0	5	0	0	0	0
ed6f88cea8eb80b72618a618e2222ce9	0	0	0	0	0	0	0	0	0	0	0	0	0	0	0	0	0	0	0	0	0	0	0	0	0	0	2	0	0	0
d9dabca1d9e64105593114533b6146a0	0	0	0	0	0	17	0	0	0	0	0	0	0	0	0	0	0	0	0	0	0	0	0	0	0	0	0	0	0	0
eb38559b2c099c21b387965636b29b1c	0	0	0	0	0	0	0	0	0	0	0	0	0	0	0	0	0	0	0	0	0	0	0	0	0	0	0	2	0	0
a3e26af70cb1c1437c6d4995e4be06ac	0	0	0	0	0	0	0	0	0	0	0	0	0	14	0	0	12	0	10	12	0	0	0	0	0	0	0	0	0	0
ccb2dfe7314ef30f5bcb08784dbde31d	6	0	0	15	0	10	0	0	0	0	0	0	0	0	0	0	0	0	0	0	0	0	0	0	0	0	0	0	0	0
068bf9723e82f753322c15fd4906b12b	46	56	14	146	32	36	100	100	67	116	42	47	74	77	23	38	50	26	49	82	39	85	33	191	359	1391	541	160	289	98
2be06d14d7949c38ced9fe2ca4db0e40	45	0	0	0	0	0	0	0	0	0	0	0	0	0	0	0	0	0	0	0	0	0	0	0	0	0	0	0	0	0
9db723b4915ac7edb2d51c2810cc0716	0	85	19	39	78	48	0	0	52	25	93	0	0	0	0	0	0	0	0	0	0	0	0	0	0	0	0	0	0	0
301d0d500589182298ca97f22e35a7d1	0	0	0	0	0	0	0	0	0	0	0	0	0	6	0	0	0	0	0	0	0	0	0	0	0	0	0	0	0	0
8e50fbeb3f0d43b43a7d02b48b8abbe0	218	181	0	266	312	269	281	279	361	116	424	564	610	829	416	891	439	514	196	216	0	63	0	287	628	114	359	0	601	0
8b88d9c16e2741b36cf69e3fbd9c83b6	0	0	0	0	0	0	8	0	0	0	0	0	0	0	0	0	0	23	0	9	0	0	0	0	0	0	0	27	0	5
23e16937e90d68bbb86e92af488dbab3	15	12	35	29	29	0	20	26	20	13	0	0	0	0	0	0	0	0	0	0	0	0	0	0	0	0	0	0	0	0
42a2c25399f258f4bf8ef0e78a7082c9	0	0	0	0	0	0	0	0	0	0	0	0	0	0	0	0	0	0	16	0	0	0	0	0	0	0	0	0	0	0
54c09c2af340f7aa1a679ce736e12fb8	0	0	0	0	0	0	0	0	0	0	0	0	0	0	0	15	0	0	0	0	0	0	0	0	0	0	0	0	0	0
8bcea05bcb2c6c61207a9a4737908b07	0	0	0	0	0	0	0	0	0	0	0	0	0	12	0	0	0	0	0	0	0	0	0	0	0	0	0	0	0	0
0a9c877b9ee2c3a90559d82796e5706b	0	0	0	0	0	0	0	0	0	0	0	0	0	0	14	5	0	0	0	0	0	0	0	0	0	0	0	0	0	0
fd861cefc07ac95c1b2b48a43d3cf7d9	0	0	0	15	0	0	0	0	0	0	0	26	0	0	40	0	0	27	82	0	339	0	0	0	37	0	0	0	0	0
7a1bc1404e19dede916f3db8b4047919	0	0	0	0	0	0	0	0	0	0	0	0	0	0	0	0	0	0	0	0	0	0	0	10	72	0	0	0	0	0
b39e82d750aa279a7682700ea087a122	0	0	14	0	0	0	0	0	0	0	0	0	0	0	0	0	0	0	0	0	0	0	0	0	0	0	0	0	0	10
41b6ce503c63f7024652e1fcdfd1f51a	0	0	0	0	0	0	0	0	0	0	0	0	0	0	0	0	0	0	0	0	0	0	0	0	0	0	12	0	0	0
41896afe245e4ff0d2ec80760c3ec091	0	0	0	0	0	0	0	0	0	0	0	0	8	0	0	0	0	0	0	0	0	0	0	0	0	0	0	0	0	0
00d757db5d3af63343c880cae91ba3b7	0	0	0	0	0	0	0	0	0	0	0	0	0	14	0	0	0	0	0	0	0	0	0	0	0	0	0	0	0	0
eb413bcc483e6edcb041e2d5f5e69a6b	0	0	0	0	0	0	0	0	0	0	0	0	0	0	0	0	0	0	6	0	0	0	0	0	0	0	0	0	0	0
c6097f9104a8331e83d8b4ff22fb15b2	0	0	0	0	0	0	0	0	0	0	0	0	0	0	0	0	0	0	0	0	0	0	0	0	0	0	0	4	0	0
3de1cafe0d65419778b716805031e673	0	0	0	0	0	0	0	0	0	0	34	0	11	0	0	58	28	0	0	0	0	0	0	0	0	0	0	0	0	0
c9e3da59abcdc9782a2d7d1c1417114e	0	0	0	0	0	0	21	0	0	42	0	0	20	0	0	29	0	0	0	0	0	0	0	0	0	0	0	0	0	0
1fd72341d1a495c3311edf9529f4490c	0	87	0	0	0	0	16	0	0	0	0	0	0	20	0	0	0	13	0	14	183	9	79	0	0	0	0	0	0	0
c012e8bde559b08d7f6fd91deb0affc1	0	7	0	0	0	0	0	0	0	0	0	0	4	34	64	16	0	0	8	0	0	0	0	0	0	0	7	0	0	0
997582db9d38a36c9efe9f789f49457e	18	41	0	32	0	30	0	17	39	29	0	0	0	0	0	0	0	0	0	0	0	0	0	0	0	0	0	0	0	0
d6079572ecee3ec6dd8a94353a11fac4	0	0	41	0	0	0	0	0	0	0	0	0	0	0	0	0	0	0	0	0	0	0	0	0	0	0	0	0	0	0
d5acbc83ec018ca17a8db44d8a842ee4	0	0	0	0	0	0	0	0	0	0	0	0	0	0	0	0	0	0	0	11	0	0	0	0	0	0	0	0	0	0
9ac40e6473469fa59b47dae72363a59a	0	0	0	0	0	0	0	0	0	0	0	0	0	0	0	0	0	0	0	0	0	0	0	3	0	0	0	0	0	0
14e3c5d39a9b24e4379d725ca3445a76	0	0	0	0	9	0	0	0	0	0	0	0	0	0	0	0	0	0	0	0	0	0	0	0	0	0	0	0	0	0
f855c4e14045c23cdf4884f5b1a067d7	0	0	0	0	0	0	0	0	0	0	0	0	0	0	0	0	0	0	0	0	0	0	0	0	0	0	0	12	16	0
d71a43ea1c511511f36adf840ddc4259	0	0	0	0	0	0	0	11	0	0	0	0	0	0	0	0	0	0	0	0	0	0	0	0	0	0	0	0	0	0
cc9ed50fec2e876c53702e28bb5b0ea2	0	0	0	0	0	0	0	0	0	0	0	0	0	17	0	0	0	0	0	0	0	0	0	0	0	0	0	0	0	0
0d842addbf9affbcc8d9a53a26289987	0	0	0	0	0	8	0	0	0	0	0	0	8	0	0	0	69	0	52	110	0	0	6	0	0	10	120	0	0	0
a1443c3dde46771f272f8ae24265e663	0	0	0	0	0	0	0	0	0	0	0	0	0	0	0	0	0	0	0	0	0	0	0	0	0	0	0	0	7	0
14c11aeb85c18593fe1707e3ccbe4403	0	0	0	0	0	0	0	0	6	0	0	0	0	0	0	0	0	0	0	0	0	0	0	0	0	0	0	0	0	0
eb3c035d8ec15671be65669f2a9612b4	0	0	0	0	0	0	0	0	0	0	0	0	0	0	0	0	0	0	0	10	0	0	0	0	0	0	0	0	0	0
7ad99105d40b2c1bfc761adecbcdbeaf	0	0	0	0	0	0	0	0	0	0	0	0	0	0	0	0	0	5	0	0	0	0	0	0	0	0	0	0	0	0
efca23f6bd48826e32cf90769b0d8412	0	7	0	0	0	0	0	0	0	0	0	0	0	0	0	0	0	0	0	0	0	0	0	0	0	0	0	0	0	0
bc040cb090ccdcbfa0872c7850533ea8	0	0	0	0	0	0	0	0	0	0	0	0	0	0	0	0	0	0	0	0	0	0	0	0	0	20	0	0	0	0
77ba50632ccf2f1c2d018cf9072b4c01	0	0	0	0	0	0	0	0	3	0	0	0	0	0	0	0	0	0	0	0	0	0	0	0	0	0	0	0	0	0
a7248cc0f6bff651c135f63ba1799722	0	0	0	0	0	0	0	0	0	11	0	0	0	0	0	0	0	0	0	0	0	0	0	0	0	0	0	0	0	0
f5bd81e55420d1ad7f624c2814027c4a	0	0	0	0	0	0	0	0	0	0	14	0	0	0	0	0	0	0	0	0	0	0	0	0	0	0	0	0	0	0
a8be929b675b9b01542dba8797e95cf3	0	0	0	0	0	0	0	0	0	0	0	0	0	0	33	0	0	0	0	0	0	0	0	0	0	0	0	0	0	0
37868989d7aa03ccb68049374f74af84	0	0	0	0	0	0	0	2	0	0	0	0	0	0	0	0	0	0	0	0	0	0	0	0	0	0	0	0	0	0
8549fbd47b19a04f32d54489a181888b	0	0	0	0	0	0	0	0	0	0	0	0	0	0	0	0	0	0	0	0	3	0	0	0	0	0	0	0	0	0
9b5346ba6450869bd2b401ddb9b9c4b5	0	0	0	0	0	0	0	0	0	0	0	0	0	17	0	0	0	0	9	6	0	0	0	0	0	0	0	8	0	0
5c1cb0db34a504b196917a257d6bd355	0	0	0	0	27	0	0	0	0	0	0	0	0	0	0	0	0	0	0	0	0	0	0	0	0	0	0	0	0	0
7db013febaaaf36a3933a5e06bbdfddb	0	0	0	0	0	0	0	0	0	0	0	0	0	0	0	0	0	0	0	0	0	0	0	0	0	0	0	0	0	74
7b2b29b054957a77612ded027691a0c4	0	0	0	0	0	0	0	0	0	0	0	0	9	0	0	0	0	0	0	0	0	0	0	0	0	0	0	0	0	0
b8d96400d5f417f207345986cf260f41	9	0	0	0	0	0	0	0	0	0	0	0	0	0	0	0	0	0	0	0	0	0	0	0	0	0	0	0	0	0
cbd2323bdebec1c05bf7920b52cb9459	0	0	0	0	0	0	0	0	0	0	0	0	0	0	0	0	0	0	0	0	0	3	0	0	0	0	0	0	0	0
ffe2ec2af79d2aeec880209d88b576f1	0	0	0	0	0	0	0	0	0	0	0	0	0	20	0	0	0	0	0	0	0	0	0	0	0	0	0	0	0	0
66d964821e20fea91f90591621536e68	0	0	0	0	0	0	0	0	0	0	0	0	0	0	0	0	0	0	0	0	0	0	0	0	0	3	0	0	0	0
d4c47953cea43af3cf481cc6270638b8	0	0	0	0	0	0	0	0	0	0	0	0	0	0	0	0	0	0	0	0	0	0	0	0	0	0	0	0	0	2
38f933e737c4f3acc31bb9cd3757c66a	0	0	0	0	0	0	0	0	0	0	0	0	0	0	0	0	0	0	0	0	0	0	0	0	0	35	25	0	0	0
744cb236a1850dc39b2d1d392920cd1a	0	0	0	0	0	0	0	0	2	0	0	0	0	0	0	0	0	0	0	0	0	0	0	0	0	0	0	0	0	0
4b215ff36ac3d8654e3e4a5853559b03	0	0	0	0	0	0	0	0	0	0	0	25	0	0	0	0	0	0	12	0	0	0	0	0	0	0	0	0	0	0
f1b354e84880f8e8c21e5c6aa4b011d5	0	0	0	0	0	0	0	29	0	0	0	0	0	0	0	0	0	0	0	0	0	0	0	0	0	0	0	0	0	0
1a5657748966e29b9c8cec06bead724a	0	0	0	0	0	0	0	0	0	0	0	0	0	0	0	7	0	0	0	0	0	0	0	0	0	0	0	0	0	0
86cd9ae389572661b823fcd91ce42073	0	0	0	0	0	0	11	0	0	0	0	0	0	0	0	0	0	0	0	0	0	0	0	0	0	0	0	0	0	0
c03f26418d4fb058d1a49655fbf35113	0	0	18	0	0	0	0	0	0	0	0	0	0	13	0	0	0	0	0	0	0	0	0	0	0	0	0	0	0	0
bc33d32e8ba00dde5c5ad554a5f08401	0	0	0	0	0	0	0	0	7	0	0	0	0	0	0	0	0	0	0	0	0	0	0	0	0	0	0	0	0	0
bd60fcff3348683ebcf5fdaa9eb30e84	0	0	0	0	0	0	0	0	0	0	16	0	0	0	0	0	0	0	0	0	0	0	0	0	0	0	0	0	0	0
c35decb69005dbf73b306812cb00cfa7	0	0	45	0	43	0	0	0	0	0	0	0	0	0	0	0	17	0	0	0	0	0	0	0	0	0	0	0	0	0
4446b06de766bd48b7dab7ecd2a9a26e	0	0	32	50	0	33	0	0	29	16	75	479	0	397	107	245	846	1179	158	236	34	0	0	0	56	0	32	0	0	0
210e311778a134a6dac1815d6b5142e5	0	0	0	0	4	0	0	0	0	0	0	0	0	0	0	0	0	0	0	0	0	0	0	0	0	0	0	0	0	0
1a2ab63665dc7813dae5ba0f452f0991	0	0	0	0	0	0	0	0	0	0	0	0	0	0	0	0	0	0	0	0	0	0	0	0	0	0	0	44	0	11
f5931565e8a529c332c1ef3415f4a1e2	0	0	0	0	0	6	6	0	0	0	0	0	0	0	0	0	0	0	0	0	0	0	0	0	0	0	0	0	0	0
6f89b5963ffb3c3fa9c5d1bad54a1ef1	0	0	0	0	0	0	0	0	0	0	0	0	0	0	0	0	0	0	0	0	0	0	0	0	2	0	0	0	0	0
9f8795f1519def852d23ab49bd1001d7	0	0	0	0	0	0	0	0	0	0	0	0	0	0	0	0	0	0	15	0	0	0	0	0	0	0	0	0	0	0
c01d2e067b4760cbdaaf9af0d59fb538	0	344	0	336	0	0	0	54	495	321	0	0	0	0	0	0	0	37	0	0	0	0	0	0	0	0	0	0	0	0
b5ba67a854760d1d4fb6e093e2b27bf9	0	10	0	0	14	0	0	27	12	3	0	0	0	0	0	0	0	0	0	0	0	0	0	0	0	0	0	0	0	0
3d3c853e83e071c445ab0d09dd7fb4d7	0	0	0	0	0	0	0	0	0	0	0	0	0	0	0	0	0	0	0	0	0	0	0	0	0	0	0	14	0	16
d3d345903364a0712d5d4472c0651db1	0	0	0	0	0	0	0	0	0	0	2	0	0	0	0	0	0	0	0	0	0	0	0	0	0	0	0	0	0	0
b9b568031a345855a57c072027053719	0	0	0	0	0	0	0	0	0	0	0	0	0	0	0	0	0	0	0	0	0	0	0	0	0	0	0	10	0	0
10beef3b58d9470ccd2dbf52281b7f24	0	0	0	0	0	0	0	0	0	0	0	0	0	0	0	0	0	0	0	9	0	0	0	0	0	0	0	0	0	0
e64f2cb03c60e9f8f4ca30b99fc8d19f	0	0	0	0	0	0	0	0	0	0	8	0	0	0	0	0	0	0	0	0	0	0	0	0	0	0	0	0	0	0
4129c8d4e44291895147e053d368b5bd	0	0	0	0	0	0	0	0	0	0	0	0	2	0	0	0	0	0	0	0	0	0	0	0	0	0	0	0	0	0
87e96dae360d6370aa91c632e1836709	0	0	0	0	0	0	0	0	0	0	0	0	0	0	0	0	0	0	2	0	0	0	0	0	0	0	0	0	0	0
a64860818ae2b56a075fed25b7dd66e8	0	0	0	0	0	0	0	0	112	31	0	0	23	28	0	0	0	0	0	0	0	0	0	0	0	0	0	0	0	0
10d5fb03d9ee8c0a8b4ede2245c1cc69	0	0	0	0	0	0	0	0	0	0	0	10	0	0	0	0	0	0	0	0	0	0	0	0	0	0	0	0	0	0
70b85dacf9c5083ae06923c4b6cf554c	0	0	0	0	0	0	0	0	0	4	0	0	0	0	0	0	0	0	0	0	0	0	0	0	0	0	0	0	0	0
fe0f051e5875d73e8e170716275b9e34	0	0	0	0	0	0	0	0	0	0	0	0	0	0	0	0	0	0	0	0	0	0	0	0	0	46	0	0	0	0
56b51472a9966db5fce28a0a3989710f	0	0	0	0	7	0	0	0	0	0	0	0	0	0	0	0	0	0	0	0	0	0	0	0	0	0	0	0	0	0
663938de43f9650c388feb221487f56d	0	0	37	0	0	0	0	0	0	0	0	0	0	0	0	0	0	0	0	0	0	0	0	0	0	0	0	0	0	0
988e2357ce30f92a477fb80496362b9c	0	0	0	0	0	0	0	42	50	0	0	0	0	0	0	0	0	0	0	0	0	0	0	0	0	0	0	0	0	0
97ed7c93fa79ecc6576244437d560f23	0	18	0	0	0	0	0	0	0	0	0	0	0	0	0	0	0	0	0	0	0	0	0	0	0	0	0	0	0	0
47f6ae3856b50fc0ddb7e1f9ff091d74	0	0	0	0	0	0	0	0	0	0	0	0	0	11	0	0	0	0	0	0	0	0	0	0	0	0	0	0	0	0
903c688c14b95246f2efb08400b057ae	0	0	162	0	0	0	5	0	7	0	20	0	0	0	0	0	0	0	7	0	0	0	0	0	0	0	0	0	0	13
653819eb082b3e01ab33cd271de7909f	0	0	0	0	0	0	0	0	0	0	0	0	0	0	0	0	0	0	0	0	0	0	0	0	0	0	0	5	0	0
02740c2bd17c273d9702b1d6cbce9c66	0	0	0	0	0	0	0	0	0	0	12	0	0	0	0	0	0	0	0	0	0	0	0	0	0	0	0	0	0	0
fcf3f14056a9599ec4eb92556ef898de	0	0	0	0	0	0	0	0	0	0	0	0	0	10	27	0	0	0	0	0	0	20	0	0	56	26	0	29	170	17
7c28f34d6ae2db645d71f40abddb510e	346	108	48	260	239	156	102	50	158	0	186	335	107	223	53	286	284	138	88	112	26	16	0	28	86	0	42	0	0	0
9696d7c2a281d8bee79e76f8fd691a1b	0	0	0	0	0	0	0	0	0	0	0	0	0	13	0	0	0	0	0	0	0	0	0	0	0	0	0	0	0	0
7b1ca2df587525b96e088f98b818fbe8	0	0	0	14	15	0	0	26	33	0	0	0	0	0	0	0	7	0	0	0	0	0	0	0	0	0	0	0	0	0
c36ffdcf98b414931cee7584f2e65765	0	0	6	0	0	0	0	0	0	0	0	0	0	0	0	0	0	0	0	0	0	0	0	0	0	0	0	0	0	0
349af0074e6d96d63e8e342515d69393	0	0	0	0	0	0	0	0	0	0	0	0	0	0	0	0	0	0	0	2	0	0	0	0	0	0	0	0	0	0
fe9a48fb60bbe7909d4971e82e56f7df	0	0	0	0	0	0	0	3	0	0	0	0	0	0	0	0	0	0	0	0	0	0	0	0	0	0	0	0	0	0
1dd940ad00cff47fb0b2fe498d7a7a75	0	0	0	0	0	2	0	0	0	0	0	0	0	0	0	0	0	0	0	0	0	0	0	0	0	0	0	0	0	0
185bbb28c8019c36db1cb28f5177f122	0	4	0	0	0	0	0	0	0	0	0	0	0	0	0	0	0	0	0	0	0	0	0	0	0	0	0	0	0	0
308d5087f5d2d6cedd47f1c3db96645d	0	0	0	0	0	1	0	0	0	0	0	0	0	0	0	0	0	0	0	0	0	0	0	0	0	0	0	0	0	0
513ba4288a253c7a008cd8bd61c0ac8f	0	0	0	0	0	0	0	0	0	0	0	22	48	0	149	0	0	0	73	0	0	19	18	0	37	30	0	24	0	0
df8c54a70a3ded933f6782a9a9a358d5	32	0	0	0	0	52	19	0	0	140	0	13	0	0	0	0	0	0	26	0	0	135	0	331	69	196	50	160	60	236
42e6992385524276cc7e279146443794	0	0	0	0	0	0	0	0	0	0	0	0	20	0	0	0	0	0	0	0	0	0	0	0	0	0	0	0	0	0
3484c3cccaf6f7e55586fc6fcaba2871	0	0	0	0	0	0	0	0	0	0	0	0	0	0	0	0	0	0	0	0	0	46	0	0	0	136	7	27	18	17
89c22069b57ad5823a4975e02bd3bc00	0	0	0	0	0	0	0	0	0	0	0	0	0	47	0	0	0	0	13	0	0	0	0	0	0	0	0	0	0	0
6bf1bcfcceb8c2ac6822293aed0cbf1f	0	0	0	0	0	0	0	0	0	0	9	0	0	0	0	0	0	0	0	0	0	0	0	0	0	0	0	0	0	0
586a218f13a9ddc37fc6754d18258d4f	0	0	0	0	0	0	0	0	5	0	0	0	0	0	0	0	0	0	0	0	0	0	0	0	0	0	0	0	0	0
e04516e38ae3183ba5c19004b019d820	0	0	0	0	0	0	0	0	0	0	0	0	0	0	0	0	0	0	0	0	0	0	0	0	0	0	0	16	0	0
9aedbc8d39a576499235278feaa66581	0	0	0	0	0	0	0	0	0	0	6	7	0	0	0	0	0	0	0	10	0	0	0	0	0	0	0	0	0	0
b98dc8839c750c98cd453cbf4b557146	0	0	0	18	0	0	0	0	0	0	0	25	0	0	0	10	0	0	0	0	0	0	0	119	67	33	0	0	0	36
2e08418501b65faa33c57fe9fc634e2f	0	0	0	0	0	0	0	0	0	0	0	0	0	0	29	0	0	0	0	0	0	0	0	0	0	0	0	0	0	0
ebc4321536db00e417472a3e083aca1c	0	0	0	11	0	0	42	0	0	0	16	82	0	73	890	85	36	58	45	54	23	14	38	85	63	28	27	66	31	9
f31c653ac6da5b53d914ddf54fdb4b28	0	0	0	0	0	0	0	0	0	0	0	0	0	0	0	0	0	0	0	0	0	0	0	0	6	0	0	0	33	0
95d8581775ca7103e2f721970d5ec3c9	0	0	0	0	0	0	0	0	0	0	0	0	0	0	0	0	0	0	0	4	0	0	0	0	0	0	0	0	0	0
ba6879491177bdf4233728280528cf24	0	0	0	0	0	0	0	30	0	0	100	0	33	0	77	0	132	0	0	0	0	0	0	0	61	0	0	0	0	111
d969f86e2b3ef021453e0db31b0b583a	9	0	0	4	0	0	0	0	7	6	0	0	0	0	0	0	0	0	0	0	0	0	0	0	0	0	0	0	0	0
406fe04114aa3723a356aae97d9d2fe5	0	0	0	0	0	0	0	0	0	0	13	0	0	0	0	0	0	0	0	0	0	0	0	0	0	0	0	0	0	0
56c78cd035c708e6bcd03af01b7b7750	0	0	0	0	0	0	5	0	0	0	0	0	0	0	0	0	0	0	0	0	0	0	0	0	0	0	0	0	0	0
064d4f08197380f8878d6755dfdbc349	0	0	0	0	0	0	0	0	0	0	0	0	0	0	0	0	0	0	0	0	0	0	0	31	38	21	0	9	27	53
af18818b09eca13bf2779cd62436edc0	0	0	0	0	0	11	0	0	0	0	0	0	0	0	0	0	0	0	0	0	0	0	0	0	0	0	0	0	0	0
18eae4394c0f58252fa7682da94cbc51	0	0	0	0	0	105	0	0	0	0	0	0	0	0	0	0	0	0	0	0	0	0	0	0	0	0	0	0	0	0
1672d5e5e2560a280adfbd62ffc886c6	0	8	0	0	0	0	0	0	0	0	0	0	0	0	0	0	0	0	0	0	0	0	0	0	0	0	0	0	0	0
e80131091c0dabd6f568c93834d7c4a4	0	0	0	0	0	0	0	0	0	0	7	0	0	0	0	0	0	0	0	0	0	0	0	0	0	0	0	0	0	0
1907cf55e30e9c1adc69ebeecb8a0e55	0	0	0	0	0	0	0	0	0	0	0	20	0	0	0	0	0	0	0	0	0	0	0	0	0	0	0	0	0	0
77ed37da53837f2a667462c4373eab44	0	0	0	0	0	0	0	0	2	0	0	0	0	0	0	0	0	0	0	0	0	0	0	0	0	0	0	0	0	0
202b9c72b4f6030e923a6ad76c35069d	0	0	0	0	0	0	0	0	0	0	0	0	0	0	0	0	0	0	0	0	0	0	0	0	0	0	0	2	0	0
a82379f0449d1a5d77262f7633d0705e	0	0	0	0	0	16	0	0	0	0	0	0	0	0	0	0	0	0	0	0	0	0	0	0	0	0	0	0	0	0
9deee15bf68061d67ebe6177c42dab33	0	0	0	0	0	0	0	0	0	15	0	0	0	0	0	0	0	0	0	0	0	0	0	0	0	0	0	0	0	0
178d31f7f3e6b878c12578dbba880b83	0	0	0	0	0	0	0	0	0	0	0	0	0	32	0	0	0	0	14	0	0	0	0	0	0	0	0	0	0	0
3e98d58ca60f21d504b46f49e628be2c	0	0	0	0	0	0	0	0	0	0	12	0	0	0	0	0	0	0	0	0	0	0	0	0	0	0	0	0	0	0
723b7557e08ca58bd4ef0fb868a88a44	0	0	0	0	0	0	0	0	0	60	0	28	0	0	24	0	0	0	0	0	0	0	0	0	0	0	0	0	24	0
f2fd635524342697e8a61eb7584b372d	0	0	0	0	0	0	0	0	0	0	0	0	0	0	0	0	25	0	0	0	0	0	0	0	0	0	0	0	0	0
e4426f610c750b86911bbaf555ea1dba	0	0	66	40	33	0	0	0	28	0	140	79	0	15	0	0	114	61	40	0	768	20	59	0	80	279	0	230	0	2256
00054cb56894ea95a770a7537d794e68	0	0	0	0	0	0	0	0	0	0	0	0	0	0	0	0	3	0	0	0	0	0	0	0	0	0	0	0	0	0
ae2816143d27aa01fd27c0f3233f5ac8	92	0	0	77	0	0	41	636	52	0	0	0	0	0	0	59	0	0	0	0	0	0	0	109	92	28	88	0	76	0
ca3d526975a78ecc2f4d6c8e2ccb36ed	0	0	0	0	0	0	0	0	2	0	0	0	0	0	0	0	0	0	0	0	0	0	0	0	0	0	0	0	0	0
420edf112b966ee1eabd9694ee7cab63	0	0	0	0	0	0	0	0	0	0	0	0	3	0	0	0	0	0	0	0	0	0	0	0	0	0	0	0	0	0
cdfaba65a43d28388412c35bb49add02	17	0	0	0	0	7	0	0	0	0	0	0	0	0	0	0	0	0	0	0	0	0	0	0	0	0	0	0	0	0
27748d0f0ee5a2af13297d1458e9fbe3	0	0	0	0	0	0	0	0	0	0	0	0	0	0	0	0	0	0	0	0	0	13	0	0	0	0	0	0	0	0
eecac5ffd00ba9a93f8286149852e330	0	0	0	0	0	0	0	0	0	0	0	0	0	0	0	0	0	0	0	0	0	0	0	0	0	0	0	0	2	0
f107efdbdfcc1855eaddef72456566c3	0	0	0	0	0	0	0	9	0	0	0	0	0	35	0	0	0	0	0	0	0	0	0	0	0	0	0	0	0	0
f5869946f87ef8999cb973d26b6f88fa	0	0	0	0	0	0	0	0	0	0	0	0	0	0	27	0	0	0	0	0	0	0	0	0	0	0	0	0	0	0
9c11e661021b828c05df2f7a71e74ae0	0	0	0	0	0	0	0	0	0	0	4	0	0	0	0	0	0	0	0	0	0	0	0	0	0	0	0	0	0	0
2140ba7d46ba62428a75c6395573816a	0	0	0	0	0	0	0	0	0	0	0	0	5	0	0	0	0	0	0	0	0	0	0	0	0	0	0	0	0	0
dc14968d664789c302dbf1e01721f120	0	0	0	0	0	0	0	0	0	0	0	0	0	0	0	0	0	0	0	0	0	16	0	0	0	0	0	0	0	26
22c4a765fe347955ec90b22809efe0e3	0	0	0	0	0	0	0	0	0	0	0	0	0	0	0	0	0	0	12	0	0	0	0	0	0	0	0	0	0	0
d52d847b703c170d21e7ce223d503d77	0	0	0	0	0	0	0	0	0	0	0	0	0	2	0	0	0	0	0	0	0	0	0	0	0	0	0	0	0	0
0beecb00519e00b8ddbcd0c9e98cd497	0	0	0	0	0	0	16	0	0	0	0	0	0	0	0	0	0	0	0	0	0	0	0	0	0	0	0	0	0	0
d6b09366cb118f44c70ea53e1fb45b6f	4	0	0	0	0	0	0	0	0	0	0	0	0	0	0	0	0	0	0	0	0	0	0	0	0	0	0	0	0	0
7d05edd02c78728ef20a6fd745dd6afc	0	0	0	0	0	0	0	0	0	0	0	0	0	0	0	0	0	0	13	0	0	0	0	0	0	0	0	0	0	0
2c31d9bb8761e28bab4993c89dd76d33	0	0	0	0	0	0	0	0	0	0	0	0	4	0	0	0	0	0	0	0	0	0	0	0	0	0	0	0	0	0
02b9bf5a564cebe13d1258f770e80a73	0	0	0	0	0	0	0	0	0	0	0	0	0	19	0	0	0	0	0	0	0	0	0	0	0	0	0	0	0	0
97cfb0d3597b63763de113fbb2d9d664	0	0	0	0	0	32	48	12	35	48	0	14	0	17	0	161	0	0	0	17	0	0	0	0	11	0	0	0	0	0
dad7af11e36a70a80235dbc488bccd5d	0	0	0	0	0	0	0	0	0	0	0	0	0	0	0	0	0	0	0	0	0	0	0	0	0	2	0	0	0	0
59826fc3fa38a06362909beb7b32637b	0	0	0	0	0	0	0	0	0	0	0	0	0	0	0	0	0	0	0	3	0	0	0	0	0	0	0	0	0	0
4f4f1ffc08f57f52d4f02011577ad849	0	0	0	0	0	0	0	0	5	0	0	0	0	0	0	0	0	0	0	0	0	0	0	0	0	0	0	0	0	0
af3e3a36185b1cd2d6e4afd38855c1d2	0	0	0	17	0	0	0	0	63	35	36	28	0	0	0	0	41	24	22	0	320	125	0	0	0	255	0	79	38	686
5d0fb5b624aff4742518b1a66968084c	0	0	8	0	0	0	0	0	0	0	0	0	0	0	0	0	0	0	0	0	0	0	0	0	0	0	0	0	0	0
626984c9530eb1cd8373390c844f5a3f	0	0	0	14	23	0	43	0	0	15	23	42	94	372	34	154	66	74	321	144	0	11	0	0	38	0	24	0	18	0
ab8c22079da097ef8f90f3e9d09f6754	0	0	0	0	0	0	0	0	0	0	0	0	0	65	0	0	0	0	0	0	0	0	0	0	0	0	0	0	0	0
157f760d2f26c1f79e45ff12a816f1a8	0	0	0	0	0	0	0	0	0	0	0	0	0	0	0	0	0	0	0	0	0	0	0	66	19	0	0	0	0	0
9443b0d5fafe988cacbce7b99a5f1d0c	0	0	0	0	0	0	0	0	0	0	0	0	0	0	0	0	0	0	2	0	0	0	0	0	0	0	0	0	0	0
3cc098b3297717ef3708fdac54d080cf	0	0	0	0	0	0	0	0	0	0	0	0	0	0	0	0	0	0	0	0	0	0	0	0	0	28	0	0	42	0
443046027e829b6060e4f1fc484a1e08	0	0	0	0	0	0	0	0	0	0	0	0	0	0	0	0	0	0	0	10	0	0	0	0	0	0	19	0	0	0
e4a8b9f5f3bbccec4f784b1edd81da63	473	0	0	173	0	28	0	0	12	46	0	0	0	0	22	0	0	14	0	0	0	0	0	18	0	0	0	17	0	0
083fd233f7cd62af7d74e242a9c0d6c4	0	0	0	0	0	0	0	0	0	0	0	8	0	0	0	0	0	0	0	0	0	0	0	0	0	0	0	0	0	0
b3716cf38aa4f9719729f89519f88133	0	0	0	0	0	0	49	0	23	0	0	58	76	125	193	52	0	31	134	35	0	69	0	90	87	87	52	34	85	0
733282fd86d07be13cdcd8ad3b7b8a9c	0	0	0	0	0	0	0	0	0	0	0	0	0	0	0	0	4	0	0	0	0	0	0	0	0	0	0	0	0	0
b02145b73d9dfa545b12b4193db44aa9	0	0	0	12	0	0	0	0	0	0	0	0	0	0	0	0	0	0	0	0	0	0	0	0	0	0	0	0	0	0
9643b175508788330e0765bb14ca2c8f	0	0	0	0	0	0	40	0	0	38	105	309	181	355	151	58	558	343	22	60	0	0	0	30	0	20	0	0	0	0
4c04c1586791f0c568cd8882888f0aba	0	0	0	0	0	0	0	0	0	0	0	0	0	0	0	0	0	0	0	0	0	30	0	0	0	0	0	0	0	0
89f1c993f8c05232c81a703a67b8d4ce	0	0	0	0	0	0	0	0	0	0	0	0	0	0	0	12	0	0	0	0	0	0	0	0	0	0	0	0	0	0
304ec113bd8708a6df2680bbe6b3f2a0	0	0	0	0	2	0	0	0	0	0	0	0	0	0	0	0	0	0	0	0	0	0	0	0	0	0	2	0	0	0
938de3a7ce8a4a1a73dc79614300d4f2	85	0	0	0	42	0	139	34	68	0	66	111	118	0	150	39	23	0	94	0	98	1136	90	450	553	572	248	3609	371	612
1abc677a465aaaf4e72e3d1f94b131be	0	18	0	0	25	28	0	0	24	0	0	0	0	0	0	0	0	0	0	0	0	0	0	0	0	0	0	0	0	0
cb1bfa4bb24ace34716c94a2e8df9b73	0	0	73	0	0	0	0	0	0	0	0	0	0	0	0	0	0	0	0	0	0	0	0	0	0	0	0	0	0	0
29d93899a20dcfc406c9a22681e8b2cf	0	0	0	0	0	0	0	31	0	23	0	0	32	0	0	0	15	10	0	0	0	0	0	0	0	0	0	0	0	0
6343caee5e86bd759477e52f65b1fac0	0	0	0	0	0	0	0	0	0	0	12	0	0	0	0	0	0	0	0	0	0	0	0	0	0	0	0	0	0	0
6762c089237ce48281d4c8d9a872cc4e	35	0	48	0	0	0	0	0	0	0	0	0	0	0	0	0	0	0	0	0	0	0	0	0	0	0	0	0	0	0
163c8251f8dd6fa281284ae3be6269b4	0	0	0	0	10	0	0	0	0	0	0	0	0	0	0	0	0	0	0	0	0	0	0	0	0	0	0	0	0	0
e413aeeb72207dfb3cd29c0086fd62c1	0	0	0	0	0	0	0	0	0	0	0	14	0	0	0	0	0	0	0	0	0	0	0	0	0	0	0	0	0	0
a7b35645cb61d74019e152a7c7f339bd	0	0	0	0	0	0	0	0	0	0	0	0	0	0	0	0	0	0	33	20	0	0	0	0	0	0	0	0	0	0
fd95ea6bdc3ddc6841b7c836717220f0	0	0	0	0	0	0	0	10	0	0	0	0	0	0	0	0	0	0	0	0	0	0	0	0	0	0	0	0	0	0
16c7b0da907fdc0bfbaa56a4a747a9d6	0	0	0	0	7	0	0	0	0	0	0	0	0	0	0	0	0	0	0	0	0	0	0	0	0	0	0	0	0	0
67f7c968919896c6d79f3bcbd0487e6b	0	0	0	0	0	0	0	0	0	57	0	0	0	0	0	0	0	0	0	0	0	0	0	0	0	0	0	0	0	0
09b399b968d2f882c73eee970ff87df5	0	0	0	0	0	0	0	0	0	0	0	0	0	0	0	0	0	0	0	0	0	0	0	8	0	0	0	0	0	0
a595ce8cf2bde5e8f7fab3f6ffdbaa6a	0	0	0	48	0	49	0	53	30	114	54	161	176	0	0	54	341	459	0	68	7	0	0	0	0	0	0	0	0	16
cefa50f403fd4ae8cfbbc4f9eb4922f8	123	217	186	179	0	594	185	83	247	546	187	277	575	604	99	359	191	1536	329	311	72	0	65	152	467	193	152	115	262	386
581e51c796d8020344e2727ca8d2eb3a	0	0	0	0	0	0	0	0	0	0	0	0	0	55	0	0	0	0	0	0	0	0	0	0	0	0	0	0	0	0
c9e20f6e2e5cdca77b445849a743035c	0	0	0	0	0	0	0	0	0	0	0	0	0	16	0	0	0	0	0	0	0	0	0	0	0	0	0	0	0	0
1bd7da0bb8ca875d19af3aa7ffb7df77	0	0	0	0	3	0	4	0	0	3	0	5	0	0	0	0	0	0	0	0	0	0	0	0	0	0	0	6	0	0
93263bfb5940aefee93c1d3853ff9a19	0	0	0	0	0	0	0	0	0	0	0	0	0	0	0	0	0	0	0	7	0	0	0	0	0	0	0	0	0	0
64262b126abfd4c50918f810dc3d126d	0	0	0	0	0	0	0	0	0	0	0	0	0	0	0	4	0	0	0	0	0	0	0	6	0	16	0	0	0	0
d2c8bcc5f2a7a7ab42e727324fc79236	0	0	2	0	0	0	0	0	0	0	0	0	0	0	0	0	0	0	0	0	0	0	0	0	0	0	0	0	0	0
4a49636fef5af7ea44345fa8a938c91f	0	0	0	0	0	0	0	0	0	0	0	12	0	0	0	0	0	0	0	0	0	0	0	0	0	0	0	0	0	0
712957a15c586ad94fabceafb1e2297e	8	0	0	0	0	0	0	0	0	0	0	0	0	0	0	0	0	0	0	0	0	0	0	0	0	0	0	0	0	0
34e24f63f664c93dc821c885a2d30063	0	0	0	0	0	0	0	0	0	0	0	0	0	0	0	0	0	0	0	0	0	82	0	49	0	48	0	116	123	0
0da809c7fc260ae1c0aaa7dfc5b994c1	109	110	88	411	155	160	139	183	330	0	742	485	518	424	182	770	2049	486	580	386	0	0	0	0	91	89	0	0	164	101
4be85c2d49af8618db926aa19a775fda	0	0	0	0	0	0	0	0	0	0	0	0	0	0	0	0	0	0	0	0	0	0	0	0	0	4	0	0	0	0
ca1d044011016cc7a435848e865fc12f	0	0	73	0	0	0	43	0	0	0	0	0	0	0	0	0	0	0	0	0	0	0	127	0	0	0	0	0	0	0
89360be06ea812125c50f70ea1086fac	3	0	0	0	0	0	14	0	0	0	0	0	0	0	0	0	0	0	0	0	0	0	0	0	0	0	0	0	0	0
e96fc9a68dd7ed62733f744d420db9f6	0	0	15	0	0	0	0	41	0	0	0	0	0	0	0	0	0	0	0	0	0	0	0	0	0	0	0	0	0	0
dd06f88721faf5714fbe731d9e690846	14	0	0	0	0	0	0	0	0	0	0	0	0	0	0	0	0	0	0	23	0	0	0	0	0	0	0	0	0	0
da179331eccca1abb1711573df7f8a08	16	0	0	0	0	86	0	0	0	78	0	0	0	7	0	0	0	0	0	0	0	0	0	0	0	0	7	0	0	0
dce26cf8563522c91fe80aee353ea8fd	0	0	0	0	0	0	0	0	0	0	0	0	0	0	0	0	0	0	0	0	0	40	0	0	0	0	0	42	0	65
e86edd895af19dde66a500a7ad0f2e57	0	0	0	0	0	0	0	0	0	0	0	0	0	0	0	0	0	13	0	0	0	0	0	0	0	0	0	0	0	0
3d5dd042bd76ada15109ea665748aca3	0	0	0	0	0	0	0	0	0	0	0	0	0	0	0	0	0	0	0	0	2	0	0	0	0	0	0	0	0	0
08baa2a7e7ee8c078e66938ebf88a7bb	0	0	0	0	0	0	0	0	0	0	0	0	0	0	0	0	0	0	0	0	0	0	102	0	0	0	0	0	0	0
88a2cec79cb4bbf86bd3cbef505695a6	0	0	0	0	0	0	0	4	0	0	0	0	0	0	0	0	0	0	0	0	0	0	0	0	0	0	0	0	0	0
ce6823d7e05d3b6752da8877e5a931e0	0	0	0	0	0	0	0	0	0	0	23	0	0	0	0	0	0	0	0	0	0	0	0	0	0	0	0	0	0	0
c6cecad39707f816ee55421ad01d3f21	0	0	0	0	0	0	0	0	0	0	49	61	0	0	0	0	0	0	0	149	0	0	0	0	0	0	0	0	0	0
06f834078b6aa55a759e44866d2d8c8a	0	0	0	0	0	0	0	0	0	0	0	0	0	0	0	0	0	0	0	0	0	0	0	0	0	0	0	0	0	2
33bb6055722451bb82120b5b3eb0c62d	13	0	0	0	0	0	0	0	0	0	0	0	0	0	0	0	0	0	0	0	0	0	0	0	0	0	0	0	0	0
0a938a6a38e35ad55508c63664e26f9a	0	0	21	0	6	0	0	0	0	0	0	0	0	0	0	0	0	0	0	0	0	0	0	0	0	0	0	0	0	0
ea69797e8c5aac34716e0ea43ca7dde8	0	0	0	0	0	0	9	0	0	0	0	0	0	0	0	0	0	0	0	0	0	0	0	0	0	0	0	0	0	0
94cff65eca2d79c4fd798385f54e0ccb	0	0	0	0	0	0	0	0	0	0	0	0	5	0	0	0	0	0	0	0	0	0	0	0	0	0	0	0	0	0
99fa5c2040619291e8664f594abdf23c	0	55	0	11	6	39	0	0	0	0	0	0	0	0	0	0	0	0	0	0	0	0	0	0	0	0	0	0	0	0
247726585f4dda5206f2f26113bece17	0	0	0	0	0	0	0	0	0	0	0	0	0	0	0	0	0	0	0	0	0	0	0	0	0	0	0	0	0	68
133d7bbffa3acd44ac8cf008e1a34fea	0	0	0	0	0	0	0	0	0	0	0	0	0	0	98	0	49	91	107	65	0	0	0	0	0	0	0	0	0	0
2f3be0c68af247d62f61e91d13a536ef	0	0	0	0	0	0	0	0	0	0	10	14	0	0	0	0	0	0	0	0	0	0	0	0	0	32	0	0	0	0
8c6e9687e8d884e11e0f7a04522d47fc	0	0	0	0	0	0	0	0	0	0	30	0	0	0	0	0	0	0	0	0	0	0	0	0	0	0	0	0	0	0
cf89f266ee59d29731be053b087915f9	241	0	0	52	0	39	0	0	0	0	0	0	0	0	0	0	0	0	0	0	0	0	0	0	0	0	42	0	0	0
d7ec0c42e46402879f1ea6c1e65b7739	0	0	0	0	0	0	0	0	0	0	0	0	0	0	0	0	0	0	0	0	0	0	0	0	0	0	7	0	0	0
341e411dc1b8a11d380c96d6e6ff8cda	0	0	0	28	12	0	0	0	0	0	0	0	0	0	0	0	0	0	0	0	0	0	0	0	0	0	0	0	0	0
a6b731d99dca0ef7c8ad344e176cabeb	0	0	0	0	0	0	0	0	0	0	0	0	6	0	0	0	0	0	0	0	0	0	0	0	0	0	0	0	0	0
09d0c0ade84c8717641c62d60daaad62	0	0	0	0	0	0	0	0	0	0	0	0	14	0	0	0	0	0	0	0	0	0	0	0	0	0	0	0	0	0
b75fa1b05c37ee0c8d6ddae3d3d6a9f1	0	0	0	13	0	3	0	0	0	0	0	0	0	0	0	0	0	0	0	0	0	0	0	0	0	0	0	0	0	0
e7fb4b1c781cc43fd22201646fefa82a	0	0	0	0	0	0	0	0	0	0	10	12	0	0	0	0	0	0	0	0	0	0	0	0	0	0	0	0	0	0
7af756bbf5a8fca8e6fb08d9962067fa	0	0	0	0	0	0	0	0	0	0	0	0	0	0	0	0	0	17	0	0	0	0	0	0	0	0	0	0	0	0
f6626f9392356fe05aae61daba3e3fc3	0	0	0	10	0	0	0	0	0	0	0	0	0	0	0	0	0	0	0	0	0	0	0	0	0	0	0	0	0	0
33b33074dca616d070191e1b8ff502b8	0	0	0	0	0	13	0	0	0	0	37	0	0	0	0	0	0	0	0	0	0	0	0	0	0	0	0	0	0	0
453ecc4f0354be114243af7cc68e54e4	0	0	0	0	0	0	0	0	0	0	0	0	0	12	0	0	0	0	0	0	0	0	0	0	0	0	0	0	0	0
dce50054a41ed20afcd66a16debcaea6	0	0	0	0	0	0	0	0	0	0	0	0	26	0	0	0	0	0	0	0	0	0	0	0	0	0	0	0	0	0
e125390d8446eaa0473adec9a0ad5b71	0	0	0	0	0	0	0	0	0	0	0	0	0	0	0	0	7	0	0	0	0	0	0	0	0	0	0	0	0	0
70062de9ddb7323af2af306ef88877ed	0	0	0	0	0	0	0	3	0	0	0	0	0	0	0	0	0	0	0	0	0	0	0	0	0	0	0	0	0	0
e237ae11f2051975b423b75142bea495	0	0	0	0	0	0	0	0	0	0	0	0	0	0	0	0	0	0	29	0	0	0	0	0	0	0	0	0	0	0
e8c751a0492a4f8a1c0ee3c243052eb2	0	0	0	0	0	0	0	0	0	0	0	0	6	0	0	0	0	0	0	0	0	0	0	0	0	0	0	0	0	0
78cb8bc9755053f9370fac0e31e7107f	0	0	0	0	0	0	0	0	0	0	0	24	0	0	0	20	24	68	46	0	0	0	0	0	0	0	0	0	0	0
d4da63f360d00c29c3f7f0c5b9b0d27a	0	0	0	0	0	0	0	0	0	0	0	0	0	0	0	0	0	0	0	0	0	0	0	0	0	0	0	0	5	0
ed5c62636fabdfc681e08696ad306cee	0	0	27	0	0	0	0	0	0	0	0	0	0	0	0	0	0	0	0	0	0	0	0	0	0	0	0	0	0	0
49528f579fab95ec92d99a251502c82f	0	0	0	0	0	0	0	0	0	0	0	0	0	0	0	0	0	0	14	0	0	0	0	0	0	0	0	0	0	0
3cd97e91136a149728a09f7321d07dea	0	0	0	0	2	0	0	0	0	0	0	0	0	0	0	0	0	0	0	0	0	0	0	0	0	0	0	0	0	0
7507a60b9dc500ddb7149600a7d6caf3	94	0	9	8	14	0	8	21	21	21	26	17	35	18	0	51	45	57	62	46	0	0	0	0	42	0	15	0	0	0
f54bbb5f6429d04b922f2f42ea9897f0	0	0	0	0	0	0	0	0	0	0	0	0	0	10	0	0	0	0	0	0	0	0	0	0	0	0	0	0	0	0
b5284485a219102871286f789e902053	0	0	0	0	0	0	0	0	0	0	0	0	0	0	0	0	0	0	8	0	0	0	0	0	0	0	0	0	0	0
b16d006eb39c6691a27143ffbcc10839	0	0	0	0	0	0	0	0	0	0	0	0	44	33	0	0	0	0	46	0	0	0	0	0	0	0	0	0	0	0
3ccf6893a7f25f5f9652bb3f31435784	0	0	0	0	0	0	0	0	0	0	0	0	13	0	0	0	0	0	0	0	0	0	0	0	0	0	0	0	0	0
f5d0e25ec79a0869562fbedd561c6f9b	0	0	0	0	0	0	0	0	0	0	0	0	0	0	0	0	0	0	3	0	0	0	0	0	0	14	0	0	0	0
c80a9070be5d261754c41e1a8d1709db	0	27	0	0	0	0	0	0	0	0	0	0	0	0	0	0	0	0	0	0	0	0	0	0	0	0	0	0	0	0
5215d0858a2c32092cb7e27e19becb97	0	7	0	0	0	0	0	0	0	0	0	0	0	0	0	0	0	0	0	0	0	0	0	0	0	0	0	0	0	0
e82dfa178ab0c8c50108482a475413aa	0	0	2	0	0	0	0	0	0	0	0	0	0	0	0	0	0	0	0	0	0	0	0	0	0	0	0	0	0	0
540f09a3a9713940770ca289fe11e046	0	0	0	0	0	0	0	0	0	0	0	0	0	0	0	0	0	0	155	0	0	0	0	0	0	24	0	0	0	0
b97db76ebdf52fa5d271fab260e6e935	0	0	0	0	0	0	0	0	43	0	0	0	0	0	0	0	0	0	0	0	0	0	0	0	0	0	0	0	0	0
5dcd1312615bad95e736968c3f1d26d0	0	0	0	0	0	0	0	0	0	0	0	0	0	0	0	0	0	4	0	0	0	0	0	0	0	0	0	0	0	0
8d7163e0dcb9be239d2459e11a69ad58	0	0	0	0	0	9	0	0	0	0	0	0	0	0	0	0	0	0	0	0	0	0	0	0	0	0	0	0	0	0
16a8dab4b90e16a2eda8d25b9e3c9bd5	0	0	0	0	0	0	0	0	0	0	0	0	0	0	0	0	0	0	13	0	0	0	0	0	0	0	0	0	0	0
c2f51d71902d653b98b1df76fde7db5e	3	0	0	0	0	0	0	0	0	0	0	0	0	0	0	0	0	0	0	0	0	0	0	0	0	0	0	0	0	0
bc778fa299589bc3e1f70541d547e66e	0	0	0	0	0	0	0	0	0	0	0	0	0	0	0	0	0	0	0	0	0	0	0	0	239	0	0	0	0	0
6b57a38ba20765a70133862c9ca0f15c	0	0	0	0	0	0	0	0	0	0	0	0	0	0	0	0	0	0	14	0	0	0	0	0	0	0	0	0	0	0
d89795fc142345373b8c7d9c0512f690	0	56	0	110	146	0	58	33	0	26	0	0	0	51	0	0	0	0	30	31	163	300	446	94	165	37	21	23	0	0
85c7b9a92fe778e33151b27609698671	0	0	0	0	0	0	0	0	0	0	0	0	0	11	0	0	0	0	0	0	0	0	0	0	0	0	0	0	0	0
9dfef6cbbd2bc26589f5643ccc0d51d9	0	0	0	0	0	0	2	0	0	0	0	0	0	0	0	0	0	0	0	0	0	0	0	0	0	0	0	0	0	0
b7ce8f1eba7b5de6ee881dcdf8f9557d	39	0	0	0	0	0	0	0	24	0	0	0	0	0	193	0	0	0	0	30	0	0	0	0	0	0	0	0	0	0
fc37583104a9eff3ee879ce40c42f045	0	0	0	0	0	0	0	0	0	0	0	0	0	0	0	0	0	0	0	0	0	23	0	0	0	0	0	0	0	0
c36114fa84722e8dde839a88c1eec05a	0	0	0	0	0	23	153	0	64	0	65	0	0	69	0	0	51	0	0	0	0	67	0	48	42	62	26	284	169	723
1bff91f7bc2ba6245405a72415c2ec0a	0	3	0	0	0	0	0	0	0	0	0	0	0	0	0	0	0	0	0	0	0	0	0	0	0	0	0	0	0	0
62b7f8a4dbb21e9105525dab7c310e10	0	0	0	0	0	0	0	0	0	0	0	0	0	26	0	0	0	0	0	0	0	0	0	0	0	0	0	0	0	0
c1674150acb19e316dc089a112f3c203	0	0	0	0	0	0	0	0	0	0	0	0	0	0	0	0	0	0	0	0	2	0	0	0	0	0	0	0	0	0
b2986a093e0a45df3575b7dac51226c6	0	13	0	0	0	0	0	0	0	0	0	0	0	0	0	0	0	0	0	0	0	0	0	0	0	0	0	0	0	0
a70f3777e5bac5d374c4a398d2941c23	0	0	0	0	0	4	0	0	0	0	0	0	0	0	0	0	0	0	0	0	0	0	0	0	0	0	0	0	0	0
4d97eea596d1d630424721a9ad8ccb48	0	0	0	0	0	0	0	0	2	0	0	0	0	0	0	0	0	0	0	0	0	0	0	0	0	0	0	0	0	0
930b246b76aca5401277524f93daa264	0	0	0	0	0	0	0	0	0	0	0	0	0	0	0	0	0	0	0	0	0	0	0	0	2	0	0	0	0	0
433ec87abd485e62307740d2eb8ae962	0	0	0	0	0	0	0	0	0	0	2	0	0	0	0	0	0	0	0	0	0	0	0	0	0	0	0	0	0	0
fdd6898cc4a22a08e4cf8fbbc46a85e4	0	0	0	0	12	0	0	0	0	0	0	0	0	0	0	0	0	0	0	0	0	0	0	0	0	0	0	0	0	0
1849d62b097940478a0a098e04daef15	76	0	16	0	0	33	0	0	20	41	0	0	0	0	20	0	0	0	0	0	0	0	0	0	0	0	0	0	0	0
e73e14b8cc2c0c8ed48ff8fd6abd329c	6	0	0	0	0	0	0	0	0	0	0	0	0	0	0	0	0	0	0	0	0	0	0	0	0	0	0	0	0	0
25995346c4a45c4b6b4b171f5aaab398	0	0	0	0	0	0	0	0	0	0	0	0	0	0	0	0	0	0	0	0	0	0	0	0	0	10	0	0	0	0
b75b657c8a8a76c741b0bb9906b8d440	0	0	0	0	0	0	0	0	0	0	0	0	0	0	0	0	0	0	8	0	0	0	0	0	0	0	0	0	0	0
8ea1a86d51e0a5f75ee273ecaa73278d	0	0	0	0	0	0	16	0	0	0	20	0	0	0	0	0	0	0	0	0	0	0	0	0	0	0	0	0	0	0
4fc45ae64d32a9ef189ad8dc26d30920	0	0	0	0	0	0	0	0	0	0	0	6	0	0	0	6	0	0	0	0	0	0	0	0	0	0	0	0	0	0
692cd536a2705ca7a9f71394774f6eac	0	0	0	0	0	0	0	0	0	0	0	0	0	2	0	0	0	0	0	0	0	0	0	0	0	0	0	0	0	0
bb8e70d8a78f9f3c3564f6da53419bdf	0	0	0	0	0	0	0	0	0	0	0	16	17	0	0	2	13	59	0	0	0	0	0	0	0	0	0	0	0	0
accf77b1fedac427c9233b41c9acf681	0	0	0	0	0	0	0	0	0	0	0	0	0	0	0	0	0	0	0	0	0	0	0	0	16	10	25	10	0	0
ab7e5b2fefae4fdae8767e107d1ca6a6	0	0	0	0	0	0	0	0	0	0	0	0	0	0	0	0	0	19	0	0	0	0	0	0	0	0	0	0	0	0
21a442637f55478cfa1c96afc36ce273	0	0	0	5	0	0	0	0	0	0	0	0	0	0	0	0	0	0	0	0	0	0	0	0	0	0	0	0	0	0
877faa89dcd687ef401a7d49b8c1cc75	0	0	0	0	0	0	0	0	0	0	0	0	0	0	0	6	0	0	0	0	0	0	0	0	0	0	0	0	0	0
7bec6411a251e61b01f15f8f4d05270b	0	0	0	0	0	0	0	0	0	0	0	0	0	0	0	0	0	0	0	0	0	0	0	0	0	0	16	0	0	0
e3b4d912928d6281b40efaf7fa51d8af	0	0	0	0	0	0	0	0	0	0	0	0	0	0	0	0	0	0	0	0	0	0	0	0	0	0	0	16	0	0
5ccc4d6c02adbd7ef19e83fe33cd5e42	0	0	0	0	0	0	0	0	0	0	0	0	0	0	0	0	0	0	0	0	0	0	0	0	0	0	0	0	0	10
f7eb9cc1b53df770a61e7be4ff51e303	0	0	0	0	0	0	0	0	0	0	0	0	0	0	0	0	0	0	0	0	0	0	0	0	0	0	0	0	0	20
afca7c4eb123a0d8211329cd1bb4e1b0	0	0	0	0	0	0	0	0	0	0	36	105	172	240	40	187	188	93	101	107	0	21	0	0	54	0	0	0	0	0
5935155dab59e9f1c17f9647be5d00d0	0	0	546	0	0	0	22	0	34	0	47	0	0	0	0	0	34	0	29	0	0	5	0	0	0	0	0	21	0	20
9a7f292a9b1225323738298a839c076a	0	0	0	0	0	0	0	0	0	0	0	0	0	0	0	0	0	0	0	0	0	0	0	0	9	0	0	0	10	0
d37a1625ea926cd41db37102f3994855	0	0	0	0	0	0	0	0	0	0	15	0	0	0	0	0	0	0	0	0	0	0	0	0	0	0	0	0	0	0
365358c40143e688ded8de6b4ee4d66e	0	0	0	0	0	0	0	0	0	0	0	0	0	0	0	2	0	0	0	0	0	0	0	0	0	0	0	0	0	0
8548db0317b99083cd3fdef50ecfe01d	0	0	0	4	0	0	0	0	0	0	0	0	0	0	0	0	0	0	0	0	0	0	0	0	0	0	0	0	0	0
4e14d099c7b9b93b332e0278cbd8ac6c	0	0	0	0	0	0	0	0	0	0	0	0	0	0	50	0	0	0	0	0	0	0	0	0	0	0	0	0	0	0
e0ce241a7446ee14be712460eed539ee	0	0	0	0	0	0	0	0	0	0	0	0	0	0	0	0	0	0	0	0	0	0	0	0	0	0	13	0	0	0
b6b6c71e85a5afeedfeeae2bb79c8cf9	0	0	0	0	0	0	0	0	0	0	0	0	0	0	0	0	0	0	0	0	4	0	0	0	0	0	0	0	0	0
cdef04bb03105165aa5484453b04a477	0	0	0	0	0	0	0	0	0	0	0	0	0	0	0	0	0	5	0	0	0	0	0	0	0	0	0	0	0	0
dd8f0f79e58fae9971371ddac352f3af	0	0	0	2	0	0	0	0	0	0	0	0	0	0	0	0	0	0	0	0	0	0	0	0	0	0	0	0	0	0
7f88581ac33892e696b3cd2521b0ae5d	0	0	0	0	0	0	0	0	0	0	16	0	0	0	0	0	0	0	0	0	0	0	0	0	0	0	0	0	0	0
d994fa864d1d9f5273a4c7710cfa236c	0	0	0	0	0	0	0	0	0	0	0	0	0	0	0	0	0	0	0	0	59	0	0	0	0	0	0	0	0	0
7838317bf107adeab0380e4b502ebd69	0	0	0	0	0	0	0	0	0	0	0	0	0	0	0	0	0	0	0	0	0	0	25	0	0	0	0	0	0	0
3df4bdb0e9c7cb2b73ffe0ffb1d6beab	0	0	0	0	0	0	0	0	0	0	0	0	0	0	21	16	0	0	0	0	0	0	0	0	0	8	0	0	0	0
50f3db2bed7f87a21eb47dc88465b6ae	0	0	0	0	0	0	0	0	0	0	0	0	0	0	0	3	0	0	0	0	0	0	0	0	0	0	0	0	0	0
54cf2688629b969b4a1bb355c8b59e4a	3	0	0	0	0	0	0	0	0	0	0	0	0	0	0	0	0	0	0	0	0	0	0	0	0	0	0	0	0	0
f6f26c08cba715982718ff47e079311b	0	0	0	0	0	0	0	0	0	0	0	0	0	0	0	0	0	0	0	0	0	0	4	0	0	0	0	0	19	0
5fc1ad1c9d18da8e40466c5b81dc304c	0	0	0	0	0	0	0	0	0	0	0	0	0	16	0	0	0	0	0	0	0	0	0	0	0	0	0	0	0	0
4abb22000b73ba363ba82cb3ae157e4e	0	42	0	108	352	233	171	817	74	92	313	497	1229	273	147	72	198	102	155	478	0	138	40	100	250	136	72	0	61	44
70a5b9efd4bb8e4d834a1126513e6359	0	0	0	0	0	0	0	0	0	0	0	0	0	0	0	0	0	0	0	0	0	0	6	0	0	0	0	0	0	0
ad6f079063428d6230eaa3a6c114b815	0	0	0	0	0	0	0	0	0	0	0	0	0	0	0	0	0	0	0	0	0	0	0	0	16	0	0	52	34	0
9794dda3374c77a01e03d412c9e95879	35	103	0	0	229	206	87	503	149	185	0	92	36	51	0	29	63	52	58	166	0	0	25	41	43	49	838	0	161	16
3dd80a8d0273a785522994958a3fb521	0	0	0	0	0	0	0	0	0	0	0	0	0	0	0	0	0	27	0	0	0	0	0	0	0	0	0	0	0	0
fd76272a1a2e47d4d186452ea56dc21f	0	0	0	0	0	0	0	0	0	0	9	0	0	0	0	0	0	0	0	0	0	0	0	0	0	0	0	0	0	0
4d1ceefb941fc0ac80a78c96a8639c71	0	0	0	0	0	0	0	0	0	3	0	0	0	0	0	0	0	0	0	0	0	0	0	0	0	0	0	0	0	0
0057e5ec032e89f0a79c8f72f2c96bc6	0	0	0	0	0	0	0	0	0	0	0	0	0	0	0	0	0	0	0	0	2	0	0	0	0	0	0	0	0	0
ccb471ecab9ea27a95d4962b3bb7b2a4	0	0	0	0	0	0	0	0	0	0	0	0	0	0	27	0	16	0	0	0	0	0	0	0	0	0	0	0	0	0
cdbb30213614ae47683cdf885a826419	37	0	166	66	0	0	0	0	0	50	0	43	0	0	71	243	0	153	0	53	0	0	0	0	0	0	125	0	0	227
17edf270b5e35fefc08d481890bc0f64	0	0	0	0	0	0	0	0	0	0	0	0	0	0	0	0	0	0	0	0	0	0	0	0	0	2	0	0	0	0
6d41475433bcf6b29818120729a76638	0	0	0	0	0	0	0	0	0	0	0	0	9	0	0	0	0	0	0	6	0	0	0	0	0	0	0	0	0	0
203178ccc428274991aacb32e03cfadf	0	0	0	0	0	0	0	0	0	0	0	0	0	0	0	0	0	0	0	8	0	0	0	0	0	0	0	0	0	0
d7b09feef472cb25f2b30d24782e6fae	0	0	0	0	0	0	0	0	0	0	6	0	0	0	0	0	0	0	0	0	0	0	0	0	0	0	0	0	0	0
7260a4b0e41ca6241622793f8f0ff0a1	0	0	0	0	0	0	0	0	0	0	0	0	0	0	0	0	0	0	0	0	0	0	28	0	0	0	0	0	0	0
95b35b9cc4cb5ad3bd12692d4e032f4f	30	0	0	10	0	27	20	0	0	11	0	0	43	0	0	0	0	0	31	0	0	0	0	20	32	28	0	0	0	0
f4502932c82caa898fc130afe6e0589d	0	0	0	0	0	0	0	0	0	0	0	0	0	0	0	0	0	0	0	5	0	0	0	0	0	0	0	0	0	0
d1fa5b34b8fc8349e7f1a5fcc3422d26	0	0	0	0	0	0	0	0	0	0	0	0	0	0	0	49	38	0	51	0	0	0	0	0	0	0	0	0	0	0
619478cfe6e44072b6f00405d39b5773	0	0	0	0	0	0	0	0	0	0	0	2	0	0	0	0	0	0	0	0	0	0	0	0	0	0	0	0	0	0
da00d5f1429f66a0708bfb2ecaee3bbe	0	0	0	0	0	0	0	0	0	0	0	0	0	0	0	0	0	0	0	0	0	0	0	0	0	0	13	19	0	0
179d4784629b3f39b3a2368353411409	0	0	0	0	0	0	2	0	0	0	0	0	0	0	0	0	0	0	0	0	0	0	0	0	0	0	0	0	0	0
d1c3e830eb1cdca1e1c7b3305985cfa3	0	0	0	0	0	0	0	0	0	0	0	0	0	0	0	0	0	0	0	0	0	0	0	0	0	0	0	0	11	0
4f75b964e844c3492bdd36234055030e	0	0	0	0	0	0	0	0	0	0	0	0	0	0	216	0	0	0	0	0	0	0	0	0	0	0	0	0	0	0
778e5e1e70b210a4278e46300c675904	0	46	0	0	39	0	25	0	0	0	0	0	0	0	0	0	0	0	0	0	0	0	4	0	0	0	0	0	0	0
ee010a051ff0f42db8986214ac65e6f2	0	0	0	0	0	0	0	0	0	0	0	0	0	0	0	0	0	0	0	0	0	0	0	0	0	25	0	22	17	0
c39115a6538cda79df1a984a5f919b95	0	0	0	0	0	0	0	0	0	0	0	0	0	0	19	0	0	0	0	0	0	0	0	0	0	0	0	0	0	0
d8647d210c15238a56c4e63958f3b881	0	0	0	0	0	0	0	0	0	0	0	2	0	0	0	0	0	0	0	0	0	0	0	0	0	0	0	0	0	0
19fc548f8a54db009ccf975e30ad8c00	19	0	0	0	0	0	0	0	0	0	0	0	0	0	0	0	0	0	0	0	0	0	0	0	0	0	0	0	0	0
89765a7261ee75c21bc86c92b7166d60	0	0	0	0	0	0	2	0	0	0	0	0	0	0	0	0	0	0	0	0	0	0	0	0	0	0	0	0	0	0
68e2d5528add4ca07ed4d152b02b77f8	0	0	0	0	0	0	0	0	0	0	0	0	0	0	0	0	0	0	0	0	0	0	0	0	0	37	0	36	0	0
d3a1f2b980143f224be4a967e607b3cf	0	0	0	0	0	0	0	0	0	0	0	8	19	0	0	0	0	0	0	0	0	0	0	0	0	0	0	0	0	0
568630cea6261bbb4c6d04dc5fd065a5	0	0	0	0	0	0	0	3	0	0	0	0	0	0	0	0	0	0	0	0	0	0	0	0	0	0	0	0	0	0
19a204efa3a21227c29e110726f9d4a7	0	0	0	0	0	0	0	0	0	0	14	0	0	0	0	0	0	0	0	0	0	0	0	0	0	0	0	0	0	0
a6cb5f82705c19f8085d8aa958c81954	0	0	0	0	0	0	0	0	0	0	0	0	0	0	0	0	10	0	0	0	0	0	0	0	0	0	0	0	0	0
4e168be3932c18c55af840769c7bf3da	0	0	0	0	0	0	0	0	0	0	0	0	0	0	0	0	0	29	0	0	0	0	0	0	0	0	0	0	0	0
8234cf6ccf9d8097fc62ad34f78d29b6	0	0	0	0	0	0	0	0	33	0	0	0	0	0	0	0	0	0	0	0	0	0	0	0	0	0	0	0	0	0
da01f6ebc25e006ad6eda33d356332f2	0	0	0	0	0	0	0	0	0	0	0	0	0	0	0	0	0	0	0	0	0	0	0	0	0	0	16	0	0	18
a8d69a47d7075371fc952560b34af1db	0	0	0	0	0	0	0	0	0	0	0	0	0	0	0	0	0	0	0	0	0	0	0	0	28	0	0	0	23	0
f2a3102345167643f0e88b32cc040755	0	0	0	0	0	0	0	0	0	5	0	0	0	0	0	0	0	0	0	0	0	0	0	0	0	0	0	0	0	0
5e7ebb6f92bd0fbf96c887d491720d62	0	0	0	0	0	0	0	0	0	0	0	0	0	0	0	0	0	0	0	0	0	0	0	0	0	0	2	0	0	0
a98a5c5c94a17bd22463be5fd59a5749	594	81	616	59	156	171	272	156	176	254	506	168	223	104	130	178	121	121	340	239	162	1356	148	357	314	2718	1460	597	1374	1366
10db1569e2776d1d62ebd799876c07a6	0	0	0	4	16	0	0	0	0	0	0	0	0	0	0	0	0	0	0	0	0	0	0	0	0	0	0	0	0	0
0bf1fbed4631b9d0740d233d649c0a4c	0	0	0	0	0	0	0	0	0	0	0	27	0	0	0	0	0	0	0	0	0	0	0	0	0	0	0	0	0	0
7c9a8023201ec9bd81c80f93649e4923	0	0	0	0	0	0	0	0	0	0	15	0	0	0	0	0	0	0	0	0	0	0	0	0	0	0	0	0	0	0
7423fdffd0b81d0ca714120f91ba4217	0	0	0	0	0	0	0	63	0	0	0	0	0	0	0	0	0	0	0	0	0	0	0	0	0	0	0	0	0	0
33bf270001897f9f3f3ce87c2ef3e547	0	0	0	0	0	0	0	0	0	0	0	4	0	15	0	7	0	0	0	0	0	0	0	0	0	0	0	0	0	0
a560a8dbdc3319f0ace45628e582f795	0	0	0	0	0	0	33	0	0	0	0	53	47	0	24	0	0	0	0	0	0	0	0	0	0	0	0	58	0	0
81b834cffa03aa50cf334cf2f2ef01b7	0	0	242	0	0	0	0	0	0	0	25	0	0	0	0	0	0	0	0	0	0	0	0	0	0	0	0	0	0	0
25dcd381e08cc637ab76f4d41b2afa4a	0	0	0	0	0	0	49	0	0	0	53	103	295	244	0	193	86	84	0	107	0	0	0	0	0	0	0	0	0	0
8719bba0d4baf033671d08a3c6879630	0	0	0	0	0	0	0	0	0	0	0	0	0	10	0	0	0	0	0	0	0	0	0	0	0	0	0	0	0	0
25599bc5c812c13974bb2e93bb41697c	0	0	0	0	0	0	0	0	0	0	0	0	0	0	0	0	0	0	0	0	2	0	0	0	0	0	0	0	0	0
7c480efbafae9ffcb7b619131860f541	0	0	0	0	8	0	0	0	0	0	0	0	0	0	0	0	0	0	0	0	0	0	0	0	0	0	0	0	0	0
010bb7f80d441ae519c8e60ad571f7ab	0	0	0	0	0	0	0	0	0	0	0	0	0	0	6	0	0	0	0	0	0	0	0	0	0	0	0	0	0	0
5bf08ea81cfd22bc005a69be76a68fa5	0	0	0	0	0	0	0	0	0	0	0	5	0	0	0	0	0	0	0	0	0	0	0	0	0	0	0	0	0	0
52162d844019d6bbd8d60c13c8fa6b4a	0	0	0	0	0	0	0	0	0	0	0	0	59	27	0	64	0	0	263	77	0	74	36	0	0	44	0	128	14	57
5b396d3f029eeba79a91ced91931360d	0	0	18	0	0	0	0	0	0	0	0	0	0	0	0	0	0	0	0	0	0	0	0	0	0	0	0	0	0	52
8a86297184486baf1be76dc8089ad15c	0	0	0	0	0	0	0	0	0	0	0	0	0	0	0	0	0	0	0	0	0	41	0	0	0	0	117	0	0	0
d8dc6394f675a696184d217d59e3c83c	0	0	0	0	0	0	0	0	0	0	0	0	0	0	0	0	0	0	0	0	0	0	0	0	0	5	0	0	0	0
f7c919a157fb77e64f4292d1e524514a	0	0	0	0	0	0	0	0	0	0	0	0	0	0	0	0	0	0	0	0	0	0	0	0	0	0	0	0	0	2
6421ca90b652829859ea656e5a1764f5	0	0	0	0	0	0	0	0	0	0	0	0	0	0	0	0	0	0	0	0	0	0	0	0	0	0	10	0	0	0
7926bf28a77ff48178895b0fa0bffaec	173	232	18	171	179	332	19	44	89	33	5	0	7	0	0	14	0	4	10	16	0	0	0	0	11	10	20	0	11	0
a2080e1f619d9c5da91f5ac672ef4da4	0	0	0	0	0	2	0	0	0	0	0	0	0	0	0	0	0	0	0	0	0	0	0	0	0	0	0	0	0	0
65c27cf198a910f2f6aa36352c74317d	0	0	0	0	0	0	0	0	0	0	0	0	0	0	0	0	0	0	0	0	0	0	0	0	0	0	7	0	0	0
31960c272abd74dec7e5c64127716bd2	0	0	0	0	0	0	0	0	0	0	0	0	0	0	17	0	0	0	11	0	0	0	0	0	0	0	0	0	0	0
89496db142ee001b0725df22b0bbfb12	0	0	0	0	0	0	0	0	0	0	0	0	0	0	0	0	0	0	0	0	0	0	0	5	0	0	0	0	0	0
0ce4eb4fa55b704caed47810311439da	0	0	0	0	0	0	0	0	0	20	0	0	0	0	0	0	0	0	12	0	0	0	0	35	0	9	0	21	11	0
64ff7f1f54cd66c4817ecb60ed37c66b	0	0	0	0	0	0	2	0	0	0	0	0	0	0	0	0	0	0	0	0	0	0	0	0	0	0	0	0	0	0
8307102b02321acec0d840aa97ab4f2d	0	0	3	0	0	0	0	0	0	0	0	0	0	0	0	0	0	0	0	0	0	0	0	0	0	0	0	0	0	0
3aa4cbc7267be484229ea817143d8945	0	0	0	43	0	30	0	0	0	0	0	0	0	0	0	0	0	0	0	0	0	0	0	0	0	0	0	0	0	0
458c41e53cacbd182f50a63022a16168	72	18	38	0	30	23	0	65	43	0	0	0	24	0	0	27	0	0	0	0	0	0	0	0	0	0	0	0	5	0
60e013523710ba9f89c2a1f69d0de64e	0	0	0	0	0	0	0	0	0	0	0	0	0	0	0	0	0	0	0	0	0	0	0	0	0	0	0	0	10	0
8b4b084251371223cf560186261fcddb	0	0	0	44	0	0	0	102	0	0	0	0	0	0	0	0	0	0	0	0	0	0	0	0	0	0	0	0	0	0
5c24d96cc3c3c6663449fff73361d31f	0	0	0	0	0	0	0	0	0	33	0	25	8	0	0	0	0	31	28	0	401	269	39	55	53	39	27	36	42	16
444601d6248f80a755632b8219479c26	0	0	0	0	0	0	0	0	0	0	0	0	0	0	9	0	0	0	0	0	0	0	0	0	0	0	0	0	0	0
00113308fd937cdfcfdafe47f11ad879	0	0	0	0	0	0	0	0	0	0	0	0	0	24	0	0	0	0	0	34	0	0	0	0	0	0	0	0	0	0
c98f850c14f32ace0def0586d57fed84	0	0	0	0	0	0	0	0	0	0	2	0	0	0	0	0	0	0	0	0	0	0	0	0	0	0	0	0	0	0
16a683d7c16ab8539222e832790b1160	0	0	0	0	0	0	0	0	0	0	0	0	0	0	0	0	0	0	0	0	0	0	0	0	3	0	0	0	0	0
8d3a42faab9f1303c74d4244e1ac8739	0	0	0	0	0	0	0	0	0	0	0	0	0	0	0	0	8	0	0	0	0	0	0	0	0	0	0	0	0	0
5882c341baa6bfa6956afdf8f7df9e41	0	0	0	0	0	0	0	0	23	0	0	0	0	0	0	0	0	0	0	0	0	0	0	0	0	0	0	0	0	0
6ac2e4f15ba2b95de3e72eb85557bf70	0	0	0	0	0	0	0	0	0	0	0	0	0	20	0	0	0	0	0	0	0	0	0	0	0	0	0	0	0	0
064fc3758bac61ae01c863e2d07dc58b	0	0	0	0	0	0	0	0	0	0	0	0	0	0	0	0	0	0	0	0	0	0	0	85	0	0	0	0	67	0
c9af8dd5cbd1c5248e9835d1cbc3262b	0	0	0	0	0	0	0	0	0	0	0	0	0	0	15	0	0	0	0	0	0	0	0	0	0	0	0	0	0	0
14c8d2179f3fa7e6f4cbf6edeaf7d686	0	0	0	13	0	0	0	12	40	0	21	20	103	35	0	97	0	0	32	13	0	0	0	0	0	0	0	0	0	0
0afe7426a72b7f9f001160415b137f5e	0	0	0	0	0	0	0	0	0	0	0	0	0	0	19	0	0	0	0	0	0	0	0	0	0	0	0	0	0	0
31df85ad7e803cd5808ce371b9dcdf44	0	0	0	0	0	0	0	0	0	0	0	0	0	6	0	0	0	0	0	0	0	0	0	0	0	0	0	0	0	0
47359dac94ec00b84af5944eb0dcec2d	0	0	0	0	0	0	0	0	0	0	0	0	0	0	0	0	0	15	0	0	0	0	0	0	0	0	0	0	0	0
4463321c8ce45dd65ed58db54024e3e7	0	0	0	0	0	0	0	0	0	0	0	0	49	0	0	18	0	7	0	0	0	0	0	0	0	0	0	0	0	0
f7da9bd31e347e01bb55a0c82afa3e8c	0	0	0	0	0	0	0	0	0	0	0	0	0	0	0	0	0	0	0	0	0	0	0	0	0	65	0	0	0	0
dad1188b7110601721da56a337523490	0	0	0	0	0	0	0	0	0	0	0	0	0	0	0	0	0	0	0	0	0	2	0	0	0	0	0	0	0	0
0466ddf9df845fce9c17102aa84a2e01	0	0	0	0	0	0	0	0	0	2	0	0	0	0	0	0	0	0	0	0	0	0	0	0	0	0	0	0	0	0
a6cdaef44c0474590daad9fa1ed1f18e	0	0	0	0	0	0	0	0	0	0	0	21	0	0	0	0	0	0	0	0	0	0	0	0	8	0	0	0	0	0
91534272cb7716cdc79c557cc3e3ee14	25	0	0	7	0	0	0	8	0	0	0	0	0	0	0	0	0	5	0	0	0	0	0	0	20	9	9	9	25	0
5fd3515b4c19f08d22658eccc029d055	0	0	0	8	0	0	0	0	0	0	0	0	0	0	0	0	0	0	0	0	0	0	0	0	0	0	0	0	0	0
30bb5a1a6572fcd45ccea1a06a8cfe8d	0	0	0	62	0	0	0	0	0	74	0	71	0	0	10	0	11	76	0	10	951	31	62	50	22	26	28	89	72	109
ba2ce79f90119e7f7feec34a1ed329a0	0	0	0	0	0	0	19	0	0	0	0	22	0	0	7	0	0	15	0	0	0	0	0	0	0	0	0	0	0	0
25b0fab4c42ab8e458ff51d01929b157	0	0	0	0	0	0	0	0	0	0	5	5	0	0	0	0	0	0	0	0	0	0	0	0	0	0	0	0	0	0
7f664697554b9c993ee6d7599b13af1c	0	0	0	0	0	0	0	0	0	0	0	0	0	0	0	14	0	0	0	0	0	0	0	0	0	0	0	0	0	0
d3f558fad99fac9e741ab25761320d79	0	0	0	0	0	0	0	0	0	39	0	0	0	0	0	0	0	0	0	0	0	0	0	0	0	0	0	0	0	0
c5c2974e2e8235b26754f2be93c9c665	0	0	0	0	0	0	0	0	0	0	0	0	0	0	0	5	0	0	0	0	0	0	0	0	0	0	0	0	0	0
5347a2bb8691f90ba75423849964d9c1	12	0	0	0	0	0	0	0	0	0	0	0	0	0	0	0	0	0	0	0	0	0	0	0	0	0	0	0	0	0
fed58aa42d294418f27a0d40e910aed8	0	0	0	0	0	0	0	0	0	0	0	0	0	0	0	0	0	0	0	0	0	0	0	2	0	0	0	0	0	0
c3672007dc3c0bf50cc492b5d6d13e53	0	0	0	0	0	0	0	0	0	0	0	4	0	0	0	0	0	0	0	0	0	0	0	0	0	0	0	0	0	0
fbdd40d08e509a5a95a336bbf1ccd70f	0	0	0	0	0	0	0	0	0	0	0	0	0	0	0	0	0	0	2	0	0	0	0	0	0	0	0	0	0	0
e02d44d89455f44f1dd3ebd4299e1f25	0	0	0	0	0	0	0	0	0	0	0	0	0	0	0	0	16	0	25	0	0	0	0	32	0	0	0	0	0	0
5e669f3096c14c1de55bc3a8b9658aaf	0	0	0	0	0	0	0	0	0	0	0	0	0	0	0	0	0	0	0	0	0	0	0	0	0	0	14	0	0	0
5d134f66188f444f6ab69b1c09ac0b6b	0	0	0	0	0	0	0	0	0	0	0	0	0	0	0	0	0	0	0	0	0	0	0	0	0	0	0	20	0	0
f84c7e631e11e805ba0429b0d7b96753	0	0	3	0	0	0	0	0	0	0	0	0	0	0	0	0	0	0	0	0	0	0	0	0	0	0	0	0	0	0
31a944ab2c22879fbe394788c41ddf27	18	9	36	11	9	12	0	59	48	0	3	0	0	0	0	0	0	0	0	31	36	86	0	0	76	0	51	0	105	92
c8238b37031d151266503d8263281e9a	0	0	0	0	0	0	0	0	0	0	0	0	0	0	0	0	0	0	0	0	0	0	24	0	0	0	0	0	0	33
5047ea8964b06980453234a77e8dc1fd	0	0	0	0	0	0	0	0	0	0	0	0	0	0	2	0	0	0	0	0	0	0	0	0	0	0	0	0	0	0
5ef6f01ba69f69bb8efd41c4dde93658	0	0	0	0	0	0	376	12	14	0	0	0	0	0	10	0	0	0	0	7	0	0	0	10	0	0	0	0	0	0
33fdfbfa318fa1b33abacbf4e821a5d2	0	0	0	0	0	0	0	0	0	0	0	0	0	0	0	0	0	0	0	0	0	0	0	0	0	0	0	3	0	0
29ee0a040fc11e0787befc9bb5bfaada	0	0	0	0	0	18	0	77	0	0	0	0	0	0	0	0	0	0	14	0	0	0	0	0	0	0	0	0	0	0
37d7a59fea392cdfe6cd719c9cddb95c	0	44	0	0	0	0	0	0	0	0	0	0	0	0	0	0	0	0	0	0	0	0	0	0	0	0	0	0	0	0
a1fcc9f025520bcb588136039b6e4e77	34	0	0	123	0	107	0	0	0	0	0	0	0	0	0	0	0	0	0	0	0	0	0	0	0	0	0	0	0	0
c3818ccb9481c3afe354771a73073404	0	0	0	0	0	0	0	0	0	0	0	0	0	0	0	0	0	0	2	0	0	0	0	0	0	0	0	0	0	0
cd5c1967ab38d01d75a477fce95f732f	0	0	0	0	0	0	0	0	0	0	0	0	0	0	0	0	4	0	0	0	0	0	0	0	0	0	0	0	0	0
360755d2b995de553a0a7942b5e34479	0	0	0	0	0	0	0	0	0	0	0	0	0	52	39	0	0	0	0	0	0	0	0	0	0	0	0	0	61	0
91ed19869f5e62a64fdc2ea523cfb257	0	0	0	0	0	0	0	43	0	0	0	0	0	0	0	0	0	0	0	0	0	0	0	0	0	0	0	0	0	0
78768334ea0be7024f3aa5237249389e	65	0	0	157	267	199	0	0	74	0	0	0	0	0	0	0	0	0	0	0	0	0	0	0	0	0	0	56	0	0
7aa26742f8834c96f47dd361325d48f2	0	0	0	0	0	0	0	0	0	0	0	0	0	0	5	0	0	0	0	0	0	0	0	0	0	0	0	0	0	0
7c4b91ac033e9f4c78e37359f4d1840b	5	0	0	0	0	0	9	0	0	88	0	20	14	0	0	0	0	0	0	0	0	0	0	0	0	0	0	0	0	0
daa6d8f201c2e6d5a61ef8f2162cebd7	0	0	0	0	0	0	0	0	0	0	0	0	0	0	0	0	0	0	0	0	0	0	0	0	0	0	9	0	0	0
80507649d0c36fcf5d9ccb762cd2f3de	0	0	0	0	0	0	0	0	0	0	0	0	0	0	0	0	3	0	0	0	0	0	0	0	0	0	0	0	0	0
566065c291199679b4240af3f6071ceb	0	0	0	0	0	0	0	0	0	0	0	0	0	0	0	0	0	0	0	2	0	0	0	0	0	0	0	0	0	0
aabbea3efb4f64c93becefe9126bcdf5	3	0	0	0	4	8	0	0	0	0	0	16	11	18	0	0	43	22	0	103	0	0	0	0	0	0	0	0	0	0
514c9840946697e607322e147d5cd633	0	0	0	0	17	0	14	0	9	19	69	112	120	48	72	243	132	88	588	67	8	33	0	44	112	138	77	26	84	28
bcd6ec88f03c732d52b869f9b077ce7d	1579	425	3116	701	715	1230	295	153	414	365	303	134	138	152	158	160	239	104	218	175	59	326	84	386	675	506	402	510	449	413
c91c7d861daae8cae160c9c5dc6ed3fb	0	0	0	0	0	0	0	0	0	0	0	0	0	0	0	2	0	0	0	0	0	0	0	0	0	0	0	0	0	0
9867ca692e5a8223e0ce728b1d02929a	0	0	0	0	0	0	0	0	0	3	0	0	0	0	0	0	0	0	0	0	0	0	0	0	0	0	0	0	0	0
eef688d4b579774acd47036b62f7bf89	0	2	0	0	0	0	0	0	0	0	0	0	0	0	0	0	0	0	0	0	0	0	0	0	0	0	0	0	0	0
6300b7067801bdc773fbc757fa71fe06	0	7	0	0	0	0	0	0	0	0	0	0	0	0	0	0	0	0	0	0	0	0	0	0	0	0	0	0	0	0
598985b0186ad51ccb1c8a7fada28d74	0	0	0	0	0	0	0	0	0	0	9	18	0	0	22	0	18	0	0	0	0	0	0	0	0	0	0	0	8	0
29053c1859ae1018402eeac07c926bc5	9	0	0	0	0	0	0	0	0	0	0	0	0	0	0	0	0	6	0	0	0	0	0	0	0	0	0	0	0	0
1db563d6ccbc92edf2837155a98b1674	0	6	0	0	0	0	0	0	0	0	0	0	0	0	0	0	0	0	0	0	0	0	0	0	0	0	0	0	0	0
81c48c666b0ad95026b40fa512c8a26f	0	0	0	0	0	0	0	0	0	0	0	0	0	0	11	8	0	0	0	0	0	0	0	0	0	0	0	9	0	0
7634efded5d769f8cc035766b89ba935	0	0	0	0	0	0	0	0	0	0	0	0	0	0	0	0	0	0	0	0	0	0	0	0	0	6	0	0	0	0
680b757157965dde0210320877497096	0	0	0	0	0	0	0	0	0	0	0	0	0	0	0	0	0	0	8	0	0	0	0	0	0	0	0	0	0	0
74ccce747bfdc1df10edc331c418f9fa	6	0	0	13	0	0	0	13	0	19	0	0	0	0	0	0	0	0	0	0	0	0	0	0	0	0	0	0	0	0
c67c728a9b65221c368e156ef49b6f32	0	0	0	0	0	0	0	0	0	0	0	0	0	0	37	0	0	0	0	0	0	0	0	0	0	0	0	0	0	0
96d2097a3121f5d8e68ab3d44f8c236d	0	0	13	0	0	0	44	7	0	0	0	0	0	0	0	21	0	6	0	0	0	0	0	0	0	0	0	14	0	0
5a2297032317ee7f3c813b1bc596d696	0	0	0	0	0	0	0	0	0	0	0	0	0	8	0	0	0	0	0	0	0	0	0	0	0	0	0	0	0	0
3df0c28946ea03bf999fd3d30aa79d6e	0	0	0	0	0	0	54	0	0	0	0	0	0	0	0	83	0	0	25	0	0	0	0	0	0	0	0	0	0	0
f1015ccd71e16113ea3180b3a804f915	0	0	0	0	0	0	0	0	0	4	0	0	0	0	0	0	0	0	0	0	0	0	0	0	0	0	0	0	0	0
bbcd394d1922bb4187b3366c03b31449	0	0	0	0	0	0	0	0	0	0	0	2	0	0	0	0	0	0	0	0	0	0	0	0	0	0	0	0	0	0
d366c1ec7f1a8a2db72425bf330b7a48	0	0	0	0	0	35	13	0	9	0	0	0	0	0	0	0	0	0	0	0	0	0	0	0	0	0	0	0	0	0
6ba398f7bddf7008337bc54bd25edb4e	0	0	0	0	0	0	0	0	0	0	24	0	0	0	0	0	0	0	0	0	0	0	0	0	0	0	0	0	0	0
88910a947cee5d6c343d11f430feebc9	0	0	0	0	0	0	0	0	0	0	0	0	10	0	0	0	0	0	0	0	0	0	0	0	0	0	0	0	0	0
627e470e204ae290a04ffc273564ca24	0	0	0	0	0	0	0	0	0	0	0	0	0	0	0	2	0	0	0	0	0	0	0	0	0	0	0	0	0	0
a05d16aa4ccb9808a855e05c0876f834	0	0	0	0	0	0	0	0	0	0	0	0	0	0	0	0	0	0	10	0	0	0	0	0	0	0	0	0	0	0
4d3fe81a11ed902c60304ed91e358b68	12	0	0	0	0	13	0	0	0	3	0	0	0	0	0	0	0	0	0	0	0	0	0	0	0	0	0	0	0	0
28fec855d2f24d08adfee3cbb026f606	0	0	0	0	0	0	0	0	0	0	0	0	0	0	0	0	0	0	0	0	0	0	0	0	0	0	4	0	0	0
e3705c6c1d3377cce83f1a1c0b494795	11	0	0	0	18	0	0	0	0	0	0	0	0	0	0	0	0	0	0	0	0	0	0	0	0	0	0	0	0	0
ff1cc14bcf7d13791f7efc391b7989a2	0	0	0	0	0	0	0	2	0	0	0	0	0	0	0	0	0	0	0	0	0	0	0	0	0	0	0	0	0	0
cb430b2aea5640f5b35e1ee31347d656	0	0	0	0	0	0	0	0	0	0	0	0	0	0	0	0	0	0	0	5	0	0	0	0	0	0	0	0	0	0
79d97970e7e879693a3665a5a27477f9	0	0	0	0	0	0	0	0	0	0	0	0	11	0	0	0	0	0	0	0	0	0	0	0	0	0	0	0	0	0
fa121e79827c19690ac97ce19feb431b	0	0	0	0	0	0	0	0	0	0	0	0	0	0	0	0	0	0	0	3	0	0	0	0	0	0	8	0	0	0
c00751ff73e2e5d8cd7e6d1b06da2c52	0	0	0	0	0	0	48	0	0	0	0	0	15	29	0	0	0	0	0	16	0	0	0	0	0	0	12	0	0	0
23a9b16289f26e1db9fb7abb9246cedf	0	0	0	0	0	0	0	0	0	0	0	0	0	0	0	0	0	0	0	0	0	0	0	0	0	0	0	0	0	11
ae16bcb1f2fcb3a55c25abcb6bec0f2f	0	0	0	0	0	0	0	0	0	0	0	0	0	28	0	0	0	0	0	0	0	0	0	0	0	0	0	0	0	0
48af4d01edf70732fdf5ec7c2da7c2be	0	0	0	0	0	0	0	0	0	0	0	0	0	0	0	0	0	0	0	0	0	0	0	6	0	0	0	0	0	0
8c9ae958d69b181c6b9317a77d9d7781	0	0	0	0	0	0	9	0	0	0	0	0	0	0	0	0	0	0	0	0	0	0	0	0	0	0	0	0	0	0
61dfac5d1794722f0d343d68c2055ba7	0	0	0	0	0	0	0	0	0	0	0	0	0	0	0	0	0	0	0	0	0	0	0	0	6	0	0	0	0	0
f0a89af7be951f41907e70114aba9698	0	0	0	0	0	0	0	0	0	0	0	0	0	0	0	54	0	0	0	0	0	0	0	0	0	0	0	0	0	0
2ae14060952b498a6685cefb6e3964dc	0	0	0	0	0	0	0	0	0	0	0	0	0	0	0	0	8	0	0	0	0	0	0	0	0	0	12	0	0	0
4a874adcd507aa2feb3ec9e3ae880833	0	0	0	0	0	0	0	0	0	0	20	0	0	0	0	0	0	0	0	0	0	0	0	0	0	0	0	0	0	0
330513c6ef9f494f05b960d7c405a3c1	0	0	0	0	0	0	0	0	0	0	0	0	0	0	0	0	0	0	0	0	0	0	0	0	0	0	0	2	0	0
8c037fb82d250394aa9fffbc6f72a711	0	0	0	0	0	0	0	0	0	0	0	0	0	0	0	0	0	0	0	0	0	0	0	3	0	0	0	0	0	0
969c7a37d102962da8114ef6e28f708d	354	218	26	266	99	212	50	47	305	97	127	18	24	0	15	23	28	16	14	21	0	0	0	17	0	106	20	20	17	72
710c5a9ccf83bae36202d9f7dd541a19	0	0	0	0	0	0	86	0	0	0	0	0	0	0	0	0	0	0	0	0	0	0	0	0	0	0	0	0	0	0
d5c2aaa7ae5ab6e1d7a41b035db66607	0	0	0	0	0	0	0	0	0	0	0	0	0	59	0	0	0	0	0	0	0	0	0	0	0	0	0	0	0	0
7e24b750546b485239ea1d39248c875b	0	0	0	0	0	0	0	0	0	0	0	0	0	0	0	0	0	0	8	0	0	0	0	0	0	0	0	0	0	0
f507257ede544d3ae0760edd5fdd72b9	0	0	0	0	0	0	0	0	0	0	0	0	0	0	0	0	0	7	0	0	0	0	0	0	0	0	0	0	0	0
1e45e1130a8340b2c1339bea9b54a9b8	0	0	0	0	0	0	0	0	0	0	0	0	0	0	0	0	0	0	0	0	0	0	0	0	0	0	0	0	0	14
8d33c0a24da25ea2b2b1c7075e2d7acf	12	21	0	62	37	10	67	24	65	29	20	9	0	0	0	0	0	0	47	0	0	0	0	0	0	0	0	0	0	0
6dfcbb2d84c2d69b263f8d8098c3fdbf	0	0	0	0	0	0	0	0	0	0	0	0	0	0	0	0	0	0	0	0	2	0	0	0	0	0	0	0	0	0
2d787dd773a247158947198b55353c69	0	0	0	0	0	0	0	0	4	0	0	0	0	0	0	0	0	0	0	0	0	0	0	0	0	0	0	0	0	0
fd80a27e8b5560a4d3a8109b45ddc966	65	25	0	0	0	0	0	0	0	0	0	0	0	0	0	0	0	0	0	0	0	0	0	0	0	0	0	0	0	0
8834c86195ee0d2f53c43c6643c46ba2	0	0	0	0	0	0	0	0	0	0	0	0	0	0	0	0	0	0	0	0	0	0	0	18	15	9	0	32	0	0
fb33d46525cb2f5e297da71d25c9a1aa	0	0	0	0	0	0	0	0	2	0	0	0	0	0	0	0	0	0	0	0	0	0	0	0	0	0	0	0	0	0
e766ef56b8b4d2d309c9151baa606e3a	0	0	0	0	0	0	0	0	0	0	0	0	0	0	0	0	0	0	0	0	0	0	0	24	0	0	0	0	0	0
f6b7dcb61e57fb27c1cefe260972788f	0	0	0	0	0	0	0	0	0	0	0	0	5	26	0	0	0	0	0	0	0	0	0	0	0	0	0	0	0	0
5223ea9c3485af7e13e3f96df4dd4fc8	0	0	10	0	0	0	0	0	0	0	0	0	0	0	0	0	0	0	0	0	0	0	0	0	0	0	0	0	0	0
518b62ab59620985396f2af67b41baf2	0	0	0	40	0	15	0	0	0	40	0	49	54	40	0	67	42	99	37	79	596	32	834	0	0	0	0	49	0	40
a36cf6e8acca31c0b238f28427e03e24	0	0	0	0	0	0	0	0	0	0	0	0	0	0	0	0	0	0	6	0	0	0	0	0	0	0	0	0	0	0
aa239c9b929572aaf86277c877cd55f5	66	42	0	64	41	82	24	15	32	110	0	21	11	0	0	26	29	62	0	20	0	50	11	14	0	138	128	33	91	51
a7435073b129badc9c51818d10ad043f	0	0	0	0	0	0	0	0	0	0	52	64	45	69	0	40	33	62	102	0	0	22	0	28	0	0	0	0	0	0
a38be5542393eb2a290b76798b8feba9	0	0	0	8	0	0	267	19	0	17	0	0	0	0	16	9	0	12	0	0	241	28	0	11	19	0	0	0	0	0
9df3dc6f77f2855d72fdbd43e868d744	0	0	0	0	0	0	0	0	0	0	0	0	0	0	26	0	0	0	0	0	0	0	0	0	0	0	0	0	0	0
759d303a3a283aa0d62377681648200a	0	0	0	0	0	0	0	0	0	0	0	0	0	0	0	0	0	0	0	0	0	0	0	0	0	0	0	0	17	0
8c1b59b99538b7e9096a6819c9d12439	0	0	0	0	0	0	0	0	0	0	0	0	0	0	0	0	0	0	0	0	0	0	0	0	0	0	4	0	0	0
c63368dc8b773d6d87cbd68f7fa6cbc1	0	26	0	0	0	0	41	0	0	65	0	34	27	58	0	61	28	0	0	0	0	67	29	101	288	208	253	66	485	29
ffc376e6c74896a59c7f431cd0de6319	0	0	0	0	0	0	0	0	0	0	0	0	0	0	0	0	0	0	12	0	0	0	0	0	0	0	0	0	0	0
22f3236261ba6f108b0b36e3cf029371	0	0	0	0	0	0	21	0	0	0	0	0	0	0	0	0	0	0	0	0	0	0	0	0	0	0	0	0	0	0
f1ae5186abe96e12c4e2039232ef6478	0	379	27	40	0	0	303	90	181	57	29	0	0	0	65	55	0	0	0	0	0	0	0	23	0	0	0	0	0	0
2fc69d1dba4f996fbea5716bf7980a48	0	0	0	0	0	0	0	0	0	0	0	0	0	0	0	0	0	26	0	0	0	0	0	0	0	0	0	0	0	0
79b64503e9d76c66daf0b999ec29cf5c	0	11	0	0	0	0	0	0	0	0	0	0	0	0	0	0	0	0	0	0	0	0	0	0	0	0	0	0	0	0
a0f5077ef5e9ef00753694871458acb0	19	0	0	0	0	0	0	0	0	0	0	0	0	0	0	0	0	0	0	0	0	0	0	0	0	0	0	0	0	0
cec02d2b3a3dfd126c12bef06d6ac1e8	0	0	0	0	0	0	0	0	0	0	0	0	0	0	0	0	0	0	0	0	0	0	0	0	0	8	0	0	0	0
5322709c1e11ecb55649d7ebf8f376f4	0	0	0	0	0	0	0	0	0	0	0	0	0	0	0	0	0	0	0	0	0	0	0	0	0	0	0	0	9	0
4f4812c6b53c29262d29e255bf061a1e	17	7	0	0	10	15	0	0	27	12	0	0	0	0	0	0	0	0	0	0	0	0	0	0	0	0	0	0	0	0
0477f1ef316ccf68116d7a675b4050b0	0	0	0	0	0	0	0	0	0	0	0	20	0	0	0	0	0	0	14	0	0	0	0	0	0	7	0	0	0	0
3599dc9de28f55ba5e283b5f353354c4	0	0	0	0	0	0	0	22	0	0	0	0	0	0	0	0	0	0	0	0	0	0	0	0	0	0	0	0	0	0
770e9a6f51bd0102f0afb9c099096415	0	0	0	0	0	0	0	0	0	0	0	0	0	0	0	0	0	0	0	0	0	0	0	0	0	0	0	0	49	0
c51d50f32dcedd1f44e9ee081ca41448	0	0	0	0	0	0	0	0	0	0	0	0	16	0	0	0	0	0	0	0	0	0	0	0	0	0	0	0	0	0
4ae4731db68ce76626ce3acd4c9bdd85	0	0	0	0	0	0	0	0	0	3	0	0	0	0	0	0	0	0	0	0	0	0	0	0	0	0	0	0	0	0
cc0b1863b39a2599bc46e80d296a0af0	0	0	0	0	0	0	0	0	0	0	0	0	0	14	0	0	0	0	0	0	0	0	0	0	0	0	0	0	0	0
a2869e2217b25dab37d41c358cdb2289	0	0	0	0	0	0	0	0	0	16	0	0	0	0	0	0	0	0	0	0	0	0	0	0	0	0	0	0	0	0
9fc19e8e1c17695b3617c59c1daaeaf1	0	0	0	0	0	0	0	0	0	0	0	0	0	0	0	0	8	0	0	0	0	0	0	0	0	0	0	0	0	0
6f4070a91ccd0ca9b00ecdda4a472d81	0	0	0	0	0	0	0	0	0	0	0	0	0	10	0	0	0	0	0	0	0	0	0	0	0	0	0	0	0	0
6baccd8f0bc1faa03a894b810ea0dea0	0	0	0	0	0	0	0	0	0	0	0	0	0	0	0	0	0	0	0	0	0	75	0	0	0	0	0	0	0	0
d660db5cb8c44376879c9047a7b11bad	0	0	0	0	27	0	0	0	0	15	0	0	0	0	0	0	0	0	0	19	0	0	0	0	0	0	0	0	0	0
da2df224f32cfc25885826d2f3a59639	111	1351	128	605	308	0	151	101	240	0	0	0	0	0	0	64	34	0	59	0	0	260	0	0	76	0	0	0	84	0
a04c6832da777901246b8d75e31e7828	0	0	0	0	0	0	0	0	10	0	21	0	0	0	0	0	0	0	0	0	0	0	0	0	0	0	0	0	0	0
a82abdf5c601785c75b6fdfde283a8b5	17	0	0	0	0	33	0	0	0	35	0	0	0	0	0	0	0	0	0	0	0	0	2	0	0	0	0	0	0	0
4948c44e0bced0ed8785eeb4318a02c9	0	0	0	0	0	0	0	0	0	0	0	2	0	0	0	0	0	0	0	0	0	0	0	0	0	0	0	0	0	0
78d7f9298a7d772e33bc631a8ecccdc2	0	0	0	0	0	0	0	0	0	2	0	0	0	0	0	0	0	0	0	0	0	0	0	0	0	0	0	0	0	0
a1787046e77be7cc8cf8b30ff8c4bd1b	0	0	0	0	0	0	0	5	14	0	25	0	0	0	0	0	9	0	0	0	0	32	0	0	0	20	19	26	33	293
ce1146134e9fa52be92264c8c54ba21c	0	0	0	0	0	0	0	0	0	5	0	0	0	0	0	0	0	0	0	0	0	0	0	0	0	0	0	0	0	0
8559c71877ed49e51aa4b3a543e31703	0	0	0	0	0	0	0	0	0	0	0	0	0	9	0	0	0	0	0	0	0	0	0	0	0	0	14	0	0	0
9a6654cfbb4fc1d372ce00098125e800	0	0	0	0	0	0	0	0	0	0	0	0	0	31	0	60	0	0	0	0	0	0	0	0	0	0	0	0	0	0
3011c990c1e5b1b9efbfc2075977a140	0	0	0	0	0	0	0	0	0	0	0	0	0	0	0	0	0	0	0	0	0	0	0	0	0	34	0	8	0	0
008dc14383c2a1e179b5353dccc8a072	0	0	0	0	0	0	0	0	0	0	0	0	0	0	0	0	10	0	0	0	0	0	0	0	0	0	0	0	0	0
a6e5f644f6b98bb88383189875ef0798	0	0	0	0	0	0	0	0	0	0	0	17	0	0	335	0	0	0	58	0	0	0	0	0	0	0	0	0	0	0
0ddc27ca391057570adc6dd256a2fa3c	0	0	0	0	0	20	0	0	0	0	0	0	0	0	0	0	0	0	0	0	0	0	0	0	0	0	0	0	0	0
3a2ad18fb987920175bebbbaccb7a335	0	0	0	0	0	0	0	5	0	0	0	0	0	0	0	0	0	0	13	0	0	0	0	0	0	0	0	0	10	0
dd537304874aa41fa1a48878a0c3b70e	0	22	0	39	0	0	0	0	0	0	0	0	0	0	0	0	0	0	0	0	0	0	0	0	0	0	0	0	0	0
8a64d6bb2c61530783ac2d44afe8c3f9	0	0	0	0	0	0	0	0	0	0	0	0	0	0	0	8	0	0	0	0	0	0	0	0	0	0	0	0	0	0
dbf604b9170fa5746d0a7961f625c358	0	0	0	0	13	0	0	0	0	0	0	0	0	0	0	0	0	0	0	0	0	0	0	0	0	0	0	0	0	0
77f06b21499582946591618b7259ae59	0	0	0	0	0	0	0	0	0	0	0	0	0	0	0	18	0	0	0	0	0	0	0	0	0	0	0	0	0	0
7cc49cc89e4ccd8dd3b94a8c1fdc065b	0	0	0	0	0	0	0	0	0	0	8	0	0	0	0	0	0	0	0	0	0	0	0	0	0	0	0	0	0	0
d1528791affed31c5e48492abadce6cd	0	0	0	0	0	0	0	0	0	0	0	0	0	0	0	0	0	0	0	0	0	0	0	4	0	0	0	0	0	0
5d475ec043842501408b0a4b580de006	0	0	0	0	0	0	0	0	0	0	0	0	0	0	9	0	0	0	0	0	0	0	0	0	0	0	0	0	0	0
ec814b8dfe3bd845053a3ca8acd2fe80	0	0	0	2	0	0	0	0	0	0	0	0	0	0	0	0	0	0	0	0	0	0	0	0	0	0	0	0	0	0
74c90033efe94bf94b314212676e4565	0	0	0	0	0	0	0	0	0	0	0	0	0	0	0	0	0	0	0	0	0	0	0	0	0	0	0	20	0	0
8fc30961e6aff784e533d74515558185	0	0	0	0	9	0	0	0	0	0	0	0	0	0	0	0	0	0	0	0	0	0	0	0	0	0	0	0	0	0
d16c105c48cfa1e58984976b29565a9b	0	0	0	0	0	0	0	0	0	0	0	0	0	0	0	0	0	0	0	14	0	0	0	12	0	0	0	0	0	0
b1871b94987fd97041a743404543f409	0	0	0	0	0	0	0	0	0	0	0	0	0	0	25	30	0	0	0	0	0	0	0	0	0	0	0	0	0	0
7fb35c795e20ec7fc5c6c008bc5f0cfb	0	0	0	0	0	0	0	0	0	0	0	0	26	0	0	0	0	0	0	0	0	0	0	0	0	0	0	0	0	0
baec4186765ee0a8508f4824894dc371	0	0	0	0	0	0	0	0	0	0	0	0	3	0	0	0	0	0	0	0	0	0	0	0	0	0	0	0	0	0
8bdbd287ea7fd90c471d7fe8940be000	0	0	0	5	0	0	0	0	0	0	0	0	0	0	0	0	0	0	0	0	0	0	0	0	0	0	0	0	0	0
ba4436bdfdeae5bcecebaaaa3657c8d8	11	0	0	0	0	0	0	0	0	0	0	0	0	0	0	0	0	0	0	0	0	0	0	0	0	0	0	0	0	0
1b26fefef232be4ecc35a45d49cf809f	0	0	0	0	0	0	0	0	0	0	5	0	0	0	0	0	0	0	0	0	0	0	0	0	0	0	0	0	0	0
9cb03a462ccb6313255c974934309f25	0	8	0	0	0	0	0	0	0	0	0	0	0	0	0	0	0	0	0	0	0	0	0	0	0	0	0	0	0	0
851077d6900c05ce5908443bdec253db	0	0	0	0	0	0	0	0	0	0	0	0	0	0	0	2	0	0	0	0	0	0	0	0	0	0	0	0	0	0
f1f5c5ee73ffe6d4cf4f53d7910664e8	0	0	0	0	0	0	0	0	0	0	0	0	0	12	0	3	0	0	0	0	0	0	0	0	0	0	0	0	0	0
c2829141b963d8afe9018cbdb413a685	0	0	0	0	0	0	0	0	0	0	0	0	0	0	0	0	0	0	0	0	71	0	0	0	0	0	0	0	19	0
fefca9c4025cd56c4708625ead683006	0	0	0	0	0	0	0	0	0	0	0	0	0	0	0	0	0	0	9	0	0	0	0	0	0	0	0	0	4	0
a837d1f20e55c474107da4d709b6b43a	0	0	0	0	0	0	0	0	0	0	11	0	0	0	0	0	0	0	0	0	0	0	0	0	0	0	0	0	0	0
1da43a2e3864785624f48aa7be5dd3a7	0	0	0	0	0	16	0	0	0	0	0	0	0	0	0	0	0	0	0	0	0	0	0	0	0	0	0	0	0	0
9c7f58207468205fb7ee4b4587e1d660	8	0	0	0	0	9	0	0	0	0	0	0	0	0	0	0	0	0	0	0	0	0	0	0	0	0	0	0	0	0
d6eaa1a7ece0be052e10474c897842b8	0	0	0	0	0	0	0	0	5	0	0	0	0	0	0	0	0	25	0	0	0	0	0	0	0	0	0	0	0	0
07077f2fb1982c10c2dbd63bd8bcf51b	0	11	0	10	4	14	0	7	10	0	35	0	0	0	0	0	0	0	0	0	0	0	0	0	0	0	0	0	0	0
23944d8c53f703d0ed82aa1feab64958	0	0	0	0	0	0	0	0	0	0	0	0	0	0	0	0	0	0	0	0	0	0	0	0	0	0	10	0	0	0
f1cb0a5d59cdc5c8795a4acfc68a4690	0	0	0	0	0	0	0	0	0	0	0	0	0	0	0	0	0	0	0	0	0	0	0	0	0	0	0	0	0	4
28d05f52da27d1a171cc450fb579bd5f	0	0	0	0	0	0	0	0	0	11	0	0	0	0	0	0	0	0	0	0	0	0	0	0	0	0	0	0	0	0
4ea0ce7d58bed0c545a7f574f8b77b93	0	0	0	0	0	0	0	0	0	0	0	0	0	0	33	0	0	0	0	0	0	0	0	0	0	0	0	0	0	0
14869a73e15ed1499dc2a7ea277ea7ba	0	0	0	0	0	0	0	0	0	0	0	0	0	0	0	0	0	0	0	11	0	0	0	0	0	0	0	0	0	0
e8da8bd06e07c9e79ebb82280f502224	0	0	0	0	0	0	0	0	0	0	0	0	0	0	0	0	0	0	0	0	0	33	0	43	57	92	46	36	40	14
4f8ac5c68935137df1c168f84aa0dde7	0	0	0	0	0	0	0	0	0	103	0	0	0	0	0	0	0	0	0	0	0	0	72	0	63	0	0	121	97	0
47e2638d5d9a7f944a0b1646b55eb371	0	0	0	0	0	0	0	0	0	0	0	0	0	0	0	0	0	0	0	0	0	0	0	0	0	0	0	0	5	0
cf753663f7869d17530847922a6a9f4e	0	0	0	0	0	0	0	0	0	0	0	0	0	0	0	0	0	3	9	0	0	0	0	0	0	0	0	0	0	3
7c7c87af8f46c845bc1b42219a0e9c27	0	0	0	0	0	0	0	0	0	0	12	0	0	0	0	0	0	0	0	0	0	0	0	0	0	0	0	0	0	0
932d28ece513fa34a07c87e812ea2002	29	105	0	191	0	0	0	0	175	0	0	0	0	0	0	0	0	0	0	0	0	0	0	0	0	0	0	0	0	12
ee0d08b18d3eeb64d3604c9da961a3d3	0	0	0	0	0	0	0	3	0	0	0	0	0	0	0	0	0	0	0	0	0	0	0	0	0	0	0	0	0	0
0472a980e8ec433dfd3ee9be78a036e1	0	0	0	0	0	0	0	0	0	0	0	0	12	0	0	0	0	0	0	0	0	0	0	0	0	0	0	0	0	0
45c41dbc3a69bbde67a9040417d50a83	0	0	0	0	0	46	0	0	0	0	0	0	0	0	0	0	0	0	0	0	0	0	0	0	0	0	0	0	0	0
8a3824a4b9e519e0d3400bfd1847178c	0	0	0	0	0	0	0	0	0	0	0	0	0	0	0	0	0	0	3	0	0	0	0	0	0	0	0	0	0	0
f981e60d5840eaf9a6248ebfee376907	0	0	0	0	0	0	0	0	0	0	134	0	0	0	0	0	0	0	0	0	0	0	0	0	0	0	0	0	0	0
51edfced705fcbcb28f75ddfcd72e55e	0	14	0	0	0	0	0	0	0	0	0	0	0	0	0	0	0	0	0	0	0	0	0	0	0	0	0	0	0	0
36b2c7a33d37dc18cb1803028bda30f2	72	12	0	111	21	20	17	0	7	12	0	16	0	0	0	30	0	3	0	0	0	0	0	0	0	0	0	0	0	0
7f8f4a8636ff9caa32f6780ebec77ad4	0	0	0	0	0	16	0	0	0	0	0	0	0	0	0	0	0	0	0	0	0	0	0	0	0	0	0	0	0	0
5235dc6a8e228eee1886ff222ecaf6e2	0	0	0	4	0	0	0	0	0	0	0	0	0	0	0	0	0	0	0	0	0	0	0	0	0	0	0	0	0	0
3fb37f69e72be26410e913481ae27734	0	0	0	0	0	0	0	0	0	0	0	0	0	0	0	0	0	0	0	0	0	0	0	0	0	0	6	0	0	0
185ebaee4270c7e9cbc8b0d6d24e1abf	0	0	0	0	0	0	0	0	0	0	0	0	0	0	0	0	0	0	0	0	0	0	0	0	0	0	0	0	8	0
6f08d364f81303bb4b59cfd2dab06671	0	0	0	0	0	0	0	0	0	0	0	0	0	0	0	0	0	0	0	0	0	0	0	0	0	0	0	0	0	17
04f302cab4b2e9ea8f29c3d4d2a1dc0f	23	0	0	0	0	37	0	0	0	0	15	0	33	0	0	0	0	25	71	34	0	15	0	0	0	49	0	32	49	40
88da0e739433f6a467953f8b0cb35605	0	0	0	0	0	0	0	0	0	0	0	0	0	0	0	0	0	0	13	0	0	0	0	0	0	0	0	0	0	0
f85a853c2dee583e98d76b6adc33c33d	0	0	0	0	0	0	0	0	0	0	0	0	0	0	0	9	0	0	0	0	0	0	0	0	0	0	0	0	0	0
310a068746989a637739e4d6972b6d81	0	0	0	0	0	0	0	0	0	0	0	0	0	0	3	0	0	0	0	0	0	0	0	0	0	0	0	0	0	0
0015497af0d851913561aaac22047c96	0	0	0	0	0	0	0	0	0	0	0	0	0	0	0	0	0	0	0	0	0	0	0	0	0	0	0	0	2	0
2e63e4d2ff674ebe73f2849d5ce1c1d8	0	0	0	14	0	0	0	0	0	0	0	0	0	0	0	0	0	0	0	0	0	0	0	0	0	0	0	0	0	0
b95f9946546fc1046727158a63fa46c8	0	0	0	0	0	0	0	0	0	0	0	0	0	0	0	0	0	0	0	0	0	0	0	0	0	0	12	0	0	0
ddddeb9bbaaed293c5cfb09a99eac7ed	244	207	34	423	396	243	71	177	437	235	243	111	34	0	37	57	39	81	131	99	0	0	0	10	36	42	0	0	0	28
25103c48e2290a67459f4258a76421ee	0	0	0	0	0	0	0	0	0	143	17	0	0	0	0	0	0	0	0	0	0	0	0	0	0	0	0	0	0	0
b2b1bb0c5226897d0b577345467684e3	118	109	0	148	40	53	30	77	0	153	0	0	0	0	0	0	0	0	0	0	0	0	0	90	0	0	119	0	0	0
b2fd0839d0f231ff593f11bb4a6f946d	0	0	0	0	0	0	0	0	0	0	0	0	0	0	0	0	0	0	2	0	0	0	0	0	0	0	0	0	0	0
0d0aebddafedeb426563b3567cd3b430	0	0	0	0	0	0	0	0	0	0	0	10	0	6	0	0	0	4	0	0	0	0	0	0	0	0	0	0	0	0
0fe01f1d0ab4c24e84d24764f9e243ee	0	0	0	0	0	0	0	0	0	0	0	0	0	0	0	0	0	0	0	0	0	151	0	0	20	0	0	322	37	292
ed333e6e85e64af0401e5f844bbb0f39	0	0	0	0	0	0	0	0	0	0	0	10	0	0	0	0	0	0	0	0	0	0	0	0	0	0	0	0	0	0
049cba11bf8b7b09fcd6d1347dfd7a8c	0	0	0	0	0	0	0	0	0	0	0	0	0	0	0	0	0	0	0	0	0	59	0	31	0	0	13	28	0	49
95ea27fc8388b2497f15d574470d72dd	0	0	0	0	0	0	0	0	9	0	0	0	0	0	0	0	0	0	0	0	0	0	0	0	0	0	0	0	0	0
71779da877e29c18fb5520ae87e9fb12	0	0	0	0	0	0	0	0	0	0	0	0	0	0	0	18	0	0	0	0	0	0	0	0	0	0	0	0	0	0
265ec2ebf9ae625b3c1bd0466b62a01b	0	0	0	0	0	7	0	0	0	0	0	8	0	0	0	16	0	4	0	0	0	0	0	0	0	0	0	0	0	0
585486e819be43a232e4f7d54a05dc3b	0	0	0	0	0	0	0	0	0	0	0	0	0	0	48	0	0	0	0	0	0	0	0	0	53	50	28	0	72	0
c6cc74b6a71a413c7d66cfd019647fbe	0	0	0	0	0	0	0	0	0	0	0	0	3	0	0	0	0	0	0	0	0	0	0	0	0	0	0	0	0	0
31c83911aa1739efed130757271d5a35	0	0	0	0	0	0	0	0	0	0	0	0	0	0	0	0	0	2	0	0	0	0	0	0	0	0	0	0	0	0
7c06f8be3b647c23a991138658d27bba	0	0	0	0	0	0	0	0	0	0	0	14	0	0	0	0	0	0	0	0	0	0	0	66	0	0	0	0	25	0
12eeb64534964463046c841ee09f518a	0	0	0	0	0	0	0	0	0	2	0	0	0	0	0	0	0	0	0	0	0	0	0	0	0	0	0	0	0	0
d695d768249b476d8f5a810bd285a479	0	0	0	0	0	0	0	0	0	0	0	0	0	0	0	0	0	0	0	8	0	0	0	0	0	0	0	0	0	0
d5318bdb324a72d491bad9a350c47081	0	0	0	0	0	0	0	130	0	0	0	0	0	0	0	0	0	0	0	0	0	0	0	0	0	0	0	0	0	0
fe3b37ece2572a53f77627ab1dacba4a	0	0	0	0	0	0	0	0	0	0	0	0	0	0	0	0	0	0	0	0	0	0	2	0	0	0	0	0	0	0
39a6a19147a4604ea41e51e28cec2761	0	6	0	0	0	0	0	0	0	0	0	0	0	0	0	0	0	0	0	0	0	0	0	0	0	0	0	0	0	0
203f9c815472b0e1375ac93ec2be9cdb	0	0	0	0	0	0	0	0	0	0	0	0	0	0	0	0	0	0	0	0	0	0	0	0	0	0	0	0	10	0
44c4629d396e00952c6b9be5a7bbd3f1	0	0	0	0	0	0	0	0	0	0	0	0	9	0	0	0	0	0	0	0	0	0	0	0	0	0	0	0	0	0
609d15e47058c342bb3cbd10cd320dba	0	0	0	0	0	0	0	0	3	0	0	0	0	0	0	0	0	0	0	0	0	0	0	0	0	0	0	0	0	0
0f7087b18a615acb028ec6c3ead74ba7	0	0	0	0	0	0	0	0	0	0	0	23	0	0	0	0	0	0	0	0	0	0	0	0	0	0	0	0	0	0
dbe0315f3e8e387b146a95a4cce916a3	0	0	0	0	0	0	0	0	0	0	0	0	0	0	0	0	0	0	0	0	0	0	0	0	0	0	0	0	39	0
2807b13cf3bc876008e9e89ea93e4cda	0	0	0	0	0	0	0	0	0	0	0	0	0	0	0	0	0	0	0	2	0	0	0	0	0	0	0	0	0	0
98525652cf0f9c9c3fd8f54f2c7bbca3	0	0	0	0	0	0	6	0	0	0	0	0	0	0	0	0	0	0	0	0	0	0	0	0	0	0	0	0	0	0
97102d3cc4605c0a86b3a85628352015	0	0	0	0	0	0	0	0	0	0	0	0	0	0	0	0	0	0	0	0	0	0	0	0	3	0	0	0	0	0
b6ecec7e71d53c85334dbb820ee919c2	0	0	0	0	0	0	0	0	0	0	0	0	0	0	0	0	0	0	0	0	0	5	0	0	0	0	0	0	0	0
e37930764850fa866233eb5d695b7c23	0	0	0	0	0	0	0	0	0	0	0	0	0	0	0	10	0	0	0	0	0	0	0	0	0	0	0	0	0	0
39fc3c1a1b1560d1bedac765a7a12a90	0	0	0	0	0	0	0	0	0	0	0	0	5	0	0	0	0	0	0	0	0	0	0	0	0	0	0	0	0	0
d9e9c507c752d5f82abbc959fae21ccb	0	0	0	41	62	26	109	133	0	85	156	32	106	69	45	19	0	351	49	43	0	0	0	38	0	0	0	0	0	0
6a6ce5deeea2541a64343b871b202fe2	0	0	0	0	3	0	0	0	0	0	0	0	0	0	0	0	0	0	0	0	0	0	0	0	0	0	0	0	0	0
79ae384f0e350f033c50715777dd0218	0	0	0	0	0	16	0	0	0	0	0	0	0	0	0	0	0	0	0	0	0	0	0	0	0	0	0	0	0	0
be00ae1af31f24a5a8731f4b6901320d	0	0	0	0	0	0	0	0	0	0	0	0	0	0	0	0	0	0	0	0	0	0	0	0	0	0	2	0	0	0
4dca717f4181f8d4f02f47e051ca1d3f	0	27	0	0	0	0	27	66	62	0	22	154	76	199	50	0	186	7	40	14	0	0	11	0	102	35	0	0	0	0
2e2dea81dd69b78a9448235a8d8c1421	0	7	0	0	0	0	0	0	0	0	0	0	0	0	0	0	0	0	0	0	0	0	0	0	0	0	0	0	0	0
c757031ae26b174447fcb9f4ec08fe9f	0	13	0	0	0	0	0	0	0	0	0	0	0	0	0	0	0	0	0	0	0	0	0	0	0	0	0	0	0	0
1b605872f8f640a5d1159352197d2e5f	0	0	0	0	0	0	0	0	0	0	0	0	0	0	22	0	0	21	0	0	0	0	0	45	0	0	0	0	0	0
10933d33a176e67c7dd46fd5127d30c1	0	0	0	0	0	0	0	0	0	0	0	0	0	0	0	0	0	0	0	0	0	0	0	0	0	10	0	0	0	0
4396493012cc446bfcdde8ad313599a3	0	0	12	14	0	0	0	0	0	15	0	15	0	0	0	0	15	15	0	0	189	0	0	52	0	0	0	23	0	259
bfc432538b631b0e55eb09a376c4755c	0	0	0	0	0	0	0	0	0	0	0	0	0	0	0	9	0	0	0	0	0	0	0	0	0	0	0	0	0	0
f97a07ffa90a34ab5379344c79099d0d	0	0	0	0	0	0	0	0	0	0	0	0	0	0	0	14	0	0	0	0	0	0	0	0	0	0	0	0	0	0
02ef38202fcb00caf46c569e497157c5	0	0	0	0	9	0	0	0	0	0	0	0	0	0	0	0	0	0	0	0	0	0	0	0	0	0	0	0	0	0
0bc21f49d4701b4041c80b162e399cb1	0	0	0	0	0	0	0	0	0	0	0	0	3	29	11	0	0	0	4	14	0	0	0	0	0	0	0	0	0	0
9772a832ed0fc22b831796cee2ac10a3	0	0	0	0	0	0	0	0	0	0	0	0	0	0	12	0	0	0	0	0	0	0	0	0	0	0	5	0	0	0
8f531da9ae9ac3c4591060c1d9e09ae2	0	0	0	0	0	0	0	0	0	0	0	0	0	0	0	0	0	0	5	0	0	0	0	0	0	0	0	0	0	0
c9269116fa16c85f782fbf9c1fc0c71a	0	0	0	0	0	0	0	0	0	0	0	0	0	0	0	0	0	0	0	0	0	0	0	0	0	0	0	0	4	0
9cee439c86e26af7c089de3f54106f5f	0	0	0	0	0	0	0	0	0	0	5	0	0	0	0	0	0	0	0	0	0	0	0	0	0	0	0	0	0	0
754f6bf5f858795347d58e5f2024cfab	0	0	0	0	0	0	0	0	0	0	15	9	0	0	0	0	7	0	0	0	0	0	0	0	0	0	0	0	0	0
c45f0406a431f12a47a7bf02a5f84e04	0	0	0	0	0	2	0	0	0	0	0	0	0	0	0	0	0	0	0	0	0	0	0	0	0	0	0	0	0	0
d509b7b297679080611693940ae30623	0	0	0	0	0	2	0	0	0	0	0	0	0	0	0	0	0	0	0	0	0	0	0	0	0	0	0	0	0	0
c47a7be0d16f1a88f48780487ce719b2	0	0	0	0	0	0	0	0	0	0	0	0	0	0	0	0	0	0	0	0	0	0	0	0	0	0	0	0	15	0
7d8002576281089862572b7b4e373097	0	0	0	0	0	0	0	0	2	0	0	0	0	0	0	0	0	0	0	0	0	0	0	0	0	0	0	0	0	0
9c2af3c0c330dd486ec1d65f843581d5	0	0	0	10	0	0	0	0	0	0	0	0	0	0	0	0	0	0	0	0	0	0	0	0	0	0	0	0	0	0
a04d8105557fb4a6dcbd9573938c95dc	0	0	0	0	0	0	0	0	0	0	0	0	0	0	0	0	0	0	0	0	0	0	0	0	15	24	0	0	0	0
48e7646af15d360eba976f3f14a454e0	0	0	0	0	0	0	0	0	0	0	0	0	0	0	0	0	0	0	0	20	0	0	0	0	0	0	0	0	0	0
51da17d6d2dd727a619aee80409a8da7	0	0	2	0	0	0	0	0	0	0	0	0	0	0	0	0	0	0	0	0	0	0	0	0	0	0	0	0	0	0
d362ffdd7705bd20321828cedf5ad72d	0	0	0	0	0	0	0	0	0	0	10	0	0	0	0	0	0	0	0	0	0	0	0	0	0	0	0	0	0	0
e8f5c5107e2953860d06d3c09bebb38f	0	0	0	0	0	0	193	33	63	14	0	0	0	0	0	0	0	0	0	0	0	0	0	0	0	0	0	0	0	0
e9e32a1680e940ffe7f6038231e9a041	0	0	0	0	0	0	0	0	0	0	0	0	0	0	0	0	0	0	0	8	0	0	0	0	0	0	0	0	0	0
5579865b4f10e5753ee11f21b94cc76e	9	0	0	0	0	0	0	0	0	0	0	0	0	0	0	0	0	0	0	0	0	0	0	0	0	0	0	0	0	0
6701d1197096253a495e36fb7562e73f	13	0	0	0	0	0	0	0	0	0	0	0	0	0	0	0	0	0	0	0	0	0	0	0	0	0	0	0	0	0
e758b688b0958953c23e9ab1539080ec	9	15	0	70	37	0	160	30	1404	138	0	0	0	0	69	24	22	0	0	15	0	0	0	0	0	31	25	0	0	20
c6f7f98808437c100c1d2bb85058f137	0	25	239	0	0	0	0	0	0	0	0	0	0	0	0	0	9	0	0	0	0	0	0	0	0	0	0	0	0	0
cd136e2e2717e0dc20f6adfada8d42b3	0	0	0	0	0	0	0	11	0	0	0	0	26	0	13	19	14	34	37	0	0	16	0	46	33	107	0	20	74	54
30cd7771f4567b69e9321c4e8df46f34	0	24	0	0	0	0	0	0	0	0	0	0	0	0	0	0	0	0	0	0	0	0	0	0	0	0	0	0	0	0
b3112fd131a164b91c76f5f0b669af5a	0	0	0	0	0	0	0	0	0	0	0	0	0	0	0	0	0	0	0	14	0	0	0	0	0	0	0	0	0	0
cfc310dfe81f42982cf19a684ede151c	0	0	0	0	0	0	0	0	0	0	2	0	0	0	0	7	0	5	0	0	7	0	0	20	6	0	0	31	6	29
9134c3e79d20b7f7e262d550a416aec9	7	0	0	0	0	0	0	0	0	0	0	0	0	0	0	0	0	0	0	0	0	0	0	0	0	0	0	0	0	0
d798879c8f2e3e5d28c79f4eadc5f425	0	0	0	0	0	0	0	0	0	0	0	0	0	0	0	0	0	0	0	0	58	0	0	0	0	0	0	0	0	0
701109f9d85ac01770e1afb23f84a0aa	0	0	0	5	0	0	0	0	0	0	0	0	0	0	0	0	0	0	0	0	0	0	0	0	0	0	0	0	0	0
ca65067393e9fd0c3142e4fac1c31509	0	0	0	0	0	0	0	0	0	0	0	0	0	0	0	3	0	0	0	0	0	0	0	0	0	0	0	0	0	0
f26753ba5210428874252494148a7c82	127	27	0	59	53	57	20	17	27	14	0	0	0	0	0	0	0	0	0	0	0	0	0	0	0	0	0	0	0	0
a852cd3411d7834b45518a178a84ccad	0	0	0	0	0	0	0	0	0	0	0	0	0	0	0	0	0	8	0	0	0	0	0	0	0	0	0	0	0	0
a8db4ddbe94f925e3ece7f6ced3106e4	0	0	0	16	0	0	0	0	0	0	22	14	0	0	0	8	21	0	11	8	0	0	0	5	15	8	0	0	11	0
719e97406c470ee1fb1221c7ef3252fc	12	0	0	0	10	0	0	0	0	0	0	0	0	0	0	0	0	0	0	0	4	0	0	0	0	0	0	0	0	0
8ad802a6a1fa21e60e260f7100fc3b30	0	0	0	0	0	0	0	0	0	0	0	0	0	0	0	0	0	0	0	0	0	0	0	0	0	0	5	0	0	0
1cbbd2e9632338ad4028cec112ebe14e	0	0	0	0	0	0	0	0	0	0	0	0	0	0	0	0	0	0	0	4	0	0	0	0	0	0	0	0	0	0
21f309eae112e1d9a8fbf33441744360	7	0	0	0	0	0	0	0	0	0	0	0	0	0	0	0	0	0	0	0	0	0	0	0	0	0	0	0	0	0
daa33676ec8bf3e792285278e4337fbb	0	0	0	0	0	0	0	0	0	0	0	0	0	0	221	0	0	0	0	0	0	0	0	0	0	0	0	0	0	0
7b7d31483d4ffaff317626680077aed9	0	0	97	0	6	5	0	0	0	0	0	0	0	0	0	0	0	0	0	0	0	0	0	0	0	0	0	0	0	0
68f97a8c7e6f17fec01569fb07c23d34	2	0	0	0	0	0	0	0	0	0	0	0	0	0	0	0	0	0	0	0	0	0	0	0	0	0	0	0	0	0
33d96310b5d96f76a13c91df77ac128d	0	0	0	0	0	0	0	0	0	0	0	0	0	0	0	0	0	0	0	0	0	19	0	0	0	0	0	0	38	0
1cf3ec15fbe7f95d9ba8c00d2a2924f6	0	0	0	0	0	0	0	0	0	0	25	0	0	0	0	0	0	0	0	0	0	0	0	0	0	0	0	0	0	0
d4a277a5b9a6132b2aeda6488df89a19	0	0	0	10	0	0	0	0	0	0	0	0	0	0	0	0	0	0	0	0	0	0	0	0	0	0	0	0	0	0
e598bb47dece7cc70d336c715393666f	0	0	0	0	0	0	0	0	0	0	0	0	5	0	0	0	0	0	0	0	0	0	0	0	0	0	0	0	0	0
b2a0347385378c3240b6d4ba91e7489c	0	0	0	0	0	0	0	0	0	0	0	0	0	29	0	0	0	0	0	0	0	0	0	0	0	0	0	0	0	0
3eba762dfe4b135a71e68ce17f02ca01	0	0	0	0	0	0	0	0	0	0	0	0	15	0	19	0	0	0	0	0	0	0	0	46	68	30	0	0	31	0
7f2afb581cb7cf7786e20c949a3f97ca	0	0	0	0	0	0	0	0	0	3	0	0	0	0	0	0	0	0	0	0	0	0	0	0	0	0	0	0	0	0
4a4ba1bd6b1eae28915e72c0d39942b3	0	0	0	0	0	0	0	0	0	0	0	0	0	0	0	0	0	0	0	0	0	0	0	0	0	0	0	9	8	0
34a2a4405d9733363960ae6ba782fdc0	0	0	0	0	0	0	0	0	0	24	0	0	0	0	0	0	0	0	0	0	0	0	0	0	0	0	0	0	0	0
6f60e080a80284398959819b3764cf74	0	0	0	0	0	0	0	0	0	0	0	0	0	0	0	0	0	2	0	0	0	0	0	0	0	0	0	0	0	0
561ca4943b9612efffb4477774bc9095	0	0	0	0	0	0	0	0	0	0	0	0	0	0	0	0	0	0	0	10	0	0	0	0	0	0	0	0	0	0
f2d1ce42536500339a41d3c32b4427bb	0	0	0	0	0	0	0	135	0	0	0	0	0	0	0	0	0	0	0	0	0	0	0	0	0	0	0	0	0	0
04442ee91a22f783018d13c4c663d3d6	0	0	0	0	0	0	0	0	0	0	0	34	33	0	0	0	0	0	0	0	0	0	0	0	0	0	0	0	0	0
683b46c994947f938ad6df898ee511e8	0	0	0	0	0	0	0	0	0	0	0	0	0	0	12	0	0	0	0	0	0	0	0	0	0	0	0	0	0	0
defe79bce0fe32c0809431cd540dfd46	0	0	0	0	0	0	0	0	0	0	0	0	0	0	0	0	0	14	0	0	0	0	0	0	0	0	0	0	0	0
1b1f9312b56d6b77440f01b598320a15	0	0	0	0	0	0	0	0	0	0	0	0	0	0	0	0	0	2	0	0	0	0	0	0	0	0	0	0	0	0
9e53e426e01d60333f53dc80c4f9e427	0	0	0	0	0	0	0	0	0	0	0	0	0	0	0	23	0	0	0	0	0	0	0	0	0	0	0	0	0	0
eae3addea03e9bb8203f35616bcd75f0	0	0	0	0	0	0	0	0	0	0	0	0	0	0	0	0	0	0	0	0	0	0	0	0	15	0	0	0	0	0
26f5e04dfea14a041468d218b71564b5	0	0	0	0	0	0	0	0	0	0	16	25	0	0	40	0	26	21	0	30	0	0	0	0	0	0	0	0	0	0
4b82318c40c90849033bf9e5841f6e75	22	0	41	0	24	0	22	0	35	0	39	0	0	0	14	0	36	0	0	0	0	83	0	76	20	273	21	210	46	807
bac325f1fa5ab6675ed0fefaf2575518	0	0	0	0	5	0	0	0	0	0	0	0	0	0	0	0	0	0	0	0	0	0	0	0	0	0	0	0	0	0
3831e3552be97fb5c8580ab90d8b61d8	0	0	0	0	0	0	0	0	0	0	0	0	0	0	0	0	45	89	0	51	0	0	0	0	0	0	0	0	0	0
6763d52076df5fd703ef37c82569cd1c	0	0	0	0	0	0	0	0	0	0	0	0	0	0	0	0	0	0	9	0	0	0	0	0	0	0	0	0	0	0
377abf86e5c9ae69a974d7a15d7b6f6c	0	0	0	0	0	0	0	0	0	0	0	0	0	0	0	0	0	0	13	0	0	0	0	0	0	0	0	0	0	0
3e888d03e1b764248b6815f7eb79b680	0	0	0	0	0	0	0	0	0	0	0	0	0	0	0	0	0	11	0	0	0	0	0	0	0	0	0	0	0	0
d50b240c6450978b6495782373b597ee	0	0	0	0	0	0	0	0	0	0	0	0	0	0	0	6	0	0	0	0	0	0	0	0	0	0	0	0	0	0
3e5be4bec7f88509a865a010e4cfdfe1	0	0	0	16	15	25	0	0	45	15	0	0	0	0	0	0	0	0	0	0	0	0	0	0	0	0	0	0	0	0
b1b03a42bf636dfa4de09b3cc5010818	7	0	0	0	0	0	0	0	0	0	0	0	0	0	0	0	0	0	0	0	0	0	0	0	0	0	0	0	0	0
8cbc67c20c5481e96a01ea6974a0bcec	0	0	0	0	0	67	0	0	25	0	0	0	0	0	0	0	0	0	0	0	0	0	0	0	0	0	0	0	0	0
bfbdaf635c2433ec4a74c92af6423da6	0	0	0	0	0	0	0	0	0	0	0	0	22	0	0	0	0	0	0	0	0	159	0	0	0	0	0	86	0	27
a3932c2fcbb7608c3a9512be6dede64d	138	33	0	34	77	24	0	0	0	20	0	0	0	0	0	0	0	0	0	0	0	0	0	0	0	14	0	0	0	0
9d2db9bf6343cffe4d0f45e95072eaa7	4	0	0	0	0	0	0	0	0	9	21	0	0	12	0	0	0	14	0	0	0	0	0	0	0	0	0	0	0	0
3bdf2de49faa047c43a4dc266f1eeeec	0	0	0	0	0	17	0	0	0	0	0	0	0	0	0	0	0	0	0	0	0	0	0	0	0	0	0	0	0	0
69798bfc023d9cfc528703a73f784143	0	0	0	0	0	0	0	0	0	0	0	0	0	0	12	0	0	0	0	0	0	0	0	0	0	0	0	0	0	0
8b39e3f475e48c2c6004c708e92fe30a	0	0	0	0	0	0	0	0	0	0	0	0	114	0	0	0	0	0	82	0	0	36	0	0	0	0	0	0	0	0
f1bcc77b150948a8a7cb98aa2a4920cb	9	0	0	0	0	0	555	42	24	32	0	92	130	48	25	0	49	48	45	59	171	11	13	53	36	27	0	66	23	26
f60cb56cf5dc3a31bf492f25f70319d9	0	0	0	0	0	0	0	0	0	0	0	4	0	0	0	0	0	0	0	0	0	0	0	0	0	0	0	0	0	0
252ff5395a68039ab08788f217303e22	0	0	0	11	18	0	0	0	10	0	0	0	0	0	0	0	0	0	0	0	0	0	0	0	0	0	0	0	0	0
76bcb5a1b72db1d25bef90aeb0229be7	0	0	0	0	0	0	0	12	0	0	11	34	18	14	0	17	0	20	17	33	0	0	0	0	0	17	0	0	0	0
7c0a76f38a27975fcf99924ef754992a	0	0	0	0	0	0	0	0	0	0	0	0	0	0	0	0	0	6	0	0	0	0	0	0	0	0	0	0	0	0
fc2fb716dd58c1a62773dcd20dab5e13	0	0	0	0	0	0	0	0	0	0	0	0	0	2	0	0	0	0	0	0	0	0	0	0	0	0	0	0	0	0
9853423e42129245ac7bb7a73496cab7	0	0	0	0	0	0	23	0	0	0	0	0	0	0	0	0	0	0	0	0	0	0	0	0	0	0	0	0	0	0
33e0708f560039a397dad00875d050b3	0	0	0	0	0	0	0	0	0	0	0	0	0	0	0	11	0	0	0	0	0	0	0	0	0	0	0	0	0	0
bd6dac38ea839fc9d5b13c7d749a6145	0	0	0	0	0	0	0	0	0	0	0	0	66	0	0	0	0	0	0	0	0	0	0	0	0	8	0	0	0	0
5253c6c9746bc040d10ecd4b355dfed2	0	0	0	0	0	0	0	0	0	0	0	0	0	0	0	0	0	0	0	0	0	0	0	0	0	0	14	0	0	0
a661ac3f7ef42ac550f1c2c533fdc0aa	0	0	0	0	0	0	0	9	0	0	0	6	0	0	0	0	38	69	19	0	0	0	0	0	0	0	0	0	0	0
5eab119d61e4a4e0e57320b04fd5554a	0	0	0	0	0	0	0	0	0	0	22	0	0	0	0	0	0	0	0	0	0	0	0	0	0	0	0	0	0	0
95f5a457c80f1c3bba87b0b44a1628d6	0	0	0	0	0	0	3	0	18	0	0	0	0	0	0	0	0	0	0	0	0	0	0	0	0	0	0	0	0	0
e9b5a2447e4e54ea4953e9bf12769590	0	0	0	0	0	0	0	0	0	33	0	0	0	0	0	0	0	0	0	0	0	0	0	0	0	0	0	0	0	0
4e4e8c4327da9f71581eee262d648d90	0	0	0	0	0	0	0	0	0	0	2	0	0	0	0	0	0	0	0	0	0	0	0	0	0	0	0	0	0	0
d33ad33276003a2ac8d17fb042034b68	0	0	0	0	0	0	0	0	0	0	0	0	0	0	0	0	25	57	0	0	0	0	0	0	0	0	0	0	0	0
c9f823dcef3d8e46f197fb7d4258655c	0	0	0	0	0	0	0	9	0	0	0	0	0	0	0	0	0	0	0	0	0	0	0	0	0	0	0	0	0	0
4825c9621e7bd7661e4bac3f734a75cf	0	0	0	0	0	0	0	0	0	4	0	0	0	0	0	0	0	0	0	0	0	6	4	0	0	24	37	0	0	9
f7c38a3155d17cec02745c1996d8d92f	0	0	0	0	0	0	0	0	0	0	0	0	0	0	0	0	0	0	0	0	0	0	0	0	0	12	17	20	0	0
469ac7194063cbbb2fb51256dafd7a96	0	0	0	0	0	0	0	0	0	10	0	0	0	0	0	0	0	0	0	0	0	0	0	0	0	0	0	0	0	0
340a17f1ba6a1a187b6d7921a424847c	0	0	0	0	0	0	0	0	0	0	0	0	0	0	0	0	0	0	0	59	0	0	0	0	0	0	0	0	0	0
7211a283efd956c95777ec2d76d2cc9d	0	3	0	0	0	0	0	0	0	0	0	0	0	0	0	0	0	0	0	0	0	0	0	0	0	0	0	0	0	0
f666c88581d57cbf758509535f6a2a9a	0	0	0	0	0	0	0	0	0	0	0	0	24	0	0	0	0	0	0	0	0	0	0	0	0	0	0	0	19	0
d36d644650c7230d9ca5da8cebf1d07c	0	0	0	0	0	0	0	31	0	0	0	0	0	0	0	0	0	0	0	0	0	0	0	0	0	0	2	0	0	0
a29c1ad0a885db781866c7c247b4c321	0	0	0	0	0	0	0	0	0	0	0	0	0	0	0	0	0	0	0	0	0	0	14	0	11	1	0	16	0	0
9e26f8f57c0e069344f0bf9e231f892a	9	0	0	13	0	0	0	0	0	0	0	0	0	0	0	0	0	0	0	0	0	0	0	0	0	0	0	0	0	0
508a3af923756814b9c7eafb6a3bcc78	0	0	2	0	0	0	0	0	0	0	0	0	0	0	0	0	0	0	0	0	0	0	0	0	0	0	0	0	0	0
ab8f8e123ef13fb7abe3361cd318bde4	0	0	0	0	0	0	0	0	0	0	0	0	0	0	0	0	0	0	0	0	0	0	6	0	0	0	0	0	0	0
7b03b815ff44dea437efd9c16d8f4fff	0	0	0	0	0	0	0	0	0	0	0	0	0	0	0	0	0	0	9	0	0	0	0	0	34	0	0	0	0	0
6e89888af15cd0af166ac2ac724d0000	0	0	0	0	0	0	0	0	0	0	0	0	0	0	0	0	0	0	0	0	0	0	0	0	0	18	0	0	0	0
2c90e6537b10cd45eaa90543ecc3966d	0	0	0	0	0	0	0	0	0	0	0	0	0	0	0	0	0	9	0	0	0	0	0	0	0	0	0	0	0	0
a4c272c5977d756ee76b0c54d36eeda8	0	0	0	0	0	0	0	0	0	0	10	0	0	0	0	0	0	15	0	20	0	0	0	12	12	0	3	0	0	0
ab9f2e5d175a993acbe0e3d8567ece65	0	18	0	0	0	0	0	0	16	0	0	0	0	0	0	0	0	0	0	0	0	0	0	0	0	0	0	0	0	0
5a1670c3ae11945051c076a517ca933d	0	0	46	0	0	0	0	0	0	0	0	0	0	0	0	0	0	0	0	0	0	0	0	0	0	0	0	0	0	0
5bbcb388bb0830183a7b21cc8cf90746	41	64	29	109	25	161	143	66	38	85	35	22	10	25	59	35	0	18	0	0	0	51	21	0	0	34	0	0	20	0
67a58ff7917b15dee0ee1060316b7645	0	0	0	0	0	0	0	0	0	0	0	0	2	0	0	0	0	0	0	0	0	0	0	0	0	0	0	0	0	0
76162e8e47a1c7bb19ed6acc8a33d3c2	0	0	0	0	0	0	0	0	0	0	0	3	0	0	0	0	0	0	0	0	0	0	0	0	0	0	0	0	0	0
40f29261bc86754d0dec7d734d2212cb	20	0	0	0	0	0	0	0	0	0	0	0	0	0	0	0	0	0	0	0	0	0	0	0	0	0	0	0	0	0
951164d168ea9c75040acb6d48be186a	0	0	0	0	6	0	0	0	0	0	0	0	0	0	0	0	0	0	14	0	0	10	0	0	59	56	15	115	0	0
b4f94066e1b24c2d39a43dd40a136902	0	0	0	0	0	0	0	0	0	0	0	0	2	0	0	0	0	0	0	0	0	0	0	0	0	0	0	0	0	0
466a259a7b481a407bf9595eb13d17af	0	0	0	0	0	0	9	0	0	0	0	0	0	0	0	0	0	0	0	0	0	0	0	0	0	0	0	0	0	0
87d0de0a68abb48d96fb49e101238a0d	6	0	0	0	0	0	3	0	0	0	0	0	0	0	0	0	0	0	3	0	0	0	0	0	0	0	0	0	0	0
6754fa6a24a9c500b835d938aa3da533	0	0	0	0	0	0	0	0	0	0	0	0	0	0	0	0	6	0	0	0	0	0	0	0	0	0	0	0	0	0
90b184f2b30adc32146d29ab2d391758	0	36	0	0	0	0	0	0	0	0	0	0	0	0	0	0	0	0	0	0	0	0	0	0	0	0	0	0	0	0
50ef08ca32e02c90bff950017fd9da95	0	0	0	0	0	0	0	0	0	0	0	0	0	0	0	0	0	0	0	0	0	0	0	0	0	0	0	0	6	0
8f49e4592ed07c0170fa7e7bde31ff4f	0	0	21	0	0	0	0	0	0	0	0	0	0	0	0	0	0	0	0	0	0	0	0	0	0	0	0	0	0	0
1c711ce48a692f503a9f3e26e8a46c88	0	0	0	0	0	0	0	0	0	0	7	0	0	0	0	0	0	0	0	0	0	0	0	0	0	0	0	0	0	0
2a0052015447ff56d789f16f6245adc2	0	0	0	0	0	0	0	0	0	0	0	0	0	0	0	0	0	0	5	0	0	0	0	0	0	0	0	0	0	0
a2378a5a565721d84207df14a8f16958	0	0	0	0	0	50	0	0	0	0	0	0	0	0	0	0	0	0	0	0	0	0	0	0	0	0	0	0	0	0
980f1e3ac7f9583082dd39201aab632d	62	71	0	99	55	50	0	0	0	0	0	0	0	0	0	0	0	0	0	0	0	0	0	0	0	0	0	0	0	0
eb384598ccf1939d86fb10711bf2d7f4	0	6	0	0	0	0	0	0	0	0	0	0	0	0	0	7	23	0	0	0	0	0	0	36	74	0	0	0	60	0
e737caab3480e36392352a15cc94f6ba	0	13	0	0	0	0	0	0	0	0	0	0	0	0	0	0	0	0	0	0	0	0	0	0	0	0	0	0	0	0
3dba94a744cab53b41fc233b26fb6578	0	0	0	0	0	10	0	0	0	0	0	0	0	0	0	0	0	0	0	0	0	0	0	0	0	0	0	0	0	0
af4d00793de104f0a7dacb765f10e56a	0	0	0	0	0	0	0	0	0	0	0	0	0	0	0	0	0	0	0	0	0	0	0	0	20	0	0	18	27	0
37a18121fa5d96cca4df79ded22fd191	0	0	0	0	0	0	0	79	0	0	27	0	14	0	0	0	0	0	0	0	0	0	0	0	0	0	0	0	0	0
927693ab2e94f8cc9b1bbfebf7ca808e	0	0	0	0	0	0	2	0	0	0	0	0	0	0	0	0	0	0	0	0	0	0	0	0	0	0	0	0	0	0
97c7927fceaf2d500a13e45d04c8607c	0	0	0	0	0	0	0	0	0	0	0	0	0	0	16	0	0	0	0	0	0	0	0	0	0	0	0	0	0	0
9243fe04fd9be238dd518954561f8d07	0	0	0	0	0	0	0	0	0	0	0	0	0	0	0	10	0	0	0	0	0	0	0	0	0	0	0	0	0	0
19fe2689b30b33a7bc2bfbce23e7c8cd	21	770	0	69	85	171	0	36	0	33	0	49	15	230	0	0	0	25	17	328	500	134	3876	32	32	0	210	139	195	96
b996d8c64c91d2431f14c78d15b3b92e	0	0	0	0	0	0	0	0	2	0	0	0	0	0	0	0	0	0	0	0	0	0	0	0	0	0	0	0	0	0
390b21b4e9c673d244ff9f802d32cbc2	0	0	0	0	0	0	0	0	0	0	0	0	0	0	0	0	0	0	0	6	0	0	0	0	0	0	0	0	0	0
0a94f7474906c430a9b2bde9e4805d4d	0	0	0	0	0	0	0	0	0	0	14	0	0	0	0	0	0	0	0	0	0	0	0	0	0	0	0	0	0	0
cbfdf642d5cb6ab36b6b93db21766c0b	0	0	0	12	0	0	0	0	0	28	0	0	0	0	0	0	0	0	0	0	0	0	0	0	0	0	0	0	0	0
5cdc60626a443f9e8542626cd01fd7bb	0	0	0	0	0	0	0	0	0	0	0	0	8	0	0	0	0	0	0	0	0	0	0	0	0	0	0	0	0	0
b83960f69ba537d026a7abb73f7685ac	0	0	0	0	0	0	0	0	0	0	26	0	0	0	21	31	0	27	0	0	0	0	0	0	0	0	0	0	0	0
cb0df3775461d34765c92966e8b27a0d	0	12	0	39	26	0	0	0	0	0	0	0	0	0	0	0	0	0	0	0	0	0	0	0	0	0	0	0	0	0
0be9f6a0e19c68f179316e21af3398ca	0	0	0	0	0	0	0	6	0	0	0	0	0	0	0	0	0	0	0	0	0	0	0	0	0	0	0	0	0	0
5087190a797bb8fa62a9de589f747f9a	0	0	0	0	2	0	0	0	0	0	0	0	0	0	0	0	0	0	0	0	0	0	0	0	0	0	0	0	0	0
a6009a422a0b35abb6a0e40e0a464ec3	13	0	0	0	0	0	0	0	0	0	0	0	0	0	0	0	0	0	0	0	0	0	0	0	0	0	0	0	0	0
747bb183426978407b358ab0f0252734	0	0	0	0	0	0	0	0	0	0	0	0	0	0	0	0	0	0	0	8	0	0	0	0	0	0	0	0	0	0
b850c8cb7ae11564505c18366370e624	0	0	0	0	0	0	0	0	0	0	0	23	0	0	0	0	0	0	0	0	0	0	0	0	0	0	0	0	0	0
31fd2d9d107ec3abe582592f47e15b2b	0	0	0	0	0	0	0	0	0	0	0	0	0	0	0	0	0	0	0	4	0	0	0	0	0	0	0	0	0	0
196b86a72fcaafc98f57c138c9007b81	0	0	0	0	0	18	0	0	0	0	0	0	0	0	0	0	0	0	0	0	0	0	0	0	0	0	0	0	0	0
96024326b3172cd18da66a657f7fb1ca	0	0	0	0	0	0	0	0	0	0	0	0	0	0	0	0	0	0	0	0	0	0	0	0	0	5	0	0	0	0
80d0373adfa505ab4335c328b902b6cf	0	0	0	0	0	0	0	0	0	0	0	2	0	0	0	0	0	0	0	0	0	0	0	0	0	0	0	0	0	0
ebfad30b7c9b392376a2c7f02258e706	0	0	0	0	0	0	0	0	0	0	0	0	4	0	0	0	0	0	0	0	0	0	0	0	0	0	0	0	0	0
04803ce554e4ec8d224742ea005820a0	30	0	0	0	0	29	39	0	30	40	88	69	61	58	0	33	24	47	32	0	0	0	0	440	151	125	0	29	222	0
886a78ea79643999a5fc2816359955b6	0	0	0	0	0	0	0	0	0	0	0	0	0	0	0	0	0	0	0	4	0	0	0	0	0	0	0	0	0	0
29a7ac49909666bbc577eee9d48d017c	0	0	0	0	0	0	5	0	0	15	0	0	0	0	0	0	0	0	0	0	0	0	0	0	0	0	0	0	0	0
223acc75eb63c10d8b1f770c11da9dc2	0	0	60	0	0	0	0	0	0	0	0	0	0	0	0	0	0	0	0	0	0	0	0	0	0	0	0	0	0	0
49f246f915af726f485dc85ef8b99442	0	0	0	0	0	0	0	0	0	0	0	2	0	0	0	0	0	0	0	0	0	0	0	0	0	0	0	0	0	0
5aa0c13f5a242c4928a5c3195a86bb9f	0	0	0	0	0	0	0	0	0	0	0	0	0	0	0	16	4	0	0	0	0	0	0	0	0	0	0	0	0	0
a4fd910e986a2a9e496f1d82d9c0323a	0	0	0	0	0	0	0	35	0	0	0	0	0	0	88	0	0	0	0	19	0	0	0	0	0	0	0	0	0	0
752b6ae8243ecd806a2623e16e94898d	7	54	0	15	16	43	0	0	28	36	169	0	0	4	0	0	0	0	0	0	0	0	0	0	0	0	0	0	0	0
980f47ca8cdddaa02cb45e90f76a83f1	0	0	0	0	0	0	0	0	0	0	0	0	0	22	17	0	0	0	0	32	0	0	0	21	19	0	0	0	0	0
2d8a50bde6bb8c2bee827ae7714270b9	0	0	0	0	0	0	0	0	0	0	0	0	0	0	0	0	0	12	9	0	0	0	0	0	0	0	0	0	0	0
0f4223a34f50eb3e104acf6873eab5a0	0	0	0	0	0	0	0	0	0	0	0	0	0	0	0	0	2	0	0	0	0	0	0	0	0	0	0	0	0	0
dd491a6daf3290d456c7665d2f7eab47	6	0	0	0	13	58	0	0	0	68	0	0	0	0	0	0	0	0	0	0	0	0	0	0	0	0	0	0	0	0
805ef3e871f38e9a5c927ff77af12694	0	0	0	0	0	0	0	0	0	2	0	0	4	0	0	0	0	0	0	0	0	40	0	12	5	74	0	0	19	35
416fbfbf17996bfedb65e35426b7e2c9	0	0	0	0	0	0	0	0	0	0	0	0	0	0	0	0	0	0	2	0	0	0	0	0	0	0	0	0	0	0
403aa535e8da713c96ad148ad9940504	0	0	0	0	0	0	0	0	0	0	0	0	0	0	0	0	9	0	0	0	0	0	0	0	0	0	0	11	0	0
aabd4393895408fe66900f4026a545fc	0	0	0	0	0	0	0	0	0	0	0	0	0	0	0	0	0	0	0	0	0	13	0	0	0	0	0	0	0	0
260ca1ed1f4b06d50f99a6891fe96da8	0	0	0	0	0	0	0	0	0	0	0	0	0	0	0	0	0	0	12	0	0	160	0	0	0	16	0	33	57	0
255d24adddd20fe66c4a9c136e498897	0	14	0	8	24	0	0	0	0	0	0	0	0	0	0	11	0	0	0	27	0	0	0	0	0	0	0	0	0	0
3de1eb465f305a71fc1982e76e2f4af8	0	0	0	0	0	0	0	0	0	0	0	0	0	0	0	9	0	0	0	0	0	0	0	0	0	0	0	0	0	0
1efc1e95a37b8ff0d246bd510f18fb79	0	0	0	0	0	0	0	0	0	7	0	0	0	0	0	0	0	0	0	0	0	0	0	0	0	0	0	0	0	0
b01f1bb0e5b91e7ae0710a13c94e103e	36	0	0	0	0	0	0	0	0	0	0	0	0	0	0	0	0	0	0	0	0	0	0	0	0	0	0	0	0	0
d1dbb725cfb5872034b9d3ff6d288d32	0	0	0	0	0	0	0	0	0	0	0	0	0	0	0	0	0	0	0	0	0	0	0	0	16	0	32	0	0	0
04b9c1e04f32126eee2923d815d6db17	0	0	0	0	0	0	0	0	0	0	0	0	0	0	0	0	0	0	5	0	0	0	0	0	0	0	0	0	8	0
29db24ddeb59f36ca390c063b2a4b9fa	295	113	17	324	321	146	37	0	62	30	0	0	0	12	0	0	0	0	25	0	0	0	0	0	0	11	0	0	0	0
c4ceaddd4e1d0e0acdba43b9c0abcacd	0	0	0	0	0	8	0	0	0	0	0	0	0	0	0	0	0	0	0	0	0	0	0	0	0	0	0	0	0	0
519c277f41b270c24e688edd65ab4e24	0	0	0	0	0	0	0	0	0	0	0	0	0	0	0	0	0	0	0	0	0	0	0	0	0	0	11	0	0	0
2ba56707afb911ea6c0f5c5e4dfca95f	0	0	0	0	0	0	0	0	0	0	0	0	0	0	0	0	0	0	0	0	2	0	0	0	0	0	0	0	0	0
04a8069e0424cf537201b71fda24533e	0	0	0	0	0	0	0	0	0	0	0	0	0	0	0	2	0	0	0	0	0	0	0	0	0	0	0	0	0	0
bc23c10c1775773a4e7515ad5e47ef66	0	0	6	0	0	0	0	0	0	0	0	0	0	0	0	0	0	0	0	0	0	0	0	0	0	0	0	0	0	0
039ac0e0468b92440cb9d401bdf318b3	0	0	0	7	0	0	0	0	0	0	0	0	0	0	0	0	0	0	0	0	0	0	0	0	0	0	0	0	0	0
87779a83e982840103e8e2c6fcb538d2	0	0	0	0	0	0	0	0	0	0	0	0	0	3	0	0	0	0	0	0	0	0	0	0	0	0	0	0	0	0
99e2c30d04ff6c34e92e80eb176ecb43	0	0	0	0	0	0	0	0	0	0	0	0	0	0	0	0	0	0	0	0	0	0	36	0	0	0	0	0	0	0
c4813cbdec683ad42c64dc4ddc725395	0	0	0	0	0	0	24	0	0	0	0	0	0	0	0	0	11	0	0	0	0	0	0	0	0	0	0	0	0	0
a9cbbbf83fefbcda96c672902debbe27	0	0	0	0	0	0	0	0	2	0	0	0	0	0	0	0	0	0	0	0	0	0	0	0	0	0	0	0	0	0
f50baaabbebf1c4dba3ab78de44b6852	0	0	17	0	0	0	0	0	0	0	0	0	0	0	0	0	0	0	0	0	0	0	0	0	0	0	0	0	0	0
bc13ec5e9b5043f0fd097ab442b46deb	0	0	0	0	0	44	0	0	0	0	0	0	0	0	0	0	0	0	0	0	0	0	0	0	0	0	0	30	0	0
09d2c241b877f2982fcd9e35b7e65ba4	0	0	0	0	0	0	0	0	0	0	0	0	0	0	0	13	10	0	0	0	0	0	0	0	0	0	0	0	0	0
208d959b13eba677ad5100ceeb5bd5a9	0	0	0	0	0	0	0	0	0	0	2	0	0	0	0	0	0	0	0	0	0	0	0	0	0	0	0	0	0	0
67f6d39b0b7e0117d4bf28649fa31a68	0	0	0	0	0	0	0	0	0	0	0	0	0	0	32	0	0	0	0	0	0	0	0	0	0	0	0	0	0	0
9195f0478c4cc44b4f8a6b9760227d18	0	0	0	0	0	0	0	0	0	0	0	8	0	0	0	0	0	0	0	0	0	0	0	0	0	0	0	0	0	0
b3043fbda346cf6108853a8ccdc12e2e	0	0	0	0	0	0	0	0	0	0	0	0	0	13	0	0	0	0	0	0	0	0	0	0	0	0	0	0	0	0
87671c6f7467d9da82565f7601cfddef	0	0	0	2	0	0	0	0	0	0	0	0	0	0	0	0	0	0	0	0	0	0	0	0	0	0	0	0	0	0
36ea84a2d079b345660598df9598716a	0	0	0	0	0	0	0	0	0	0	0	0	0	0	0	9	0	0	0	0	0	0	0	0	0	8	9	0	0	0
7b3efe4de7ee4255ea19dafd7169cf9b	0	0	9	28	26	11	49	18	12	43	0	50	0	0	0	0	0	17	0	0	286	0	68	21	0	0	0	23	43	25
4a35e42156e91091ef28783de3289531	0	0	0	0	0	0	0	0	0	0	0	24	0	0	0	0	0	0	0	0	0	0	0	0	0	22	32	21	71	0
80ef8be8336770f4469bd4ad3079fbcf	0	0	0	0	0	0	0	0	0	0	0	0	0	0	0	0	0	0	0	0	0	0	0	0	0	0	0	3	0	0
1a33f0ebbb6d193f946e1d3b8e6218fc	0	0	0	0	0	0	0	0	0	0	12	0	0	0	0	0	0	0	0	0	0	0	0	0	0	0	0	0	0	0
909bdf420f38f6dbc67e31370cce2fa2	0	0	0	0	0	0	0	0	0	0	0	0	0	0	0	0	33	0	0	0	0	0	0	0	0	0	0	0	0	0
84deee4fe42aecd9bd7038131f3d4ed7	0	0	0	0	0	0	0	0	0	0	0	0	0	0	0	0	0	0	0	0	38	0	0	12	0	0	0	21	0	0
b801b6dd9eab9fd07c70715e61bcda98	0	0	0	0	0	0	0	0	0	0	0	0	0	0	0	0	0	0	0	0	0	0	0	0	2	0	0	0	0	0
41cc97fe58ad1b9709023eea9faddfcb	0	0	0	0	0	0	0	0	0	0	0	0	0	0	0	0	0	0	0	0	0	0	0	0	0	0	0	0	0	7
6b7e9e200735a6a85c4e4b824b54bd90	0	0	0	0	0	4	0	0	0	0	0	0	0	0	0	0	0	0	0	0	0	0	0	0	0	0	0	0	0	0
04422ae58272a262feacf86eb5a8a393	0	0	0	47	0	0	0	0	0	0	0	0	0	0	0	0	0	0	0	0	0	0	0	0	0	0	0	0	0	0
71eeb6a98b68da1e4b6d44534b2406be	0	0	0	0	0	0	0	0	0	0	0	0	9	0	0	0	0	0	0	0	0	0	0	0	0	0	0	0	0	0
594ccd80a2d59090bcb2d467771e864e	0	0	0	0	0	0	0	0	0	0	0	0	0	0	0	11	0	0	0	0	0	0	0	0	0	0	0	0	0	0
dfbc631455d70db8dc07135ed9743293	0	0	0	0	0	0	0	0	0	0	0	0	0	16	0	0	0	0	0	0	0	0	0	0	0	0	0	0	0	0
6f7a63522ec51f14e2705d3575c86ad7	0	0	0	0	0	0	0	0	0	0	0	0	0	0	0	0	0	0	0	0	0	0	0	0	65	0	48	0	54	0
8236409ba42fc72021ed66f989030507	0	0	0	0	0	2	0	0	0	0	0	0	0	0	0	0	0	0	0	0	0	0	0	0	0	0	0	0	0	0
1b0808a59194226e015ae1b5b1b72ae4	0	0	0	0	0	0	0	0	2	0	0	0	0	0	0	0	0	0	0	0	0	0	0	0	0	0	0	0	0	0
65e3096aa6714523c26e08665e7e443a	0	0	0	0	0	0	0	44	0	0	0	0	0	0	0	0	0	0	0	0	0	0	0	0	0	0	0	0	0	0
228d1c320c562658e68b95ebd949b660	0	0	0	0	0	0	0	0	0	0	0	0	0	0	0	0	0	0	0	32	0	0	0	0	0	0	0	0	0	0
35fe625d8d28628b2dfeb9b31c2dc4bb	0	0	0	0	0	0	0	0	0	0	0	0	0	0	0	0	0	0	0	2	0	0	0	0	0	0	0	0	0	0
2cd6e214ad371cb6bb389c6f89af4726	0	0	0	0	0	0	0	0	0	0	2	0	0	0	0	0	0	0	0	0	0	0	0	0	0	0	0	0	0	0
92c108d0cc244915d175298178caa37f	0	0	0	0	0	0	0	0	0	0	0	0	0	0	0	0	0	0	0	0	0	0	0	0	0	0	11	0	0	0
401031834dfd368b18ed8406927e32d7	0	0	0	0	0	0	0	0	0	0	16	0	0	0	0	0	0	0	0	0	0	0	0	0	0	0	0	0	0	0
ce0eb87d81cef12afcd4d03ad8a3fa3c	0	0	0	0	0	0	0	0	0	0	0	0	2	0	0	0	0	0	0	0	0	0	0	0	0	0	0	0	0	0
f1fc17307a525e674fe2bf0a670e43b4	0	0	0	0	0	0	0	0	0	0	0	2	0	0	0	0	0	0	0	0	0	0	0	0	0	0	0	0	0	0
fd1953caf908fcac911c4cd8c0967fdb	0	0	0	0	0	0	0	0	0	0	22	0	0	0	0	0	0	0	0	0	0	0	0	0	0	0	0	0	0	0
ce35a89907ab5f32951f95c0ac44255c	0	0	0	0	0	0	0	0	0	0	0	0	0	0	0	0	0	0	0	11	0	0	0	0	0	0	0	0	0	0
4ed0bb2e83a333f28ef05a6b86c8b47f	3	0	0	9	18	0	0	0	0	52	271	193	348	182	0	86	333	316	235	126	18	0	0	77	121	0	0	15	59	32
12985eead2a7a6cba6c5b1b93d7009eb	0	0	0	0	0	0	0	0	0	0	0	0	0	0	0	0	0	13	0	0	0	0	0	0	0	0	0	0	0	0
b457c7f5cf20f33d13e0b3eff7b798ca	0	0	0	0	0	0	0	0	0	0	0	0	0	0	0	0	0	0	0	0	0	0	0	0	0	18	0	0	0	0
3e56d35f073224f3a251f06878764cfa	0	0	0	0	0	0	0	0	0	0	0	0	0	0	0	38	0	0	0	0	0	0	0	0	0	0	0	0	0	0
62f33f4eb562c8cc63c286ce05125b22	0	0	0	0	0	3	0	0	0	0	0	0	0	0	0	0	0	0	0	0	0	0	0	0	0	0	0	0	0	0
f1e922bf5a06b7cf2b80b3979b69f135	24	0	0	0	0	0	0	0	0	15	0	22	0	0	0	0	0	0	0	11	0	0	0	0	0	0	0	0	0	0
0dd2b0d6a72fec5e5b272bff28f8c014	25	0	0	0	8	20	0	0	0	30	33	46	39	0	0	98	18	6	16	0	0	0	0	29	0	71	0	0	0	0
b16ddef43cccc164036f97a4120fb958	0	0	0	0	0	0	0	0	0	0	0	0	0	10	0	0	0	0	0	0	0	0	0	0	0	0	0	0	0	0
f2d9989ace91e00428ac8b4a547032b9	0	0	0	0	0	0	0	0	0	2	0	0	0	0	0	0	0	0	0	0	0	0	0	0	0	0	0	0	0	0
03e949dd175be53d539d84cee991ab2b	0	14	0	0	0	0	0	0	0	0	0	0	0	0	0	0	0	0	0	0	0	0	0	0	0	0	0	0	0	0
c53a95262511cc579837ad2b6f2ae5bb	0	0	0	0	0	0	0	0	0	0	0	0	0	0	0	0	0	0	0	0	0	0	0	0	0	5	0	0	0	0
ca1f82f131c383536e3d50e96dd83ab1	0	0	0	0	0	0	0	0	0	0	0	0	0	0	0	3	0	0	0	0	0	0	0	0	0	0	0	0	0	0
839bc6d3ba33427f0943eadaf25c7544	0	34	0	57	0	0	0	0	21	73	146	488	203	381	129	200	293	318	194	269	23	0	39	71	165	61	40	0	100	0
78f2b597022f153f45b2ade1e0b8dd67	0	0	0	0	0	0	0	0	0	0	0	0	0	0	0	0	0	0	0	4	0	0	0	0	0	0	0	0	0	0
146444e0382ed28399041b71d1d9861e	0	0	0	0	0	0	0	0	0	0	0	0	0	0	0	0	0	0	0	15	0	0	0	0	0	0	0	0	0	0
5a092c49cf989af36a68efd802baae04	0	0	0	0	0	63	0	0	0	25	0	0	0	0	0	0	0	0	0	0	0	0	0	0	0	0	0	0	0	0
933cff5514d60e37ba25805151c0e775	0	0	0	0	0	0	0	0	0	0	33	0	0	0	0	0	0	0	0	0	0	0	0	0	0	0	53	0	0	138
1eed7addd3e70ca3cd3541010ceafdb1	0	0	0	0	0	0	0	50	0	0	40	17	0	0	0	15	0	32	0	33	0	0	0	0	0	0	0	0	0	0
c694282ba6ae891fb8757ea14c82037d	0	0	0	0	0	0	0	0	0	0	0	0	0	0	0	0	0	0	0	0	0	0	0	0	0	4	0	0	0	0
05580bc535469eacb517c3da3d7fe3f8	0	0	0	0	0	20	0	0	0	94	0	0	0	0	0	0	33	9	0	0	13	25	0	0	0	0	16	0	0	0
d87beeaf840a2b2950fb354d57983f30	0	14	0	0	0	0	0	0	0	0	0	0	0	0	0	0	0	0	0	0	0	0	0	0	0	0	0	0	0	0
8d2d3453ecb251fce6badb08989ab8a2	0	0	0	0	6	0	0	0	0	0	0	0	0	0	0	0	0	0	0	0	0	0	0	0	0	0	0	0	0	0
19b1bf65d528b4265d01107c075f6b25	0	0	0	0	0	0	0	0	0	0	0	0	0	0	0	0	0	0	0	0	0	0	0	0	0	101	0	0	0	0
66b9331c4d76ecd8a0545b4ed01753ce	0	0	0	0	0	0	0	0	0	0	0	0	0	0	0	31	0	0	0	0	0	0	0	0	0	0	0	0	0	0
e1af82a6477c8b36df77462675730006	285	1034	122	746	402	266	110	175	524	243	110	0	29	57	23	70	75	69	30	62	33	53	30	56	95	75	60	139	191	142
66ce96bc1f4cf5bb16048d5814f07722	0	0	0	0	0	0	0	0	0	0	0	0	0	0	37	0	0	0	0	0	0	0	0	0	0	0	0	0	0	0
7a5c948c0f630aa1ba3552732a988d7e	0	0	0	0	0	0	0	0	0	0	0	0	0	0	0	0	0	0	0	0	0	0	0	0	0	0	0	0	10	0
1e16bf6ecc37c6c1d3fe7ffa8b430a1a	0	0	40	0	0	0	0	31	0	0	0	0	0	0	0	0	0	0	0	0	0	0	0	0	0	0	0	0	0	0
4762c0ab25ec36c348608de37d8226f8	0	0	0	0	0	0	0	3	0	0	0	0	0	0	0	0	0	0	0	0	0	0	0	0	0	0	0	0	0	0
7bbb10a422cc1d3b3529cbc3a8e1141d	0	0	0	0	0	0	0	0	0	0	0	0	0	0	0	9	0	0	0	0	0	0	0	0	0	0	0	0	0	0
3fc2062929b55bbc43e018c20f39fcaf	0	0	0	0	0	0	0	0	0	0	0	0	0	0	0	0	0	0	0	0	0	0	0	0	0	0	0	0	9	0
c729dee85b76bac444ba7ebe344a258c	0	0	0	0	0	0	0	0	0	0	0	0	0	0	0	7	0	0	0	0	0	0	0	0	0	0	0	0	0	0
5010f745dc38656543e10beb40491a75	0	62	0	0	0	0	0	0	0	0	0	0	0	0	0	0	0	0	0	0	0	0	0	0	0	0	0	0	0	0
f8e260878b78713ae5c4deb6620b7151	0	0	0	0	0	0	0	0	0	0	0	0	0	0	0	0	0	0	10	0	0	0	0	0	0	0	0	0	0	0
c0c6971991367738dcefbae35c9b02e1	0	0	0	0	0	0	0	0	0	0	0	0	0	0	9	0	0	0	0	0	0	0	0	0	0	0	0	0	0	0
732e2aeac5d69f1bca088bc2f719fe9f	0	0	0	41	0	0	0	0	35	0	0	0	0	0	0	0	0	0	0	0	0	0	0	0	0	0	0	0	0	0
98e2e3b4acf18f8ce8e60965ef576d10	0	0	0	0	0	0	0	0	0	3	0	0	0	0	0	0	0	0	0	0	0	0	0	0	0	0	0	0	0	0
2bd87ae88942467fb6af8f0707449fb1	0	0	0	0	0	0	0	0	0	6	0	0	0	0	0	0	0	0	0	0	0	0	0	0	0	0	0	0	0	0
0d296f6708d280d09c059b9c1f5ba45a	0	0	0	0	0	0	0	0	0	0	0	0	0	0	0	0	0	0	0	0	0	0	39	0	0	0	0	0	0	0
285cb5251778411a88340ff502cc9de6	0	0	0	0	0	0	0	0	0	0	33	0	0	0	0	0	0	0	0	0	0	0	0	0	0	0	0	0	0	0
02b6c4c7243afa87e8e238e0a67e90bb	0	0	0	0	0	0	0	0	0	0	0	0	0	0	0	0	2	0	0	0	0	0	0	0	0	0	0	0	0	0
198b1460e28a7a2c6e99956cb5a7ad10	0	0	0	0	0	0	0	0	0	0	0	0	0	0	0	0	0	0	0	0	0	22	0	0	0	0	33	51	76	59
bc0b7e231c93579c2ec94b8115e67a37	0	69	0	0	22	18	0	11	0	0	0	0	0	0	0	0	0	0	0	0	0	0	0	0	0	0	0	0	0	0
0db8ab60f9172079d44e9580e1cb715c	0	0	0	0	0	0	0	0	0	0	10	0	0	0	0	0	0	0	0	0	0	0	0	0	0	0	0	0	0	0
3832d1f1ab249fb773dbc53cfe314889	0	0	0	0	0	0	5	0	0	0	0	0	0	0	0	0	0	0	0	0	0	0	0	0	0	0	0	0	0	0
5ce29a6734ee72e7ce8958363c1486b1	0	0	0	0	0	0	0	0	0	0	0	0	0	3	0	0	0	0	0	0	0	0	0	0	0	0	0	0	0	0
08209867c97b1b423fd995016feff1da	0	0	0	0	0	0	0	0	0	0	0	0	0	0	0	0	0	0	0	0	3	0	0	0	0	0	0	0	0	0
2543b12f3650b08e0f7bd7d60afad3ed	0	0	0	0	0	0	0	0	0	0	0	0	15	4	0	0	0	0	10	3	0	4	0	0	0	0	0	0	0	0
e962fd27e880c8f3d36ab0814e8f0852	0	0	0	0	0	0	0	0	0	0	0	0	0	0	0	0	0	0	0	0	0	57	0	56	0	0	0	0	0	0
4d8f7a5f9586551974c649a5ee87e89f	0	0	0	0	0	0	0	0	0	0	0	43	108	37	0	0	0	20	0	40	0	0	0	0	0	0	0	0	0	0
99df726c045365ca14f90982fe56d0a5	14	0	0	0	25	0	0	0	14	11	0	0	0	0	0	0	0	0	0	0	0	0	0	0	0	0	0	0	0	0
9a560545b2e86473ccdb77641db72a99	0	0	0	0	0	0	0	0	0	0	0	0	0	31	11	0	0	0	0	0	0	0	0	0	0	6	0	0	0	0
41a23826c7f1980fb11005729432839c	33	143	0	0	116	70	132	241	112	76	161	126	280	201	91	287	108	28	775	204	95	2117	151	678	3861	1273	2689	752	2927	237
c4687db91a8f37b8971041ff4bbc1cd5	0	0	0	0	0	0	0	0	0	2	0	0	0	0	0	0	0	0	0	0	0	0	0	0	0	0	0	0	0	0
4fd6e00e5c8fb200d0c4a986455298de	0	0	0	0	28	0	28	0	0	0	21	0	46	0	0	0	0	0	74	0	0	803	0	0	0	35	0	19	0	17
56bc3315fae10dbd727cd97048bd7481	0	0	0	0	0	0	7	0	0	0	0	0	0	0	0	0	0	0	0	0	0	0	0	0	0	0	0	0	0	0
38e58abec7fbef230dbdd0579ed63931	0	0	0	0	0	0	28	0	0	0	0	0	0	0	0	0	0	0	0	0	0	0	0	0	0	0	0	0	0	0
44bf772d2a7ce9a6dc480ec33e826e49	0	0	0	0	14	0	0	0	0	0	0	0	0	0	0	0	0	0	0	0	0	0	0	0	0	0	0	0	0	0
5727f500f350bdf0331fe64f63e63ecc	0	0	0	0	0	0	0	0	0	0	0	0	0	0	0	0	0	0	0	0	0	0	0	0	4	0	0	3	0	0
4c1050f064773853aa22a005c304c58e	0	0	15	0	0	0	0	0	0	0	0	0	0	0	0	0	0	0	0	0	0	0	0	0	0	0	0	0	0	0
51236a9daf493eeeb2b04e2db3ecdaa7	0	0	0	0	0	0	0	0	0	0	0	0	0	0	0	0	0	0	0	24	0	0	0	0	0	0	0	0	0	0
ecc6b641c7308e0d6c99ba9b36902ffa	0	0	0	0	0	0	0	0	0	0	0	0	0	0	0	0	0	0	0	0	0	0	0	0	0	0	0	0	53	0
e420c0d70410d5cbf907c7aa7419dac9	0	0	0	18	0	0	0	0	0	0	0	0	0	0	0	0	0	0	0	0	0	0	0	0	0	0	14	0	0	0
f1298a4ae004223250bb23ae3d1109cf	103	28	0	16	32	7	21	0	17	16	25	39	140	8	30	46	63	74	128	10	0	0	0	0	88	0	0	0	58	0
f4123bb028ae2852c2dcfbe8b7e98456	0	0	11	0	0	0	0	0	11	0	0	0	0	0	0	0	0	0	0	0	0	0	0	0	0	0	0	0	0	0
b424baa80dcaa88a44fc0197fef919aa	0	0	0	0	0	3	0	0	0	0	0	0	0	0	0	0	0	0	0	0	0	0	0	0	0	0	0	0	0	0
f5d8756dcbef79edc89f750df13bfda4	0	0	0	0	0	0	2	0	0	0	0	0	0	0	0	0	0	0	0	0	0	0	0	0	0	0	0	0	0	0
e18d20b6594fdcc380735bb527fa6298	0	0	0	0	0	0	0	0	20	0	0	0	15	0	0	0	0	21	0	0	0	0	0	0	0	0	0	0	0	0
efff0bece69deb96cfde2f93433fb903	0	0	0	0	0	0	0	0	0	0	0	0	0	0	0	0	0	0	0	0	0	0	0	0	0	13	0	0	0	0
046dd0533b66312f15b607e0568a2734	0	0	0	0	0	0	0	0	0	0	0	0	0	0	0	0	0	0	16	0	0	0	0	0	0	0	0	0	6	0
7275bb4584c0c90d1017e424d1ae15bd	0	0	0	0	0	0	0	36	0	0	0	0	0	0	0	0	0	0	0	0	0	0	0	0	0	0	0	0	0	0
7ba1940f951f8771d526d1ccc2be6ca9	14	201	0	0	55	362	14	24	43	33	0	0	9	11	0	11	0	43	178	34	0	20	0	9	0	73	44	0	38	0
fdc90fd00c362192e82aa0587d7e9999	60	0	0	0	35	0	0	0	0	0	0	0	0	0	0	0	0	0	0	0	0	0	0	0	0	0	0	0	0	0
3ab0dd3f669fadf67f22dacf2b852f32	0	35	16	0	0	0	0	21	0	0	0	87	50	0	65	55	164	0	2285	0	0	34	0	500	1429	50	0	22	27	0
61cd2ae48332cfbdffcdac9b7234970f	0	0	0	0	0	0	0	0	0	8	0	0	0	0	0	0	0	0	0	0	0	0	0	0	0	0	0	0	0	0
54fb26c2e283ba1ce2543e5bafb74f3a	0	0	0	0	0	0	0	0	0	0	12	0	0	0	0	0	0	0	0	0	0	0	0	0	0	0	0	0	0	0
4f14ab9fd608d99217dfc155cea5ddec	0	0	0	0	0	0	0	0	0	0	0	0	0	0	12	0	0	0	0	6	0	0	0	0	0	0	0	0	0	0
1a2994ad4a41ba8f38d4231a2554badb	0	0	0	0	0	0	0	0	0	0	0	0	0	0	0	0	0	0	0	0	0	0	0	0	0	0	9	0	0	0
5e837c94abc05acf1a30dcb7cdb9a090	0	0	0	0	0	0	0	0	0	0	0	0	0	0	0	0	0	0	0	18	0	0	0	0	0	0	0	0	0	0
4d90f5c14b576129542af63ba260ee58	0	0	0	0	0	0	0	0	0	0	0	0	0	0	0	23	0	0	0	0	0	0	0	0	0	0	0	0	0	0
31a985bc7dd8ffdd92e17ab705aaafc6	0	0	0	0	0	0	0	0	0	0	0	0	0	0	0	0	0	0	0	0	0	0	0	0	0	0	0	0	0	8
c26bfc8c27ee995623b0073941228d4b	0	0	0	0	0	0	0	0	0	0	0	0	0	0	0	0	0	0	0	0	0	17	0	0	0	0	0	0	0	0
2cf3e4814362b2917294bb09098e1180	10	0	0	12	10	0	0	0	0	0	0	0	0	0	0	0	0	0	0	0	0	0	0	0	0	0	0	0	0	0
7ef5fe891b028ac3d912d720bfc7d296	0	0	0	0	0	0	0	0	0	0	0	0	15	0	0	0	0	0	0	0	0	0	0	0	0	0	0	0	0	0
5ceb246db39d3237b5e953ae03f5c6fc	0	0	0	0	0	0	0	0	0	0	0	0	0	0	0	0	0	0	0	0	0	0	0	0	0	0	2	0	0	0
27c961a2061aad8b5cbb5525d3f4eb9a	0	0	0	0	0	0	0	0	0	0	0	0	0	0	0	0	0	0	0	0	0	0	0	3	0	0	0	0	0	0
da67619870bf16ce2f79f537dd790ca7	0	0	0	0	25	18	0	0	0	0	0	0	0	0	0	0	0	0	0	0	0	0	0	0	0	0	0	0	0	0
936d05114be68a2caa82ba55b491b768	0	0	0	0	0	0	0	0	0	0	0	0	0	0	50	0	0	0	0	0	0	0	0	0	0	0	0	0	0	0
63ff1737f02bbd01dba0a1784f895abc	0	0	0	0	0	0	0	0	0	0	11	0	0	0	0	0	0	0	0	0	0	0	0	0	0	0	0	0	0	0
4f8c0a11f119c892ce4cb68385d1058c	0	12	0	0	0	0	0	0	0	0	0	0	0	0	0	0	0	0	0	0	0	0	0	0	0	0	0	0	0	0
8950c0173acc64f3c87aca2a40b84e63	0	0	0	0	0	0	0	0	0	0	0	0	12	0	0	0	0	0	0	0	0	0	0	0	0	0	0	0	0	0
5e891187e3dc5dba3bd66e11d6ecf053	0	32	0	19	28	0	0	0	13	0	0	0	0	0	0	0	0	0	0	0	0	0	0	0	0	0	0	0	0	0
12193ff9d36f49488216dd0a75c78712	0	0	0	0	3	0	0	0	0	0	0	0	0	0	0	0	0	0	0	0	0	0	0	0	0	0	0	0	0	0
12073cc992f6283135ec461dc545a4dd	0	0	0	0	0	0	0	0	0	0	21	0	0	9	0	0	0	0	0	0	0	18	0	122	45	127	98	19	52	0
9ab60a49ac067d95f9b04f25dda4690b	0	0	0	0	0	0	0	0	0	0	0	0	0	0	0	0	0	0	2	0	0	0	0	0	0	0	0	0	0	0
bb21b9c53f97b8056a114b88575e63aa	0	0	0	0	0	0	0	0	0	0	11	0	0	0	0	0	0	0	0	0	0	0	0	0	0	0	0	0	0	0
3d00450e75d4eda5e4c72323eeb5f90f	0	0	0	0	0	0	0	0	0	0	43	0	0	0	0	0	0	0	0	0	0	0	0	0	0	0	0	0	0	0
aa921cc31cfca41efbc8b430afdf7413	0	0	0	0	0	0	0	0	0	0	0	0	0	9	0	0	0	0	0	0	0	0	0	0	0	0	0	0	11	0
e7d61903f76017534ad9d2a951fa2ffd	0	0	0	0	0	0	0	0	18	0	0	0	0	0	0	0	0	0	0	0	0	0	0	6	0	0	0	0	0	0
72112cb3110844f5e0e023e184bc8ca6	3	0	0	0	0	5	0	0	0	0	0	0	0	0	0	0	0	0	0	0	0	0	0	0	0	0	0	0	11	0
8deffba4d6f85a396c4b029d60e275ea	0	8	0	0	0	0	0	0	18	0	0	0	0	0	0	0	0	0	0	0	0	0	0	0	0	0	0	0	0	0
1ed727e4a9bac264a572b8abadde4c95	0	0	0	0	0	0	0	0	0	0	17	0	0	0	0	0	0	0	0	0	0	0	0	0	0	0	0	0	0	0
a2c660c07d9e302fc475497cead33556	52	0	13	0	0	0	24	11	0	0	595	88	102	48	42	69	112	152	41	58	0	10	0	39	36	55	24	30	37	21
ff8d29c37b16f11df0999a033aea49b0	0	0	0	0	0	0	0	0	0	0	0	0	0	0	0	0	0	0	6	0	0	0	0	0	0	0	0	0	0	0
7a51612dd2d991cc3cde6a99aee035ae	0	0	0	0	0	0	0	0	0	0	0	0	0	0	0	0	0	0	0	0	0	0	0	0	0	0	0	0	6	0
b137bb336127e620fa8003c6df0a88d3	41	0	0	0	0	0	0	0	0	0	0	0	0	0	0	0	0	0	0	0	0	0	0	0	0	0	0	0	0	0
5776cece8e810559b08f1714833d6fc6	0	0	0	0	0	0	0	0	0	0	0	0	26	0	0	0	0	0	0	0	0	0	0	0	0	0	0	0	0	0
3866173ea5a9fd67f654901e6cb5f487	0	0	0	0	0	0	0	0	0	0	0	0	0	0	0	0	0	0	0	0	0	0	0	0	0	0	0	0	34	0
2609ec2d9766f365e07fdcb26dfa14b1	0	0	0	0	0	0	0	0	0	0	0	0	0	0	0	0	0	0	0	0	0	0	0	0	3	0	0	0	0	0
0fcd723f2d8384ba665b6f31f913e804	0	0	0	0	0	0	0	0	0	0	0	21	0	26	0	0	0	7	0	0	0	0	0	0	0	0	0	0	0	0
3b4b7c84c779bd7a450073e775983ed5	0	0	0	0	0	0	0	0	0	0	4	0	0	0	0	0	0	0	0	0	0	0	0	0	0	0	0	0	0	0
c6a49c56b40b088221173f08b6a76633	0	0	0	0	0	0	0	0	0	0	0	0	9	24	0	0	20	0	0	0	0	0	0	0	0	7	0	0	0	0
54716bb9bcf95821fd8a0fcccf9bf7ce	0	0	0	0	0	0	0	0	0	0	0	0	0	0	0	0	0	0	0	0	0	0	0	0	0	0	0	0	5	0
5179bd0fb7e5bfff0ac8355c5ba1a0cc	0	0	0	0	0	0	0	0	0	0	0	0	0	0	0	0	0	0	13	0	0	0	0	0	0	0	0	0	0	0
f8fe202bd900ab15279454981e173e5a	0	0	0	0	0	0	0	0	0	0	0	0	0	0	0	0	0	0	0	0	0	0	0	0	11	0	0	0	0	0
ac3534da7a95d5c47f438aa8d393a567	0	0	0	0	0	0	0	0	0	0	0	0	2	0	0	0	0	0	0	0	0	0	0	0	0	0	0	0	0	0
241cbac28ad0981edf4ebb406e410794	0	0	0	0	0	0	0	0	0	0	11	0	0	0	0	0	0	0	0	0	0	0	0	0	0	0	0	0	0	0
2d0a1d48f19c2bd5cc04f48c764526e0	0	0	0	0	0	0	0	0	0	0	0	0	11	0	0	0	0	0	0	0	0	0	0	0	0	0	0	0	0	0
56a7c14457fac3687b852c1cb36e2442	0	14	0	0	0	0	35	0	7	0	0	9	0	31	0	0	0	0	0	0	0	0	0	6	0	0	9	0	0	0
519d25be403dd6cfddb00281b043536d	0	0	0	0	0	0	0	0	0	0	0	0	0	0	0	0	0	0	0	0	0	0	0	0	0	96	0	0	0	0
29d45bf910b6ecd84f723450cd1f8d8c	0	0	0	0	0	0	0	0	0	0	0	0	0	0	0	0	0	0	0	0	0	0	0	0	0	0	9	0	0	0
86fbc034a9250eb8460ffc674e55a2f3	0	0	0	0	0	0	0	0	0	0	0	0	0	0	0	0	0	0	0	0	33	0	0	0	0	0	0	0	0	0
d9d447aa22222af76759b02098522689	0	0	0	0	0	0	0	0	0	0	0	0	0	0	0	12	0	0	0	0	0	0	0	0	0	0	0	0	0	0
a2f0d6c3987606bca888db225b48ec20	0	0	0	0	0	37	0	0	0	0	0	0	0	0	0	0	0	0	0	0	0	0	0	0	0	0	0	0	0	0
b39d6bfc7ac0697fbef7659418a776f3	0	74	0	0	39	0	50	0	0	0	0	0	0	0	72	0	0	27	0	0	0	0	0	0	0	36	0	0	70	0
a8cfe2ff9e67b9c83d6ab932e8cf366a	0	0	0	0	0	0	0	0	0	68	0	0	0	0	0	0	0	0	0	0	0	0	0	0	0	0	0	0	0	0
0233a9ad51742ad061f52cd35f7e4e43	0	0	0	0	0	0	0	0	0	0	13	0	0	0	0	0	0	0	0	0	0	0	0	0	0	0	0	0	0	0
dd127ff9fb9e2e988f0e462e5c3819d7	0	0	0	0	0	8	68	0	0	0	0	0	0	0	0	0	0	12	0	0	0	0	0	0	0	0	72	27	29	0
05e80c0bfbed211e0e05b871092add93	0	0	0	0	5	12	0	7	0	0	0	0	0	0	0	0	0	0	7	0	0	0	0	0	0	19	0	0	0	0
99fa89c13855476326fccd22dee54bd4	19	10	0	37	19	20	0	26	13	9	0	20	0	24	20	28	9	0	71	9	0	16	0	0	10	17	24	0	0	18
d016b96d1cb648e1564b209277e392b7	0	0	0	0	0	0	0	0	0	0	0	3	0	0	0	0	0	0	0	0	0	0	0	0	0	0	0	0	0	0
8210895903efde28294bac7fbf409b82	0	0	0	0	0	33	0	0	0	0	90	345	76	1471	72	478	171	90	59	128	0	0	33	42	68	0	35	0	24	0
28c84c0e7de878ed1ec0d9ed47065eb0	0	0	0	29	12	90	0	623	0	31	0	0	0	0	0	0	0	0	0	0	0	0	0	0	17	0	0	0	0	0
64fb6a5db6d057b7104d48e48e41916c	0	0	0	0	0	0	0	0	0	0	0	0	0	9	0	0	0	0	0	0	0	0	0	0	0	0	0	0	0	0
abefe33f916344fe74ee512a720aa0f3	3	0	33	0	0	3	0	36	0	0	0	0	0	0	0	0	0	0	0	0	0	0	0	0	0	0	0	0	0	0
3eeba80cbc3a2da1408cec67d20c3c9f	0	0	0	0	0	0	0	0	0	0	0	0	0	0	13	0	0	0	0	0	0	0	0	0	0	0	0	0	0	0
28c1e6c2b75fe1aabd26d5db6b1605e3	0	0	80	44	0	0	0	0	0	0	0	0	0	0	0	0	0	0	0	0	0	0	0	0	0	0	0	0	0	0
084d4ce7223096c5e68d3ed3b0846026	0	0	0	0	0	0	0	0	0	0	0	0	0	0	0	0	0	0	0	0	0	0	0	0	0	0	0	0	0	4
46f8cada39a1a090593bd2bab88e603d	0	0	0	0	0	0	0	0	0	0	0	0	0	0	0	0	0	0	0	0	0	0	0	0	0	28	15	66	25	0
b22d0bf2e90730f755d9e2b975a90197	0	0	0	0	0	0	0	0	0	0	0	0	28	0	0	0	0	0	0	0	0	0	0	0	0	0	0	0	0	0
35e124a855ed2acfcb0fc64d0037f0b9	0	0	0	0	0	0	0	0	0	0	0	5	0	0	0	0	0	0	0	0	0	0	0	0	0	0	0	0	0	0
c5a067e8646967d2ffe32d70fa5fa3a1	0	0	0	0	0	0	0	0	0	0	0	0	0	0	0	2	0	0	0	0	0	0	0	0	0	0	0	0	7	0
6f484d1fc42f6b8825a292b3a5a59f82	0	0	0	0	0	0	0	0	0	0	0	0	0	0	0	0	0	0	0	0	0	0	0	0	0	0	2	0	0	0
7d855f09cd156b431953d5bf74cd9ca5	0	0	0	0	0	0	0	0	0	2	0	0	0	0	0	0	0	0	0	0	0	0	0	0	0	0	0	0	0	0
1abe19dee93b4a873668add94910178b	26	9	0	4	4	563	0	0	0	0	0	0	0	20	0	0	0	0	0	44	0	0	0	0	0	13	19	0	0	0
b867d61e972430d4e07e1b3a920347ee	0	0	0	0	0	0	0	0	0	0	0	0	0	0	0	0	2	0	0	0	0	0	0	0	0	0	0	0	0	0
1f236d535043c73cd6376f1d91e0ed66	34	447	56	15	46	12	0	0	0	42	0	0	0	0	0	21	0	0	0	0	0	0	0	0	25	0	0	0	0	0
ac0dd317e1d1aef9508dbe94da78ee91	0	0	3	0	0	0	0	0	9	0	0	0	0	0	0	0	0	0	0	0	0	50	0	0	0	0	0	0	0	159
f0c529856331c4b48d323be90d8e8309	0	0	0	0	0	0	0	0	0	0	0	0	0	14	0	0	0	0	0	0	0	0	0	0	0	0	0	0	0	0
dcd4df48dd2bddc01e5df7e2e5bfcff1	0	0	0	0	0	0	0	0	0	0	0	0	0	11	0	0	0	0	0	0	0	0	0	0	0	0	0	0	13	0
020f77b415c66929a7f9aca4f97c94d4	9	0	0	0	0	8	0	0	0	0	0	0	0	0	0	0	0	0	0	0	0	0	0	0	0	0	0	0	0	0
d104b482ae0d6b79b34aea4fc9ebe12f	0	0	0	0	6	6	0	0	0	0	0	0	0	0	0	0	0	0	0	0	0	0	0	0	0	0	0	0	0	0
f26550c42930765ab6aeb0e8c32a32a7	34	15	0	0	0	0	0	0	0	0	0	0	0	0	0	0	0	0	0	0	0	80	0	0	0	0	0	0	0	0
1386944209829f4fd4dccdc3e304e81e	14	9	0	0	0	0	0	0	0	0	0	0	0	0	0	0	0	0	0	0	0	0	0	0	0	0	0	0	0	0
28178487fc92ac35aca8aa4bdb46d38b	0	0	0	0	0	0	0	0	0	0	0	0	22	0	0	0	0	0	0	0	0	0	0	0	0	0	0	0	0	0
791fed7d56e77e41c8a5c969ee712727	0	0	0	0	0	0	0	0	0	0	0	0	0	0	0	0	0	0	0	0	0	0	0	8	66	0	5	0	5	0
6b1accc09f728981dae9306c0f2c13a7	0	67	0	0	37	0	123	0	60	0	25	43	41	18	0	0	0	0	0	30	0	44	0	27	0	98	75	0	0	148
b15e8759d65a86b59ff2ca334c294a1f	0	0	0	0	0	0	5	0	0	0	0	0	0	0	0	0	0	0	0	0	0	0	0	0	0	0	0	0	0	0
e7b07ef183257c07d8a73d0494822ff0	0	0	0	22	0	0	0	0	0	0	0	0	0	0	0	0	0	0	0	0	0	0	0	0	0	0	0	0	0	0
1157a1260baf7e4ba37ad57a3f46f70f	0	0	0	0	0	0	0	0	0	0	0	0	0	0	0	0	0	0	0	0	0	0	0	39	0	0	0	0	0	0
709b2667d955c77aa82d4ab2c700ed57	0	0	0	0	0	0	0	0	0	0	0	0	0	0	0	0	0	0	0	0	0	0	0	0	0	0	0	0	14	0
bcd58fd161567a4055e5a54361c50749	0	0	0	0	0	0	0	57	0	0	0	0	0	0	0	0	0	0	0	0	0	0	0	0	0	0	0	0	0	0
8fc6e9f476cb4e82a6af660315b33fc9	0	0	0	0	0	0	0	0	0	0	0	0	0	0	0	0	0	7	0	0	0	0	0	0	0	0	0	0	0	0
0e3416a11bd07b1c99c086aa7d138585	2	0	0	0	0	0	0	0	0	0	0	0	0	0	0	0	0	0	0	0	0	0	0	0	0	0	0	0	0	0
d7a62d84a25fd0fea54f5c864607bcf8	0	4	0	0	0	0	0	0	0	0	0	0	0	0	0	0	0	0	0	0	0	0	0	0	0	0	0	0	0	0
2adf207db01e26fb6f19f99547dab94a	0	0	0	0	0	71	0	0	0	0	0	0	57	154	0	32	0	0	0	161	0	414	1996	14	0	0	82	0	51	106
9a79e601e8398e51a1eed9e70822e4f1	0	0	0	0	0	0	0	0	9	0	0	0	0	0	0	0	0	0	0	0	0	0	0	0	0	0	0	0	0	0
a7a6232b88568f861b7ebd9321b13293	82	0	0	0	0	0	0	0	0	0	0	0	0	0	0	0	0	0	0	0	0	0	0	0	0	0	0	0	12	0
099f2fce71759263c04ea18d2f602ba5	0	0	0	0	0	0	0	0	0	0	0	0	0	0	0	6	0	0	0	0	0	0	0	0	0	0	0	0	0	0
a4509547d476ce62a6faec7705dd6d87	0	0	0	0	0	0	0	0	0	0	0	0	3	0	0	0	0	0	0	0	0	0	0	0	0	0	0	0	0	0
da08210de0fbb807ae6b6393bb766b44	0	0	0	0	0	0	0	0	3	0	0	0	0	0	0	0	0	0	0	0	0	0	0	0	0	0	0	0	0	0
398332a001354ab81494a71ce579f662	0	0	0	0	0	0	0	0	3	0	19	0	0	0	0	0	0	0	0	0	0	0	0	0	0	0	0	0	0	0
e2c8becf54c36043a4b173ddf9baf1d5	0	0	0	0	0	0	0	0	0	0	0	0	0	0	0	0	0	0	19	0	0	0	0	0	0	0	0	0	0	0
84fe56ae16b73674b1ad7b3259e19c8a	0	0	0	0	0	0	0	0	0	0	8	0	0	0	0	0	0	0	0	0	0	0	0	0	0	0	0	0	0	0
66bcd61293f0e068431ea34d487b201c	0	0	0	0	0	0	0	0	0	0	0	0	8	0	0	0	0	0	0	0	0	0	0	0	0	0	0	0	0	0
114278ea052c6212f9acab55f439a326	0	0	0	0	0	0	0	0	0	0	0	0	0	0	0	0	0	0	0	0	0	0	0	0	0	0	0	2	0	0
1493753f24b511d01aef65f80a58e729	35	0	0	0	0	0	0	0	0	0	0	0	0	0	0	0	0	0	0	0	0	0	0	0	0	0	0	0	0	0
6a21ece9ef5ade64d124b5ba542ef551	0	0	0	0	0	0	0	0	0	0	0	0	0	0	14	0	0	0	0	0	0	0	0	0	0	0	0	0	0	0
5dd2d5f31b74947af5c205eba15c0b30	0	0	0	0	0	0	0	0	0	0	0	0	0	0	0	0	0	0	0	0	0	0	0	0	0	0	0	0	10	0
3130e287d5498b59dcee4b89df4caac3	0	0	0	0	0	0	0	4	0	0	0	0	0	0	0	0	0	0	0	0	0	0	0	0	0	0	0	0	0	0
ace92f3b2d8d904d54c0ffdc53a280ac	0	0	0	0	0	0	0	0	0	0	0	0	0	0	0	0	0	0	0	0	0	0	0	0	0	0	0	86	0	0
069fd4506ff7b056c289fe26b8b72ee0	0	0	0	0	0	0	0	0	0	0	13	0	0	0	0	0	0	0	0	0	0	0	0	0	0	0	0	0	0	0
e72108429505975298787b0c17de6360	0	0	0	0	0	0	0	0	0	0	0	0	0	0	0	0	0	0	0	0	0	0	0	0	0	2	0	0	0	0
97c4c230701e0081b76fdd42b8525af5	0	0	0	0	0	0	0	0	0	0	0	0	0	0	0	0	0	0	0	0	0	0	2	0	0	0	0	0	0	0
55908fc41272a05ccd6a3579440be2e6	0	0	0	0	0	0	0	0	0	0	0	0	6	0	0	0	0	0	0	0	0	0	0	0	0	0	0	0	0	0
121e8d826e33b08dfd8f288a47a19340	6	0	0	0	0	0	0	0	0	0	0	0	0	0	0	0	0	0	0	0	0	0	0	0	0	0	0	0	0	0
d1c2b52d5e6b956048d97874df68b969	0	0	0	0	0	0	0	0	0	0	17	0	0	0	0	0	0	0	0	0	0	0	0	0	0	0	0	0	0	0
fcc856c90edb3903d648f20151ae5a73	0	0	0	0	0	0	0	0	0	0	0	0	0	0	0	37	0	0	0	0	0	0	0	0	0	199	0	0	30	0
f7d159294576f173441c4929aacda2dd	0	0	0	0	0	0	0	0	0	0	0	0	0	0	0	0	0	0	0	0	0	0	0	0	8	0	0	0	0	0
2a3b168f26a63bdc8bf309229523762e	0	0	0	0	0	38	0	0	0	0	0	0	0	0	0	0	0	0	0	0	0	0	0	0	0	0	0	0	0	0
c7d0787b9d9f171f362c6d97d649927c	0	0	0	0	0	0	0	0	0	0	0	0	0	0	0	0	0	0	0	0	4	0	0	0	0	0	0	0	0	0
a0322e71d31fe3fc025e3e77a8ee8115	0	0	0	0	0	0	0	0	0	0	0	0	0	0	0	0	0	2	0	0	0	0	0	0	0	0	0	0	0	0
ffdaec0bcb60438a19318307f32854ad	0	0	0	0	0	0	0	0	0	0	0	0	0	0	0	0	24	0	0	0	0	0	0	0	0	0	0	0	0	0
c854bcfb3ea1d337658f74fca199faad	0	0	0	0	0	0	0	0	0	0	0	0	0	0	0	0	2	0	0	0	0	0	0	0	0	0	0	0	0	0
0a727fa2d78b74ae21858b37d83aeff3	0	0	0	0	0	0	0	0	0	0	0	0	0	0	0	0	0	0	0	0	0	0	0	0	0	0	0	0	4	0
5915416b7065d05bb3cc6a5de783f571	0	0	0	0	0	0	0	0	0	0	0	0	0	0	0	0	0	6	0	0	0	0	0	0	0	0	0	0	0	0
ff7838dd464fa41cf13132fbb8b5f42f	0	0	0	0	0	0	0	0	0	0	22	0	0	0	0	0	0	0	0	0	0	0	0	0	0	0	0	0	0	0
36c6147e18a0d7ae1113af3debc28bdf	0	0	0	0	0	0	0	0	0	0	0	0	0	0	0	0	0	0	0	0	0	0	0	0	0	2	0	0	0	0
96f50cc25ccd3d6527efbc2395e88f43	26	0	0	0	0	11	0	0	0	0	0	0	0	0	0	0	0	0	0	0	0	0	0	0	0	0	0	0	0	0
7acc3384f615be309d065b21a0f7e711	0	0	0	0	0	0	0	0	0	0	2	0	0	0	0	0	5	8	0	18	0	0	0	65	0	0	0	0	0	0
33341e74aaa42d3eeea752819bb0de54	0	0	0	0	0	0	0	0	0	0	0	0	0	0	0	0	0	5	0	0	0	0	0	0	0	0	0	0	0	0
f3f8796c494d656200c0e599e0254a09	34	0	0	0	0	0	0	0	0	0	0	0	0	0	2	0	0	0	0	0	0	0	0	0	0	0	0	0	0	0
77320dd96e49cf9a86a9f0e2273621a2	0	0	0	0	0	0	0	0	0	0	0	0	0	0	0	0	0	7	0	0	0	0	0	0	0	0	0	0	0	0
4798ad201d58a046faf54753dbb57d2a	38	0	597	0	0	47	9	0	0	27	0	33	0	0	0	24	40	18	12	11	0	0	0	0	0	0	0	0	0	30
1b72b1767cf860b7c457e4c3a5584149	0	0	0	0	0	0	0	0	0	0	0	0	0	0	0	0	7	0	0	0	0	0	0	0	0	0	0	0	0	0
034bd3bcb9aa3e67fd9db674e6cba044	0	41	0	0	0	0	0	0	0	0	0	0	0	0	0	0	0	0	0	0	0	0	0	0	0	0	0	0	12	0
d97f3142e6584766d7c07f666c483843	0	0	0	0	0	0	0	0	0	0	0	0	0	0	0	0	0	0	8	0	0	0	0	0	0	0	0	0	0	0
4c598f92804ecb257c3a85947589a157	0	0	0	0	0	0	0	0	0	0	7	0	0	0	0	0	0	0	0	0	0	0	0	0	0	0	0	0	0	0
2242f11a17d729dcfa1d81f1ec099461	0	0	0	0	0	0	0	0	0	0	0	0	0	0	0	0	0	0	0	0	0	0	0	0	0	0	0	0	15	0
17efcb60b84c79824765b4ff59157afa	0	0	0	0	0	0	0	0	0	0	10	0	0	0	0	0	0	0	0	0	0	0	0	0	0	0	0	0	0	0
975b232cb97eef0431fd912b3fd14575	0	0	0	0	0	0	0	0	0	0	0	0	0	0	0	0	0	0	0	0	0	0	0	0	0	8	0	0	0	0
f499fe277cf1b506be2353ba9f0fc38c	0	0	85	0	0	0	15	0	0	0	0	0	0	0	0	0	28	0	12	0	0	0	0	0	0	0	0	0	0	0
12de92945cbd1506db20f3d654036884	0	0	0	0	0	0	0	12	0	0	0	0	0	0	0	0	0	0	0	0	0	0	0	0	0	0	0	0	0	0
249b78bd96a3c6e50cc1850c44016c3b	0	0	0	0	0	0	0	0	0	0	0	0	0	0	0	0	0	0	0	0	0	0	0	16	0	0	0	13	0	0
92a75b3cc291996eb8440752c2669f13	0	0	0	0	0	0	0	18	0	0	0	0	0	0	0	0	0	0	0	0	0	0	0	0	0	0	0	0	0	0
f7fc7a02a3aa40c41e4bbe367e3ce50c	0	0	0	0	0	0	0	0	0	0	0	0	0	0	0	0	0	0	0	0	0	88	0	123	0	0	0	0	0	43
6dffd4a35699d5d5128c9888320f23b9	0	0	0	0	0	0	0	0	0	0	0	0	0	0	0	0	0	0	0	0	0	0	0	0	0	0	0	0	0	46
0d3113fadb60f34642f891f3dd9b79f5	0	0	0	11	0	0	0	0	0	0	0	0	0	0	0	0	0	0	0	0	0	0	0	0	0	0	0	0	0	0
4feb1bde41818cc03f5e49a91ccfe51d	0	0	0	0	0	0	0	0	0	0	0	22	0	0	0	0	15	0	0	45	0	0	0	0	0	0	0	0	0	0
1365a94b03354e26e1c3e7213248ff6f	0	0	0	0	0	0	0	0	0	0	0	7	0	0	0	0	0	0	0	0	0	0	0	0	0	0	0	0	0	0
e748af18c98405bad13a8fbb0daa52a7	0	0	0	0	0	0	0	0	0	0	0	0	0	0	0	0	0	0	0	5	0	0	0	0	0	0	0	0	0	0
8e956d1fd7044d13c5dc046121b1b327	0	0	0	0	0	0	0	0	0	0	52	0	0	0	0	0	41	0	0	0	0	0	0	0	0	0	0	0	0	0
4ec94677a1a831dcdd8e67be40b8aa29	0	0	0	0	0	0	0	0	0	0	0	13	0	0	0	0	0	0	0	0	0	0	0	0	0	0	0	0	0	0
a77068e4ded362d412698079031abd2e	0	0	0	0	0	0	0	0	0	0	0	0	0	0	0	0	0	0	0	0	0	17	0	0	0	17	0	0	0	0
d9f35d4daf42ef695984c31ab05d9fc7	0	0	0	0	0	0	0	0	0	0	0	0	0	0	0	0	0	0	0	0	0	0	0	0	0	0	0	0	0	20
2aa63c988ce767a2161f3a8e8b5c9161	0	0	0	0	0	0	0	0	0	0	0	11	0	0	0	0	0	0	0	0	0	0	0	0	0	0	0	5	0	0
f3b25187fa5ca86e9b82885344837b86	0	0	0	0	0	0	0	0	0	0	0	0	0	0	0	5	0	0	0	0	0	0	0	0	0	0	0	0	0	0
d7f9de0a980163194553245c9cf4134a	0	0	0	0	0	0	0	0	0	0	0	0	0	0	0	0	0	0	0	0	0	0	0	0	0	0	0	0	0	137
b5d5a4e748a2f77e8c507a21c7531bfa	0	0	0	0	0	0	0	0	0	0	0	0	0	0	0	0	0	0	0	0	0	0	0	0	10	0	0	0	0	0
d1437d36f846c440383671584cdcc572	0	0	0	0	0	0	0	0	0	0	0	0	0	0	8	0	0	6	0	0	0	0	0	0	0	0	0	0	0	0
f6206c6b6f652677844a0f2dbda9e6aa	0	0	0	0	0	0	0	0	0	0	0	0	0	0	0	0	0	0	15	0	0	0	0	0	0	0	0	0	0	0
5608e859770c3f265a17539213f7fdd1	0	0	0	0	0	0	0	0	0	0	0	0	0	0	0	0	0	0	0	0	0	0	0	0	0	0	0	0	7	0
9a438b09e089e4913aac9412c03a68f7	0	0	0	0	38	0	23	0	42	19	0	0	26	0	0	0	0	0	59	0	0	122	0	16	0	843	57	100	16	129
562be454326c5d1e0d50ec45b382f107	0	0	0	0	0	0	0	0	0	0	0	0	0	0	0	0	0	0	0	0	0	0	0	0	0	0	0	0	0	2
0f9e21cc5190e6b9fa34c8cd6df68da3	0	0	0	0	0	0	0	0	0	0	21	0	0	0	0	0	0	0	0	0	0	0	0	0	0	0	0	0	0	0
4e05b870f7cda8334fa92299482386b6	0	0	0	0	0	0	0	0	0	0	0	0	0	0	0	0	0	0	0	0	0	0	0	0	0	0	0	2	0	0
fa211a5ef4ace85712cfbe54d37a04a4	0	0	0	0	0	0	0	0	0	0	12	0	0	0	0	0	0	0	0	0	0	0	0	0	0	0	0	0	0	0
3acf6a2ae2fb25b042a047ece5b025d2	0	0	0	0	0	0	0	0	0	0	0	0	0	0	0	9	0	0	0	0	0	0	0	0	0	0	0	0	0	0
8b470df2eefcc888e012339ba36ea08d	0	0	0	0	0	0	0	0	0	0	0	0	0	0	0	0	0	0	0	8	0	0	0	0	0	0	0	0	0	0
2f7b9c645d26ea9e225c2a38de3048b3	0	13	0	0	12	10	0	0	0	0	0	0	0	0	0	0	0	0	0	0	0	0	0	0	0	0	0	0	0	0
f6a3b9b2cc8e42d57b046f6746f8bb8b	0	0	0	0	0	5	0	9	0	0	0	0	0	42	0	0	0	3	0	17	0	0	0	0	0	0	21	0	7	0
f64fe91099065829c4cf79888b5c5c4a	0	0	0	0	0	0	0	0	0	0	0	0	13	0	0	0	0	0	0	0	0	0	0	0	0	0	0	0	0	0
a69161fa6d23861b0dfc6a601da387ff	0	0	0	0	0	0	0	0	2	0	0	0	0	0	0	0	0	0	0	0	0	0	0	0	0	0	0	0	0	0
46eaed8cad048c824c1088eee06d2f15	0	0	0	0	0	0	0	0	0	0	0	0	0	0	0	0	0	0	0	0	0	0	0	0	0	0	0	2	0	0
04920c953bce5863ec62bbd83c25b55c	0	0	0	0	0	0	15	41	0	0	18	0	0	0	0	13	0	0	0	0	0	0	0	0	0	0	0	0	0	0
533db7d635bc7fd7f5993344ea70844e	0	0	0	1	0	0	0	0	0	0	0	0	0	0	0	0	0	0	0	0	0	0	0	0	0	0	0	0	0	0
cd7a99e4445533915c2843f0bb3164dc	0	0	0	0	0	18	0	0	0	0	0	0	0	0	0	0	0	0	0	0	0	0	0	0	0	0	0	0	0	0
96e3dd89222a512fae8b14faf1e9438d	11	0	0	0	0	0	0	0	0	0	0	0	0	0	0	0	0	0	0	0	0	0	0	0	0	0	0	0	0	0
353fe07fe2d0c9feba8025a9d21412d6	0	13	0	0	0	10	30	0	0	0	0	0	17	0	0	0	0	0	0	0	37	36	33	0	0	0	0	42	59	53
881cadba01f2ce1cca6ac8b07d375efc	0	0	0	0	0	0	0	0	2	0	0	0	0	0	0	0	0	0	0	0	0	0	0	0	0	0	0	0	0	0
542931a8988b99f8d010d582d136c0e0	0	6	0	0	0	0	0	0	0	0	20	0	0	0	0	0	0	0	0	0	0	0	0	0	0	0	0	0	0	0
48bd7e03b54ec1bcf1d95e627886ed9d	0	0	0	0	0	0	0	0	0	0	0	0	2	0	0	0	0	0	0	0	0	0	0	0	0	0	0	0	0	0
3732627f77669744073133263770a495	0	0	0	0	0	54	0	0	0	35	0	0	0	0	0	0	0	0	0	0	0	0	0	0	0	0	0	0	0	0
d9c0d8da8ce73ada3cb6974c7b689fca	0	0	0	0	0	0	0	0	0	0	0	0	0	0	0	0	0	0	0	0	0	0	0	0	0	0	0	0	0	2
1a220ec2b33ee9930c4e11eb9e03bf46	74	26	0	0	0	0	0	0	0	0	101	49	0	52	0	70	153	0	73	0	0	0	0	0	0	176	0	73	122	149
57e3841457bd2a8d51bfe35d1c793f02	0	0	0	0	0	18	9	0	0	0	0	0	0	0	0	0	0	0	0	0	0	0	0	0	0	0	0	0	0	0
bb0ce99f3dd15d27ad52431e7bd2d1d3	0	0	0	0	15	0	0	0	0	0	0	0	0	0	0	0	0	0	0	0	0	0	0	0	0	0	0	0	0	0
bc8bf44b8c1fa5ec9458dec60e753b75	0	0	0	0	0	0	0	2	0	0	0	0	0	0	0	0	0	0	0	0	0	0	0	0	0	0	0	0	0	0
ea4f231c83b08647055d06f289b6ed46	0	0	0	0	0	0	0	0	0	0	0	0	0	0	0	30	0	0	0	0	0	0	0	0	0	0	0	0	0	0
dbba25869f314d9d507b4750373a51be	0	0	0	0	0	0	0	0	0	0	0	0	0	0	17	0	0	0	0	0	0	0	0	14	0	0	0	246	0	0
9c2262b7c9d2fdcc33facfff27985f44	0	0	0	0	0	0	0	0	0	0	0	0	36	36	0	0	0	0	0	0	0	0	0	0	0	0	0	0	0	0
2174605c943fd23e6757ac54edf37ba9	0	0	0	0	0	0	0	0	0	0	0	0	0	0	0	0	0	3	0	0	0	0	0	0	0	0	0	0	0	0
2d0c8f86889218f2943ca8b4324e9305	0	0	0	0	0	0	0	0	0	0	0	0	0	0	0	0	0	0	0	7	0	0	0	0	0	0	0	0	0	0
21563192edb7a22e40780867ce0a4ecd	0	11	0	0	0	11	6	0	0	0	28	0	0	0	0	0	0	0	0	0	0	0	0	0	0	0	0	0	0	0
cef2dc2043bdf12296c99d3a767c6230	0	0	22	0	0	0	0	0	0	0	24	0	0	0	0	0	21	0	0	0	0	0	0	0	0	0	0	0	35	429
94ed28a2f02c4224e321f6980c53835b	0	0	0	0	0	0	0	0	0	0	25	0	0	0	0	0	0	0	0	0	0	0	0	0	0	0	0	0	0	0
808fb84fcb05a6ce1298de73c06ed836	0	0	0	0	0	0	0	0	0	0	0	0	0	0	2	0	0	0	0	0	0	0	0	0	0	0	0	0	0	0
8f8c0e1162d6cdcb8bd76bbca7ccdcc8	0	0	0	0	0	0	0	0	0	0	0	0	0	0	0	0	0	0	0	0	0	0	0	19	4	0	0	6	0	0
04bcd43c66af0c2ebfee302f6426a899	0	0	0	0	0	0	0	0	0	0	0	0	0	0	0	0	0	0	0	0	0	0	0	0	0	38	0	0	0	0
1f89c4b9b86fba6f4be5b5bbe1847b8e	0	0	0	0	0	0	0	0	0	0	0	0	0	11	0	0	0	0	0	17	0	0	167	0	0	0	0	0	0	0
b4b86e33c9a4274a6040bd3bba39b3f1	0	0	0	0	0	0	0	0	0	0	0	0	0	0	0	0	0	0	0	0	0	0	0	0	0	0	0	10	0	0
523c24ba77a19af6f3fb31a3feb0f398	0	0	0	0	0	0	0	0	0	0	0	0	0	0	13	0	0	0	0	0	0	0	0	0	0	0	0	0	0	0
2c474402ea86869b648ea2c27481d8c9	0	0	0	0	0	0	0	0	0	0	6	0	0	0	0	0	7	0	0	0	0	0	0	0	0	0	0	0	0	0
ed2ed830b87b20dfcd1cd4c3693aab5f	0	0	0	0	2	0	0	0	0	0	0	0	0	0	0	0	0	0	0	0	0	0	0	0	0	0	0	0	0	0
b08f48e834e8059c9c3d62cb9e66df7b	0	0	0	0	0	0	0	0	0	0	0	0	0	0	0	0	0	0	0	0	0	0	2	0	0	0	0	0	0	0
cc804947edfeb2d3d9fa73c86f69472c	0	0	0	0	0	0	0	0	0	0	0	0	0	67	0	0	0	0	0	0	0	0	0	0	0	0	0	42	0	0
a0b2095928f987a262bf3d43753de9f1	0	0	0	0	0	0	0	0	0	0	0	0	0	9	0	0	4	0	0	0	0	0	0	0	0	0	0	0	0	0
ca44885062ee7d0e43a358feb23b304f	0	0	0	0	0	0	0	32	0	0	0	0	0	0	0	0	0	0	0	0	0	0	0	0	0	0	0	0	0	0
fde9ecebde96a13b00b6ca07d1e10c6f	402	123	15	99	178	192	81	29	53	0	0	0	80	0	49	0	46	45	75	54	33	760	0	0	0	56	18	0	96	0
908cfa2bb05875d9bb0d403314891ba5	91	0	11	0	0	0	0	0	0	0	24	0	0	0	6	0	0	0	0	0	0	0	0	0	0	0	0	0	0	0
97bd95b8c81170d5ad63f1042add79f7	0	0	0	0	0	0	0	0	0	0	0	10	0	0	0	0	0	0	0	0	0	0	0	0	0	0	0	0	0	0
606cc271cfd0a8b60ec12dc95fa8f1f7	23	87	0	0	162	0	0	13	0	0	0	0	0	0	0	0	0	0	30	0	0	0	0	0	0	0	0	0	0	0
a5424cfdf0cb47bfd4b811d2a196bc8b	3	0	0	0	0	0	0	0	0	0	0	0	0	0	0	0	0	0	0	0	0	0	0	0	0	0	0	0	0	0
0b4af1754dcd14580b447ddc38fcf002	0	0	0	0	0	0	0	0	0	0	0	0	0	0	0	0	0	0	0	0	0	19	0	18	38	78	0	27	31	93
4e00f42a6d423be80ac5be1c53e08062	0	0	43	0	0	0	0	0	0	0	0	0	0	0	0	0	0	0	0	0	0	0	0	0	0	0	0	0	0	0
fda8b08f5615e50e6ded5fa1dc5c9b7b	0	0	0	0	0	0	0	0	0	0	0	0	0	0	0	0	0	0	0	28	0	0	0	0	0	0	0	0	0	0
21f6b8ab4a4823e52d99420eff065fae	0	0	0	0	0	0	0	0	0	0	0	0	0	0	0	0	0	0	0	0	0	0	0	0	0	0	0	0	17	0
6bd5ea11b6e5531b19c2b22a4416ebda	11	0	0	0	0	0	0	0	0	0	0	0	0	0	0	0	0	0	0	0	0	0	0	0	0	0	0	0	0	0
5d053167655d1fb6b2655cec55b2f408	232	560	78	367	469	87	0	0	234	42	0	0	0	0	0	0	0	25	0	0	0	24	0	0	0	33	0	0	0	0
e911616a3c22d8cec989af2919bd17c5	0	0	0	0	0	0	0	0	0	0	0	0	0	0	0	0	0	0	0	0	0	0	0	0	0	0	0	0	0	3
48282b609d0d56fe5735fcda6bc63d96	0	0	0	0	0	0	0	0	0	0	0	0	0	0	0	0	0	0	0	0	0	0	27	0	0	0	0	0	0	0
53f843ae3f68f9e647ea62ba11a7e003	0	0	0	0	100	0	0	0	0	0	0	0	0	0	0	0	0	0	0	0	0	0	0	0	0	0	0	0	0	0
fcb5d47f0cbd7581e7d2c2af5e580e77	0	0	0	0	0	0	0	0	0	0	0	0	0	0	0	0	0	0	20	0	0	282	0	0	0	0	0	78	0	0
2570753deb6beb16c1d3b48aa8cf63b9	0	0	0	0	0	0	0	0	0	0	0	0	68	0	0	0	0	0	0	0	0	0	0	0	0	0	0	0	0	0
0ee89737aa4d8cc5b0d8e4f3611452b8	0	0	0	0	0	0	0	0	0	0	0	0	0	0	0	0	0	0	0	0	0	0	0	0	0	0	2	0	0	0
aa11d026fac6f941efc164879a800225	0	0	0	0	0	0	0	0	0	0	0	0	0	0	0	0	0	0	0	0	64	0	0	0	0	0	0	0	0	0
2c16b98ee9a8423d946d5bdc33b4c2be	0	0	0	0	0	0	0	0	0	0	0	0	0	0	0	0	0	0	0	0	0	0	0	0	0	0	2	0	0	0
ecd5fd7066995170e71cc7d38a94d574	0	0	0	0	0	0	0	0	0	0	0	0	0	0	0	0	0	0	0	0	23	0	0	0	0	0	0	0	0	0
35331e6a0e39f100647a33928bff57d1	0	0	0	0	0	0	5	0	0	0	0	0	0	0	0	0	0	0	0	0	0	0	0	0	0	0	0	0	0	0
2367622ddf5e5db0ccd8032ae001c692	0	0	0	0	0	0	0	0	0	0	0	0	0	0	0	0	0	0	0	0	0	0	0	6	0	0	0	0	0	0
916a9c429291ea549f873db3b277ec11	0	0	0	0	0	0	2	0	0	0	0	0	0	0	0	0	0	0	0	0	0	0	0	0	0	0	0	0	0	0
2d02866022748fa9719e52b69b024585	0	0	0	0	0	0	0	0	0	0	5	0	0	0	0	0	0	0	0	0	0	0	0	0	0	0	0	0	0	0
f374b18f7788e48f7d32a6f88d7b408b	0	0	0	0	0	0	2	0	0	0	0	0	0	0	0	0	0	0	0	0	0	0	0	0	0	0	0	0	0	0
5b9024c6ff0f316887633b30f01e627b	0	0	0	0	0	0	0	2	0	0	0	0	0	0	0	0	0	0	0	0	0	0	0	0	0	0	0	0	0	0
754fc921900d653163cab5cee25a2839	0	0	51	0	0	0	0	0	0	0	0	0	0	0	0	0	0	0	0	0	0	0	0	0	0	0	0	0	0	0
5928cb65d0438579ef5f9b084230ef68	0	0	0	0	0	0	0	0	0	0	0	0	0	0	2	0	0	0	0	0	0	0	0	0	0	0	0	0	0	0
0e65ec9a639016269f224e48a9a5d260	0	0	0	0	0	0	0	0	0	0	30	0	0	0	0	0	0	0	0	0	0	0	0	0	0	0	0	0	0	0
9a212854332e9d1110d0274455c6cf25	0	6	0	0	7	0	0	0	16	0	0	0	0	0	0	0	0	0	0	0	0	0	0	0	0	0	0	0	0	0
874d747c15aadf08abacb8e9d7f410cf	0	0	0	0	0	0	0	0	0	0	0	0	0	0	8	0	0	0	0	0	0	0	0	0	0	0	0	0	0	0
1e1ae6e37e6acb7dba175405b65d5f60	0	0	0	0	0	0	0	0	0	0	0	0	0	0	0	8	0	0	0	0	0	0	0	0	0	0	0	0	0	0
57fae7a246d03caf0ce7b8adaa7d0e0f	0	0	0	0	0	0	22	0	0	0	0	0	0	0	0	0	0	0	0	0	0	0	0	0	0	0	0	0	0	0
bc002610a236f100835a59c3e1d78183	0	0	0	0	0	0	7	0	0	0	0	0	0	0	0	0	0	0	0	0	0	0	0	0	0	0	0	0	0	0
947d079bbe9495b5244904574202298b	0	0	0	0	0	0	41	0	0	30	0	0	0	0	0	0	0	0	0	0	0	0	0	0	0	0	0	0	0	0
bc823e4e5cdcbb2f3cbb06c30b18f904	0	0	0	0	0	0	0	0	0	0	0	0	9	7	0	0	0	0	0	0	0	0	0	0	0	0	0	0	0	0
573e1a558b74b986708cce1e71e321e7	0	0	0	0	2	0	0	0	0	0	0	0	0	0	0	0	0	0	0	0	0	0	0	0	0	0	0	0	0	0
25351c2eaf90b66c311ff38d54f8ba79	0	0	0	0	0	0	0	0	0	0	0	0	0	0	0	0	0	0	0	0	0	47	0	0	0	0	0	0	0	0
ca3ce82c51a4f6ce885b91c078b2fbd1	0	0	0	0	0	0	329	16	0	0	0	0	0	0	5	0	0	0	0	0	0	0	0	0	0	0	0	14	0	0
403cf8d9ead438fc1ef9308eae2e88f6	0	0	0	0	0	0	0	0	0	0	0	0	0	0	0	0	0	0	0	0	0	0	0	0	4	0	0	2	0	0
7a23f2a1084e79c58c8c3b92ee97d3bc	0	0	0	0	0	0	0	0	0	0	0	0	0	0	0	0	0	0	25	0	0	0	0	0	0	0	0	0	0	0
d2dffb225ca689d5b2d070f1aa5274f5	0	3	0	0	0	0	0	0	0	0	0	0	0	0	0	0	0	0	0	0	0	0	0	0	0	0	0	0	0	0
d52d9b687f620ab12c8050352fb617f5	0	9	0	0	0	0	0	0	0	0	0	0	0	0	0	0	0	0	0	0	0	0	0	0	0	0	0	0	0	0
02ba8bf120e1815cad75b5e95660d74e	0	0	0	0	0	22	0	0	0	0	0	56	22	0	0	0	61	0	28	50	11	0	0	0	0	165	89	0	244	0
9b28542a090d8743f81bd214fb6b3bf7	5	0	0	0	0	0	0	0	0	0	0	0	0	0	0	0	0	0	0	0	0	0	0	0	0	15	0	0	0	0
c0afc844107de49d85375af71d01fe19	0	0	0	0	0	0	0	0	3	0	0	0	0	0	0	0	0	0	0	0	0	0	0	0	0	0	0	0	0	0
4e5354e75f0da576e42824e35294fddc	0	0	0	0	0	0	0	0	0	0	0	0	0	0	0	0	0	0	0	0	0	15	0	0	0	0	0	0	0	0
36ff0f87e5013d19e88c5b183be0b1ba	0	0	0	0	0	0	0	0	0	0	0	0	0	0	0	0	0	0	0	0	0	0	0	0	0	0	0	2	0	0
5444acad8da6f7dd23e0290415e23d22	0	0	0	0	2	0	0	0	0	0	0	0	0	0	0	0	0	0	0	0	0	0	0	0	0	0	0	0	0	0
bbbcb18898f43299d4b7f6f0f8553f65	0	0	0	0	11	0	0	0	0	0	0	0	0	0	0	0	0	0	0	0	0	0	0	0	0	0	0	0	0	0
6b77aedaa8fd071733a12591c6dd6f36	0	0	0	0	0	40	6	0	0	0	0	0	0	25	3	0	0	0	0	0	0	17	0	36	25	60	0	0	21	0
1dc2e5fc5a11877538ff5f6a1e8018ae	0	0	0	0	3	0	0	0	0	0	0	0	0	0	0	0	0	0	0	0	0	0	0	0	0	0	0	0	0	0
a4e4c9cd5906cae20e034eb52b584605	0	0	0	0	0	0	0	0	0	0	0	0	0	0	0	0	0	0	10	0	0	0	0	0	0	0	0	0	0	0
0de1bbb9f66405dec12989223ea994c2	0	0	0	0	0	0	0	0	0	0	0	0	0	8	0	0	0	0	0	0	0	0	0	0	0	0	99	0	22	0
96bb9d16072f1689284a6486824e2aab	0	0	0	0	0	0	0	0	0	0	2	0	0	0	0	0	0	0	0	0	0	0	0	0	0	0	0	0	0	0
29be63115072c6c68697512e120fff57	0	0	0	0	0	0	0	0	0	0	0	0	0	0	0	0	0	0	0	0	17	26	0	0	0	0	0	0	51	0
d177cacbf59dd4072d6e6da7c5fd8bbc	0	0	0	0	0	0	0	0	0	0	0	0	0	0	0	15	0	0	0	0	0	0	0	0	0	0	0	0	0	0
44a00c69f06e33e05a1414f36c978b52	0	0	0	0	0	0	0	0	0	0	0	0	0	0	0	0	0	0	0	0	0	0	0	0	0	0	0	0	0	2
3381ed4dbdf063927cf3df34640bb5b0	39	0	0	0	0	0	0	0	0	62	0	0	0	0	0	0	0	0	0	0	0	0	0	0	0	0	0	0	0	0
49b1bcc6da58a7764822eda98c6e9273	0	0	0	0	0	0	0	0	0	0	0	0	0	0	0	0	3	0	0	0	0	0	0	0	0	0	0	0	0	0
64459cffe432f946788615480651a42f	0	0	0	0	0	0	407	0	0	0	0	0	0	0	0	0	0	0	0	0	0	60	0	0	0	0	0	0	0	0
0e7a2b2df4a8555cb671d41f7120a203	0	0	0	0	0	0	0	0	0	0	0	0	0	0	0	0	0	0	0	0	0	0	0	0	0	0	7	0	0	0
1306b24018d0c467465cff17f784dba2	2	0	0	0	0	0	0	0	0	0	0	0	0	0	0	0	0	0	0	0	0	0	0	0	0	0	0	0	0	0
b014d4fca905597a299af94516e99068	3	0	0	0	0	0	0	0	0	0	0	0	0	0	0	0	0	0	0	0	0	0	0	0	0	0	0	0	0	0
f76b8cdefe07ec7ddd925615167e7db8	0	0	0	0	0	0	0	0	0	0	0	0	2	0	0	0	0	0	0	0	0	0	0	0	0	0	0	0	0	0
48922e172b5e86653f73be5d6289688c	0	0	0	0	0	0	0	0	0	0	0	0	0	0	0	0	0	0	0	0	0	0	0	2	0	0	0	0	0	0
61653392a0777d79074ed65fd9a60afd	0	0	0	0	0	0	0	0	0	0	0	0	0	0	0	0	0	0	0	0	0	0	0	0	0	49	0	0	0	0
4c0e3a76d6e696a9da07ffadf8ddbbae	0	0	0	0	0	0	0	0	0	0	0	0	0	0	0	0	0	0	0	0	0	0	0	0	0	0	0	0	0	2
e9e0392e1273dd7cbff9c1fb84df5104	0	0	0	0	0	0	0	0	0	0	0	0	0	0	0	0	0	0	0	0	0	0	2	0	0	0	0	0	0	0
c8c4f7f7d5c1589eddcc04915e1dd941	0	0	0	0	0	0	0	9	0	0	0	0	0	0	0	0	0	0	0	0	0	0	0	0	0	0	0	0	0	0
4aa5873f3623ebcfb0f94736da220d92	0	0	0	0	0	0	0	0	0	0	0	0	0	0	0	0	0	0	0	0	0	0	0	0	0	0	0	0	5	0
6582b6f895b79bea08d5caea6b19fc2c	0	0	0	0	0	31	0	0	0	0	0	0	0	0	0	0	0	0	0	0	0	0	0	0	0	0	0	0	0	0
d456870cbdb1c0d82ceb17fcea7a8ea2	0	0	0	0	0	0	0	0	0	0	0	0	7	0	0	0	0	0	0	11	0	0	0	0	0	0	0	0	0	0
b89fd8605c2103d67d5be94e61b9c96a	0	0	0	0	0	0	0	0	0	0	0	0	0	0	0	0	2	0	0	0	0	0	0	0	0	0	0	0	0	0
3fa50e6b92fdb1cbc8e3c6b9e62e1fca	0	0	0	0	0	0	0	0	0	0	0	0	0	0	0	0	0	0	0	0	0	0	0	4	0	0	0	0	0	0
1afb0c034e50879daf662bd85145c029	0	0	0	0	0	0	0	0	0	0	0	0	0	0	0	0	13	0	0	0	0	0	0	0	0	0	0	0	0	0
e16175011e0403b9e27c0575c831a161	0	0	0	0	0	0	0	0	0	0	10	0	0	0	0	0	0	0	0	0	0	0	0	0	0	0	0	0	0	0
3e7350b42eef8c3ada7badf8fe650e4a	0	0	0	0	0	46	17	0	0	62	0	0	0	0	0	0	4	0	0	0	0	0	0	0	0	0	0	0	0	0
bfe54eb88f1b17a6c4c81de05f07fb48	0	0	0	0	0	0	0	0	0	0	0	0	0	0	0	0	0	13	0	0	0	0	0	0	0	0	0	0	0	0
f15c122bfa2b3aee2465121e8faa0155	0	0	0	0	0	0	0	0	0	0	0	0	0	25	0	0	0	0	0	27	0	0	274	0	0	0	0	0	0	0
c6ae115ee8a1b193fc369412d0c9c119	0	0	0	0	0	0	0	0	0	0	0	0	0	0	0	0	38	0	0	0	0	0	0	0	0	0	0	0	0	0
99cef82aa924093ae9bfa9dc514f168c	0	0	0	6	0	0	0	0	0	6	0	0	0	0	0	0	0	0	0	0	0	0	0	0	0	0	0	0	0	0
b18c6c1e2dce4f894826125338cf491c	0	0	0	0	0	0	0	0	0	0	0	0	0	0	21	0	8	0	0	0	0	0	0	0	0	0	0	0	0	0
deb79c7d554a794337ddbf44d9a9d00c	0	0	0	0	0	0	0	0	0	0	0	0	0	0	0	0	0	0	0	0	0	0	2	0	0	0	0	0	0	0
7ac273538be26b56dfd0bccd319051f9	0	0	0	76	0	0	0	0	0	0	0	0	0	0	0	0	0	0	0	0	0	0	0	0	0	0	0	0	0	0
73f549a75631f45cb97b3835dea9dfe0	55	10	0	14	10	0	0	8	0	10	0	0	0	0	0	0	0	0	0	0	0	0	0	0	0	0	0	0	0	0
ebe42fb2aea56a81c646b655d4d74fe0	0	0	0	0	0	0	0	0	0	0	0	8	0	0	0	0	0	0	0	0	0	0	0	0	0	0	0	0	0	0
c9642d65c1361932a36d9074d9e8f510	0	0	0	0	0	0	0	0	0	0	0	0	0	0	0	0	28	0	0	0	0	0	0	0	0	0	0	0	0	0
97dad603e2ef33d523d95a8feb507565	0	0	0	0	0	0	0	0	0	0	0	0	0	0	0	0	0	0	2	0	0	0	0	0	0	0	0	0	0	0
e3f3f295ee40bf1ee55db0ee97e344e8	0	0	0	0	0	0	0	0	2	0	0	0	0	0	0	0	0	0	0	0	0	0	0	0	0	0	0	0	0	0
ab0e6f5e4a67b8500c8c1fef754c2869	0	0	0	2	0	0	0	0	0	0	0	0	0	0	0	0	0	0	0	0	0	0	0	0	0	0	0	0	0	0
2fb8d8d466700d440d20a030b23c297b	4	0	0	0	0	0	0	0	0	0	0	0	0	0	0	0	0	0	0	0	0	0	0	0	0	0	0	0	0	0
8a9b3f95c463023c8ccdcf36ec9cc968	0	0	0	0	0	0	0	0	0	0	0	0	0	0	0	0	0	0	0	0	0	0	0	0	0	0	0	0	30	0
c810002dae8f148621f0f4305ed78589	0	0	0	0	0	0	0	0	0	2	0	0	0	0	0	0	0	0	0	0	0	0	0	0	0	0	0	0	0	0
bb54e9beb258c49927eabdf8a6ea07f9	0	0	0	0	0	0	0	0	0	3	0	0	0	0	0	0	0	0	0	0	0	0	0	0	0	0	0	0	0	0
fbe145b9b79ca23e124c4866ea22cf06	0	0	0	0	0	0	0	0	0	12	0	42	0	23	0	22	23	0	0	0	0	0	0	0	0	0	0	0	0	0
e98b9a075091c0d1b1b03ebaf360a222	0	0	0	0	0	0	0	0	0	0	0	0	0	0	0	0	0	0	0	0	0	0	0	0	0	0	0	0	0	2
0ac4b0a5a012f6b4d2d0d7b53cfcef78	0	0	0	0	0	0	0	0	0	0	0	0	0	0	0	0	0	0	0	4	0	0	0	0	0	0	0	0	0	0
4bf97639a1f55d99a8dc993253a44851	0	0	0	0	0	0	0	0	0	0	0	0	0	0	0	0	0	3	0	0	0	0	0	0	0	0	0	0	0	0
3ffbc9281969d771ca15d11e5174264f	0	0	0	0	0	0	0	0	0	0	0	0	0	47	49	0	0	0	0	0	0	0	0	0	0	0	0	0	0	0
09ccd9af4317bef4e33634c3934875d1	0	0	0	0	0	0	0	0	0	0	0	0	0	0	0	0	0	0	0	0	0	0	0	0	0	0	19	0	0	0
644921c63c3680379531060cd2dfe6c7	0	0	0	0	0	0	0	0	0	0	0	0	0	0	40	0	0	0	0	0	0	0	0	0	0	0	0	0	0	0
207751c8d464905d84cb542940107601	0	0	0	0	0	0	0	0	0	0	7	0	0	0	0	0	0	0	0	0	0	0	0	0	0	0	0	0	0	0
c52cb1310d3d1ff23b21bdc405ca8e54	19	18	0	0	0	0	0	0	14	0	0	0	0	0	0	0	0	0	0	0	0	0	0	0	0	0	0	0	0	0
50e1a26f18885f16377f9888095292d7	0	0	0	0	0	0	0	0	0	0	0	0	0	0	21	0	0	0	0	0	0	0	0	0	0	0	0	0	0	0
993fc6c301db91ffe2c0655703d091f9	0	27	0	0	0	0	0	22	0	0	0	0	0	0	12	1267	16	0	0	38	0	0	0	0	36	0	0	0	31	0
bcba7cea49fa2d892541540057fcbb2d	0	0	0	0	0	0	0	0	0	0	0	0	0	0	0	0	0	0	15	0	0	0	0	0	0	0	0	0	0	0
6456bca723f6e6cfa881c2c859f42e62	0	0	0	0	0	0	0	0	0	0	0	0	14	0	0	0	0	0	0	0	0	0	0	0	0	13	0	0	16	0
295150d9b1c90f0138deb5c98426c6b7	0	0	0	0	0	0	0	0	0	0	10	0	30	32	0	0	0	6	29	0	0	0	0	0	0	0	0	0	0	0
ad6ccbe5900b4e831e5f137d93a28438	0	0	0	0	0	0	0	0	0	0	0	0	0	0	0	0	0	0	0	0	0	0	2	0	0	0	0	0	0	0
f63bd804c7014685b18de65b60c5a269	20	22	0	0	0	0	0	0	21	0	0	23	0	0	0	0	0	0	0	0	0	0	0	0	0	0	0	0	0	0
2af853385345c3485f9478a46cee4d74	0	0	0	0	0	0	0	0	0	0	0	0	0	0	0	0	0	0	0	0	0	38	0	0	0	0	0	58	0	40
85b9c6add5b54ed3a893d80a58c7d72a	0	0	0	0	0	0	0	0	0	0	0	0	0	0	0	12	0	0	0	0	0	0	0	0	0	0	0	0	0	0
439845d747a25275516581ddf6d13ff1	94	0	0	36	0	0	0	0	0	0	0	0	0	0	0	0	0	0	0	0	0	0	0	0	0	0	0	0	0	0
442c238bb8266fcf838eaefb75381506	0	0	0	0	0	0	0	0	0	0	0	0	0	12	0	0	0	0	0	0	0	0	0	0	0	0	0	0	0	0
1c8ac2e155d11876cb7ecf7ebc8c2dab	0	0	0	0	0	4	0	0	0	0	0	0	0	0	0	0	0	0	0	0	0	0	0	0	0	0	0	0	0	0
e96d249d74f664e1e38db1f573e41582	0	0	0	0	0	0	0	0	0	0	0	0	0	0	0	0	0	0	0	0	0	0	0	0	0	0	0	0	0	15
0c91297dbf1c9af579921ce46bb21175	0	0	0	0	0	0	0	0	0	0	0	0	0	2	0	0	0	0	0	0	0	0	0	0	0	0	0	0	0	0
67af119d8738e0d2db494a64f643bdc5	0	0	0	0	0	0	0	0	0	0	0	0	30	0	0	0	0	0	0	0	0	0	0	0	0	0	0	0	0	0
e8d2b0273087d3a24b766b1a81b0c65d	0	0	0	0	0	0	0	0	0	0	38	0	0	0	30	0	0	0	0	0	0	0	0	0	0	0	0	0	0	0
ebe8ccfbd3d8222ec2168598ec6ae20a	0	0	0	0	0	0	0	0	0	0	0	0	4	0	0	0	0	0	0	0	0	0	0	0	0	0	0	0	0	0
2875e0d86881abd04d5cee3b94bf27f7	0	0	0	0	0	0	0	0	0	0	0	0	0	0	0	0	0	0	0	0	0	0	0	0	0	17	0	0	4	0
11c26c322a123a267c9244d376660e3b	0	0	0	0	0	0	0	0	0	0	0	0	0	0	0	37	47	21	56	0	0	0	0	0	0	0	0	0	0	0
c28166bf7b16ff42931970059db555f9	0	0	22	0	0	0	32	0	0	0	0	0	0	0	0	0	0	0	0	0	0	0	0	0	0	0	0	0	0	0
aae159f2c5c2d55444ee3977cdd2e2bd	0	0	0	0	0	0	0	0	0	0	0	45	73	0	0	0	31	0	0	0	0	0	0	0	0	0	0	0	106	0
ce614f44e4a1f6555f723053f77ec460	0	0	0	0	0	0	0	0	0	0	0	0	0	0	0	0	0	0	0	0	0	0	0	0	0	0	0	0	0	13
7f9e8f952dbd7df8b017607e01169924	0	0	0	0	0	0	0	0	0	0	0	0	0	0	0	0	0	9	0	0	0	0	0	0	0	0	0	0	0	0
a6c090c0e1ac30fafa255c7268e790a7	8	0	0	0	0	0	0	0	0	0	0	0	0	0	0	0	0	0	0	0	0	0	0	0	0	0	0	0	0	0
6965fbc2fbe58456f123b813c980c2b3	0	0	0	0	0	0	0	0	0	0	0	0	0	0	0	0	0	0	0	0	0	0	10	0	0	0	0	0	0	0
df86b1da1d45b65d02bab996b0e1cb44	0	2	0	0	0	0	0	0	0	0	0	0	0	0	0	0	0	0	0	0	0	0	0	0	0	0	0	0	0	0
7422921f3671863d81507e62c43ea865	0	0	0	0	0	0	0	0	0	0	0	0	0	0	0	4	0	0	0	0	0	0	0	0	0	0	0	0	0	0
4908a029000d4961261e2cbf5f73ff9d	0	0	0	0	0	0	0	0	0	0	0	0	19	31	0	0	0	0	0	0	0	0	0	0	0	0	0	0	0	0
c28f96d422fefad130e17579305728f5	0	0	0	0	8	0	0	0	0	0	0	0	0	0	0	0	0	0	0	4	0	0	0	0	0	0	0	0	0	0
d004697aa1a2dd2064b2113f956e16c0	0	0	0	0	0	0	0	0	0	0	3	0	0	0	0	0	0	0	0	0	0	0	0	0	0	0	0	0	0	0
41517560f5d548d8e8fb71176bcbf1bc	0	0	0	0	0	0	0	0	0	0	0	0	0	0	12	0	0	0	0	0	0	0	0	0	0	0	0	0	0	0
bb4f7b4176647b5eb011ec10d2bf2f16	0	0	0	0	0	0	0	0	0	0	0	0	0	0	0	0	0	0	0	0	0	129	28	0	0	0	0	0	0	0
dca5cc39b449352c29c13d4217b1e9c4	0	0	0	0	0	0	0	0	2	0	0	0	0	0	0	0	0	0	0	0	0	0	0	0	0	0	0	0	0	0
d95776085909ea50d2fced7be6677e2f	0	0	0	0	0	0	0	0	0	0	0	0	0	0	0	0	0	0	0	0	0	0	0	0	0	0	0	23	0	0
c10b3774ea2c172227ae468397356664	0	0	0	0	0	0	0	0	0	0	0	0	0	0	0	0	0	0	0	0	11	0	0	0	0	0	0	0	0	0
59edfd85834329c7d21fcc9ae3f32d5b	48	68	0	40	52	44	24	0	37	36	0	62	187	43	59	113	302	121	34	0	18	100	0	160	478	111	86	53	299	36
efbdbe46022e8bc7fd8eed148e4fff77	444	0	120	541	451	181	161	328	892	0	405	175	497	125	211	224	197	170	125	130	35	42	22	0	302	293	412	0	108	55
ce9bd0a30a94f66b902a112fdecf62af	0	0	0	0	0	0	0	0	0	0	0	9	0	0	0	0	0	0	0	0	0	0	0	0	0	0	0	0	0	0
e277f5f483b600c33ba8b0f96c3a0a42	0	0	0	0	0	0	4	0	0	0	0	0	0	0	0	0	0	0	0	0	0	0	0	0	0	0	0	0	0	0
bdf3dd605cd7a9c4bd389bd3bf48e2f0	0	0	0	0	0	0	36	0	0	0	0	0	0	0	0	0	0	0	0	0	0	0	0	0	0	0	0	0	0	0
3ef3481421f4470522ad522512454b5b	0	0	0	0	0	0	0	0	0	0	0	0	0	66	0	0	0	0	0	0	0	0	0	0	0	0	0	0	0	0
bd4245faefd5121809c95ec111587af2	24	54	0	0	54	0	29	33	0	49	0	0	0	0	0	0	0	32	0	0	0	0	0	0	0	21	15	0	0	0
ba703db0728a145c2bb3042bb728f8ab	0	0	0	0	0	0	0	0	0	0	0	0	12	0	0	0	0	0	0	0	0	0	0	0	0	0	0	0	0	0
bad2cfa657add0b5ea024a622543f03f	0	0	0	0	0	0	0	13	8	0	10	0	0	0	0	0	0	0	0	0	0	0	0	0	0	0	0	0	0	0
d5649fedf4ab11792e8f04c153578260	0	0	147	0	0	0	0	0	0	0	0	0	0	0	0	0	0	0	0	0	0	0	0	0	0	0	0	0	0	0
4df21dcd76555d1313529fe4fe29698f	0	0	0	0	0	0	0	4	0	0	0	0	0	0	0	0	0	0	0	0	0	0	0	0	0	0	0	0	0	0
0be1be40e23bfab1397fc527f44aeca6	0	0	0	0	0	0	0	0	0	0	0	0	0	0	0	0	0	0	0	0	0	0	0	2	0	0	0	0	0	0
7576e6bf242cbd849cce2b7d7553da14	0	0	0	0	0	0	0	0	0	0	0	0	0	0	45	0	0	0	0	0	0	0	0	0	0	0	0	0	0	0
8009a2ac2b5946c5a81240199de9b069	0	0	0	0	0	0	0	0	41	0	0	0	0	0	0	0	0	0	0	0	0	0	0	0	0	0	0	0	0	0
cefa98406588a1842a90821714250a9c	0	12	0	0	0	0	0	0	0	0	0	0	0	0	0	0	0	0	0	0	0	0	0	0	0	0	0	0	0	0
6213063d5929cbc65cd2e1345a6f4f27	0	0	0	0	12	0	0	0	0	0	0	0	0	0	0	0	0	0	0	0	0	0	0	0	0	0	0	0	0	0
cebf2f41e19346a0fc12539a628b0b4d	95	328	110	334	253	130	0	78	87	0	0	0	31	0	0	0	0	0	0	0	0	0	0	0	26	0	0	0	0	0
d27ae907c2ef79e08d27f2efdab9edb7	0	0	0	0	0	0	0	0	0	0	0	35	0	30	0	0	0	0	0	0	0	0	0	0	0	0	0	0	0	0
2ff1652840b12aa928016c3a0951964a	0	0	0	0	0	0	0	0	0	0	0	0	0	0	60	0	0	0	0	0	0	0	0	0	0	0	0	0	0	0
31afc069f4dd42ca8c856a5b68d0c53c	0	0	0	0	0	0	0	0	0	0	0	0	0	0	0	0	49	36	0	0	0	0	0	0	0	0	0	0	0	0
c23c3cadd40ff23982631ac28e6e40b0	0	0	0	0	0	0	0	0	0	0	0	0	0	13	0	0	0	0	0	0	0	0	0	0	0	0	0	0	0	0
33949cc377c4a9e2bf233555bd3fc603	0	0	0	9	0	7	0	0	0	0	0	0	0	0	0	0	0	0	0	0	0	0	0	0	0	0	0	0	0	0
57f154e5da72f7ad346ab2cd7dc5c35e	0	0	0	0	0	0	0	0	0	0	14	0	0	0	0	0	0	0	0	0	0	0	49	0	0	0	0	0	0	0
025fe4d21451776586f66a13ebcb6d8a	0	0	0	3	0	0	0	0	0	0	0	0	0	0	0	0	0	0	0	0	0	0	0	0	0	0	0	0	0	0
3acc2d43acb98c07633e551727f3a196	0	0	0	0	0	6	0	0	0	0	0	0	0	0	0	0	0	0	0	0	0	0	0	0	0	0	0	0	0	0
20c4f5a26cc75019c5811a69c2b5c303	0	0	0	0	0	0	0	0	0	0	0	0	9	0	0	0	0	0	0	0	0	0	0	0	0	0	0	0	0	0
3741957c844781b9da374e6fa441556c	0	0	0	0	0	0	8	0	0	0	0	0	0	0	0	0	0	0	0	0	0	0	0	0	0	0	0	0	0	8
094cbd99a8efb5b2775a5e78f5206e82	0	0	0	0	0	0	0	0	0	0	0	0	7	0	0	0	0	0	0	0	0	0	0	0	0	0	0	0	0	0
85e6dc73ff5ee7160c471531d6b0c53e	12	15	0	18	31	0	0	0	42	0	0	0	0	0	0	0	0	0	0	0	0	0	0	0	0	0	0	0	0	0
4b7ade48935597ce9283d96417fa3c78	0	0	0	0	0	0	0	0	0	0	0	0	0	0	0	0	0	0	0	0	0	0	0	0	0	0	0	0	7	0
1d9c2dc1df0412ad504300e600c5f943	0	0	0	0	0	0	0	0	0	0	0	0	2	0	0	0	0	0	0	0	0	0	0	0	0	0	0	0	0	0
e4f986cf4ee57624c4073735040541d4	0	0	12	9	0	0	0	0	0	0	0	0	0	0	0	0	0	0	0	0	0	0	0	0	0	0	0	0	0	0
edf9157077bfa6b19a5ee95d57b5d1db	0	0	0	0	17	0	13	0	0	0	0	0	0	0	0	0	0	0	0	0	0	0	0	0	0	0	0	0	0	0
60397e0837720c005505d1aaa5b0929b	0	0	0	10	0	0	0	15	0	0	10	27	0	25	0	31	111	47	0	0	0	0	0	0	0	0	0	0	0	0
88056fc3305fa9805f4d84cb896acbeb	0	0	0	0	0	0	0	0	0	2	0	0	0	0	0	0	0	0	0	0	0	0	0	0	0	0	0	0	0	0
26fc7afa1ad6bdfed374e79c23f8b263	0	6	0	0	0	0	0	0	0	0	0	0	0	0	0	0	0	0	0	0	0	0	0	0	0	0	0	0	0	0
35ae72b2707feb1aeda07a15bc1abf3b	7	0	0	0	0	0	0	0	0	0	0	0	0	0	0	0	0	0	0	0	0	0	0	0	0	0	0	0	0	0
52703083a1b5d410bbfa20f1808cb636	0	0	0	0	0	0	0	0	0	0	0	6	0	0	0	0	0	0	0	0	0	0	0	0	0	0	0	0	0	0
65e1dd09d468f5741eb23e1a89352eaf	0	0	0	0	0	0	0	0	0	0	0	0	0	0	0	0	0	0	0	0	0	0	0	9	6	0	29	0	0	0
d739a6bcb777c756cf5e6e075f57a8d4	0	0	0	0	0	0	0	0	19	0	0	0	0	0	0	0	0	0	0	0	0	0	0	0	0	0	0	0	0	0
490b155f89c57acedd5d0e5424a6ff13	1297	41	21	347	76	395	84	13	0	100	0	0	0	34	56	0	0	19	0	27	0	0	0	50	0	0	0	36	0	0
451f0ebbb47c13073629a434201ee701	0	0	0	0	0	0	0	0	0	0	0	0	0	0	0	0	0	165	14	0	0	0	0	0	0	0	0	0	0	0
dbff2c5b3010277dae356d217c3b16e8	0	0	0	0	0	0	0	0	0	0	2	0	0	0	0	0	0	0	0	0	0	0	0	0	0	0	0	0	0	0
435096d0e5424cbeb44ec886f04a0940	50	126	37	169	61	116	50	83	68	33	57	47	9	79	94	53	0	26	12	26	9	38	25	34	29	14	31	34	64	0
087c03caeb80d729e28f154f26709d97	37	0	0	0	0	0	0	0	0	0	0	0	0	0	0	0	0	0	0	0	0	0	0	0	0	0	0	0	0	0
3f3c679ba3e255b2295a5603d5344934	0	0	0	0	0	0	0	0	0	0	0	0	0	0	0	0	0	0	0	0	0	0	0	3	0	0	0	0	0	0
8c574adeb4ee87d27c2f79e80053fff9	0	0	0	0	0	0	0	0	0	0	19	0	0	0	0	0	0	0	0	0	0	0	0	0	0	0	0	0	0	0
27dab09ce59583492521a88509e16f99	0	0	10	0	0	0	0	0	0	0	0	0	0	0	0	0	0	0	0	0	0	0	0	0	0	0	0	0	0	0
f0118fdcde6c81d80962a553a8f5a94b	0	0	0	0	0	0	0	0	0	0	0	0	0	0	0	0	0	0	0	0	0	0	0	0	15	0	0	2	33	0
6cd6f8cd43140630e730c789780da025	0	0	0	0	0	0	0	0	2	0	0	0	0	0	0	0	0	0	0	0	0	0	0	0	0	0	0	0	0	0
ee2c9d766cf774f7996b5b7951da5253	0	0	0	0	0	0	0	0	0	0	0	0	0	0	0	0	2	0	0	0	0	0	0	0	0	0	0	0	0	0
1748a7f1aa16664eb6e4ceb5c977755e	0	0	0	0	0	0	0	0	0	0	0	0	0	0	0	0	0	0	0	0	0	0	0	0	0	0	0	0	10	0
5752b707befe81ff912f68c440851428	0	0	0	0	0	0	0	0	0	0	0	0	0	0	0	0	0	0	7	0	0	0	0	0	0	0	0	0	0	0
10e6833009c2bac3fe7b9727f5385836	0	0	0	0	0	0	0	0	0	44	0	0	0	0	0	0	0	0	0	0	0	0	0	0	0	0	0	0	0	0
a10d5d1075327d8bf6f8e23598b37e38	0	0	0	0	0	0	0	0	0	0	0	0	0	0	0	0	0	0	0	0	0	0	0	0	0	0	0	4	0	0
7e16f67987a3365363c62edaf48c9b9c	0	0	0	0	0	0	0	0	0	0	0	0	0	0	0	0	0	0	0	0	0	0	0	0	0	0	0	0	4	0
754da61904c608d8c2f310bb9c95284b	0	0	0	0	0	0	0	0	0	0	0	0	0	0	0	0	0	22	0	0	0	0	0	0	0	0	0	0	0	0
46ec6dc42d18c4d2c3598d0bfec00fc9	0	0	0	0	0	0	0	0	0	0	0	0	0	0	0	0	0	0	0	8	0	0	0	0	0	0	0	0	0	0
a23b5df73d67c3615c2c8a7e6a26134d	0	0	0	0	0	0	0	0	0	0	0	0	0	0	31	0	0	0	0	0	0	0	0	15	0	0	0	0	14	0
7dbd1381fb52210b4bd8f5731083d503	0	0	0	0	0	0	0	0	0	0	0	0	0	0	0	0	0	0	21	0	0	0	0	0	0	0	0	0	0	0
f97d5bc067cb7f877229c7cfe757f4ab	0	0	0	0	0	0	0	0	0	0	0	0	7	18	0	0	0	31	0	0	0	0	0	0	0	0	0	0	0	0
224f00d26f60e8c50512bc67613c1671	0	0	0	0	0	0	0	0	0	0	0	0	0	5	0	0	0	0	0	0	0	0	0	0	0	0	0	0	0	0
6e2d052b4d6fc9e42061aad89a778214	0	0	0	0	0	0	0	0	0	0	0	0	0	0	30	0	0	0	0	0	0	0	0	0	0	0	0	0	0	0
1487cc18924045406d46d18cf6c34dbd	0	0	0	0	0	0	0	0	0	0	0	0	0	0	0	11	0	10	11	0	0	0	0	0	0	0	0	0	0	0
ba991f01fa7a2063d898e647f1604edc	0	0	0	0	0	0	0	0	0	0	0	0	0	0	0	0	0	0	0	0	0	0	0	0	0	0	2	0	0	0
213674c1a2c857463e30d95c553439f0	0	0	0	0	0	0	2	0	0	0	0	0	0	0	0	0	0	0	0	0	0	0	0	0	0	0	0	0	0	0
63b7547168705946f6bb9e513b09d3b1	11	0	11	3	0	0	17	20	0	10	1	6	7	0	0	0	0	3	0	0	0	0	0	17	22	0	0	0	0	0
11e75ef07401d440aa647cb76fbd2db1	0	0	0	0	0	0	0	0	0	0	0	0	0	0	0	24	0	0	13	0	0	0	0	0	0	0	0	0	0	0
acb07012051c66d2807164ca1f7853fc	0	0	0	0	0	0	0	0	0	0	0	0	0	0	0	0	0	4	0	0	0	0	0	0	0	0	0	0	0	0
2a0a46caf3ce9c80110cd4c7abb18895	29	16	19	0	0	46	75	0	0	8	0	0	0	5	0	0	0	0	0	9	0	21	16	37	7	0	0	619	35	23
070e67cf6594f54251c16b70eac1551e	0	0	0	0	0	0	0	0	0	0	0	0	0	0	0	0	2	0	0	0	0	0	0	0	0	0	0	0	0	0
39cdb940ac65abf74c62b039c8398a91	0	0	0	0	0	0	0	0	0	0	4	0	0	0	0	0	0	0	0	0	0	0	0	0	0	0	0	0	0	0
ff25930f10470fcf8c544539dd4c9949	0	10	0	0	0	0	0	0	25	0	0	0	0	0	0	0	0	0	0	0	0	0	0	0	0	0	0	0	0	0
a9bfe901f8e06f4d88cb6b3741f25dfc	0	0	0	0	0	0	89	0	0	16	131	249	80	219	0	22	0	20	44	425	0	0	0	0	26	27	33	0	146	0
e65a7d43e67f3f93397989676d44ae75	0	0	0	0	0	13	0	0	0	0	0	0	0	0	0	0	0	0	0	0	0	0	0	0	0	0	0	0	0	0
f2e95ed4591f9382465ac6453138eb41	0	0	0	0	0	0	0	0	0	0	0	0	0	0	0	45	0	0	0	0	0	0	0	0	0	0	0	0	0	0
d453eedd2dd3f4ceb94975661a68439f	0	0	0	0	0	0	0	0	0	0	0	0	0	0	0	0	0	0	10	0	0	0	0	0	0	0	0	0	0	0
ef4792ff53ecf050724c691030484c4e	0	0	0	0	0	0	3	0	0	0	0	0	0	0	0	0	0	0	0	0	0	0	0	0	0	0	0	0	0	0
81f5c8079a56fa56d9934e06d5f1d1bd	0	0	0	0	0	0	0	0	0	0	2	0	0	0	0	0	0	0	0	0	0	0	0	0	0	0	0	0	0	0
aefe58583e0f1f3dab548aafd7a97958	0	0	0	0	0	0	0	0	0	0	0	0	0	0	0	0	0	0	0	0	0	0	0	0	0	0	0	0	8	0
e0f37758e0a8295e5069af13d24e86b8	0	15	0	0	0	0	0	0	0	0	32	0	0	0	0	18	0	0	46	0	12	24	0	21	0	203	24	37	45	208
31e0ecacaa4f6a314a441aa490872b21	0	0	0	0	0	0	0	0	0	0	0	0	0	0	0	0	0	0	0	0	0	4	0	0	0	0	0	0	0	0
c3d5a16163780ca901853120c104f213	0	0	0	0	0	0	0	0	0	0	0	9	0	0	2	0	0	0	0	0	0	0	0	0	0	0	0	0	0	0
cbb3e1dbedb7aeecd48e0da38f84d52c	0	0	0	0	0	0	0	0	0	0	0	3	0	0	0	0	0	0	0	0	0	0	0	0	0	0	0	0	0	0
caaaf8070a5f31c3ca0a50e22840b15d	0	0	84	0	0	0	0	0	0	0	109	0	0	0	0	0	0	0	97	0	0	0	0	0	0	0	0	0	0	133
f62726e5161484cd929cd33a4506a8b0	0	0	0	0	0	0	0	0	0	0	0	0	107	0	0	0	0	363	0	0	0	0	0	0	0	0	0	0	0	0
b597691f8c4243491a540d91e6b16b60	0	0	0	0	0	0	0	0	13	0	0	0	0	0	0	0	0	0	0	0	0	0	0	0	0	0	0	0	0	0
dfefffbcb90bdc354c555672d73ae68a	0	0	0	0	0	0	0	0	0	0	0	0	0	0	2	0	0	0	0	0	0	0	0	0	0	0	0	0	0	0
a016b350028a61aa734bd683c91a9733	0	0	0	0	0	0	0	0	0	0	0	0	0	21	0	0	0	0	0	0	0	0	0	0	0	0	0	0	0	0
ffdbf50dcb093f670144d57fc2bb0f4c	0	0	0	0	0	0	0	0	0	0	0	0	0	0	25	0	0	0	9	0	0	0	0	0	0	0	0	0	0	0
0af635eb0362b37f4a31b54c6cbc0d98	0	0	0	0	0	0	0	0	0	0	0	0	0	0	0	0	0	0	0	0	0	0	0	0	0	51	0	0	0	0
ef1131b2b4428149dd1140d5694e7a1f	0	0	0	0	0	0	0	0	0	0	0	0	10	0	0	0	0	0	0	0	0	0	0	0	0	0	0	0	0	0
b41461d7dcac9b588a28035219a0a690	6	0	0	0	0	0	0	0	0	0	0	0	0	0	0	0	0	0	0	0	0	0	0	0	0	0	0	0	0	0
951c826dc893a49c606f0974178bfff8	0	0	0	0	0	0	102	0	0	0	0	0	0	0	0	0	0	0	0	0	0	0	0	0	0	0	0	0	0	0
b0c5d89ee147fb1dc9cfa6b218c7b466	0	0	0	0	0	0	0	0	0	0	0	0	0	0	0	0	0	0	0	0	0	0	0	0	0	0	0	0	9	0
037b55818f1730de20fa2799f911ea85	0	0	0	0	0	0	0	0	0	0	0	0	0	0	43	0	0	0	0	0	0	0	27	57	0	0	0	709	39	289
f08832e8f32e9860c2f44211893af037	0	0	0	0	0	0	0	0	0	0	0	0	10	0	0	0	14	6	5	16	0	0	0	0	0	0	0	0	0	0
3e6dd2b7ef70d7e5591d2ce9e6c23e89	0	0	0	0	0	0	0	0	0	0	0	0	0	0	0	0	0	0	0	0	15	0	0	0	0	0	0	50	0	0
10ac0d9eb2b66a209c2a8fb6e4ad4280	0	0	0	0	0	0	0	0	2	0	0	0	0	0	0	0	0	0	0	0	0	0	0	0	0	0	0	0	0	0
12efafe73000ce2247ed54fac5faa7f2	6	0	0	0	0	0	8	0	0	0	0	0	0	0	0	0	0	0	0	0	0	0	0	0	0	0	0	0	0	0
fb36b1af1bc6ab89af480facbf7baef8	0	0	0	0	0	0	0	0	0	0	0	0	0	0	0	0	0	0	0	0	0	0	0	0	0	0	22	25	10	0
8b04df271668b38af4c79346b2dd16a1	0	0	0	0	0	0	0	0	0	0	0	0	0	0	0	0	11	0	0	0	0	0	0	0	0	0	0	0	0	0
db7fcbd1a5e7ce1cd841ebb8fe27ee02	0	0	0	0	0	0	0	0	0	0	0	0	0	0	0	0	0	0	0	0	0	0	0	0	0	2	0	0	0	0
bbc992d49b0a57c981a7df8f2bb2c18a	0	0	0	0	0	0	0	0	0	0	0	0	0	0	7	0	0	0	0	0	0	0	0	0	0	0	0	0	0	0
0df2a6eca8a0061d7fa3df12d67c15ff	0	0	0	0	0	0	0	0	24	0	0	0	0	0	24	0	0	0	0	0	0	0	0	0	0	0	0	0	0	0
a9d789f3ec8460f12e6ce74ba882a235	0	0	0	0	0	0	0	0	0	0	0	0	0	0	2	0	0	0	0	0	0	0	0	0	0	0	0	0	0	0
ad5b29dc66fc5d8b6d8cbe60862e9da7	0	0	0	0	0	0	0	0	0	0	0	0	0	0	2	0	0	0	0	0	0	0	0	0	0	0	0	0	0	0
f92e7bfa75914658a0cf733ad5d923a4	0	0	0	0	0	0	0	0	2	0	0	0	0	0	0	0	0	0	0	0	0	0	0	0	0	0	0	0	0	0
6fc483988101fb74476e5fd6d0b7a8a1	0	0	0	0	0	0	0	0	0	0	0	0	0	0	0	0	0	0	0	0	0	0	0	26	0	0	0	0	0	0
10badf67494ab536a21bd2b90201665a	0	0	0	0	0	0	0	0	0	0	0	0	11	0	0	0	0	0	0	0	0	0	0	0	0	0	0	0	0	0
1d674596b0ff1a4bf168f866cf8f2e6c	0	0	0	0	0	19	0	0	0	0	0	5	0	0	0	0	0	0	0	0	0	0	0	14	23	8	32	0	0	0
2df6887fa28f4e569add8a846899a75a	0	0	0	0	0	0	3	0	0	0	0	0	0	0	0	0	0	0	0	0	0	0	0	0	0	0	0	0	0	0
49cd91912caff543aea0d31b36698a04	0	0	0	0	0	0	0	0	0	0	0	0	0	0	0	0	2	0	0	0	0	0	0	0	0	0	0	0	0	0
fb21c290b12099a23ef176a794a3d19a	0	0	15	0	0	0	0	0	0	0	0	0	0	0	0	0	0	0	0	0	0	0	0	0	0	0	0	0	0	0
1a21e23aafeef786fb75933d9212d568	0	0	0	0	0	0	0	0	0	0	0	0	0	0	0	0	0	0	0	0	0	0	0	0	0	3	0	0	0	0
2bf33bcd4cb1e129a88d4857dd3200a9	0	0	0	0	0	0	0	0	0	0	0	12	0	0	0	0	0	0	0	0	0	0	0	0	0	0	0	0	0	0
6e0bd5660307361505cced59d628ad36	0	0	0	0	0	0	0	0	0	0	0	0	11	0	0	0	0	0	0	0	0	0	0	0	0	0	0	0	0	0
e95486e4cd59c14026396c870f7c724c	0	0	0	0	0	0	0	0	0	0	0	0	0	0	0	0	0	0	0	0	0	0	0	0	0	3	0	0	0	0
cfc516ec50d372383344eb0fc12bf0dd	40	0	0	0	0	0	0	29	21	0	32	26	0	0	0	0	0	41	39	0	0	0	0	0	0	0	0	0	0	0
e8367a5de42785c5952b668544e1920a	0	0	0	0	0	0	5	13	0	0	0	0	0	0	0	0	0	0	0	0	0	0	0	0	0	0	0	0	0	0
d6aa252e8b8b470b06c82e1a5710381e	0	0	8	0	0	0	0	0	0	0	0	0	0	0	0	0	0	0	0	0	0	0	0	0	0	0	0	0	0	0
6fdb79bf946a847c8c8ed2625f313180	0	0	0	0	0	0	0	0	0	0	0	0	0	0	0	0	0	0	0	5	0	0	0	0	0	0	0	0	0	0
58b91d8fa6d2a8a143aa216e01125bc6	9	0	0	0	0	0	0	0	19	0	0	0	0	0	0	0	0	0	0	0	0	0	0	0	0	0	0	0	0	0
f9321beae6e6645f6bbd2d923e1b1b9f	0	0	0	0	0	0	0	0	0	0	0	0	9	0	0	0	0	0	0	0	0	0	0	0	0	0	0	0	0	0
bbfd5fa4ae5e7a95f4964bd89d4b57d6	0	0	0	0	0	0	0	0	0	0	0	0	0	2	0	0	0	0	0	0	0	0	0	0	0	0	0	0	0	0
90ade0df849e373fd2b8122cab06e613	0	0	0	0	0	0	0	0	0	0	0	0	0	0	0	0	0	0	0	7	0	0	0	0	0	0	0	0	0	0
0374ac3ef13c6d58494eb0521a7a1c4e	0	0	0	0	0	0	0	0	0	0	0	0	0	0	0	0	0	0	0	1	0	0	0	0	0	0	0	0	0	0
f4284c3085bd29053e6c11d80948e268	40	11	0	0	8	0	64	22	0	12	26	36	35	32	67	38	0	5	0	0	39	130	18	1595	247	99	118	112	576	45
6a11670050a5fe9b554892a0c93d0d87	0	0	0	0	0	0	0	0	0	0	0	0	0	0	0	0	0	2	0	0	0	0	0	0	0	0	0	0	0	0
c7a1ea060947ce57b3472d7f2f3077e0	0	0	0	0	0	0	0	0	0	0	0	0	0	0	0	0	2	0	0	0	0	0	0	0	0	0	0	0	0	0
2604225edb66ce7f72058094285168a1	0	0	0	0	0	0	2	0	0	0	0	0	0	0	0	0	0	0	0	0	0	0	0	0	0	0	0	0	0	0
53a248b1d5d2fc16b2750b39b56c4c79	0	0	0	0	0	0	0	0	0	0	0	0	6	0	0	0	0	0	0	0	0	0	0	0	0	0	0	0	0	0
af9a8596eb18ef7e2747982917906513	0	0	0	0	0	0	0	0	0	0	0	0	0	0	0	0	0	0	0	0	0	0	0	0	0	0	0	0	0	28
684a4bb13b367acfe28ec3623923e4d6	0	0	0	0	0	0	0	0	0	0	0	0	0	0	0	0	0	0	0	0	0	0	0	0	3	0	0	0	0	0
e7c76d405f40545cedf402469a5f3559	0	0	0	0	3	0	0	0	0	0	0	0	0	0	0	0	0	0	0	0	0	0	0	0	0	0	0	0	0	0
5011dedb0bd11d2ed8115b9459281a9b	0	0	0	0	0	0	0	0	0	0	0	0	0	0	0	0	0	0	0	0	0	0	0	0	0	0	3	0	0	0
5ea55a19fc9fee6ef5e246649544a2a1	0	0	0	0	0	0	0	0	0	8	0	0	0	0	0	0	0	0	0	0	0	0	0	0	0	0	0	0	0	0
c11f75bf77ea8b697b865dded2e02dde	0	0	0	0	0	0	0	0	0	0	0	0	0	0	0	0	0	0	2	0	0	0	0	0	0	0	0	0	0	0
50aba2c05f7c8a2eb90725621289fbf4	0	0	0	0	0	0	0	0	0	0	0	0	0	0	0	0	0	0	0	0	0	0	0	0	0	0	0	4	0	0
e257ec341c4932d0f1d5a0db276eabbc	0	0	0	0	0	0	0	0	0	0	0	0	0	0	0	0	0	0	14	0	0	0	0	0	0	0	0	0	0	0
de9d8905772416bfe10aa2abeb6bd50c	0	0	0	12	0	0	0	0	0	0	0	0	0	0	0	0	0	0	0	0	0	0	0	0	0	0	0	0	0	0
3a7ca9dbd34ea7270222592dc9497968	0	0	0	2	0	0	0	0	0	0	0	0	0	0	0	0	0	0	0	0	0	0	0	0	0	0	0	0	0	0
5a94bb75dcd71e42e8522d70676c0c21	0	0	0	0	0	0	0	0	0	0	0	0	0	0	0	0	0	0	0	0	0	0	0	0	0	0	0	0	16	19
4c348055e54f379afff6422f9d7ea4a8	0	0	0	0	0	0	34	0	0	0	0	35	26	33	0	0	0	0	0	0	0	49	20	458	486	0	0	300	157	22
f3dcb8dc76d02b5c5b92a285b3f9d0b7	0	0	0	0	0	0	0	4	0	0	0	0	0	0	0	0	0	0	0	0	0	0	0	0	0	0	0	0	0	0
0e005ea52306d40be5f3084c3637e46f	0	0	0	0	0	0	0	0	0	0	37	0	0	0	0	0	17	0	0	0	0	0	0	0	0	0	0	0	0	0
e53664e614f69795360aa6c7638c8c2d	0	0	0	0	0	0	0	0	0	0	0	0	0	0	0	0	0	0	0	11	0	0	0	0	0	0	0	0	0	0
98de8b3d80648db59de66e89a486dd00	0	0	0	0	0	0	0	0	0	0	0	0	0	0	0	0	0	0	0	0	0	0	0	0	0	0	0	0	0	34
fd1f7db05479b5dd3d3a0bd4c9fecedf	0	0	0	0	0	0	0	0	0	0	0	0	0	0	0	0	0	0	2	0	0	0	0	0	0	0	0	0	0	0
b27615d36231c0f54092b3b8ef4106a4	0	0	0	0	0	0	0	0	6	0	0	0	0	0	0	0	0	0	0	0	0	0	0	0	0	0	0	0	0	12
ac595d4fb866d09fb6c9a59a931aeaa6	8	0	0	0	0	13	9	0	0	0	0	0	0	0	0	0	0	0	0	0	0	0	0	0	0	0	0	0	0	0
50a21fba630b882590da5973e2b807df	0	0	0	0	0	0	0	0	0	0	9	9	0	38	0	0	0	0	0	0	0	0	0	0	0	0	0	0	0	0
45caa73c9a1127750df7c54ee6541791	0	0	0	3	0	0	0	0	0	0	0	0	0	0	0	0	0	0	0	0	0	0	0	0	0	0	0	0	0	0
644e137ffbd68e934c795f28992b0747	0	0	0	0	0	0	0	0	0	0	13	0	0	0	0	0	0	0	0	0	0	0	0	0	0	0	0	0	0	0
a1eafb6351c9f5b3a3189c053c45a50c	0	0	0	0	0	0	0	0	0	0	0	0	0	0	0	0	0	0	0	0	0	0	0	0	0	0	0	0	11	0
79d8bc34d07b2378c68c4b1debcfa22b	40	0	0	54	88	42	0	0	21	0	0	0	0	0	0	0	0	0	0	0	0	0	0	0	0	0	0	0	0	0
5526d5098383b6657766e119de7245f9	0	0	0	0	0	0	0	0	0	0	0	0	9	0	0	0	0	0	0	0	0	0	0	0	0	0	0	0	0	0
53f1444579f29291c770c1498482833b	9	0	0	0	0	15	0	0	0	0	0	0	0	0	0	0	0	0	0	10	0	0	0	0	0	0	0	0	0	0
446851edd5be722af3de7032e2a6291e	0	0	0	6	0	23	0	19	0	0	0	0	0	0	0	0	0	0	0	9	0	0	0	0	0	8	0	0	0	0
0da31eb91bad05f0233cccc76a2ad4a0	110	43	0	0	18	26	0	0	37	27	0	0	0	0	22	0	0	58	41	0	0	18	0	0	0	0	0	0	0	0
b75dfe37e830c419703cbb6034b2a9b4	0	0	0	0	0	0	0	0	0	0	0	0	0	0	0	0	0	0	0	0	0	0	0	0	0	9	12	0	0	0
367f8e46d08ebd8dc8e7f5c6ba73499f	0	0	0	0	0	0	0	0	0	0	0	0	10	0	0	0	13	9	107	14	0	0	0	6	0	0	0	0	0	0
05992f5b521c873fe85ec22ea0243916	0	0	0	0	0	0	0	0	0	0	16	0	0	0	0	0	0	0	0	0	0	0	0	0	0	0	0	0	0	0
c7b7770d036cfe69115062fdc344bc46	0	0	0	0	0	0	0	0	0	0	0	0	0	0	0	0	0	0	0	0	0	0	0	0	0	3	0	0	0	0
360c262e9970c4ee33ae6ddef098d546	0	0	0	0	0	0	0	0	0	0	0	0	0	0	0	0	0	0	0	0	0	0	0	0	0	0	0	8	0	0
c53e1deb914e494718db63a32243c529	0	0	0	0	0	0	0	0	0	0	0	0	0	202	16	11	0	0	0	229	0	0	6	0	0	0	11	0	0	0
10f2c04f10ef5002825b581f7993bcf7	0	0	0	0	0	0	0	0	0	0	0	0	0	0	0	0	0	0	0	0	0	0	0	0	0	0	0	2	0	0
f860faf49ff0066d94d9ffc4e94c536b	0	0	0	0	0	0	0	0	0	0	0	0	0	0	0	0	0	0	0	0	0	0	0	0	0	0	0	0	2	0
adc27fa2ac58c4fa538e8319d3e2f78f	0	0	0	0	0	0	0	0	0	0	2	0	0	0	0	0	0	0	0	0	0	0	0	0	0	0	0	0	0	0
f26ecd7537ac020e786ea2e33df8039a	0	0	0	0	0	0	0	0	0	0	0	0	0	0	0	0	0	0	0	0	0	0	0	0	0	2	0	0	0	0
f28d29a604ff8f29b3884b9bdf0f331a	0	0	0	0	0	0	0	0	0	0	0	0	0	0	0	0	0	0	0	0	0	0	0	7	0	0	0	0	0	0
21e300b0bc7c398aef57006d7d731217	0	0	0	0	0	0	0	0	0	0	0	0	0	0	0	0	0	0	0	0	0	0	2	0	0	0	0	0	0	0
584ca59b0ec3adc623c02adf27ede092	0	0	0	0	0	0	8	0	0	0	20	0	55	0	0	0	18	0	0	0	0	0	0	0	0	113	0	0	0	16
83696428c89dacf6283c307a5eca5bdb	0	0	0	0	0	0	0	0	0	0	0	0	0	0	0	0	0	0	0	0	0	0	0	5	0	0	0	0	0	0
bceccbc596dc7103645768fc41476d7f	0	0	0	0	0	0	0	0	0	0	0	0	7	0	0	0	3	0	0	0	0	0	0	0	0	0	0	0	0	0
90858f62e03455208448e48e8405a8d1	0	0	0	0	0	0	0	0	0	0	0	0	5	0	0	0	0	0	0	0	0	0	0	0	0	0	0	0	0	0
d42f098da97f5949915184e6d5782795	0	0	0	0	0	0	10	0	0	0	0	0	0	0	0	0	0	0	0	0	0	0	0	0	0	0	0	0	0	0
b7077f07c0a1925ef82f1327cb579591	0	0	0	0	0	0	0	0	0	0	0	0	0	0	0	0	0	0	0	0	0	0	0	0	52	0	0	0	0	0
38d3c66f67b3d7e106521348cf928cb7	0	0	0	0	0	0	0	0	0	0	0	0	0	11	0	0	0	0	0	0	0	0	0	0	0	0	0	0	0	0
b009202d9e25fae77660011c0ed1652f	0	0	0	0	0	0	0	0	0	0	0	0	0	0	0	0	9	0	0	0	0	0	0	0	0	0	0	0	0	0
c7f69bb217e0481c9245fab81d22aa2d	0	30	0	0	101	0	0	0	0	0	0	0	0	0	0	0	0	0	0	0	0	0	0	0	0	0	0	0	0	0
6e57f2dd50e50e55b79e501d1dc82f8b	0	8	0	0	0	0	0	0	0	0	0	0	0	0	0	0	0	0	0	0	0	0	0	0	0	0	0	0	0	0
01859fd87ca7eececa2a3e31bff12dec	0	0	0	0	0	0	0	0	0	0	0	0	0	0	0	0	0	0	0	0	0	0	0	0	0	0	0	20	0	0
7b817b3d4ee36d98bb888f033761d4fb	0	0	0	0	0	0	0	0	0	0	0	0	0	0	0	0	0	0	4	0	0	0	0	0	0	4	0	0	0	0
041cf0f99c37cb18d0f4a06219931b53	0	0	0	0	0	0	60	0	0	0	0	0	0	0	0	0	0	0	0	0	0	0	0	0	0	0	0	0	0	0
d99f57c96b3e8bd43403d506b64ddd6f	0	0	0	0	24	0	0	0	0	0	0	0	0	0	0	0	0	0	0	0	0	0	0	0	0	0	0	0	0	0
ba6a021c6f2bceb63630dbccea1c9cf3	0	0	0	0	0	0	0	0	9	23	0	0	0	0	0	0	0	0	0	0	0	0	0	0	0	0	0	0	0	0
9fb229e78daabdabe1f7ffc296c95960	0	0	0	0	0	2	0	0	0	0	0	0	0	0	0	0	0	0	0	0	0	0	0	0	0	0	0	0	0	0
e3c227edc45c62bd948ef5dc4096812d	0	0	0	0	0	0	0	0	0	0	0	0	0	0	0	0	0	0	0	0	0	0	0	0	0	0	0	83	0	0
70b5aab856143e43781e9a6ea2621977	0	0	0	0	0	0	0	0	0	0	81	0	0	0	26	0	43	0	37	103	0	0	0	0	0	0	0	0	0	0
5b8063c84b1a4b94b996c33ef1fa1689	0	0	0	0	0	0	0	0	0	0	0	0	0	0	0	0	0	5	0	0	0	0	0	0	0	0	0	0	0	0
4d908d1b73719b426eade810e331c51d	0	0	0	2	0	0	0	0	0	0	0	0	0	0	0	0	0	0	0	0	0	0	0	0	0	0	0	0	0	0
768358b417cb7301fb83e54e1af936c5	0	0	0	0	0	0	0	0	0	0	0	0	0	0	0	6	0	0	0	0	0	0	0	0	0	0	0	0	0	0
a03578b6f067c3d3219cc8ff693bfa55	0	0	0	0	0	0	0	0	0	0	0	0	0	0	0	0	0	0	0	0	0	0	0	0	0	0	0	0	2	0
81402594d2481814bb241a8485b8c8b3	0	0	0	0	0	0	0	0	0	0	0	0	0	0	0	0	0	0	0	0	0	0	0	0	3	0	0	0	0	0
f351da512c158de62e0d33f7cbda72de	0	0	0	0	0	0	0	0	0	0	19	0	0	0	0	0	0	0	0	0	0	0	0	0	0	0	0	0	0	0
13221aae3bbea10ee4fe85f992ae2051	0	0	0	0	0	0	0	0	0	0	0	0	0	0	0	0	0	0	0	0	0	0	0	0	0	0	0	0	9	0
c95948282a5c13a8e22e88c484def849	0	0	0	0	0	0	0	0	0	0	7	0	0	0	0	0	0	0	0	0	0	0	0	0	0	0	0	0	0	0
0f43e433377853290aa25c5c2fe77fcd	0	27	0	0	0	24	0	0	0	0	0	0	0	0	0	0	0	0	0	0	0	0	0	0	0	0	0	0	0	0
a2ec098ef3ec82546f207e60792310fa	0	11	0	0	0	0	0	0	0	0	0	0	0	0	0	0	0	0	0	0	0	0	0	0	0	0	0	0	0	0
a94b69db0e80797e0172883e0c34f032	3	0	0	0	0	0	0	0	0	0	0	0	0	0	0	0	0	0	0	0	0	0	0	0	0	0	0	0	0	0
7fdfa9b345737f00e29409012f40e69a	0	0	0	0	0	0	0	0	4	0	0	0	0	0	0	0	0	0	0	0	0	0	0	0	0	0	0	0	0	0
a1d91dc95aa3b7891f32de63d6d197fc	0	0	0	0	0	0	0	0	0	3	52	10	0	0	0	14	0	73	0	0	2	0	0	0	0	0	0	0	0	0
2d2e4dcbf546ca612dfc9d77deeb44ed	0	0	0	0	0	0	0	0	0	0	0	0	0	0	0	0	0	0	0	0	0	0	0	0	0	0	0	0	15	0
8435973d1536dc5f9ca489bfb365b32b	0	0	0	0	0	0	0	0	0	0	11	0	0	0	0	0	0	0	0	0	0	0	0	0	0	0	0	0	0	0
665ea141e96b0046fa5764b9cc795a7b	17	0	0	0	0	0	0	0	0	0	0	0	0	0	0	0	0	0	0	0	0	0	0	0	0	0	0	0	0	0
60e038e4387dbcd1d38e0bd2d4e91ba7	0	0	0	0	0	0	0	0	0	0	0	0	0	21	0	0	0	0	0	0	0	0	135	0	0	0	23	0	0	0
11a457d2643f05f322395cafa1e05c2b	0	0	0	0	0	0	0	0	0	19	0	0	0	0	0	0	0	0	0	0	0	0	0	0	0	0	0	0	59	0
d6395688e30fb80c86054ed17a978cbe	0	0	0	0	0	0	0	0	0	0	0	0	0	0	0	0	0	0	22	0	0	159	0	0	0	0	0	0	0	0
cb710f9e0aa7b219cfe98566d4ac0fe7	0	0	0	0	0	0	40	0	0	0	0	0	0	0	0	0	0	0	0	0	0	0	0	0	0	0	0	0	0	0
54fdf339c2d710c6be46a9eaecadeca4	0	0	0	0	0	5	10	0	0	0	0	0	0	0	0	0	0	0	0	0	0	0	0	0	0	0	0	0	0	0
52502319bd06227928f45a75fbbb4b99	0	2	0	0	0	0	0	0	0	0	0	0	0	0	0	0	0	0	0	0	0	0	0	0	0	0	0	0	0	0
53ffd1c4052699153a779f0c83eb4645	0	0	0	0	0	0	0	0	0	0	0	0	0	0	0	0	0	0	0	0	0	0	0	0	0	0	0	9	0	0
cc925b13e3866b849404a9d95cf1380b	0	0	0	0	0	0	0	0	0	0	0	0	0	0	0	0	0	0	0	0	0	0	0	0	0	0	15	0	0	0
f1fbf0ca602882f0a78b2a7ee2baeb25	0	0	0	0	0	0	0	0	0	0	0	0	0	0	4	0	0	0	0	0	0	0	0	0	0	0	0	0	0	0
69759ec4a54aebe5212224c78ec11018	0	0	0	0	0	0	0	0	0	0	2	0	0	0	0	0	0	0	0	0	0	0	0	0	0	0	0	0	0	0
e86574f7927ce141cf80e89cd4ca13cc	0	0	0	0	0	0	0	0	0	0	0	0	0	0	0	50	0	0	0	0	0	0	0	0	0	0	0	0	0	0
4c3390861e023de80256e5c4fd54329c	0	0	0	0	0	0	0	0	0	3	0	0	0	0	0	0	0	0	0	0	0	0	0	0	0	0	0	0	0	0
35c2f4b4d76a52a2d33ff1599b37c282	0	0	0	0	0	30	0	0	0	0	0	0	0	0	0	0	0	0	0	0	0	0	0	0	0	0	0	0	0	0
0df7e500dc6926b5d262d14cdbbc0043	0	0	0	0	21	0	0	0	0	0	0	0	0	0	0	0	0	0	0	0	0	0	0	0	0	0	0	0	0	0
a65c7687c9c2e6593c9e37be4280cc41	0	0	0	0	6	0	0	0	0	0	0	0	19	0	0	0	0	0	0	0	0	0	0	0	0	60	7	0	0	0
2b3862c0a24400451c64336931c9bf89	0	0	0	0	0	0	0	0	0	0	2	0	0	0	0	0	0	0	0	0	0	0	0	0	0	0	0	0	0	0
81697aafb6eb1499e387fafdb82f7a21	0	0	0	0	0	0	0	0	0	0	0	0	18	0	17	0	0	0	0	0	0	0	0	0	0	0	0	0	0	0
a0ad2e44905b2278f85f676200764b5f	0	0	0	3	0	0	0	0	0	0	0	0	0	0	0	0	0	0	0	0	0	0	0	0	0	0	0	0	0	0
a78660022adf9ce75d96de0dd790765d	2	10	0	0	0	0	0	0	0	0	0	0	0	0	0	0	0	0	0	0	0	0	0	0	0	0	0	0	0	0
8485048db6c11bc8a981532af9769109	0	0	0	0	0	0	0	0	0	0	0	0	0	0	0	8	0	0	0	0	0	0	0	0	0	0	0	0	0	0
97d5bf8dea615b81c7856342562744de	0	0	0	0	0	0	0	0	0	0	0	0	0	0	0	0	0	0	0	0	0	0	0	0	0	0	0	0	5	0
5848297035af40e642eee5913fa552d6	0	0	0	0	0	0	0	0	0	0	0	0	0	57	0	30	0	0	34	0	0	0	0	0	0	0	0	0	0	0
75f888be420c0d6e1aa832568da94e80	324	51	95	60	81	280	237	29	124	498	79	85	12	88	45	0	20	26	0	44	8	0	0	22	12	24	35	14	0	0
eb4c576cff15e7cbbf8843fe85afd708	0	0	0	0	0	0	0	0	0	0	0	0	0	0	0	0	0	0	0	0	0	0	0	0	0	0	0	7	0	0
a39f628a1aba54434c482dacbdafb7d7	0	0	0	0	0	0	0	0	0	0	0	0	0	0	0	0	0	0	0	5	0	0	0	0	0	0	0	0	0	0
8992a4661056cee161a93581a6e8f714	0	0	0	0	0	0	0	0	0	0	0	0	0	0	0	0	0	0	0	112	0	0	0	0	0	0	0	0	0	0
ad40d60fbf00dbac249aae39cfa4c728	0	0	18	0	0	0	0	0	21	0	49	0	0	0	0	0	26	0	0	0	0	0	0	14	0	0	0	55	0	573
0375f2aa0cdcbc1f5987ef27b48cff17	0	0	0	0	0	0	0	0	0	0	0	0	0	0	0	0	0	0	0	0	0	69	0	14	16	0	5	0	0	0
0d61d1ef51c84204fae2a07d6e0939f2	0	0	108	0	0	0	0	0	0	0	0	0	0	0	0	0	0	0	0	0	0	0	0	0	0	0	0	0	0	0
76ecd2a01293dbb6c10defc2af7e1fa6	0	0	0	0	0	0	0	0	0	0	0	0	0	0	0	0	0	0	0	0	0	0	0	0	0	0	0	21	0	0
ce49d602f26f45a1267cc3091c61cb36	0	0	0	0	0	0	0	0	0	0	0	0	0	0	0	0	0	0	0	0	0	0	0	0	0	7	0	0	6	0
b73ebbc1195ee875f86f720ee8c8e595	0	0	32	0	0	0	0	0	0	0	0	0	0	0	0	0	0	0	0	0	0	0	0	0	0	0	0	0	0	0
46546bc1a0a7f536c2c220671e5ad9c5	0	0	0	0	0	0	0	0	0	0	0	0	0	0	0	5	0	23	0	0	0	0	0	0	0	0	0	0	0	0
d9e321d1cb45b80045f73095d1854a1a	109	0	11	52	15	152	20	16	19	16	37	0	0	0	0	0	0	0	0	15	0	0	0	0	0	0	0	0	0	0
a55d2c537f5085bee8552ea55c62c503	0	12	0	0	0	0	0	0	0	0	0	0	0	0	0	0	0	0	0	0	0	0	0	0	0	0	0	0	0	0
0ff96fe2c3c59529aa249885a585f12f	0	0	0	0	0	0	0	0	0	0	0	0	0	0	0	0	0	0	0	3	0	0	0	0	0	0	0	0	0	0
01fc6c3810c6341c55d6fca6550b5474	0	0	0	0	0	0	2	0	0	0	0	0	0	0	0	0	0	0	0	0	0	0	0	0	0	0	0	0	0	0
9be4601d04a3272b3a18003ffa4fd33a	0	0	0	0	0	0	23	0	0	0	0	0	0	0	0	0	0	0	0	0	23	0	0	0	0	0	0	0	0	0
3d287bc314635ea9c8252c66d6aaa136	0	0	0	0	16	0	0	0	0	0	0	0	0	0	0	0	0	0	0	0	0	0	0	0	0	0	0	0	0	0
803c546b049ec8a527ac9eaf203c4b2b	11	0	0	0	0	0	0	0	0	0	0	0	0	0	0	12	0	0	20	0	0	0	0	0	0	0	0	0	0	0
02a61165247143a069bc9c67c75cb91e	0	0	0	0	0	0	0	0	9	0	0	0	0	0	0	0	0	0	0	0	0	0	0	0	0	0	0	0	0	0
c7bdf64226a9896f38c4f37b6495079e	0	0	0	0	0	0	0	0	0	0	0	0	0	0	0	0	0	3	0	0	0	0	0	0	0	0	0	0	0	0
360ec19d360a76bf97791e1c126f4241	0	0	0	0	0	0	0	0	0	0	0	0	18	0	33	0	0	0	0	0	0	0	0	0	0	0	57	0	40	0
ca0e78df08586d005df3403d940d4b11	0	0	0	0	0	0	0	0	0	0	0	0	1	0	0	0	0	0	0	0	0	0	0	0	0	0	0	0	0	0
a2d73e87e2cf08490802165ed1416f21	0	0	0	0	0	0	0	0	0	0	0	0	0	0	0	0	0	0	0	0	0	0	4	0	0	0	0	0	0	0
fb65380858195ad38cade3aff242314d	0	0	0	0	0	0	0	0	0	0	0	0	0	0	20	0	0	0	0	0	0	0	0	0	0	0	0	0	0	0
4f7f6bfe58f75e17741cf946ae36ecfc	24	42	0	87	0	42	91	0	43	33	44	97	36	25	11	49	105	76	71	0	0	0	0	0	0	44	0	0	0	0
f370c1583d04ef0ab684f6457c7d9b8e	0	0	0	0	0	0	0	0	0	0	24	28	0	0	0	26	375	0	0	0	0	0	0	0	0	0	0	0	0	0
a71c6b2c57f2c51967ae26dc47b84dab	0	0	0	0	0	0	0	0	0	0	0	0	0	0	0	0	0	0	0	0	0	0	0	0	0	0	0	0	5	0
8c4d6c3a2aa10f2a4382409f38da4f4d	0	0	0	0	0	0	0	0	0	0	6	0	0	0	0	0	0	0	0	0	0	0	0	0	0	0	0	0	0	0
8ff43a20a60285b947503b78c401940a	0	0	0	0	0	0	0	0	0	0	0	0	25	0	0	0	0	0	0	33	0	0	0	0	1	0	0	0	0	0
df7a47e5aca4c514be71a0e078772825	0	0	0	0	0	0	0	0	9	0	0	0	0	0	0	0	6	0	0	0	0	0	0	0	0	0	0	0	0	0
270df78e0ae0bede8f785af020702f1e	0	0	0	0	0	0	0	0	0	0	0	0	0	0	0	0	0	3	0	0	0	0	0	0	0	0	0	0	0	0
585baf5c7f1eaf0e974fd70e3539cd7f	0	0	0	0	0	0	0	0	0	0	6	0	0	0	0	0	0	0	0	0	0	0	0	0	0	0	0	0	0	0
145fd68e4d9daed3f438a39b2ee492aa	0	0	0	0	0	0	0	0	0	0	18	8	0	0	0	17	0	9	0	0	0	0	0	0	0	30	0	0	17	0
a0e00af9c3820edb11d40298c2672081	0	0	0	0	0	0	0	0	0	0	0	12	0	0	0	0	0	15	0	0	216	0	0	0	10	0	0	20	0	0
6aa6f3b0078030db2530192c6d39c039	0	0	0	0	0	0	0	0	0	0	0	0	0	0	0	0	0	0	0	0	0	2	0	0	0	0	0	0	0	0
c389d120587064295892b4e9b78e4780	0	0	0	0	0	0	0	0	0	0	0	0	0	0	27	0	0	0	0	0	0	0	0	0	0	0	0	0	0	0
5f26e285d0ef9f23ffdae48762b5bcbc	261	0	789	0	34	168	0	28	14	0	67	24	10	40	0	51	96	16	33	28	0	53	9	42	90	47	0	121	91	90
ed9c03c74ceacea8487ae98db1a3312b	0	0	8	0	0	0	0	0	0	0	0	0	0	0	0	0	0	0	0	0	0	0	0	0	0	0	0	0	0	0
b5ddd0a64095574b475215c3e1349e2e	0	0	0	0	0	0	0	0	0	0	0	0	0	14	0	0	0	0	0	0	0	0	0	0	0	0	0	0	0	0
a63eecb03e14455789f6e0a4aa3a5c02	0	0	0	0	0	0	0	0	0	0	0	0	24	0	0	0	0	0	0	0	0	0	0	0	0	0	0	0	0	0
2b8350093c3e148913967659e66cfa8a	0	0	0	0	0	0	0	0	0	0	0	0	0	0	0	0	0	0	6	0	0	0	0	0	0	32	18	41	0	33
7c176b14a2d1b2a4a75a0fc00e12c004	0	0	0	0	0	0	20	0	0	0	0	0	0	0	0	0	0	0	0	0	0	0	0	0	0	0	0	0	0	0
427d6a21d8b366bddaee4f65cf8bb966	0	0	0	0	0	0	10	0	0	0	0	0	0	0	0	0	0	0	0	0	0	0	0	0	0	0	0	0	0	0
fc89eb4b2961aeaf889f46005b052dc3	0	33	0	0	0	0	0	0	0	0	0	0	0	0	0	0	0	0	0	0	0	0	0	0	0	0	0	0	0	0
5d8ecee0e7981e0a8945d1f15868ad12	0	0	0	11	0	0	0	0	0	0	0	0	0	0	0	0	0	0	0	0	0	0	0	0	0	0	0	0	0	0
6cce312df87e471b83bdf4b9d5a1714d	0	0	0	0	0	0	0	0	0	0	0	0	0	0	15	11	0	0	0	0	0	0	0	0	0	0	0	0	0	0
44b5e2d9444ee9e8b37f8bbb2ac57b50	0	0	2	0	0	0	0	0	0	0	0	0	0	0	0	0	0	0	0	0	0	0	0	0	0	0	0	0	0	0
6ed0006059f115634800a7af6768ba46	0	0	0	26	0	29	9	0	73	0	0	0	0	0	45	0	0	31	66	0	0	0	0	0	0	0	7	32	0	0
6e910c274cf3bbed967e374f7a5f0c1c	0	0	0	0	0	0	0	0	6	0	0	0	0	0	0	0	0	0	0	0	0	0	0	0	0	0	0	0	0	0
11842ab86e2afc4414da5778f7f409f5	0	0	0	0	0	0	0	0	0	0	0	0	144	26	0	7	13	0	26	0	0	0	0	50	57	27	61	0	25	0
89b423cd3e33e714f8f8b9c9d337a31c	0	0	0	0	0	0	0	0	0	0	0	0	0	0	0	0	0	0	0	0	0	0	0	0	0	2	0	0	0	0
78d94c24db8ff64f61d2bbd6e522942f	0	0	0	0	0	0	0	0	0	0	0	0	0	0	0	0	0	0	0	0	0	0	0	10	0	0	0	0	0	0
32ec54a50bb7470cc337be0fbf6e4a6d	0	0	0	0	0	0	0	0	0	0	0	0	0	0	0	0	0	0	0	0	0	0	0	0	0	0	0	0	0	16
4a50ae8e9dcb8e582e28d758ae5bcc62	0	0	0	0	0	0	0	0	22	0	0	142	0	0	0	0	0	5	5	0	0	0	0	0	0	0	0	0	0	0
b91589fb9052e4440eaeba65bd7bde8a	0	0	0	0	0	0	0	0	0	0	0	0	0	0	0	0	0	7	0	0	0	0	0	0	0	0	0	0	0	0
137622b7c61fb169d6dbc89ba746bd37	72	53	34	111	15	116	13	28	21	185	0	10	0	0	0	0	0	0	0	0	0	11	0	0	0	138	18	17	0	0
3c9070cc057f03370aab862c7df6f6fc	0	134	0	29	0	15	0	0	22	0	56	0	0	0	0	0	0	0	0	0	0	0	0	0	0	0	0	0	0	0
7479e2588b2cfca7509444db9d097b9a	0	0	0	0	0	0	0	2	0	0	0	0	0	0	0	0	0	0	0	0	0	0	0	0	0	0	0	0	0	0
40eca430147e725b5834011aee32ae68	0	0	0	0	0	0	0	0	0	0	10	0	0	0	0	0	0	0	0	0	0	0	0	0	0	0	0	0	0	0
c707a25f02c9b001e8cc8a30558a83e1	0	0	0	0	0	0	0	0	12	0	0	0	0	0	0	0	0	0	0	0	0	0	0	0	0	0	0	0	0	0
9d2350266b2b853221b25541a8a3b001	0	0	0	0	0	0	0	0	0	0	0	0	0	0	14	0	0	0	0	0	0	0	0	0	0	0	0	8	6	0
1f832784a48c6ff1ffefb2a27d02e089	0	0	0	0	0	0	0	0	0	0	0	0	0	0	0	0	0	0	0	0	0	0	0	0	0	18	0	0	0	0
c37214112efa978ffb4cae255e75f5c6	0	0	0	0	0	0	0	0	0	0	0	0	5	0	0	0	0	0	0	0	0	0	0	0	0	0	0	0	0	0
13c3c0e43ed9164a33d76ed0cdfce219	0	0	0	0	0	5	0	0	0	8	0	0	0	0	0	0	0	0	0	0	0	0	0	0	0	0	0	0	0	0
48bc8cc024761af806365d4ce6ef00ed	0	0	0	0	0	0	0	0	0	0	0	0	0	6	0	0	0	0	0	0	0	0	0	0	0	0	0	0	0	0
92170212550fdffc453f8363bdae2fcb	46	0	0	0	0	0	0	0	0	115	0	0	0	0	0	0	0	0	0	0	0	0	0	0	0	0	0	0	0	0
f1a132ed9e57047e09e75c19061c80c4	0	0	0	0	0	0	0	0	0	0	0	0	0	0	0	13	0	0	0	0	0	0	0	0	0	0	0	0	0	0
03f72e382b62101c0e92e874d1626735	0	2	0	0	0	0	0	0	0	0	0	0	0	0	0	0	0	0	0	0	0	0	0	0	0	0	0	0	0	0
80347216ea698142948c57dd0a460db7	0	0	0	0	0	0	0	0	0	0	0	0	0	0	0	0	0	0	0	0	0	0	0	0	0	0	0	0	9	0
8489abc01ce35809fa95e5bb662d4819	0	0	0	0	0	0	0	0	0	0	0	0	0	0	0	0	0	0	0	0	0	0	0	14	0	0	12	0	8	0
aedc14e289127deedb9974cfdbdb228d	11	0	0	0	0	0	0	0	0	0	0	0	0	0	0	0	0	0	0	0	0	0	0	0	0	0	0	0	0	0
b9390f051b41041c124c1e112a6c0421	0	0	0	0	0	0	0	0	0	0	0	0	0	0	0	0	0	0	0	0	0	0	0	37	22	67	30	0	27	0
4f17e929671f4b7331f355e3393c2d3a	0	0	0	0	0	0	0	0	0	0	9	0	0	0	0	0	0	0	0	0	0	0	0	0	0	0	0	0	0	0
664a9f7e1da2c16d1d19b6b7808a561d	0	0	0	0	0	0	0	0	0	0	0	0	0	2	0	0	0	0	0	0	0	0	0	0	0	0	0	0	0	0
649531c3b39234032933ad785adfcd4a	0	0	77	0	0	0	0	0	0	0	0	0	0	0	0	0	0	0	0	0	0	0	0	0	0	0	0	0	0	0
ea1e950d03062fd1d63680e24e350eed	0	0	0	0	0	0	0	0	0	0	0	0	0	0	0	0	0	0	0	0	0	0	0	0	0	103	0	0	0	19
bc7daeddf5f69e6db5e6f22e3b72e217	0	0	3	0	0	0	0	0	0	0	0	0	0	0	0	0	0	0	0	0	0	0	0	0	0	0	0	0	0	0
09a41d96a44ba8dbd01b5dae0115d4b8	0	0	0	0	0	0	0	0	0	0	0	0	0	0	0	0	0	0	0	0	0	0	0	2	0	0	0	0	0	0
f97e6c8f8615545a0e6928f96f42cead	0	0	0	0	0	0	0	0	0	0	0	0	0	0	0	0	0	0	0	0	0	0	0	2	0	0	0	0	0	0
ad9e52fce61fa60b328cac17e7fe5734	0	0	0	0	0	0	0	0	0	0	0	0	0	0	0	0	0	0	0	0	0	0	0	0	0	0	0	0	10	0
29712bf5714e2bd17f4b23ae33d98fb7	12	156	56	0	19	26	8	10	0	10	0	0	0	19	0	9	0	0	4	13	0	0	11	0	8	0	6	0	11	0
c4542ef1b27782bdb3501d26911e41a0	0	0	0	0	0	7	0	0	0	0	0	0	0	0	0	0	0	0	0	0	0	0	0	0	0	0	0	0	0	0
ef9e210a5cdb3f14bd1d289c8c2f0d52	0	0	0	0	0	0	0	0	0	0	0	0	0	0	0	0	0	0	0	0	0	0	0	0	10	0	0	0	0	0
ad5a14d165a0b80e0d71dd0281b593c5	0	0	0	0	0	0	0	0	0	0	0	0	0	0	0	0	0	0	0	0	0	0	0	0	0	0	7	0	0	0
61601ddd1d96a3cee21555376b889781	0	0	0	0	0	0	0	0	0	0	0	0	0	0	43	14	0	0	0	0	0	0	0	0	0	9	0	0	0	0
b462fc8b7573878e37d879bb38775698	44	128	96	248	237	35	51	449	81	47	24	23	17	0	0	25	0	96	0	0	0	0	0	0	24	0	0	0	37	0
425a9347a46f29aa762b4eea43f75e78	0	0	0	0	0	0	60	0	0	0	0	0	0	0	0	0	0	0	0	0	0	0	0	0	0	0	0	0	0	0
f871484bd9aeb240fa8bf5653f5696b0	7	0	0	0	0	0	0	0	0	0	0	0	0	0	0	0	0	0	0	0	0	0	0	0	0	0	0	0	0	0
e9059b6c8016790c76b464f0a5e5e8d1	0	0	10	40	0	0	58	24	0	0	12	0	0	0	0	0	0	0	25	0	0	0	0	0	0	0	0	0	0	0
f24324a12a201d0fe2bfd465994a28ac	13	10	0	0	14	0	0	0	17	0	0	0	0	0	0	0	0	0	0	0	0	0	0	0	0	0	0	0	0	0
0fa387d78147ff394fb1a27ba5fb2fcb	27	0	29	175	0	0	539	101	65	407	22	310	0	25	0	0	0	248	36	26	5845	158	85	102	44	76	44	194	135	154
d327b09cba349dad80cb53d870663522	0	0	0	0	2	0	0	0	0	0	0	0	0	0	0	0	0	0	0	0	0	0	0	0	0	0	0	0	0	0
72913dd13b6c4274178c33bc1b9d8724	27	12	0	21	17	31	0	0	0	0	0	0	0	0	0	0	0	0	0	0	0	15	0	78	30	44	18	23	11	0
d6f947801cca68f8235a36a1f67b8b40	0	0	0	0	0	0	0	0	0	0	0	0	0	0	0	0	0	0	0	2	0	0	0	0	0	0	0	0	0	0
c308544f39f41c1332d4a5931a270f58	73	4	0	0	0	0	3310	88	0	0	0	0	0	0	107	0	0	0	0	0	0	0	0	83	0	68	0	79	0	0
e4b4adbcdfd7abae35d3d8ce17459454	0	0	0	0	0	0	0	0	0	0	0	0	0	0	0	0	0	0	0	0	0	0	0	0	0	0	0	0	6	7
dc6d99bceb621201ab40054e2d751592	0	0	0	0	0	0	0	0	0	0	6	0	0	0	0	0	0	0	0	0	0	0	0	0	0	0	0	0	0	0
7191cbeba929615769620c05a343708e	0	0	0	0	0	2	0	0	0	0	0	0	0	0	0	0	0	0	0	0	0	0	0	0	0	0	0	0	0	0
c4718361d1959c35b342573d43088af5	0	0	0	0	0	0	0	0	0	16	0	0	0	0	0	0	0	0	0	0	0	0	0	0	0	0	0	0	0	0
492f71da5b0f8cff485eccd4a6ce67a2	0	0	0	0	0	0	0	0	0	0	0	0	0	27	0	0	0	0	0	0	0	0	0	0	0	0	0	0	0	0
eacadc049945e63a97b4c406da3dba65	0	0	0	0	0	0	0	0	2	0	0	0	0	0	0	0	0	0	0	0	0	0	0	0	0	0	0	0	0	0
76a84b73db8b9e7fb347c9be4a8a4706	0	0	0	0	0	0	0	0	0	0	0	56	42	159	435	98	0	0	83	57	44	143	39	63	86	57	0	53	73	0
bf0d631bc056366943ecb06499d080bf	0	0	0	0	0	0	0	0	0	0	0	0	0	0	0	0	0	0	0	0	0	0	0	0	0	0	0	0	0	2
59ee793407dffb0f56238ce783c5ea65	0	0	0	0	0	0	0	0	0	0	0	25	0	0	95	35	0	22	35	0	0	0	0	0	29	0	0	27	30	0
2ef8efc8c6f52c96cf76693a5e1fda84	0	0	0	0	0	0	0	0	0	0	0	0	0	0	12	0	0	0	0	0	0	0	0	0	0	0	0	0	0	0
90394b27c938f5fbae46b1ca547f0dd7	0	0	0	6	0	0	0	0	0	0	0	0	0	0	0	0	0	0	0	0	0	0	0	0	0	0	0	0	0	0
9435eb6cbcac9adec2e017813f06c335	0	0	0	0	0	0	0	0	0	0	0	0	0	0	0	0	0	0	0	0	13	0	0	0	0	0	0	0	0	0
91b41feab12035d837ca68edc42af1ad	0	0	0	0	0	0	0	0	0	0	0	0	0	0	0	0	0	0	15	0	0	0	0	0	0	0	0	0	0	0
f6e9d2ba48a4c1995b0a79c64ba20346	19	0	0	27	0	0	30	0	32	0	15	0	0	0	0	0	0	0	0	0	0	0	0	0	0	0	0	0	0	0
d3356464999c5560b0e517bee8c1f09e	0	0	36	0	0	15	78	116	33	0	0	75	142	42	0	13	20	0	15	0	0	0	0	0	0	0	0	0	0	0
e313295cce1f1b6b993c943a53e707e8	0	0	0	0	0	0	0	0	0	0	0	0	0	0	0	0	0	0	0	0	0	0	0	0	0	0	0	0	2	0
1a4da5b1eb28c5575fd90e98fe0b8ed1	0	0	0	0	8	0	0	0	0	0	0	0	0	0	0	0	0	0	0	0	0	0	0	0	0	0	0	0	0	0
f218fc194f26688a38cf49282cd0bf96	0	0	0	0	0	0	5	0	0	0	0	0	0	0	0	0	0	0	12	0	0	0	0	0	0	0	0	0	0	0
4ac86a9aff80b4cde282f8beea31265a	0	0	0	0	0	0	0	0	0	6	0	0	0	0	0	0	0	0	0	0	0	0	0	0	0	0	0	0	0	0
5bcb1a57c85396c45d94337d4d04f6db	0	0	0	0	0	0	0	0	0	0	0	0	0	0	0	0	2	0	0	0	0	0	0	0	0	0	0	0	0	0
e390eeee46f65e12bc938915c2256f30	0	0	0	0	0	3	0	0	0	0	0	0	0	0	0	0	5	0	0	0	0	0	0	0	0	0	0	0	39	0
dd0006007b5b93c8b38db8bf7f2f4edb	0	0	0	0	0	0	0	0	0	0	0	0	0	0	0	0	0	0	0	0	0	0	0	0	0	0	0	0	0	2
ccdfe262445409d1847395c5bfcc83e9	0	0	0	0	0	0	0	0	0	0	0	0	0	0	0	0	0	0	0	0	0	0	0	0	0	0	12	0	0	0
b36f6069c79c99e1b01c04275934ee8b	0	0	0	0	0	0	0	0	0	0	0	0	0	2	0	0	0	0	0	0	0	0	0	0	0	0	0	0	0	0
63ccacb028a234dbb01de7ccd083dbec	0	0	0	0	0	0	0	0	2	0	20	0	9	0	0	0	6	0	8	6	0	0	0	0	0	0	0	0	0	0
890646fd3e8d722d23683b4feb9a6c47	0	0	0	0	0	0	0	0	0	0	0	4	0	0	0	0	0	0	0	0	0	0	0	0	0	0	0	0	0	0
552c505b3b3fe15e7be2136ad7a8f8b2	0	0	0	0	0	0	0	0	0	0	0	0	6	0	0	0	0	0	0	0	0	0	0	0	0	0	0	0	0	0
14a68306f4655146484405c09fdbd961	0	0	0	0	0	0	0	0	0	0	0	0	0	0	0	0	0	0	0	0	0	0	0	0	0	0	0	0	0	16
75eceb6e4dad3f2c8a0e1692d8b5358e	0	27	0	0	0	47	0	0	0	0	46	0	0	0	0	0	0	0	0	0	0	0	0	0	0	0	0	0	0	0
556915967189ed92d6d26b5f0b490310	19	38	0	41	13	20	0	0	50	0	13	0	0	0	0	0	0	0	0	0	0	0	0	0	0	0	0	0	0	0
83540c655c0912db71b260628c588072	56	13	0	47	35	0	30	38	34	0	0	0	0	0	0	0	11	8	0	0	0	0	0	0	10	0	0	0	0	0
ea76c46585cf5e88aade5336c6960555	26	0	0	39	35	137	0	0	15	30	0	0	0	0	0	0	0	0	0	6	0	0	0	0	0	0	0	0	0	0
1841eade132d2ee6581bb1034a9046d0	0	0	0	0	0	0	0	0	0	0	0	0	0	0	0	0	0	0	0	0	0	0	0	0	0	0	0	10	0	0
c1eb13de2eb718ea8058e94642ec4c2d	0	0	0	19	0	0	0	0	0	26	0	0	0	0	0	0	0	0	0	0	276	62	83	0	0	0	0	0	0	0
b4f1ce5c38eff9e62e4fccc5fd37d232	0	0	0	2	0	0	0	0	0	0	0	0	0	0	0	0	0	0	0	0	0	0	0	0	0	0	0	0	0	0
31c7ecb1def200ab7c1d8f8eef503657	0	0	0	0	0	0	0	0	0	0	0	0	0	0	0	0	0	0	0	0	0	0	0	0	0	0	6	0	0	0
9b6409226a128d71158200f901df0d5b	0	0	0	0	0	3	0	0	0	0	0	0	0	0	0	0	0	0	0	0	0	0	0	0	0	0	0	0	0	0
661acc0e1a2bfa4d8194058d139d8ab1	0	0	0	0	0	0	0	0	0	0	16	0	0	0	0	0	0	0	0	0	0	0	0	0	0	0	0	0	0	0
b7cc59cbf3a24442b0216ccb34edd44b	0	0	0	0	0	0	0	0	0	0	0	0	0	0	0	0	0	0	0	0	0	3	0	0	0	0	0	0	0	0
4e9bdb25e27e377230ca7c9820b1ec7c	0	0	0	0	0	0	0	0	0	0	0	0	0	0	0	0	0	0	0	0	0	9	0	0	0	0	0	0	0	0
48e3d2b25c775ebdfb6b7da5e87fc75b	0	0	0	0	0	0	0	0	0	0	0	0	0	0	0	0	0	0	2	0	0	0	0	0	0	0	0	0	0	0
96f799080d81309fda4e842a21a1fd41	0	0	0	0	0	3	0	0	0	0	0	0	0	0	0	0	0	0	0	0	0	0	0	0	0	0	0	0	0	0
56198fa57e35d72dede9fcd2ea079141	0	11	0	12	11	0	0	0	0	0	0	0	0	0	0	0	0	0	0	0	0	0	0	0	0	0	0	0	0	0
c22404039a7d414a3835050c22659c70	366	267	27	129	93	537	24	30	44	141	0	13	10	0	27	16	19	10	0	44	0	0	18	23	36	0	28	26	24	64
b55ba993691a567ec9aef8241ad1de9e	0	18	0	0	0	0	0	0	0	0	0	0	0	0	0	0	0	0	0	0	0	0	0	0	0	0	0	0	0	0
88c3d8ea23856e0548ad1be3c71ae3b5	0	0	0	0	0	0	0	0	0	0	0	0	0	0	0	0	0	0	0	0	0	0	0	0	0	4	0	0	0	0
4f23749e7cca4f877c89d7e2fe76f896	0	0	0	0	0	0	0	0	0	0	0	0	0	0	0	0	0	0	13	6	0	0	0	0	0	0	0	0	0	0
9d0bbb7c066736911728d12207985f5e	0	0	0	0	0	0	0	0	120	110	0	131	0	0	0	0	55	0	90	110	0	0	0	0	0	0	0	0	0	92
63df1abc303b7ef05bc6b962b1c19079	0	0	0	0	0	0	0	0	0	0	0	0	0	0	0	0	0	0	0	0	0	0	0	0	0	0	0	0	5	0
305a2dde5785f07d73bdd21cf52a45fd	0	0	0	0	0	0	0	0	0	0	0	0	0	0	0	0	0	0	0	0	0	0	0	0	0	0	0	0	0	2
25029f539ac11f44f1d19cae828ee529	0	0	0	0	0	0	0	0	0	0	0	0	0	0	0	0	0	0	5	0	0	0	0	0	0	0	0	0	0	0
7b820c8b72465f61e734f498607d6278	0	0	0	0	0	0	0	0	0	0	19	0	0	0	0	0	0	0	29	0	0	0	0	0	0	0	0	0	0	0
d05c3985ef2ee907e898a7be1abb386b	0	0	0	0	0	0	0	0	0	0	0	0	9	0	0	0	0	0	0	0	0	0	0	0	0	0	0	0	0	0
60af068b17de7213ebe92202addeb9bb	0	0	0	0	0	0	0	0	0	0	0	0	131	0	0	0	0	0	0	0	0	0	0	0	0	0	0	0	0	0
b0729513653b2ce50c8953c79e823f20	0	0	0	0	0	12	0	0	0	59	0	0	0	0	0	0	0	0	0	0	0	0	0	0	0	0	0	0	0	0
02afbb834ce6d62852b6b3a0d0fdf92b	0	0	0	0	0	0	0	0	0	0	0	0	0	0	0	0	48	53	18	0	0	0	0	0	0	0	0	0	0	0
e8865a2b2d4701b05dad552f4cfb6eb1	0	0	0	0	0	0	0	0	0	0	3	0	0	0	0	0	0	0	0	0	0	0	0	0	0	0	0	0	0	0
99ff4646659c98587a59e46d09f62bdd	0	0	0	0	0	0	0	0	0	0	0	0	0	0	0	0	0	0	13	0	0	0	0	0	0	0	0	0	0	0
3ca701873972c504038ce47731e1c368	0	0	0	0	0	0	0	0	0	0	0	0	0	0	0	0	0	0	18	0	0	0	0	0	0	0	0	0	0	0
4cb4666efe2bf89bfe829237cd0046c1	0	0	0	0	0	0	0	0	0	0	0	2	0	0	0	0	0	0	0	0	0	0	0	0	0	0	0	0	0	0
a1de9ea34bfa0aad82d32b4ffefb6621	0	0	0	0	0	0	0	0	0	0	0	0	0	0	0	0	0	0	0	0	0	0	0	0	0	0	5	0	0	0
b88ff2229740fc9c75184565fb2a861d	0	5	0	0	0	0	0	0	0	0	0	0	0	0	0	0	0	0	0	0	0	0	0	0	0	0	0	0	0	0
80a975dce4e759985a416520448e5f0d	0	0	0	0	0	0	0	0	49	0	95	103	514	141	108	165	87	167	408	0	47	328	31	597	285	555	226	167	539	437
3326f6e0eacf14f189d544bf267a953b	0	0	0	0	0	0	0	0	0	0	0	0	8	0	0	0	0	0	0	0	0	0	0	0	0	0	0	0	0	0
f37dd015b580d5fec819c15efa9b74c0	0	0	0	0	0	0	0	0	0	0	6	0	0	0	0	0	0	0	0	0	0	0	0	0	0	0	0	0	0	0
2cbdcfff2bc179665aa996891f567362	0	0	0	0	0	0	0	0	0	88	0	0	0	0	0	0	0	0	0	0	0	0	0	0	0	0	0	0	0	0
a55242b46a3348e79a613d134f2074ea	0	0	0	0	0	0	0	0	0	0	2	0	0	0	0	0	0	0	0	0	0	0	0	0	0	0	0	0	0	0
4750ae3d2186da18ff0699dedd7fb75c	0	0	0	0	0	0	0	0	0	0	0	0	0	17	0	0	0	0	0	0	0	0	0	0	0	0	0	0	0	0
4f184aaa26f389b37b655dae48d0d4c8	0	0	0	0	0	0	0	0	0	0	13	0	0	0	0	0	0	0	0	0	0	0	0	0	0	0	0	0	0	0
6765097c49890b6d24fd592f187968fe	0	0	0	0	0	0	0	0	0	0	40	0	0	39	0	0	17	0	0	0	0	0	0	0	0	0	0	23	0	0
a9bcca19a8a52b47aa3d26e7d62e2734	0	0	0	0	0	0	0	0	0	0	0	0	0	0	0	0	0	7	0	0	0	0	0	0	0	0	0	0	0	0
32fff7f320b0226431f5b0ca53abc2d0	0	0	0	0	0	0	0	0	0	0	0	0	0	0	0	0	0	0	0	0	0	10	0	0	0	0	0	0	0	0
87ee8d1905eaae547cd5433f97effdda	0	0	0	0	0	0	0	19	11	0	0	0	0	0	0	0	0	0	0	0	0	0	0	0	0	0	0	0	0	0
428cbb3a69b93104772f6e183dc7af0d	0	0	0	0	0	0	0	0	0	0	13	0	0	0	0	0	0	0	0	0	0	0	0	0	0	0	0	0	0	0
80f59c944907990838fb4b2baf5d7e70	0	0	0	0	0	0	0	0	0	0	15	0	0	0	0	0	0	0	0	0	0	0	0	0	0	0	0	0	0	0
54d10b777eda6224f0be9f95be69728d	0	0	53	0	0	0	0	0	0	0	37	0	0	0	0	0	0	0	0	0	0	0	0	0	0	0	0	0	0	0
10a070871d21c9481082c039515492a0	26	91	0	48	0	0	97	62	0	0	0	0	0	0	100	0	0	52	0	0	330	0	0	0	0	0	0	118	0	57
044681dbc0834ae3bc22832304b1d273	0	0	0	0	0	0	0	0	0	0	0	0	0	0	0	0	0	0	2	0	0	0	0	0	0	0	0	0	0	0
6b68252f2615ddf882d90f3972a2b0df	0	0	0	19	15	0	0	0	0	0	0	0	0	0	0	0	0	0	0	0	0	0	0	0	0	0	0	0	0	0
e15b048341798a1b35ccae533e12ea7b	0	0	0	0	0	18	0	0	0	0	0	0	0	0	0	0	0	0	0	0	0	0	0	0	0	0	0	0	0	0
d11638359e7f64bd29eeead9bcf2d461	0	0	0	0	11	0	0	0	0	0	0	0	0	0	0	0	0	0	0	0	0	0	0	0	0	0	0	0	0	0
04ad7ecc8bdadbbee2c8fd2b621b5294	0	0	0	0	0	0	0	0	0	0	0	0	12	0	0	0	0	0	0	0	0	0	0	0	0	0	0	0	0	0
891f97eea4e5980a09f9e2a99fe608ee	0	0	0	0	0	0	0	0	0	0	5	0	0	0	0	0	0	0	0	0	0	0	0	0	0	0	9	0	0	0
db6302f5f48385f9357d812983e25f10	0	0	0	0	0	0	0	0	0	0	0	0	0	0	0	0	0	0	0	0	0	0	0	0	0	0	10	0	0	0
28f34f694147cdd417b066520edcb7d6	14	0	0	0	0	0	0	0	0	6	0	0	0	0	0	0	0	0	0	0	0	0	0	0	0	0	0	0	0	0
c1387e56336141e8def1a6419066edec	0	0	0	0	33	0	0	0	0	0	0	0	0	0	0	0	0	0	0	0	0	0	0	0	0	0	0	0	0	0
5ac18c3f268fba96b8843ccdcce2f214	0	0	0	0	0	0	0	0	0	0	0	0	0	4	0	0	0	0	0	0	0	0	0	0	0	0	0	0	0	0
3f6770d3567fc1edb6fc60f7cfb619b6	0	0	0	0	0	0	0	0	0	0	0	0	0	0	0	0	0	0	0	0	0	0	0	0	0	0	0	0	3	0
2ad4b3863aa3926c3e2fb97736a6cb37	0	0	0	0	0	0	0	0	24	131	0	14	0	14	0	42	24	28	0	33	0	20	11	0	0	152	100	0	55	0
12d178df2b048fd942af5fec741aa92e	0	0	0	0	0	0	0	0	0	0	0	0	0	0	0	0	0	3	0	0	0	0	0	0	0	0	0	0	0	0
742f745433f235b6bbc2d4ea91deff69	0	0	0	0	0	0	0	0	0	45	0	0	0	0	0	0	0	0	0	0	0	0	0	0	0	0	0	0	0	0
3600dfc92b9e904945c22a3e827c8969	0	0	0	0	0	0	0	0	0	0	0	0	0	0	16	0	53	21	0	0	0	0	0	0	0	0	0	0	0	0
72b1d5abfcf7c3af7d301961d69121a3	0	0	0	0	0	0	0	0	0	0	0	0	0	0	0	0	0	4	4	0	0	0	0	0	0	0	0	0	0	0
19af3771f4d075f72f5c6ee34ee72e46	0	0	0	0	0	0	4	0	0	0	0	0	0	0	0	0	0	0	0	0	0	0	0	0	0	0	0	0	0	0
c630665b7f2b9721014fbacc3da7f07e	0	13	0	0	12	0	0	0	0	0	0	0	0	0	0	0	0	0	0	0	0	0	0	0	0	0	0	0	0	0
959923948814592e6ed6505e885162ff	0	0	0	0	0	0	0	0	0	0	0	0	0	0	0	11	0	0	0	0	0	0	0	0	0	0	0	0	0	0
a69d4be8e1ed8c2cbee5ff1af14009ae	0	0	0	0	0	0	0	0	0	0	0	0	0	0	0	0	0	1	0	0	0	0	0	0	0	0	0	0	0	0
5767f04c804168bb241306e25c111d6c	0	0	0	0	0	0	0	0	0	0	0	0	0	0	0	0	21	0	0	0	0	0	0	0	0	0	0	0	0	0
10c3a1659745c5ae1dc1e3ca7a502739	0	0	0	0	0	0	0	0	0	0	0	0	0	0	0	18	0	0	0	0	0	0	0	0	0	0	0	0	0	0
0a2f8137c529e25c69ba90c89f178660	0	0	0	0	0	0	0	0	0	0	0	18	0	0	10	31	0	0	13	0	0	0	0	0	0	0	0	0	0	0
add3b0bd0473ec80489e0689ccdc726e	0	0	0	0	0	0	0	0	0	0	0	0	0	0	0	0	0	0	0	0	0	0	0	0	3	0	0	0	0	0
7837232dc49687c1145222885a45d6e5	0	0	0	0	0	0	0	0	0	0	0	0	5	0	0	0	0	8	16	0	0	0	0	0	0	0	0	0	32	0
c596ebdde4d4b5bd7b64594af117f573	0	0	0	0	0	20	0	0	0	0	0	0	0	0	0	0	0	0	0	0	0	0	0	0	0	0	0	0	0	0
295ddbf4ec04a570efc4c1ec8c9729db	0	0	0	0	0	0	0	0	0	0	0	0	0	0	0	0	0	0	0	0	0	0	0	0	0	0	0	9	0	0
06699ff38327f333896a61bb066ab21d	0	0	0	0	0	0	0	0	0	0	0	0	0	0	0	0	0	0	0	0	0	0	0	0	0	27	0	0	0	0
0983f72d7b1b5ee7bfbc1d284d0f96ee	0	0	0	0	0	0	0	0	0	0	0	0	0	19	0	0	16	0	0	0	0	0	0	0	0	0	0	0	0	0
97c37d970bd31049bdc2c7ffd160312f	0	0	0	0	0	0	0	0	0	0	0	0	0	0	0	0	0	0	0	0	0	0	0	0	0	0	0	17	0	0
165ce84db83fb3602d8ec7491497a693	0	0	0	0	0	0	0	0	0	0	0	14	0	0	0	0	0	0	0	0	0	0	0	0	0	0	0	0	0	0
691e093dcccde7505f8adefe4b0351db	0	0	0	0	0	0	0	0	0	0	0	0	0	0	0	0	0	0	0	0	0	0	0	0	0	0	0	0	8	0
034e792b6e7651b2a13a71578667e771	0	10	0	0	0	0	0	11	0	0	5	0	0	0	0	0	0	0	0	0	0	0	0	0	0	0	0	0	0	0
1cd784d6eaea62f24e63acf07c592241	0	4	0	0	0	0	0	0	0	0	0	0	0	0	0	0	0	0	0	0	0	0	0	0	0	0	0	0	0	0
4c21d2b0ca2fdfc659c272f6b30a13d4	0	0	0	0	0	0	0	0	11	0	0	0	0	0	0	0	0	0	0	0	0	0	0	0	0	0	0	0	0	0
e6306c41bee5d70f619bef3bbedf8986	0	0	0	0	0	0	0	0	0	0	0	0	0	0	0	0	23	0	0	0	0	0	0	0	0	18	0	0	44	0
ceebfea77b3707f1997b67a795af97c2	0	6	0	0	0	0	0	0	0	0	0	0	0	0	0	0	0	0	0	0	0	0	0	0	0	0	0	0	0	0
bab8c83127d97dbe1960da677b2fd10f	0	0	0	0	0	0	0	0	0	0	0	0	0	0	0	0	13	0	0	0	0	0	0	0	0	0	0	0	0	0
fe179c5540aff4a69f9c35c0bb6c57b6	0	0	0	0	0	0	23	0	0	0	0	0	0	0	0	0	0	0	0	0	0	0	0	0	0	0	0	0	0	0
3d5dd52d0f48bddfc77f48d0e5c69955	0	0	0	0	0	0	0	0	0	0	0	0	0	0	0	0	0	0	0	0	0	0	0	0	0	0	0	15	0	0
0c87bacfbe0175352b7d3cdf7ee72502	0	0	0	0	0	0	0	0	0	0	31	0	0	0	0	0	0	0	0	0	0	0	0	0	0	0	0	0	0	0
98e2001ece7f5c4399c34dee75d8bf32	0	0	0	0	0	0	0	0	0	2	0	0	0	0	0	0	0	0	0	0	0	0	0	0	0	0	0	0	0	0
621830e7a89b5533036534bc652eff4c	0	0	0	0	0	0	0	0	0	0	0	0	6	0	0	0	0	11	0	0	0	0	0	0	0	0	0	0	0	0
cfbf29c6a57832d67670cb55c66c45a1	0	10	0	0	0	0	20	0	0	24	9	14	14	20	22	0	0	0	0	0	0	0	0	481	36	61	35	16	139	0
726d0ec964ed675976f52c2c203b88af	0	0	0	0	0	0	0	0	0	0	0	0	0	0	0	0	0	0	0	0	0	0	0	0	89	0	0	0	0	0
874454ee367be11d8048c05eae3c5b9c	0	0	0	0	0	0	0	0	0	0	0	0	0	0	0	0	0	0	0	5	0	0	0	0	0	0	0	0	0	0
6851ebdf84a033806a4316d8234d3db9	0	0	0	0	0	0	0	0	0	0	0	0	0	0	0	0	0	0	0	0	0	0	64	0	0	0	0	0	0	0
39c5d8450dd28f0c48747ddd22fb8297	0	0	0	0	0	0	0	0	0	0	11	0	0	0	0	0	0	0	0	0	0	0	0	0	0	0	0	0	0	0
b8bf26271c86a9d86c16ac16d20a483b	0	0	0	0	0	0	0	0	0	0	0	0	0	0	0	0	0	0	0	0	0	0	0	0	0	0	22	0	0	0
7ee17d6702e6cd89a993fed16dfbdfde	21	0	0	0	0	12	0	0	0	0	0	0	0	0	0	0	0	0	0	0	0	0	0	0	0	0	0	0	0	0
a5ee55c40132e688eb7d7477fa71c499	0	0	0	0	0	0	0	0	0	0	7	0	0	0	0	0	0	0	0	0	0	0	0	0	0	0	0	0	0	0
a28272f99dc43240930a66bcb4a779bd	0	0	0	0	0	0	0	0	0	0	0	0	0	0	0	0	0	0	0	0	2	0	0	0	0	0	0	0	0	0
ea94f2d08cc62c7b88da8306f0b81011	0	0	0	0	0	0	0	0	0	0	0	0	0	0	0	0	0	0	0	0	0	0	0	0	0	0	5	20	0	0
11abecc2ba4026f0636e0f08b6c5cf05	0	0	0	0	0	0	0	0	0	0	0	0	41	0	0	0	0	0	0	0	0	0	0	0	0	0	0	0	0	0
b9df77ed39a6337361a1b9b823dfbbfa	0	0	0	0	0	0	0	0	0	0	7	0	0	0	0	0	0	0	0	0	0	0	0	0	0	0	0	0	0	0
b64bafca4cac6f44426c207fcdd63ac7	0	0	0	0	0	0	0	0	0	0	0	0	0	0	0	0	0	0	0	0	0	0	0	0	2	0	0	0	0	0
5e1b1200503879ba26f0362d1700e15a	53	72	0	40	67	48	0	0	0	0	0	0	0	0	0	0	0	0	0	0	0	0	0	0	0	0	0	0	0	0
0685a020a8dfb4632e358dc27c85d77d	0	0	0	0	0	0	0	0	0	0	0	0	0	17	0	0	0	0	0	0	0	0	0	0	0	0	0	0	0	0
4b1ebc98bbafba018ef851d5cf6d220d	0	0	2	0	0	0	0	0	0	0	0	0	0	0	0	0	0	0	0	0	0	0	0	0	0	0	0	0	0	0
8e45bb45bf1c7681add84b519fc6fea7	0	0	0	0	0	0	0	0	0	9	0	0	0	0	0	0	0	0	0	0	0	0	0	0	0	0	0	0	0	0
65b9858163714334f545dd1a2f784718	0	0	0	0	0	10	0	0	32	0	0	0	0	0	0	0	0	0	0	0	0	0	0	0	0	0	0	0	0	0
976836e81d2e59803098b6a909a0b280	0	0	0	0	0	0	0	0	0	0	0	0	0	0	0	0	0	0	0	2	0	0	0	0	0	0	0	0	0	0
e09a775fbb5ac430b1c87db37e8110e3	0	0	0	0	0	0	0	0	0	0	0	0	17	0	0	0	0	0	0	0	0	0	0	0	0	0	0	0	0	0
89d83901b80542ad37f9b973c078fa07	0	0	0	0	0	0	0	0	0	0	11	0	0	0	0	0	0	0	0	0	0	0	0	0	0	0	0	0	0	0
2291b646982329b4bbb54e093525e97e	0	0	0	0	0	0	0	0	0	0	0	0	0	0	0	13	0	0	0	0	0	0	0	0	0	0	0	0	0	0
e2543d028f6ec820fe16f2c4cda55635	0	0	0	0	0	4	0	0	0	0	0	0	0	0	0	0	0	0	0	9	0	0	0	0	0	0	0	0	0	0
dcd7afd73444c072d1c2befbe102bf57	0	0	0	0	0	0	0	0	0	0	0	0	0	0	0	0	0	0	0	0	0	0	0	0	0	12	0	23	0	0
7b28d95654102fce12d18f1417d7d258	0	0	0	0	0	0	0	0	0	0	8	0	0	0	0	0	0	0	0	0	0	0	0	0	0	0	0	0	0	0
ed6434378f9974158c3fe345c41622d0	0	0	0	0	0	0	0	0	0	0	0	0	0	0	0	0	0	6	0	0	0	0	0	0	0	0	0	0	0	0
852c985e0e66c19d0790c186f73def50	0	0	0	0	0	0	0	0	0	0	0	0	3	0	0	0	0	0	0	0	0	0	0	0	0	0	0	0	0	0
f62018d8413fdffc870e72e06d4a26b2	0	0	0	0	0	0	0	0	0	0	0	0	0	0	11	0	0	0	0	0	0	0	0	0	0	0	0	0	0	0
30c9b77dc3e9b622caca36b5798a0575	0	0	0	0	0	0	0	0	0	0	0	0	0	0	0	0	0	0	0	0	0	0	0	44	50	0	0	0	0	0
845159cb6a24ff320e42110e3d60f17f	0	0	0	0	0	0	0	0	0	0	0	4	0	0	0	0	0	0	0	0	0	0	0	0	0	0	0	0	0	0
9bb25eb076831d24f8f6a97adccdfde2	3	0	0	0	0	0	0	0	0	0	0	0	0	0	0	0	0	0	0	0	0	0	0	0	0	0	0	0	0	0
8a8b42a74bdc2b730c79a06868d776eb	0	0	0	0	0	0	0	0	0	0	0	0	0	0	0	0	0	0	0	0	0	0	0	0	0	0	0	0	2	0
aa24c5207661bf9874fb88fe24b64146	0	0	0	0	0	0	0	0	0	0	8	0	0	0	0	0	0	0	0	0	0	0	0	0	0	0	0	0	0	0
4454250d2233f4355cd7b4724d49285d	16	0	0	16	9	0	0	0	11	0	0	0	0	0	0	0	0	0	0	0	0	0	0	0	0	0	0	0	0	0
5d92e95745103ce8d335f1b644c338d6	0	0	0	0	0	0	0	0	0	0	0	0	0	0	0	0	0	0	0	0	0	0	0	0	0	45	0	0	0	0
7ce35ec50eb6bea232a59f530faaef1b	0	0	0	0	0	0	0	0	0	0	0	0	0	47	0	32	0	0	17	0	0	0	0	0	0	0	0	0	0	0
2ac8f9084300068f2a803021153735fb	0	0	0	0	0	0	0	0	0	0	0	0	0	0	0	0	0	0	0	0	0	0	0	0	2	0	0	0	0	0
934f1d782ae4b81849d1ce34606e96af	0	0	0	0	0	0	0	0	3	0	0	0	0	0	0	0	0	0	0	0	0	0	0	0	0	0	0	0	0	0
ea8c0ced5c346c760ad6e0ccaab64b31	0	0	0	0	0	0	0	0	0	0	0	0	0	0	0	0	0	0	0	0	0	0	0	0	5	0	0	0	5	0
c2dc18d3b95c77dcd2ac6e3b240eb88b	0	0	0	0	0	0	0	0	0	0	0	0	0	0	0	7	0	0	0	0	0	0	0	0	0	0	0	0	0	0
a71cf2af6493c830980b8b5e45e1c53a	0	0	0	0	0	0	0	0	46	0	0	0	0	0	0	0	0	0	0	0	0	0	0	0	0	0	0	0	0	0
e703d43e7375ab5fb56e319f38e160ed	0	0	0	0	0	0	0	0	0	0	0	0	0	0	0	0	0	0	0	0	0	0	0	0	0	3	0	0	0	0
e39478b4b163fc7a4b7a170120cdde78	6	0	0	0	0	0	0	0	0	0	0	0	0	0	0	0	0	0	0	0	0	0	0	0	0	0	0	0	0	0
9813ee2a790a7408c7fe5f39dd247ee4	0	0	0	0	0	0	0	0	0	0	0	0	0	0	0	0	0	2	0	0	0	0	0	0	0	0	0	0	0	0
379fc51ab4d39ca8e16a2edc93469657	0	0	0	23	0	0	0	0	0	0	17	0	0	0	0	0	0	0	0	0	0	0	0	0	0	0	0	0	0	0
4cad619bf29d7ef837b7e9cb9ac1d725	0	0	0	0	0	0	0	0	0	0	0	0	0	0	40	0	0	0	0	0	0	0	0	0	0	0	0	0	0	0
82ad2207dd60dfeafc5b636516e4d9c9	0	0	0	0	0	0	0	0	0	0	0	0	0	0	0	0	0	4	0	0	0	0	0	0	0	0	0	0	0	0
357802975803b893114c6e17975a08d7	0	0	0	0	0	0	0	0	0	0	0	0	0	0	0	0	0	0	2	0	0	0	0	0	0	0	0	0	0	0
40ba575dd3d4e9368008801db315132a	0	0	0	0	0	0	0	0	0	0	0	0	0	0	0	0	0	0	0	49	0	0	0	0	0	0	0	0	0	0
3968874d5c637ce1bfcf72555d87e27a	0	7	0	0	0	0	0	0	0	0	0	0	0	0	0	0	0	0	0	0	0	0	0	0	0	0	0	0	0	0
c393a1eaf5b8a6b280898f005823b7d5	691	784	121	678	432	460	106	180	642	121	28	0	0	0	74	0	0	60	0	0	28	0	0	34	54	0	0	22	0	11
296be656cdc675fb96ac4e761bf2b748	47	0	0	0	0	0	0	0	0	0	0	0	0	0	0	0	0	0	0	0	0	0	0	0	0	0	0	0	0	0
2272e65d86af15f088c900002894ce8a	0	0	0	0	0	0	0	0	0	0	0	0	0	0	0	0	4	0	0	0	0	0	0	0	0	0	0	0	0	0
1063c031bee5225df9ede4572d981d38	0	0	0	0	0	0	0	0	0	0	0	0	0	17	0	0	0	0	0	0	0	0	0	0	0	0	0	0	0	0
d5762782a493c4f49a054488ab49cf9b	0	0	0	0	0	0	0	0	0	0	0	0	0	13	0	0	0	0	0	0	0	0	0	0	0	0	0	0	0	0
8ba83e3c89f748416559a342d1256e87	0	0	0	0	0	0	0	0	0	0	0	0	0	0	0	0	0	0	0	18	3	0	7	0	0	14	8	11	0	0
4099d99f863fc69680b0a06cb86ea77c	0	0	0	28	60	29	0	0	0	0	0	0	0	0	0	0	0	0	0	0	0	0	0	0	0	0	0	0	0	0
2143c1cc37cfc2933f124cb38e4cd6df	0	0	0	0	0	0	0	0	0	0	0	9	0	0	0	45	16	13	0	25	0	0	0	0	39	0	33	0	24	0
55a454c3730802e4c3ef325b50e3f92f	0	0	0	0	0	0	0	0	0	0	0	0	0	0	0	0	3	0	0	0	0	0	0	0	0	0	0	0	0	0
8870e23451e2a209d32d7cd9834d93f7	0	0	0	0	0	0	0	0	0	0	0	0	0	0	0	0	14	0	0	0	0	0	0	0	0	0	0	0	0	0
3e9ef2a6f9cfd5bf7bb1356e4974f7c2	0	0	0	0	0	8	0	0	0	0	0	0	0	0	0	0	0	0	0	0	0	0	0	0	0	0	0	0	0	0
1027582f3b39bcecd9d74b78481e08ae	0	0	0	0	0	0	0	0	0	0	0	0	0	0	0	0	21	0	0	0	0	0	0	0	0	0	0	0	0	0
b4fb946cc896581f7164834c8ce288c3	0	0	0	0	0	0	0	0	0	0	0	0	15	0	0	0	0	0	0	0	0	0	0	0	0	0	0	0	0	0
dc3b94ed183d8cf7569bf0f17ed8047f	0	0	0	0	0	0	0	0	0	0	0	0	0	0	0	0	0	0	0	0	0	0	0	0	0	0	7	0	0	0
7ef7d5bb4222dc5f1a8bef27b222d085	84	47	0	0	0	0	0	0	0	0	0	0	0	0	7	0	0	0	0	0	0	0	0	0	0	0	0	0	0	0
199dc150a55f575403eb02051cfca664	0	0	0	0	0	0	0	0	0	0	0	0	0	0	0	0	0	0	0	0	0	0	0	0	0	0	0	16	31	0
1754e6d35c6831b199bc41012ba37e3a	18	16	0	0	0	13	0	0	0	0	0	0	0	0	0	0	0	0	0	0	0	0	0	0	0	0	0	0	0	0
f39152a365035e503c830691abe16ffe	0	0	0	0	0	0	0	0	2	0	0	0	0	0	0	0	0	0	0	0	0	0	0	0	0	0	0	0	0	0
ef880d474c073b565ff1ab4710306e5d	0	0	0	0	8	0	0	0	0	0	0	0	0	0	0	0	0	0	0	0	0	0	0	0	0	0	0	0	0	0
e86d59a4f49581d89ef00448150d3fdc	0	0	0	0	0	0	0	0	0	0	0	0	0	0	0	0	0	0	0	2	0	0	0	0	0	0	0	0	0	0
7d107a5fc117ec886c4eed30a26f6e4b	0	0	0	0	0	0	0	0	0	0	0	0	0	0	0	0	0	0	3	0	0	0	0	0	0	0	0	0	0	0
326025e23629f88f0265f58e86316410	0	0	14	0	0	0	0	0	0	0	0	0	0	0	0	0	0	0	0	0	0	0	0	0	0	0	0	0	0	0
1540ece4e164b18170dd2c138143cd90	0	0	0	0	0	0	0	0	0	0	0	0	0	0	2	0	0	0	0	0	0	0	0	0	0	0	0	0	0	0
17d831328f17a090c92c3fb55497b553	0	0	0	0	0	0	0	0	0	0	0	0	0	0	0	0	0	7	0	0	0	0	0	0	0	0	0	0	0	0
2c20c8d36b48eab8902c707951ba7730	0	0	0	0	0	0	0	0	0	0	0	0	0	0	0	0	0	0	0	0	0	0	0	0	0	0	0	0	4	0
1c3af2d5322d34e0d417e157551de478	331	128	3435	106	144	156	194	1924	312	88	227	0	0	0	0	110	252	0	0	0	0	0	0	0	162	0	121	24	0	101
448b73f680359e1598dba8d9d9568605	0	0	0	0	0	0	0	0	0	0	0	0	0	0	0	0	0	0	0	0	0	119	0	0	0	0	0	0	0	0
2550bb590130c15afaf06c15b7ed2264	0	0	0	0	0	0	0	0	0	384	0	0	0	0	0	0	0	0	0	0	0	0	0	0	0	0	0	0	0	0
33f99ef71c2dc976eac23ac4cbb43ccf	0	0	0	0	0	0	0	0	0	0	0	0	0	0	0	0	0	0	9	6	0	0	0	0	0	0	0	0	0	0
9a2afc21f24843bf3bd72f496536cfa1	0	0	0	0	0	0	0	0	4	0	0	0	0	0	0	0	0	0	0	0	0	0	0	0	0	0	0	0	0	0
f0101a516580259149b34c2b38f743fa	0	0	3	0	0	0	0	0	0	0	0	0	0	0	0	0	0	0	0	0	0	0	0	0	0	0	0	0	0	0
61312422e194ce758484f42a5806c854	0	0	0	0	0	0	0	0	0	0	3	0	0	0	0	0	0	0	0	0	0	0	0	0	0	0	0	0	0	0
94c0255e5c62b1bfd35e44795c9f6f41	0	0	0	0	0	0	0	0	0	0	0	0	0	13	30	0	0	0	0	0	25	23	0	20	16	0	9	17	21	6
dd28f9d0338e6fa45e3038adf85578c6	0	0	152	0	0	9	0	0	12	0	13	0	0	0	0	0	0	0	0	0	0	0	0	0	0	0	0	0	0	0
48c32643f42fb128cd443a0be6909219	0	0	0	0	0	0	0	0	0	0	0	0	24	21	0	0	0	0	0	0	0	0	0	0	0	0	0	0	0	0
d211eb6082ee635749deaa2de7a28759	0	0	0	0	0	0	0	0	0	0	0	0	0	0	0	0	42	0	0	0	0	0	0	0	0	0	0	0	0	0
e734e88e4f4a4e6e307bb88bb4821b42	0	0	0	0	0	0	0	0	0	0	0	0	0	0	0	0	0	0	11	0	0	0	0	0	0	0	0	0	0	0
87abffe893ec8efc170c45eb8a2ff5f6	0	0	0	0	0	0	0	0	0	0	0	2	0	0	0	0	0	0	0	0	0	0	0	0	0	0	0	0	0	0
a60c2aa6348ce9fb3582a0e658bce619	0	0	0	0	0	0	0	0	0	0	0	0	0	0	0	0	0	2	0	0	0	0	0	0	0	0	0	0	0	0
79337580300ec57722ad9f4f60fcdcb3	0	0	0	0	0	0	0	0	0	4	0	0	0	0	0	0	0	0	0	0	0	0	0	0	0	0	0	0	0	0
140dfea51ea42f0e57fbb7eb6ef77947	0	0	0	0	0	0	0	0	0	0	22	0	0	0	0	0	0	0	0	0	0	0	0	0	37	0	0	0	40	405
a551d07fd03cbd79cad0efcdba6b2415	0	0	0	0	0	0	0	0	0	0	0	0	9	0	0	0	0	0	8	0	0	0	0	0	0	0	0	0	0	0
e8b2e471a2e47c1380e407df2e91bcaa	41	0	0	17	0	0	0	0	0	0	0	0	0	0	0	0	0	0	0	0	0	0	0	0	0	0	0	0	0	0
c6f0a1de6f9e1d733989c7de23b80297	0	27	0	0	0	0	0	30	0	0	0	0	0	0	0	36	0	0	0	0	0	82	0	132	452	66	0	26	353	0
c5bae3e5bc815eb80816fa3c22c71887	0	32	0	0	16	0	0	0	39	0	0	0	0	0	0	0	0	0	0	0	0	0	0	0	0	0	0	0	0	0
62e09a8d5bec154f7436e386729ae219	0	0	0	0	0	0	0	0	0	0	29	0	0	0	0	0	0	0	0	0	0	0	0	0	0	0	0	0	0	0
3249f3557687d70a6b6f09d2a5a78ea9	7	0	0	0	0	5	0	21	0	0	0	0	0	0	0	0	0	0	0	0	0	0	0	0	0	0	0	0	0	0
010598dc5f3c22ac0ce63906f032747f	0	18	0	0	0	0	0	0	0	0	0	0	0	0	0	0	0	0	0	0	0	0	0	0	0	0	0	0	0	0
537a7f2c2c86ac079699e63fbedb9636	0	0	0	0	0	13	0	0	0	0	0	0	0	0	0	0	0	0	0	0	0	0	0	0	0	0	0	0	0	0
2e0617d32ef006f2a5e65c03177728f7	0	0	0	0	0	0	0	0	0	0	0	0	0	0	0	0	0	0	0	0	0	0	0	181	0	181	0	51	29	0
c244f9aadeba57f21bd7a48296a4e9dd	0	0	0	0	0	23	12	20	0	0	0	0	0	0	0	2	0	0	0	0	0	0	0	0	0	0	0	0	0	0
e83b44bbf9cd71b18534a5450dbaa24d	38	53	19	109	131	0	214	175	194	128	21	0	33	72	11	16	0	0	34	0	0	0	0	0	0	0	0	0	0	0
61a597cd872ef1a2d34754b6440468d9	0	0	0	0	0	0	0	0	0	0	15	0	0	0	0	0	0	0	0	0	0	0	0	0	0	0	0	0	0	0
242e3061f34db2435809dd96f4d55e8d	0	0	0	0	0	0	0	0	0	0	0	0	0	0	0	14	0	0	0	0	0	0	0	0	0	0	0	0	0	0
4acd689898d7ef45e69580c2d4470f4f	0	0	0	0	0	0	0	0	0	0	0	0	0	23	0	0	0	0	0	0	0	0	0	0	0	0	0	0	0	0
8fd63c5f224a70d7ed8e47544b35bdad	0	0	0	0	0	0	0	0	0	0	0	0	0	0	34	0	27	0	0	0	0	0	0	0	0	0	0	0	0	0
c023da3456768e2f1210c0513e2a1cad	15	0	0	0	0	0	0	0	0	5	0	0	0	0	0	0	0	0	0	0	0	3	0	0	0	0	0	0	0	0
2b0a471f358a0cf33e0d6c85decd150e	10	0	0	0	0	0	0	0	0	0	0	0	0	0	0	0	0	0	0	0	0	0	8	28	0	17	0	374	23	133
9ec972152e487caa33f11a9ff5226110	0	0	0	0	0	0	0	0	0	0	0	0	0	0	0	0	0	0	0	0	0	0	0	4	0	0	0	0	0	0
45807e2214655c3de5a16d2325a1dc94	0	0	0	0	0	0	0	0	0	0	0	0	0	0	0	0	0	0	0	0	0	0	0	0	3	0	0	0	0	0
88937ce1da27ed83cea1e3da697056b2	0	0	0	0	0	0	0	0	0	0	0	0	0	0	0	0	0	0	0	0	0	0	0	0	0	0	0	0	5	0
b43d5b8ed9860d9ae7d7d93575f50298	0	0	0	0	0	0	0	0	0	0	0	0	0	0	0	0	0	0	5	0	0	0	0	0	0	0	0	0	0	0
bd693be4bb1493493b9df5e5983fe87a	42	41	35	97	15	322	0	30	0	205	0	10	0	0	0	0	0	0	0	20	0	0	0	0	0	0	26	0	0	0
3ee9a061adae6f4683b4dc309b195e51	0	0	0	0	0	0	0	0	0	0	12	0	0	0	0	0	0	0	0	0	0	0	0	0	0	0	0	0	0	0
5cae291df7d9fc66885a6fd8b647fe16	0	0	0	0	0	0	0	0	0	0	0	0	9	0	0	17	0	0	0	0	0	0	0	0	0	0	0	0	0	0
9af68457446b1b206e43018a5e93bae9	0	0	0	0	0	0	0	0	0	0	0	0	12	0	0	0	0	0	0	0	0	0	0	0	0	0	0	0	0	0
066fcea8694e9b58be4a595af14139d3	2	0	0	0	0	0	0	0	0	0	0	0	0	0	0	0	0	0	0	0	0	0	0	0	0	0	0	0	0	0
8352e3f249d0e8e7ef5c1423b50e4f91	0	0	0	0	0	0	0	9	0	0	0	0	0	0	0	0	0	0	0	0	0	0	0	0	0	0	0	0	0	0
53ef1744dd81cb6836c000210b252ad5	0	0	0	0	0	0	0	0	0	0	0	0	0	0	0	0	0	18	0	0	0	0	0	0	0	0	0	0	0	0
8231f58f20a311f5a36ae4b9c5f0241d	0	0	0	0	0	0	0	0	0	0	0	0	0	0	0	0	0	0	10	0	0	0	0	0	0	0	0	0	0	0
a31b351dc1c2d365a91a3dc60c0bbd4c	0	0	0	0	0	0	0	0	0	0	4	0	0	0	0	0	0	0	0	0	0	0	0	0	0	0	0	0	0	0
34a84d3060174768864f30223c3fc0c8	0	0	0	0	0	0	0	0	8	0	0	0	0	0	0	0	0	0	0	0	0	0	0	0	0	0	0	0	0	0
9421319bd0ff57b3b50d6d70c5970a36	0	27	0	0	0	0	0	0	0	0	0	0	0	0	0	0	0	0	0	0	0	0	0	0	0	0	0	0	0	0
f24c14eb1616069b6af3b71137687864	0	0	0	0	0	0	0	0	0	0	0	0	0	0	0	0	0	0	0	0	0	52	0	0	0	0	0	0	0	0
1050bbc74a8e399392ac84941b8409e1	0	0	0	0	0	0	0	0	0	0	0	0	0	0	28	0	0	0	0	0	0	0	0	0	0	0	0	0	0	0
3ca6dc484a6e6e19ac2bb0e284e2f19b	0	0	0	0	0	0	0	0	0	0	0	8	0	0	0	0	0	0	0	0	0	0	0	0	0	0	0	0	0	0
6129d1c7be5328e658fa6a14054b411c	0	7	0	0	0	0	0	0	0	0	0	0	0	0	0	0	0	0	0	0	0	0	0	0	0	0	0	0	0	0
676f65855733d103ef7f6470f948ec39	0	0	0	0	0	0	0	0	0	0	0	0	0	0	0	0	0	0	7	0	0	0	0	0	0	0	0	0	0	0
81bad747a252bd21875acb494d9154bb	0	0	0	0	0	0	248	25	42	0	0	0	0	0	0	0	0	0	0	17	0	0	0	0	0	0	0	0	0	0
2b041fbf90225e0285a3dca63edf797c	23	15	34	46	27	21	9	11	17	29	22	18	9	25	25	4	37	16	8	62	9	0	0	24	39	48	93	0	26	0
ef7ebe743d912abe4c99162204d1b57b	0	0	0	0	0	0	0	0	0	0	0	0	0	0	0	0	0	0	20	0	0	0	0	0	0	0	0	0	16	0
47506e2d0e229ce9edd9dae4bd48b71c	0	0	0	0	0	0	0	12	0	0	0	0	0	0	0	0	0	0	0	0	0	0	0	0	0	0	0	0	0	0
06760ea4f07df012e938b80f2d41d468	0	0	0	0	0	4	0	0	0	0	0	0	0	0	0	0	0	0	0	0	0	0	0	0	0	0	0	0	2	0
7befb925d56a279fb4ccaaecdf149055	0	0	0	0	0	0	0	0	7	0	7	6	11	5	0	0	300	0	0	6	0	0	0	0	0	0	0	0	13	0
104dfa099a2e92360a1e7d1d8aba8039	0	0	0	0	0	0	0	0	0	0	0	0	0	0	0	0	0	0	0	0	0	0	0	0	0	0	295	109	14	0
9fc5bcfaae18611959c6658b6b3c8393	0	0	0	0	0	0	0	0	0	0	0	0	4	0	0	0	0	0	0	0	0	0	0	0	0	0	0	0	0	0
0ad5b16eacf5b37c0bde4644be1f7284	0	2	0	0	0	0	0	0	0	0	0	0	0	0	0	0	0	0	0	0	0	0	0	0	0	0	0	0	0	0
281e9a32a488d3102eeb006e6a6db6fd	0	0	0	0	0	0	0	0	0	0	0	0	0	0	0	0	0	0	0	0	0	0	0	0	0	0	7	0	0	0
b331bc92e80e5998dab64e65d5b37ef2	0	0	0	0	0	0	0	0	0	0	0	0	15	0	0	0	0	0	0	8	0	0	0	0	0	0	0	0	0	0
661b3cc3a62b402df84895898c737956	0	0	0	0	0	0	2	0	0	0	0	0	0	0	0	0	0	0	0	0	0	0	0	0	0	0	0	0	0	0
121cabeb80d7c1c641646dd9f000ac80	0	0	0	0	0	0	0	0	0	0	0	0	0	0	0	0	0	16	0	0	0	0	0	0	0	0	0	0	0	0
caff48c0e14befff95fb2a24e70296b0	0	0	0	0	0	0	0	0	0	0	0	0	0	0	0	0	0	0	2	0	0	0	0	0	0	0	0	0	0	0
da676eef45a68cf694e4a6f3447c50ec	11	0	0	0	0	0	0	0	0	0	0	0	0	0	0	0	0	0	0	0	0	0	0	0	0	0	0	0	0	0
6d17829f7405c59838fe7ca09da2f3c8	0	0	0	2	0	0	0	0	0	0	0	0	0	0	0	0	0	0	0	0	0	0	0	0	0	0	0	0	0	0
902e2cb9b47a8792f610bc2e644cef36	0	0	0	0	0	0	0	0	0	0	0	8	0	0	0	0	0	0	0	0	0	0	0	0	0	0	0	0	0	0
fbcaf3b98d3d54ecb60c8588a4c92a91	0	0	0	0	0	0	0	0	0	0	0	0	0	0	0	0	0	0	59	0	0	0	0	0	41	0	0	0	0	0
9c0587ae917ea6ca3d5f75aebe679f48	86	0	18	68	27	395	114	0	47	357	0	0	0	0	22	0	0	0	0	0	0	0	0	0	0	0	0	0	0	0
12397827fbf5db5244e591f72b0c04bd	0	0	0	0	0	0	0	0	0	0	0	0	0	0	0	0	0	0	0	0	0	0	0	0	0	0	0	0	0	2
db4e778ec2a24c481bd31b4892b4c306	15	0	0	0	0	0	0	0	0	0	0	0	0	0	0	0	0	0	0	0	0	0	0	0	0	0	0	0	0	0
3e25dbad2a13983132e98e07b72a8187	0	0	0	0	0	0	0	0	0	0	0	0	0	0	14	0	0	0	0	0	0	0	0	0	0	0	0	0	0	0
784aba18e198161df14ee49593c0c285	0	0	0	0	0	0	0	0	0	2	0	0	0	0	0	0	0	0	0	0	0	0	0	0	0	0	0	0	0	0
4acced8d8d4b095179cfbe091d0ed3d7	0	0	0	0	0	0	0	0	0	0	0	0	0	0	0	0	0	0	0	0	0	0	0	0	0	0	0	0	0	24
2fc08fde0610bb7737bc1f7cceb88921	0	8	0	0	0	0	0	0	4	0	0	0	0	0	0	0	0	0	0	0	0	0	0	0	0	0	0	0	0	0
96003b2864846df4edc8219a3e205629	0	0	0	0	0	0	0	0	0	0	0	0	0	0	0	0	0	0	0	0	0	0	0	0	0	0	0	0	44	0
891e5b55b0d64697abf408d0673b84c5	0	10	0	23	19	0	273	20	15	28	0	67	50	34	22	200	38	93	65	0	365	10	68	0	19	14	19	40	23	0
5a857f34593cd2026adbcc2c14c6a989	26	0	0	0	0	0	0	0	19	0	0	0	0	0	0	0	0	0	0	0	0	0	0	0	0	0	0	0	0	0
3eda3c69b4428df3e47c32950cba41bc	0	0	0	0	0	0	0	0	0	0	0	0	0	0	0	0	0	0	0	0	0	0	0	0	0	0	0	3	109	0
64df67097a46b814735461c9e23c1764	0	0	0	0	0	0	0	0	0	0	0	0	0	0	0	0	0	0	0	0	0	0	2	0	0	0	0	0	0	0
26126773857f85cf075581cb84f4fac6	0	0	0	0	2	0	0	0	0	0	0	0	0	0	0	0	0	0	0	0	0	0	0	0	0	0	0	0	0	0
5089072549aff29d00e288395530c956	0	0	0	0	0	0	0	0	0	0	0	0	0	0	0	0	0	0	6	0	0	0	0	0	0	0	0	0	0	0
68ebd7aa7f9d8248a229deda43322a7a	228	0	0	0	0	0	0	0	0	0	0	0	0	0	0	0	0	0	0	0	0	0	0	0	0	0	0	0	0	0
2c73dbdc1922bf4d6c66c3bda10fe2b0	0	0	0	0	0	0	0	0	0	0	0	0	0	1	0	0	0	0	0	0	0	0	0	0	0	0	0	0	0	0
1a8ce9232e498ebe38adbdf61aad5e3e	0	0	0	0	0	0	7	0	0	0	0	0	0	0	0	0	0	0	0	0	0	0	0	0	0	0	0	0	0	0
0b3edc7073ab084257dae91ac537436c	0	0	0	15	0	11	0	0	0	14	0	0	0	0	0	0	0	0	0	0	0	0	0	0	0	0	0	0	0	0
4c8d86be77cadd062315f5b75f811b84	0	0	0	0	0	0	0	0	0	2	0	0	0	0	0	0	0	0	0	0	0	0	0	0	0	0	0	0	0	0
0e97901309ba14002ed857f9a27068cf	0	0	0	0	0	0	0	0	0	0	0	0	0	0	0	0	0	0	0	0	0	0	0	0	0	0	7	0	0	0
dcdb67aaa9b9218d84fcbd7fc9502a04	0	0	0	0	0	0	0	0	0	0	0	0	3	0	0	0	0	0	0	0	0	0	0	0	0	0	0	0	0	0
4829d3a10b6167c18c8ff0d0d56be2ae	0	0	0	0	0	0	0	0	0	0	0	0	0	0	0	0	0	6	0	0	0	0	0	0	0	0	0	0	0	0
c3e6258a919b35f788dca28b0fcb2274	0	0	0	0	0	0	0	6	0	0	0	0	0	0	0	0	0	0	0	0	0	0	0	0	0	0	0	0	0	0
57f41470e4b1f943283547563fafd901	0	0	0	0	0	0	0	0	0	0	0	0	0	0	0	0	0	0	15	0	0	162	0	0	0	0	0	0	0	85
36e9a0d24103ff0877325802ee16972c	0	0	0	0	0	0	0	0	0	0	0	0	0	0	0	0	0	0	0	0	0	0	0	0	0	0	3	0	0	0
21b919083857718f25e9c5f971247727	0	0	0	0	0	0	0	0	0	0	0	0	0	0	0	0	0	0	0	0	6	0	0	0	0	0	0	0	0	0
890d0d7224ea99980dd61b530d0c6036	0	0	0	0	5	0	0	0	0	0	0	0	0	0	0	2	0	0	0	0	0	0	0	0	0	0	0	0	0	0
af7c40752fa78dfa6237c996f52bc298	0	0	0	0	0	0	0	0	0	0	28	5	0	0	22	0	0	0	11	0	0	0	0	0	0	0	0	0	0	0
1f1c97a5d80d00ae89dcce6dc8aa2f3e	0	0	0	0	0	0	0	0	0	0	0	0	0	0	0	0	0	0	0	0	0	0	0	2	0	0	0	0	0	0
07e1fca89c8c3fc1f85d7ac80ea167d6	0	0	0	0	0	0	0	0	0	0	0	0	0	0	0	0	0	0	0	0	2	0	0	0	0	0	0	0	0	0
d7a79cd42c83d20ecd061af2fe435757	0	0	0	0	0	0	0	0	0	28	0	0	0	0	0	0	0	0	0	0	0	0	0	0	0	0	0	0	0	0
2ac3d6cba3f45c68ca32ae1cc58f7412	0	0	0	0	19	0	0	0	0	0	0	0	0	0	0	0	0	0	0	0	0	0	0	0	0	0	0	0	0	0
aeede7a96ead02589e2efdb0094270a8	0	0	0	0	0	0	0	0	6	0	0	0	0	0	0	0	0	0	0	0	0	0	0	0	0	0	0	0	0	0
1adfc15f08bdcdc0a47b54239ee8f974	0	0	0	0	0	0	7	0	0	0	0	0	0	0	0	0	0	0	0	0	0	0	0	0	0	0	0	0	0	0
01cba53b0c6026ad9fe9a6e91a9346ea	0	0	0	0	0	0	0	0	0	0	0	0	0	0	0	0	6	0	0	10	0	0	0	0	0	0	0	0	0	0
382d57722c96e4dca4baebf8b9c49f2d	0	0	0	0	0	0	13	0	0	0	53	15	0	27	0	0	8	0	10	137	0	0	0	307	31	25	29	0	11	0
8f09bc0f4c10048c92da5cb1fa5654a2	8	0	0	0	0	0	0	0	0	0	0	0	0	0	0	0	0	0	0	0	0	0	0	0	0	0	0	0	0	0
c9746d96d50b3ff59229521d9a75f549	0	0	0	0	0	0	0	0	0	0	0	0	0	0	0	0	213	0	0	0	0	0	0	0	0	0	0	0	0	0
c63c3640513721a1d6dd1478a02fb387	0	0	0	0	0	0	0	0	0	0	0	9	0	0	0	0	0	0	0	0	0	0	0	0	0	0	0	0	0	0
8941285684d014fd3e8d3950c5a8a523	0	0	0	0	0	0	0	0	0	0	0	6	0	0	0	0	0	0	0	0	92	0	0	19	0	0	0	0	0	0
da04fa64aaa8912e4d3d4a41ba37ae49	0	0	0	0	0	0	0	0	0	0	0	0	0	0	0	0	0	2	0	0	0	0	0	0	0	0	0	0	0	0
be5005ed90b5ab30148cd0a73d5fb38f	0	0	0	0	14	0	52	12	14	0	14	185	195	35	0	48	101	42	92	75	0	0	12	0	19	9	0	0	0	0
69c08808a2a6f369b23dcfa413dd0695	0	0	0	0	0	0	0	0	5	0	16	0	9	0	0	0	17	0	0	0	0	0	0	0	0	6	11	0	0	0
92b44d288de74e650090fb1f238f92f7	82	71	46	62	58	90	136	258	108	80	107	262	312	596	114	787	555	148	122	767	16	0	25	35	107	28	62	0	32	18
5a2858fb2f20390d7cb5511ed2cbab8d	0	0	0	0	9	0	0	0	0	0	0	0	0	0	0	0	0	0	0	0	0	0	0	0	0	0	0	0	0	0
3c7d0c8aa804ee11c35e64b617b1f4f4	0	0	0	0	40	0	0	33	0	0	0	0	0	0	0	0	0	0	0	0	0	0	0	0	0	0	0	0	0	0
8c85116b7a141f01c19ea41058f001b8	0	0	0	0	0	0	0	0	0	62	0	45	0	0	0	0	0	0	0	0	465	0	0	0	0	0	0	0	0	0
0c45f0f487d649f291ed832448fec649	0	0	0	0	0	0	0	0	0	0	0	29	0	0	0	0	0	0	0	0	0	0	0	0	0	0	0	0	0	0
47c5f11156fc9e8aad81f25da0440b72	0	0	0	0	0	0	8	0	0	0	0	0	0	0	0	0	0	0	0	0	0	0	0	0	0	0	0	0	0	0
25217762d0e4639d150196034eea6b94	0	0	0	0	0	0	0	0	0	0	0	0	0	0	0	0	0	0	0	0	0	2	0	0	0	0	0	0	0	0
2ab2fb63b65aa00b4ae7be04db9f637c	0	0	0	95	45	95	0	0	77	0	0	0	0	0	0	0	0	0	0	0	0	0	0	0	0	0	0	0	0	0
fef294c73176727ad24aea5387d69fe2	0	0	0	0	0	0	0	0	0	0	0	0	0	0	0	0	0	0	16	0	0	0	0	0	0	0	0	0	0	0
ef7c874ef87c973f0a6d9c69c7184591	0	0	0	0	0	13	0	0	0	0	0	0	0	0	0	0	0	0	0	0	0	0	0	0	0	0	0	0	0	0
ec63641c5b24c542e5e13ca1d94798ea	0	0	0	0	0	0	0	0	8	0	0	0	0	0	0	0	0	0	0	0	0	0	0	0	0	0	0	0	0	0
6e2d290d2ae0f028a58070f6e603315b	0	0	0	5	0	0	0	11	0	0	0	0	0	0	0	0	0	0	0	0	0	0	0	0	0	0	0	0	0	0
18a4c67de5348377d1cbc0dbb7c7dc62	15	0	0	7	0	0	0	0	0	0	0	0	0	0	0	0	0	0	0	0	0	0	0	0	0	0	0	0	0	0
76dd0a672e2f38aba6b9a2acea564a52	0	0	0	0	0	0	0	0	0	0	0	0	0	0	0	0	0	0	0	0	0	0	0	0	0	0	0	0	2	0
942001c20fe28589a210be3d346bf722	0	0	0	0	0	0	0	0	0	0	0	0	0	0	0	0	0	0	0	0	2	0	0	0	0	0	0	0	0	0
f5ec551f4e4b0867cf78f1cd1cf63021	0	0	0	0	0	0	0	0	0	0	0	0	0	0	0	0	0	0	0	0	0	0	0	0	2	0	0	0	0	0
6681a8b60229953437b6db657b840afb	0	0	0	0	0	0	0	0	0	0	0	0	0	0	0	0	0	0	0	0	0	0	0	0	0	0	0	8	0	0
3f3c2d88a64080e7777a51b2d1af0196	0	0	0	0	0	0	7	0	0	0	0	0	0	0	0	0	0	0	0	0	0	0	0	0	0	0	0	0	0	0
8863823321c2aa84d4770a022548e8de	384	1052	55	254	895	454	128	151	343	274	108	89	162	108	798	233	49	62	161	54	29	72	42	1305	2541	902	56	80	125	11
78d8515a6ca7f9cb0dd53a41ea1aeaeb	0	0	0	0	0	38	0	0	0	0	0	0	0	0	0	0	0	0	0	0	0	0	0	0	0	0	0	0	0	0
dcee15743b93639e3893c0968d2ffb9b	0	0	0	0	0	15	0	0	0	0	0	0	0	0	0	4	0	0	0	0	0	0	0	0	0	0	0	0	0	0
da754d104e25bf543d759870eb78913f	0	0	116	0	0	0	0	0	0	0	41	0	0	0	0	0	11	0	0	0	0	0	0	0	0	0	0	0	0	16
6ef2f5d7178fba14dda1b4b73bd871ff	0	0	0	0	0	0	0	0	0	0	0	0	0	2	0	0	0	0	0	0	0	0	0	0	0	0	0	0	0	0
e71019030b923bc8464bcdda4744233c	0	0	0	0	0	0	0	0	0	0	0	0	0	0	0	0	0	0	0	0	0	0	0	0	0	0	0	0	11	0
e6de3659e6d195ab5e911cb67ab28374	0	0	0	0	0	0	0	0	0	0	0	0	0	0	0	0	0	0	16	0	0	0	0	0	0	0	0	0	0	0
e3cdb339b28ff43f9e39458e2a748fed	0	0	0	0	0	4	0	0	0	0	0	0	0	0	0	0	0	0	0	0	0	0	0	0	0	0	0	0	0	0
4c2eb98eefdec7bd19ee0fe62f0800b0	0	0	0	0	0	0	0	0	0	0	0	0	0	0	0	0	0	0	0	0	0	0	0	0	3	0	0	0	0	0
9e524f3f99d95bc2c44bb03605d92568	0	0	0	0	0	0	0	0	0	0	0	0	0	0	0	0	0	0	0	0	0	0	0	0	0	0	0	0	0	6
32ccb323d2ef04ac039557a481613179	0	0	0	0	0	0	0	0	0	0	0	0	0	0	0	0	0	0	0	6	0	0	0	0	0	0	0	0	0	0
d526028c8fb5604055b3fe15f88842aa	0	0	0	0	0	0	0	0	0	0	0	10	0	0	0	0	0	0	0	0	0	0	0	0	0	0	0	0	0	0
22c389eb55d86b2604ea81eb9df546ca	0	0	0	0	0	8	0	0	0	0	0	0	0	0	0	0	0	0	0	0	0	0	0	0	0	0	0	0	0	0
33f6c6ba73fab4241ed2fe67f0c65c11	0	0	0	0	0	0	0	0	0	0	0	0	0	0	0	0	0	0	0	0	10	0	5	8	14	8	0	0	0	0
ee488b27353402c971a0326e99c88aee	0	0	0	0	0	0	0	0	0	0	0	0	17	0	0	0	0	0	0	0	0	0	0	0	0	0	0	0	0	0
90817e599468287a46c7a3efa660bddf	0	0	0	0	5	243	0	0	0	0	0	0	0	11	0	0	0	0	0	15	0	0	4	0	0	0	18	0	0	0
aa72265c383cf20735d35c7028b1238b	0	0	0	0	0	0	0	0	0	0	0	0	0	0	0	0	31	19	0	0	0	0	0	0	0	0	0	0	0	0
717badd56a2dd60b65fbb001733f8d58	0	0	0	0	0	0	0	0	0	0	4	0	0	0	0	0	0	0	0	0	0	0	0	0	0	0	0	0	0	0
9a11a7b8a51815deb1b6244a6a94ede7	0	0	0	0	0	0	106	0	0	0	0	0	0	0	14	21	0	0	19	222	0	0	0	51	100	25	30	0	0	0
394f50332820e8d838a7b1435486b5bd	0	0	0	0	15	0	0	0	0	0	0	0	0	0	0	0	0	0	0	0	0	0	0	0	0	0	0	0	0	0
4d1ce01f22af1714f6fe22cc2d7f0a43	0	0	0	0	0	0	0	0	0	0	34	0	0	0	0	0	27	0	0	0	0	0	0	0	0	0	0	0	0	0
bf2429fcaeb0db50fdba5227cd5fb5e8	0	0	0	0	0	0	0	0	17	0	0	0	0	0	0	0	0	0	0	0	0	0	0	0	0	0	0	0	0	0
f36bdf6d0c767dfa195e6189a3c71f13	0	0	0	0	0	0	0	0	0	0	0	0	0	0	0	0	325	0	0	0	0	0	0	0	0	0	0	0	0	0
57c774426b3023601796d2663978e0e2	0	0	18	0	0	0	0	0	0	0	0	0	0	0	0	0	0	0	0	0	0	0	0	0	0	0	0	0	0	0
a80f8a969190d6f2522cd4f33f299fe2	0	0	0	0	0	0	0	0	0	0	0	0	0	0	0	0	10	6	0	0	0	0	0	0	0	0	0	0	0	0
a0d27685c840101fae1766bb4259ad59	0	0	0	0	0	0	26	0	0	0	0	0	13	0	0	0	0	0	18	0	0	0	0	0	0	0	0	0	0	0
8e54dae3d535b734a19b67563881766c	0	0	0	0	0	0	70	28	35	51	51	0	41	31	64	0	0	0	0	0	0	0	0	342	259	745	170	32	64	0
c73ec5560b48fd0701d8d05ca13abe14	0	0	0	0	0	0	0	0	0	0	0	0	0	0	0	0	2	0	0	0	0	0	0	0	0	0	0	0	0	0
f0296d22ce49a5c8913c3a28415a2959	0	0	0	0	0	0	0	0	0	0	3	0	0	88	3	0	0	0	16	13	0	0	0	0	0	0	0	0	0	0
fc80a5d47bf96fe40c7e9100f6dbd8d6	67	102	30	122	0	142	100	38	0	150	80	354	134	125	58	681	691	122	70	110	10	0	0	38	100	0	0	0	0	15
09cbb926f5798e8c583fcd09e9688add	0	0	0	0	0	0	0	0	0	0	0	0	0	0	0	0	0	0	0	0	0	0	0	0	0	0	0	0	0	2
da88cc427051d60727bd967ac0ea0946	0	0	0	0	0	0	0	0	0	0	0	0	0	0	0	0	14	0	0	0	0	0	0	0	0	0	0	0	0	0
8b73fe6b026a3b48c4a17939737935ce	0	0	0	0	7	0	0	0	0	0	0	0	0	0	0	0	0	0	0	0	0	0	0	0	0	0	0	0	0	0
b6b6a7b9b4e8e727a810b548e5a941fa	0	0	0	0	0	0	0	0	0	0	0	0	0	0	0	0	0	0	0	1	0	0	0	0	0	0	0	0	0	0
04e1a58c54db5dfdcb430aae7d244a93	0	0	0	0	0	0	0	0	0	0	0	0	0	0	14	0	0	0	0	0	0	0	0	0	0	0	0	0	0	0
26a3c9d199cf00991463d5b495513d71	0	0	0	0	0	0	8	0	0	0	0	0	16	0	0	0	0	0	0	0	0	0	0	0	0	0	0	0	0	0
dc41f4fc1537051b866e9abcf0ae5ba1	0	0	0	0	0	0	0	0	0	0	0	0	0	0	0	0	0	0	0	2	0	0	0	0	0	0	0	0	0	0
eb5f784296c1c61f34b78e878a1d48ec	0	0	0	0	0	0	0	0	0	0	0	2	0	0	0	0	0	0	0	0	0	0	0	0	0	0	0	0	0	0
0a7a803a2d9f1d2c8c277d7d33f88bc3	0	0	0	0	0	0	0	0	0	0	291	0	0	0	0	0	0	0	0	91	0	0	0	0	0	0	0	0	0	12
f6b08e0abf9abcb2ddab21f1dbfbe09e	0	0	0	0	0	0	0	0	0	0	0	0	0	0	0	0	0	0	17	0	0	0	0	0	0	0	0	0	0	0
5b58b61c4a3bd5359948000fcf370de0	0	0	0	0	0	0	0	0	0	0	0	0	0	0	0	0	0	0	0	0	17	0	0	0	0	0	0	0	0	0
2aaa804c08817b7d56d2240612ea2f67	0	0	0	0	0	27	0	0	0	0	0	0	0	0	26	38	0	0	0	0	0	0	0	0	0	0	0	0	32	0
bdd2773273f00a679a3a5d5972e48c19	0	0	0	0	0	0	8	0	0	0	0	0	0	0	0	0	0	0	0	0	0	0	0	0	0	0	0	0	0	0
3820b5c13d6ec54314c2488201d5d7c2	0	0	0	0	0	0	0	0	0	0	0	0	0	0	23	0	0	8	0	0	0	0	0	0	0	0	0	0	0	0
d05462c7e4d2a76fe10e71c9aba5d3c2	0	0	0	0	0	0	0	0	0	0	0	0	0	47	0	14	0	0	0	0	0	0	0	0	0	0	0	0	0	0
5d0923dcebbd4cd58e52f8c24f2a4a51	0	0	0	0	0	0	12	0	0	0	0	0	0	0	0	0	0	0	0	0	10	0	0	0	0	0	0	0	0	16
147c4f050f8b448ba61ed9db95927c94	0	0	0	0	0	0	0	0	0	0	0	0	0	0	0	0	0	0	0	0	0	0	0	0	35	0	0	0	0	0
98a6d289c6746ea240b7dfd041d64324	1176	206	0	645	1342	329	133	59	66	81	0	0	0	0	62	0	0	0	78	0	0	0	0	65	0	70	0	49	0	232
61a7ab555d1c39b622000e5e71d8b42e	0	34	0	0	0	90	276	955	132	53	62	492	82	3162	53	59	36	55	0	148	0	0	52	0	152	356	0	0	35	0
72135906dba97b69e2d8c5e0c10b08f2	0	0	0	81	0	0	0	0	0	140	0	171	0	0	0	0	0	170	0	0	3501	64	46	0	0	70	28	55	57	0
05e0d6513557f6be8c05ebdcf71a76fb	0	0	0	0	0	0	0	0	2	0	0	0	0	0	0	0	0	0	0	0	0	0	0	0	0	0	0	0	0	0
2d2b8c0b57e35bb4dec924f66cd3e13e	0	0	0	0	0	0	11	0	0	0	0	0	0	0	0	0	0	0	0	0	0	0	0	0	0	0	0	0	0	0
e24a0e30f604c831c2f70ef2e477f7b2	0	0	0	0	0	0	0	0	0	0	10	0	0	0	0	0	0	0	0	0	0	0	0	0	0	0	0	0	0	0
82aac5dcd572a566e8cf82cbe0996358	0	0	0	2	0	0	0	0	0	0	0	0	0	0	0	0	0	0	0	0	0	0	0	0	0	0	0	0	0	0
9f386fbba8f4d7996ec38f90b88de1b2	0	0	0	0	0	0	0	0	0	0	0	0	0	0	0	0	0	0	0	0	0	0	0	0	0	0	0	12	0	0
aea4295b73504ae02a48e5dec27e4880	0	0	0	0	0	22	0	0	0	0	0	0	0	0	0	0	0	0	0	0	20	0	0	0	0	12	0	0	0	0
3aa38913c14a64dcf0d3cc937c5ecc11	0	0	0	0	0	0	0	0	0	0	0	0	0	0	0	0	0	0	0	4	0	0	0	0	0	0	0	0	0	0
0abfc0b5161acb3e5334313c8bd938f3	0	0	0	0	0	0	0	0	0	0	0	0	0	0	0	0	0	0	0	0	0	0	0	0	0	0	3	0	0	0
c32e8a22014c185175273b9cb6f784d8	0	0	0	0	0	0	0	0	0	0	0	8	0	0	0	0	0	0	0	0	0	0	0	0	0	0	0	0	0	0
a03318116fa5538c4f7c3cc9ca933c64	0	0	0	0	0	0	0	0	62	0	0	0	0	0	0	0	0	0	0	0	0	0	0	0	0	0	0	0	0	0
6036c134bfa832d6939537df3a83974c	0	0	0	0	0	0	0	0	0	0	0	0	0	0	13	0	0	0	0	0	0	0	0	0	0	0	0	0	0	0
2d511c2cec58b19fa18e2453e9183109	0	0	0	0	0	0	0	0	0	0	0	0	0	0	0	0	0	0	0	0	0	10	0	3	0	0	0	5	10	0
99c97fefb4cabe4b27f1617dcba73949	0	0	0	0	0	0	0	0	0	0	0	0	0	0	0	0	0	3	0	0	0	0	0	0	0	0	0	0	0	0
b6b4e9772effe139087df213f20942ed	0	0	2240	0	47	80	0	0	0	0	140	0	0	0	0	0	0	0	0	0	0	0	0	0	0	44	0	0	0	120
a607f7c4189e454463191fa63dd597a1	0	0	0	0	0	0	0	0	0	0	0	0	3	0	0	0	0	0	0	0	0	0	0	0	0	0	0	0	0	0
dc95a84df5571d7ac5f1dc5589f60353	0	0	0	0	0	0	14	0	13	0	0	0	0	0	0	0	0	0	5	0	0	0	0	0	0	0	0	0	0	0
8bd4ef2182bb68dbb6d676a442da27bd	0	0	0	0	0	0	0	0	0	0	0	0	0	0	0	0	0	0	0	0	0	0	0	0	0	0	0	0	7	0
7dde1e6dc106089f7d1f94d0f721a7ee	0	0	0	0	0	0	0	0	0	0	0	0	0	0	0	0	5	0	0	0	0	0	0	0	0	0	0	0	0	0
34d4d519b260acc903aed2fc61582b39	0	0	0	0	0	0	0	0	0	0	0	0	0	0	0	0	5	0	0	0	0	0	0	0	0	0	0	0	0	0
80007ed4043125896b1a0843aa76c1d7	0	0	0	0	0	0	0	0	0	0	0	0	0	0	0	0	0	0	0	4	0	0	0	0	0	0	0	0	0	0
f3f16fad076ddce9f9af3973bac04982	21	0	0	0	0	0	0	0	0	0	0	0	0	0	0	0	0	0	0	0	0	0	0	0	0	0	0	0	0	0
6686c2b5c794fba2df5b673a642c677a	0	0	3	0	0	0	0	0	0	0	0	0	0	0	0	0	0	0	0	0	0	0	0	0	0	0	0	0	0	0
5a15e052e0a46035c6fd52fb38609898	0	0	0	0	0	0	0	0	0	0	0	0	0	0	0	0	0	0	0	0	0	0	0	3	0	0	0	0	0	0
b6198c6288abbc7282cfe2719319bc61	0	0	0	12	26	0	0	0	0	0	0	0	0	0	0	0	0	0	0	0	0	0	0	0	0	0	0	0	0	0
d5d8a1cf3cd7909c0a62059981da60b1	0	0	0	0	0	0	0	0	0	0	0	0	0	0	104	0	0	0	0	0	0	0	0	0	0	0	0	0	0	0
2428881a963075f56882e35d019cc330	0	0	0	0	0	0	0	0	0	0	0	0	0	0	0	0	0	0	14	0	0	0	0	0	0	0	0	0	0	0
799637c700067622c7b2e2be08c8708c	0	0	0	0	0	0	0	0	0	0	0	0	0	0	0	0	0	0	4	0	0	0	0	0	0	0	0	0	0	0
8efa4934f19c8463d7d6c8f590956aec	0	0	0	0	0	0	0	0	0	0	0	0	0	0	0	0	0	0	0	21	0	0	0	0	0	0	0	0	0	0
45f9bee5f75c276d1a3d9dbdcb11ce2a	0	0	0	0	0	0	0	0	0	0	0	0	0	0	0	11	0	0	0	0	0	0	0	0	0	0	0	0	0	0
bbff9c74ca69f6bc818f8797fb80af97	0	0	0	0	0	0	0	0	0	0	0	0	0	9	0	0	0	0	0	0	0	0	0	0	0	0	0	0	0	0
4e4f71f9834c930b9a76db3ab7af9d94	0	0	0	0	0	0	0	0	0	0	0	0	0	0	13	0	0	0	0	0	0	0	0	0	0	0	0	0	0	0
71c7d10cdc911a2aae7dc793193eb7a8	0	0	0	0	7	0	0	0	0	0	0	0	0	0	0	0	0	0	0	0	0	0	0	0	0	0	0	0	0	0
e6f0e4d1ada421d48cacd176a8d750db	0	0	0	0	0	0	0	0	0	0	0	0	0	0	0	0	0	0	0	0	0	0	0	5	0	0	0	0	0	0
f836db131cbe6a77f88fb58a10d649cd	0	0	0	0	0	0	0	0	0	0	0	0	0	0	0	0	0	0	0	0	0	0	0	0	0	0	2	0	0	0
a096b9c0b1f4aa170eac9c7daeaf2ede	0	0	0	0	0	0	0	0	0	0	0	0	0	0	0	2	0	0	0	0	0	0	0	0	0	0	0	0	0	0
7a7527d6094908c8c73e936ec1a491bd	0	0	0	0	0	0	0	0	0	0	9	0	0	0	0	0	0	0	0	0	0	0	0	0	0	0	0	0	0	0
bbf4190f6a0bc08136c357a59c113062	0	0	0	0	2	0	0	0	0	0	0	0	0	0	0	0	0	0	0	0	0	0	0	0	0	0	0	0	0	0
265bd71f03f4a0b015f84add5a2d5a90	0	0	0	0	0	0	0	0	0	0	0	0	0	0	0	0	2	0	0	0	0	0	0	0	0	0	0	0	0	0
d530bbbdbbc13a797e403d939a7f0bd0	0	0	0	0	10	0	0	0	0	0	0	0	0	0	0	0	0	0	0	0	0	0	0	0	0	0	0	0	0	0
cb940f9450913ad06e4306aa5c56c599	0	0	0	0	0	0	0	0	31	35	0	0	0	0	0	0	0	0	0	0	0	0	0	0	0	0	0	0	0	0
bfd7d2ada2ce74e4784ff739f30441ba	0	0	5	12	0	0	0	14	10	0	0	0	0	0	0	0	0	0	0	0	0	0	0	0	0	0	0	0	0	0
7357a77cdc46c515b88d2f8d9f60ba62	0	0	0	0	0	0	0	0	0	0	0	12	0	0	0	0	20	0	0	0	0	0	0	0	0	0	0	0	0	0
40ef73d52c4985e0c525eed974a58ec7	0	0	0	0	0	0	0	0	0	0	0	0	0	0	0	0	0	0	4	0	0	0	0	0	0	0	0	0	0	0
b88df0a19ba4a10252a1dd9904c133db	0	0	0	0	0	9	0	0	0	0	0	0	0	0	0	0	0	0	0	0	0	0	0	0	0	0	0	0	0	0
3c105323c06756d5e10fa1ba74f746f4	11	0	0	0	0	0	0	0	0	0	0	0	0	0	0	0	0	0	0	0	0	0	0	0	0	0	0	0	0	0
9f85ef4d69532eb1f3476b24cc404a7c	0	0	0	0	0	0	0	0	0	0	0	0	0	0	0	0	0	0	0	0	0	0	0	0	0	0	0	0	36	0
9122d4f646e8764933ea1f416ab724d9	0	0	0	0	0	0	0	0	0	0	0	0	0	0	0	0	0	0	0	0	0	3	0	0	0	0	0	0	0	0
21688f126bc57d77939292b00b681e6f	10	0	0	0	0	0	0	0	0	0	0	0	0	0	0	32	0	0	0	0	0	0	0	0	0	0	0	0	0	0
02f91ab42e431a6e27d426a7504a62e8	0	0	50	0	0	0	0	0	0	0	0	0	0	0	0	0	0	0	0	0	0	0	0	0	0	0	0	0	0	0
ac8a363fba754c8e5fedd255e1f1d5d2	0	0	0	0	0	0	0	0	0	0	0	0	0	0	0	0	0	0	0	0	0	0	0	0	0	0	0	0	7	0
8e0f0f651915eb84d3d57e08027e57c8	0	0	0	0	0	0	0	0	0	0	0	0	0	0	0	0	0	0	0	0	0	0	0	0	2	0	0	0	0	0
486841084ab02c82e7bf22ad744e13fa	8	9	0	14	0	0	0	12	0	14	0	53	48	50	50	17	0	258	0	0	0	0	0	0	20	23	19	0	367	0
3b90dfef52d1a3bce82fcd4004523f5b	0	5	0	0	0	0	0	0	0	0	0	0	0	0	0	0	0	0	0	0	0	0	0	0	0	0	0	0	0	0
5538240cbf1bde74c6cfbb88295939fe	0	0	0	0	0	0	0	0	0	0	0	0	0	0	0	0	0	0	0	0	0	0	0	0	0	0	3	0	0	0
236f903b247100a80822e1678997e7fd	0	69	83	61	118	56	160	109	0	92	0	0	0	0	0	0	0	0	0	109	0	0	664	0	0	0	0	0	0	18
d5b9f90a80084df18ce3e576848ef98e	0	0	0	0	0	0	0	0	0	253	0	0	0	0	0	0	0	0	0	0	0	0	0	0	0	0	0	0	0	66
0890d87c67c9273b9416ac17e3f342fc	14	0	0	0	0	0	11	0	0	0	0	0	20	40	448	46	0	0	17	0	0	0	0	17	0	0	0	17	0	0
b13f2e58f611a1442377f48da5264f53	5	0	0	0	0	0	0	0	0	0	11	0	0	0	0	0	0	0	0	0	0	10	0	7	0	0	0	116	0	155
f603d924a5f604b617cc2ebed8f5bcb7	0	0	0	0	0	0	0	0	0	0	0	0	0	0	0	0	0	0	0	0	0	20	0	0	46	0	0	19	0	13
73af11b71e3e442719ca61dff5d418bb	11	23	0	0	129	0	0	0	12	0	0	0	0	0	0	0	0	0	0	0	0	0	0	0	0	9	0	0	0	0
b844e9fc42dfbb568585ea831a53d424	0	0	0	0	0	0	0	0	0	0	0	0	3	0	0	0	0	0	0	0	0	0	0	0	0	0	0	0	0	0
fd2c62ece8cc9e6062363ce80c465849	0	4	0	0	0	0	0	0	0	0	0	0	0	0	0	0	0	0	0	0	0	0	0	0	0	0	0	0	0	0
27bb0563e5d17830ef4de5391aa6a6bc	53	6	0	38	0	0	0	31	0	0	0	24	0	0	0	0	0	0	0	0	0	0	0	0	0	0	0	3	0	0
a8da8c8b0b64fba17c01c0160e9a35f3	0	0	0	0	0	0	0	0	0	0	0	2	0	0	0	0	0	0	0	0	0	0	0	0	0	0	0	0	0	0
c5a91249a888b0be886b85a4b0b299e4	0	0	0	0	0	0	0	0	8	0	0	0	0	0	0	0	0	0	0	0	0	0	0	0	0	0	0	0	0	0
39110249c6958140be10e18c4ca36d54	22	0	0	0	3	15	0	0	0	0	0	0	0	0	0	0	0	0	0	0	0	0	0	0	0	0	0	0	0	0
8110b8db0b56fc088ba35dad0ecb8dc4	0	0	0	0	0	0	0	0	0	0	0	0	0	0	0	0	0	0	0	0	0	0	0	0	0	0	0	28	44	0
7fcc3b8068df5b59b4779df972c42821	0	0	0	0	0	0	0	17	0	0	0	0	0	0	0	0	0	0	0	0	0	0	0	0	0	0	0	0	0	0
e0c2711325bc029315dbee1c0269b12c	0	3	0	0	0	0	0	0	0	0	0	0	0	0	0	0	0	0	0	0	0	0	0	0	0	0	0	0	0	0
e659a7f3abc1cde7ef1c6d73d439bbaf	0	0	0	0	0	82	0	0	0	0	0	0	0	0	0	0	0	0	0	0	0	0	0	0	0	0	0	0	0	0
b9a42a03b106fbe4faa5906dab178cfc	0	0	10	0	0	0	0	0	0	0	0	0	0	0	0	0	0	0	0	0	0	0	0	0	0	0	0	0	0	0
0be11492f328e745f91accfff19876f1	0	0	77	0	0	0	0	0	0	0	0	0	0	0	0	0	0	0	0	0	0	0	0	0	0	0	0	0	0	0
274a78f407841de5abcce1ac2470a41f	0	0	0	0	0	0	0	0	0	12	0	0	0	0	0	0	0	0	0	0	0	0	0	0	0	0	0	0	0	0
13ee160fbd4531f9bf6c0cd3e85cf7ec	0	0	0	0	0	0	0	0	0	0	0	0	0	0	0	0	0	0	5	0	0	0	0	0	0	0	0	0	0	0
84ff0f53de3ed77527d4b77bd6e863be	0	0	0	0	0	0	0	0	0	0	0	0	0	0	0	0	0	0	0	13	0	0	0	0	0	0	0	0	0	0
37149cb336d7bbe9427e6d7c9bc620f2	0	0	0	0	0	0	0	0	0	0	0	0	0	0	0	0	0	0	4	0	0	0	0	0	0	0	0	0	0	0
cee9c0fa7ee2d85d7cbf9a225cfabfd4	0	0	0	2	6	0	0	0	30	0	0	0	0	0	0	22	11	0	0	0	0	3	0	0	0	0	0	0	0	0
353dab5c30267bb8695587419fd27fbe	0	0	0	0	28	0	0	0	0	0	0	0	0	0	0	0	0	0	0	0	153	0	0	0	0	0	0	60	0	0
b3b0ae6aa74077e84d93701cd29fe4f6	0	0	0	0	0	0	0	0	0	0	0	0	0	0	0	21	0	0	0	0	0	0	0	0	0	0	0	0	0	0
c1ad54c5897acf99bacc13b8e8787496	0	0	2	0	0	0	0	0	0	0	0	0	0	0	0	0	0	0	0	0	0	0	0	0	0	0	0	0	0	0
ff7feb7d4bb7a17121b2e6e1c4b01a89	0	0	0	0	0	0	0	0	0	12	0	0	0	0	0	0	0	0	0	0	0	0	0	0	0	0	0	0	0	0
a3762f90920d3a7f6b5562339aca80dd	0	0	0	0	0	0	0	0	0	0	0	0	0	0	0	0	0	0	0	0	0	0	0	0	0	11	0	0	0	0
d1f142194c9f47038e55588e6131981d	0	0	0	0	0	0	0	0	19	0	0	0	0	0	0	0	0	0	0	0	0	0	0	0	0	0	0	0	0	0
b97253db204faeb8135367c1e27a6bf5	0	0	0	0	0	0	0	0	0	0	0	0	0	2	0	0	0	0	0	0	0	0	0	0	0	0	0	0	0	0
7d8092bbfa25da3ad54d98a3c7120e56	0	0	0	0	0	0	0	0	0	0	0	0	0	0	0	0	0	0	0	0	0	0	0	0	3	0	0	0	0	0
5f048efc31221dc09906b3b66d50afba	0	0	0	0	0	0	0	0	0	0	0	0	0	0	0	0	0	0	0	0	0	0	0	7	0	0	0	0	0	0
6f0776b60b3c6fb83f69c65e4b8f48fc	0	5	0	0	0	0	0	0	0	0	0	0	0	0	0	0	0	0	0	0	0	0	0	0	0	0	0	0	0	0
b2dc1197be861c17b03a3773ad542712	0	0	0	0	0	0	0	0	0	0	0	0	0	0	0	14	4	0	0	0	0	0	0	0	0	0	0	0	0	0
f8c0c4ab5e4102353eeb5e372806bc21	0	0	0	0	0	0	0	43	0	0	0	0	0	0	0	0	0	0	0	0	0	0	0	0	0	0	0	0	0	0
99f2cdfebfc59a241b647e4e559d547f	0	0	0	0	0	0	0	0	0	0	0	0	0	24	0	0	0	0	0	2	0	0	0	0	0	0	0	0	0	0
5fe08fd2bb6cdaa0d98598f47009cd56	85	29	0	0	0	0	0	0	0	0	0	0	0	0	0	0	0	30	0	24	0	0	0	0	0	0	0	0	0	0
e5fe9458a4cbacd9ba68c245e20a98dd	0	0	0	0	0	0	0	0	0	0	11	0	0	18	9	0	0	61	0	0	0	0	0	0	0	0	0	0	0	0
7c8e106085663fa8c9d29515a45a5a89	0	0	15	0	0	0	0	0	0	0	0	0	0	0	0	0	0	0	0	0	0	0	0	0	0	0	0	0	0	0
bd276a93ae77f001b8f7afb01c2bc939	0	0	0	0	30	0	0	0	0	0	0	0	0	0	0	0	0	0	0	0	0	0	0	0	0	0	0	0	0	0
bdc7c568399207a769dc9622fb6b2045	0	0	0	0	0	0	0	0	0	0	0	0	0	15	0	0	0	0	0	15	0	0	0	0	0	0	0	0	0	0
1d70fad4173ec3e2589d9784c0e6f958	0	0	0	0	0	0	0	10	0	0	0	0	0	0	0	0	0	0	0	0	0	0	0	0	0	0	0	0	0	0
4287d73921d68458768ffb6085de6f27	0	0	0	0	0	0	0	0	0	0	0	2	0	0	0	0	0	0	0	0	0	0	0	0	0	0	0	0	0	0
6de0913cd26e84755adb49dc6c803b97	0	0	13	0	0	0	0	0	0	0	0	0	0	0	0	0	0	0	0	0	0	0	0	0	0	0	0	0	0	13
a289e07025fe798ace1139cc77c66205	0	0	19	0	0	0	0	0	0	0	0	0	0	0	0	0	0	0	0	0	62	0	0	0	0	0	0	0	0	0
7a7e9936d484da5892f07c18ef87917d	0	0	0	0	0	0	0	0	0	0	0	0	0	0	0	0	0	0	0	7	0	0	0	0	0	0	0	0	0	0
90f401824805426a9098a0f07e5c82be	0	0	0	0	0	0	0	0	0	0	0	0	0	0	0	0	4	0	0	0	0	0	0	0	0	0	0	0	0	0
66283597730512839826cb7907f7c3ea	0	0	0	0	0	0	0	0	0	0	0	0	18	27	5	0	0	0	0	13	0	0	0	0	0	0	0	0	0	0
3719aafb42821941963018255d184622	96	0	149	61	163	0	0	0	0	0	0	0	0	0	0	0	0	0	0	0	0	0	0	0	0	0	0	0	0	0
e04e6b5e873b82b12787b744ae4dc678	0	0	0	0	0	0	0	0	0	0	0	0	0	0	0	0	0	0	0	0	0	0	0	0	20	0	0	0	0	0
805bb0beaa9d63d6116f3e1d5f0aff15	0	0	0	0	0	5	0	0	0	0	0	0	0	0	0	0	0	0	0	0	0	0	0	0	0	0	0	0	0	0
98cc9b794c459f8b09eaf260ed00a493	0	0	0	0	0	0	0	0	0	0	0	0	0	0	25	0	0	0	0	0	0	0	0	0	0	0	0	0	0	0
21f63ea9d12e468ae60ab134c81be04a	0	0	0	0	0	0	0	0	0	0	0	11	16	0	0	0	20	11	0	0	0	0	0	0	0	0	0	0	0	0
6f26774d0d33d8b19a32cf09f8ad5d72	0	0	0	0	0	0	0	0	0	0	0	0	0	0	0	0	0	0	0	0	0	26	0	37	0	0	0	0	0	0
cbe0681a98a959dacf5b48de52c1fce3	0	0	0	0	0	0	0	0	0	0	0	0	0	0	0	0	0	0	0	0	0	0	0	0	0	0	0	17	0	0
1e42f295fe63d00b8491c94a3a3533a3	0	0	0	0	0	0	0	0	0	0	0	0	0	0	0	0	0	0	0	0	0	0	0	0	0	2	0	0	0	0
b1368eb2e23de35b317fecf7d6a2b824	0	0	0	0	0	0	0	0	0	0	0	0	19	0	0	0	0	0	0	0	0	0	0	0	0	0	0	0	0	0
665c1441dcd3256349348f5d6656dd10	0	8	0	0	0	0	0	0	0	0	0	0	0	0	0	0	0	0	0	0	0	0	0	0	0	0	0	0	0	0
ae6b89315e323dfe803d8e9a2db0a295	0	0	0	0	0	0	0	0	0	0	0	0	18	0	0	0	0	0	0	0	0	0	0	0	0	0	0	0	0	0
b0034699edeabc3b6e472ce213f1d188	0	0	0	0	13	0	0	0	0	0	0	0	18	0	0	0	0	0	0	7	0	0	0	0	0	0	0	0	0	0
26bc7cf1d1e13a039c08823951b42e8b	42	18	0	21	0	0	0	0	0	0	0	0	0	0	0	0	0	0	0	0	0	0	0	0	0	0	0	0	0	0
452296f2bdfa390ebb3c7ea30b037306	23	0	0	0	0	0	0	0	9	0	0	0	0	0	0	0	0	0	0	0	0	0	0	0	0	0	0	0	0	0
829703e923432baeaf7de1d7ad8a86f8	0	0	0	0	0	0	0	0	0	0	50	0	0	60	0	0	0	0	0	0	0	0	0	0	0	0	0	0	0	0
821a3562327bce65b41f03b71c45e758	0	0	0	0	0	0	0	9	0	0	0	0	0	0	0	0	0	0	0	0	0	0	0	0	0	0	0	0	0	0
812aad66dbae9e0a2c208a1c7be3a469	0	0	0	0	0	0	0	0	0	0	0	2	0	0	0	0	0	0	0	0	0	0	0	0	0	0	0	0	0	0
c0430d02a3d9adc36366066f09f002c9	0	0	0	0	0	0	0	0	0	0	0	0	0	0	0	0	0	0	0	0	0	0	0	0	11	0	0	0	15	0
d6aaa02565dabd8df5dbe5a1a6805433	0	0	0	0	0	0	0	5	0	0	0	0	0	0	0	0	0	0	0	0	0	0	0	0	0	0	0	0	0	0
a0b407786816086b6bd2e21c2642bbb2	0	0	0	0	0	0	0	0	0	0	0	0	0	0	0	0	0	0	0	0	0	0	0	0	0	0	0	0	0	2
3672e459b608c5f3629f390908b91a5e	0	0	0	0	0	26	0	0	12	0	0	0	0	0	0	0	0	0	0	0	0	0	0	0	0	0	0	0	0	0
f46cc4a7b749d40ee7afe42567a2543d	0	0	0	0	0	0	0	0	10	0	0	0	0	0	0	0	0	0	0	0	0	0	0	0	0	0	0	0	0	0
c7dbefda86e29a415f0cc6a6b4d0f6f5	0	0	0	0	0	0	0	0	0	0	0	0	0	0	0	0	0	0	0	0	7	0	0	0	0	0	0	0	0	0
fcc42414084087d57bf1d46ebdf822e6	0	0	0	0	0	0	0	0	0	0	0	0	0	0	0	0	0	0	0	0	0	0	0	13	0	0	0	13	0	28
5e4e1e46687adb4c5ac0cc53bfc9c3f0	0	0	0	0	4	0	0	0	0	0	0	0	0	0	0	0	0	0	0	0	0	0	0	0	0	0	0	0	0	0
6a0eaf667ad630abe825d44f14c076bd	114	126	0	0	23	115	29	31	36	133	0	0	0	0	0	0	0	0	0	0	0	41	0	0	46	73	47	67	42	54
7277dff5486ab311bbaeee216a7d1740	0	0	0	0	0	0	0	0	0	0	0	0	0	0	21	0	4	0	0	0	0	0	0	0	0	0	0	0	0	0
946ec46cb6cc7611fd6466d2109048a2	0	0	0	0	0	0	5	0	0	0	0	0	0	0	0	0	0	0	0	0	0	0	0	0	0	0	0	0	0	0
552990127abefb122480bef241a12de4	0	0	0	0	0	0	0	0	0	0	0	13	0	47	0	21	11	61	0	17	0	0	0	0	17	0	0	0	0	0
83821904ea62b135ba8970e9848acf46	5	0	0	0	0	0	0	0	0	0	0	0	0	0	0	0	0	0	0	0	0	0	0	0	0	0	0	0	0	0
e53195dbcaef36bc567e7606550a5da6	0	0	0	7	0	0	29	19	10	27	37	94	78	84	39	85	256	215	55	27	11	16	0	66	537	44	19	42	299	12
0f3c34b1e6a7ff3699403697554f15ba	0	7	0	0	0	0	0	0	0	0	0	0	0	0	0	0	0	0	0	0	0	0	0	0	0	0	0	0	0	0
e4028671be9e1624f7424837aac07471	0	0	0	0	0	9	0	0	0	0	0	0	0	0	0	0	0	0	0	0	0	0	0	0	0	0	0	0	0	0
5fd1409a1957058d90d956f2605ed75e	0	0	18	0	0	0	0	0	0	0	0	0	0	0	0	0	0	0	0	0	0	0	0	0	0	0	0	0	0	0
2fbaa81465d66c2111ebb60b4a920541	0	0	0	0	0	0	0	0	0	0	0	19	0	25	0	0	0	0	0	7	0	0	0	0	13	14	0	8	22	0
4742fa1da915ce7c366797b01810aff0	0	27	0	18	194	21	31	0	0	0	0	0	0	0	0	0	0	0	0	0	0	0	0	0	56	32	0	0	44	0
c60c8be93fd97f267a7431f03d2ffd97	0	0	0	0	0	0	53	16	25	0	0	0	0	0	0	0	6	0	0	0	0	0	0	0	0	0	0	0	0	0
09daa00e322803e2592631bdc2580ec8	0	0	0	0	0	0	0	0	0	0	0	0	0	0	0	0	0	0	0	0	0	13	0	0	0	0	0	0	23	0
804c2d9f30a1599618678cad5a610a6e	0	0	0	0	0	0	0	0	0	0	0	0	15	0	0	0	0	0	0	0	0	0	0	0	0	0	0	0	0	0
1e7bf67f7f0f45b012c02ff4cd9a9ba0	0	0	0	0	0	0	0	0	0	0	0	11	0	0	0	0	0	0	0	0	0	0	0	0	0	0	0	0	0	0
c4a0abec16a149208ea8b690fecd996c	0	0	119	0	45	0	0	0	0	66	0	0	34	49	0	0	132	0	0	0	11	63	0	30	0	0	38	0	0	0
31edcb746f205b7617bc63cc6b157999	0	0	0	0	0	0	0	0	0	0	0	0	0	0	0	0	0	0	7	0	0	0	0	0	0	0	0	0	0	0
b6250e31c24d4ad6b5455c8f55682532	0	0	0	0	0	0	0	0	0	0	0	0	0	0	0	7	0	0	0	0	0	0	0	0	0	0	0	0	0	0
0dd41999681cdfbc38f1478f5993b0d8	0	0	0	0	0	0	0	0	0	3	0	0	0	0	0	0	0	0	0	0	0	0	0	0	0	0	0	0	0	0
5d50f51018721ba8b36d5774a93a0a93	4	0	0	0	0	0	0	0	0	0	0	63	20	68	11	22	30	25	0	0	0	0	0	0	0	0	0	0	0	0
115b648ead88894c368e924bea5d4477	0	0	0	0	0	0	0	0	0	0	0	0	0	0	0	0	0	0	0	0	0	0	0	0	2	0	0	0	0	0
21b7bb55076cbb216ddb9e4dd74d4bcd	0	0	0	0	0	0	0	0	0	0	0	0	0	0	5	0	0	0	0	0	0	0	0	0	0	0	0	0	0	0
9bd9f5aa349fdb8fe4d2fd3a56ac8819	0	0	3	0	0	0	0	0	0	0	0	0	0	0	0	0	0	0	0	0	0	0	0	0	0	0	0	0	0	0
7c85f7dafc74fb1eaa8004e7babcca52	0	0	0	0	0	0	0	0	0	0	0	0	0	0	0	0	0	0	0	0	0	0	0	0	0	0	0	0	0	2
408145e76ac98997b5ff202fcc9da9b1	41	187	35	369	553	340	0	19	41	0	0	0	134	48	0	52	0	0	52	0	0	18	0	0	43	38	0	0	0	0
8a098661c4d612e8f97658d46ddb3347	0	0	0	0	0	0	0	0	0	0	0	0	0	0	0	2	0	0	0	0	0	0	0	0	0	0	0	0	0	0
06e441abd0ad284274078ffe607d23c4	0	0	0	0	0	0	0	0	0	0	0	0	0	0	0	7	0	0	0	0	0	0	0	0	0	0	0	0	0	0
bf350740ccf5e4e968003d3c5b20a3bb	5	0	0	0	0	0	0	0	0	0	0	0	0	0	0	0	0	0	0	0	0	0	0	0	0	0	0	0	0	0
35aff6ceca45990bad526a23f5359e8d	0	0	9	0	0	0	0	0	0	0	0	0	0	0	0	0	0	0	0	0	0	0	0	0	0	0	0	0	0	0
d32cbcad46b9379aaf2b56e893908256	0	0	0	0	0	0	0	0	0	0	0	0	0	0	0	0	0	0	0	0	0	27	0	0	0	0	0	12	0	0
34d6e453c54bc84db6ddf5f102bde6fb	0	0	0	0	0	0	0	0	0	0	0	0	0	0	0	0	0	0	0	0	0	0	7	0	0	0	0	0	0	0
0825b43663891904c3b1100ab97589b8	0	0	0	0	0	0	0	0	0	0	0	0	0	0	0	15	0	0	14	0	0	0	0	0	0	7	0	0	0	0
a21a4eb8c72d2619edcc7d0091a223c4	0	0	0	0	0	0	0	0	0	0	0	0	0	0	0	0	0	3	0	0	0	0	0	0	0	0	0	0	0	0
eb23248cfa4c03878802838954ac9845	0	0	0	0	0	0	0	0	0	0	13	0	0	0	0	0	0	0	0	0	0	0	0	0	0	0	0	0	0	0
f7ce9d1944f0afe2e2634c869a5c69f5	0	0	0	0	0	0	0	0	0	0	0	0	0	0	0	0	0	0	0	0	30	0	0	0	0	0	0	0	0	0
8dfc9d8385ba5bf575a06d3ca15ae61d	18	0	22	11	8	0	496	63	31	29	10	27	0	0	0	32	54	15	50	0	0	0	0	0	0	13	0	0	0	0
155808af5aa965b73c40a34cec458ae7	0	0	0	0	0	0	0	0	0	2	0	0	0	0	0	0	0	0	0	0	0	0	0	0	0	0	0	0	0	0
0eea45173b8060da77c75edb07e07e71	0	0	0	0	0	0	0	0	0	0	0	8	0	60	0	0	8	0	4	0	0	0	0	0	0	0	0	0	0	0
fa63f2cb5ea00ea11fb05ee8c945abe5	0	0	0	0	0	0	0	0	0	0	0	0	0	0	0	0	0	0	3	0	0	0	0	0	0	0	0	0	0	0
e9605a24b2a49ae4efad876a2c32c3be	0	0	0	0	0	0	0	0	0	0	40	0	0	0	0	0	0	0	0	16	0	30	0	0	0	0	0	0	17	0
57915ea800805a7d8978415fb0633fce	0	0	0	0	0	33	0	27	0	0	0	0	0	0	0	0	0	0	0	0	0	8	0	0	0	0	0	0	0	0
6380451c2e51f4c304784ecb2e40548a	60	0	0	0	0	0	53	0	0	0	35	28	48	17	528	70	54	104	42	70	26	0	0	76	0	35	0	76	0	0
4f6c1b33bb7da3d40ec51f4be88591c1	0	0	0	0	0	42	0	0	0	46	0	0	0	0	0	0	0	0	0	0	0	0	0	0	0	0	0	0	0	0
51291162c0ebb187beda06d912ce77bb	0	0	0	0	0	0	0	0	0	0	0	0	0	0	0	0	0	0	0	0	0	0	0	0	30	0	0	0	0	0
6e12d7c47074dfcc73537b235ef164a9	0	0	0	0	0	0	0	0	0	0	0	0	0	0	2	0	0	0	0	0	0	0	0	0	0	9	0	2	0	0
8bb6ed188a45bdea7a2da8b7b220188a	0	0	0	0	0	0	0	0	0	0	0	0	0	0	0	0	0	0	0	0	0	0	0	0	24	0	0	0	3	0
016328e647305f37d6b6ffca28ba8d7d	34	54	32	23	78	17	56	19	41	32	0	20	55	14	9	52	38	49	46	67	0	0	0	0	0	0	0	0	0	0
6c8f4dd83ff849185c0795aa2c180e6c	0	0	0	0	0	0	0	0	0	0	0	0	0	1	0	0	0	0	0	0	0	0	0	0	0	0	0	0	0	0
d4568b7a20eee040aac71de7714833f6	0	0	0	0	0	0	0	0	0	0	0	0	0	0	0	0	0	0	0	0	0	0	294	0	0	0	0	0	0	0
26c0306e5b72489a914fc264c98f6a84	5	0	0	0	0	0	0	0	0	0	0	0	0	0	0	0	0	0	0	0	0	0	0	0	0	0	0	0	0	0
5d94dac7ef6abb45326bd82196d4938d	0	0	0	0	0	0	0	0	0	0	0	0	0	11	0	0	0	0	0	0	0	0	0	0	0	0	0	0	0	0
5a3096482451b7fc4f047c86fceff618	56	0	60	33	18	56	16	0	127	295	0	0	0	0	0	0	0	0	0	0	0	43	0	11	12	26	0	39	0	0
30c41b4f2cb58041254ea12ecf13a53d	0	0	0	0	0	0	0	0	0	0	0	0	0	0	0	0	0	0	0	0	0	0	2	0	0	0	0	0	0	0
27927755e1961425a259ac61e41decd7	0	0	0	0	0	0	0	0	0	0	6	0	0	0	0	0	0	0	0	0	0	0	0	0	0	0	0	0	0	0
232a5ba31fcd500e97e729d0a86d354d	0	0	0	0	0	0	0	0	0	0	0	0	0	0	0	0	0	0	0	0	0	0	0	0	0	0	0	0	11	0
b206a6e840d76ca9e67737874e936f39	0	0	0	0	0	0	0	17	0	0	0	0	0	0	0	0	0	0	0	0	0	0	0	0	0	0	0	0	0	0
94f29009696bcb1d40617d1cd8d605d5	0	0	0	0	0	0	0	0	0	0	0	5	0	0	0	0	0	0	0	0	0	0	0	0	0	0	0	0	0	0
8b5a7a8469485170590a5434e380b708	0	0	0	0	0	0	0	0	0	0	0	0	0	0	0	0	0	0	0	0	0	0	0	0	0	0	0	0	2	0
df12829cfa0dc4b38659eef2d50edf38	0	0	16	0	0	15	0	0	0	0	0	0	0	0	0	0	0	0	0	0	0	0	0	0	0	0	0	0	0	0
a0d471073400304b1f31f6a2ae0fc7f5	0	0	0	0	0	0	0	0	0	0	0	0	0	0	0	0	0	0	0	0	0	0	0	3	0	0	0	0	0	0
1bc2d59715b5084821de6d448e27fefc	0	0	0	0	0	0	0	0	0	0	0	0	0	0	0	0	0	0	0	0	0	0	0	0	0	0	0	2	0	0
03e2f7b079ab850e1ae950da97b94113	0	0	0	0	0	0	0	0	0	0	0	0	0	0	0	0	0	0	0	0	0	0	0	3	0	0	0	0	0	0
4001ec781fcfb85cf15164d7ffb8a1b8	0	0	0	0	0	0	12	0	0	0	0	0	0	0	0	0	0	0	0	0	0	0	0	0	0	0	0	0	0	0
bb2265474b98b8a87ea92474a562d897	0	0	0	0	0	0	0	0	0	0	0	0	0	0	0	0	0	0	0	0	0	0	0	0	0	0	0	0	3	0
6503b18abb0b66612ed11d49a77bd2e5	0	0	0	0	0	0	0	0	0	0	0	0	71	0	0	0	0	0	0	0	0	0	0	0	0	0	0	0	0	0
ebeaaa12737e7deda511d1d1c38cab41	0	0	0	0	0	0	0	0	0	0	0	0	0	5	0	17	0	2	0	47	0	0	0	0	0	0	0	0	0	0
88ff830eab7e9a012b9e48112af08617	0	0	0	0	0	0	0	0	0	0	0	0	0	0	0	0	0	0	0	0	0	0	0	0	0	2	0	0	0	0
6a5535856fcfab5d1b8181971df4f94d	155	930	88	747	91	85	119	157	1233	702	48	163	116	136	506	111	61	95	0	0	0	0	0	0	47	0	0	0	0	0
ee0afb8e974762c33d5040071e64b88e	0	0	0	0	0	0	0	0	0	0	0	0	0	0	0	0	0	17	0	0	0	0	0	0	0	0	0	0	0	0
2fddfabf8d06c0a3d98d97e4963b6301	15	0	0	4	0	0	0	0	0	0	30	26	8	0	0	0	0	0	0	0	0	0	0	0	0	0	0	0	0	0
2bedc9d051478fcf0dbbde0a63659b63	0	0	0	0	0	0	0	0	0	0	0	0	0	0	0	0	0	0	0	0	0	0	0	98	50	67	55	59	188	28
1754790e818fa3a3a7d9dfc437592690	0	0	0	0	0	0	0	0	0	0	0	0	0	0	0	0	0	0	0	0	0	3	0	0	0	0	0	0	0	0
e34a3549fec00edf8a22142238478985	28	0	0	0	0	0	0	0	0	0	0	0	0	0	0	0	0	0	0	0	0	0	0	0	0	0	0	0	0	0
dc0d3d1fc90913eedb7c249b284b47d0	0	0	0	0	0	0	0	0	0	0	0	0	0	0	0	0	0	0	0	0	0	1	0	0	0	0	0	0	0	0
f901a0b6a46a2ab313b3f1308ff92bac	0	0	0	0	0	0	0	0	0	0	0	0	0	0	0	0	0	0	0	0	0	0	0	13	0	0	31	34	0	0
d3682933232aa64822b6d0590bf35a8f	0	0	0	0	0	0	0	0	0	0	0	0	0	0	0	0	0	0	0	0	0	0	0	0	0	0	0	0	0	27
318128756a7040cc3bedf8eab5527a1a	0	0	0	0	0	0	0	0	0	0	0	0	0	0	0	0	0	0	0	0	0	0	0	0	0	0	0	0	4	0
280c3a85a7a26fa206b7fe5985df3495	0	0	0	0	0	0	0	0	0	0	0	0	0	0	0	0	0	0	0	0	0	0	0	43	35	0	17	0	11	0
9b2b996b3ca0953babd1089161adf606	0	0	0	0	0	17	0	0	0	0	0	0	0	0	0	0	0	0	0	0	0	0	0	0	0	0	0	0	0	0
b2eeb887b235497fd6f35cf07394e683	0	3	0	0	0	0	0	0	0	0	0	0	0	0	0	0	0	0	0	0	0	0	0	0	0	0	0	0	0	0
d4444355a28e84d520bdb58ccc70ec1b	0	0	0	0	0	0	0	0	0	0	0	0	0	0	0	0	0	0	0	0	0	0	0	0	16	0	0	0	7	0
766760012b71cd5e64d6d6f19d1f09ef	0	0	0	0	0	0	0	0	6	0	0	0	0	0	0	0	0	0	0	0	0	0	0	0	0	0	0	0	0	0
10db06816f178d41c447c3672d8debfb	0	0	0	0	0	0	0	0	0	0	0	0	0	0	0	17	0	0	0	0	0	0	0	0	0	0	0	0	0	0
4ed1e0d3b5114de513a4d8684877a150	0	0	0	0	0	0	0	0	0	0	0	0	0	20	25	0	0	0	0	0	0	0	0	0	0	0	0	0	0	0
ca9c9192f6c3102ccb90567896e5576c	0	0	0	0	0	0	0	0	0	0	0	0	0	7	0	0	0	0	0	0	0	0	0	0	0	0	0	0	0	0
a5f2e97a624d0f219e2af57f273f0989	0	0	0	0	0	0	0	0	0	0	0	0	0	0	0	0	0	0	0	0	0	0	0	0	0	0	0	0	0	15
110d7301aaf92ab7bf53d615357ec562	0	0	0	0	0	142	0	0	0	178	0	9	0	0	0	0	0	0	0	10	0	0	0	0	0	0	0	0	0	0
1432369900fedd8bf1c3028cc326fba1	0	0	0	0	0	0	0	0	0	0	0	0	0	0	0	0	0	0	0	0	0	17	0	0	0	0	0	0	0	0
2da3d0913977279126a1d331667879ca	244	29	38	115	37	279	43	0	0	55	0	58	119	95	0	0	24	27	73	0	0	39	0	0	54	0	37	0	0	0
8f12f0d5b68197b9309973644172eaef	0	0	0	0	0	0	0	0	0	0	0	0	0	0	21	0	0	0	0	0	0	0	0	0	0	0	0	0	0	0
62b725b8d57baae42dde32100855ec02	0	0	0	0	0	0	0	0	0	0	0	0	0	0	0	0	0	0	12	0	0	0	0	2	0	0	0	0	0	0
5ec37a5426e2e0cd73df0bbac8f4343a	0	0	0	61	0	0	0	0	0	0	36	0	29	0	0	0	0	9	0	0	0	0	0	0	0	0	0	0	0	0
ef18a5da9850a30ff7d67a20f578c51c	0	0	0	0	0	0	0	0	0	0	0	0	46	98	0	35	39	633	28	494	0	0	0	0	0	0	0	0	0	0
bd28f71e5532f098b7f2a4962bd01311	0	0	0	0	0	0	0	0	0	0	0	0	2	0	0	0	0	0	0	0	0	0	0	0	0	0	0	0	0	0
522eb934559f42a9535cc64e260a708b	0	0	0	0	0	0	0	0	0	0	0	5	0	0	0	0	0	0	0	0	0	0	0	0	0	0	0	0	0	0
d158b6a14328f8896e95011eb84bcce6	0	0	0	0	0	0	0	0	0	0	0	0	0	0	0	0	0	0	5	0	0	0	0	0	0	0	0	0	0	0
447a5e6958ef87fb9addea4829b712e4	0	0	0	0	0	0	0	0	0	0	0	0	0	5	0	0	0	0	0	0	0	0	0	0	0	0	0	0	0	0
1b04a59e55947deba8e19f27587f04d9	0	0	0	0	0	0	0	0	0	0	0	10	0	0	0	0	0	0	0	0	0	0	0	0	0	0	0	0	0	0
34e372be3f53d3a8de9fcc81783bce67	0	0	0	0	0	0	0	0	0	0	0	0	0	0	0	0	0	0	0	2	0	0	0	0	0	0	0	0	0	0
7cab5f0cd61903f4cacf048a6da39379	0	0	0	0	0	0	0	0	0	0	0	0	0	9	0	0	0	0	0	4	0	0	3	0	0	0	169	0	0	0
142500f4cc7e639941c9724c1befe670	0	0	73	0	0	0	0	0	0	0	0	0	0	0	0	0	0	0	0	0	0	0	0	0	0	0	0	0	0	0
1386e0e4d13f71d900f2c2089a5db576	0	0	0	0	0	0	0	0	0	0	0	0	0	15	0	0	0	0	0	0	0	0	0	0	0	0	0	0	0	0
934e55280cc3e907200b0b21acc96bc9	0	0	0	0	0	0	0	0	0	0	0	0	0	0	0	0	0	0	0	0	0	0	0	0	0	0	0	0	3	0
a2a4fc447ca89139d3e6c99a55d14a40	0	0	0	0	0	0	0	0	0	0	0	2	0	0	0	0	0	0	0	0	0	0	0	0	0	0	0	0	0	0
2a335325af8a1c60c6f14073734ba47d	0	0	0	0	0	0	0	0	0	0	10	0	0	0	0	0	0	0	0	0	0	0	0	0	0	0	0	0	0	0
e426f15a3a0ccf27eeac7a0bf00e86c3	0	0	0	0	0	10	0	0	0	0	0	0	0	0	0	0	0	0	0	0	0	0	0	0	0	0	0	0	0	0
d7f792765305413ee9081b9f5b00c4d6	240	0	42	27	0	34	107	0	76	217	0	0	0	0	0	0	0	199	17	0	0	0	0	0	0	0	65	0	0	0
ab232f9cb2621c9379cf67e768068440	6	0	0	0	0	0	0	0	0	0	0	0	0	0	0	0	0	0	0	0	0	0	0	0	0	0	0	0	0	0
94328768690ad4fea8afad4458fdcfa7	0	0	0	0	4	0	0	0	0	0	0	0	0	0	0	0	0	0	0	0	0	0	0	0	0	0	0	0	0	0
defb04361898de970017a1e10b3c40c7	0	0	0	0	0	0	0	0	0	0	0	2	0	0	0	0	0	0	0	0	0	0	0	0	0	0	0	0	0	0
13cfdf587751e33ce3ffe103c7ba2bd5	0	0	0	0	0	0	0	0	0	0	0	0	0	0	0	0	0	0	0	0	0	0	0	0	0	2	0	0	0	0
298628801ebecd05d30b208ea3c6c88d	0	0	0	0	0	0	0	0	0	0	18	0	0	0	2	0	22	0	0	0	0	0	0	0	19	0	0	0	0	27
1895c6f7b1f54a14fbe057977ad84cc4	0	0	0	0	0	0	0	46	0	0	0	18	17	60	0	34	51	0	146	31	0	0	0	0	0	0	0	0	0	0
350f3bb2aa63a92054fe15f83c3ef27b	0	0	0	0	0	0	0	0	0	0	0	0	0	0	0	0	0	0	0	0	0	0	0	22	0	0	0	0	0	0
d6fde5026d99e1d53ee50489ee0e4719	0	0	0	0	0	0	0	0	0	0	9	0	0	0	0	0	0	0	0	0	0	0	0	0	0	0	0	0	0	0
328077bc3199a6d22081086d88bca687	0	0	0	0	0	0	0	0	0	73	0	0	0	0	0	0	0	0	0	0	0	0	0	0	0	0	0	0	0	0
152c385e433ed9d85cbaaa4f6bc41d53	0	0	0	0	0	0	0	0	0	0	0	0	0	0	0	0	0	0	12	0	0	0	0	0	0	0	0	0	0	0
4ffd85a565d82101d8da0e6bf3c1b3a6	0	0	0	0	0	0	0	0	0	0	0	0	0	0	0	0	0	0	4	0	0	0	0	0	0	0	0	0	0	0
4b9874ee312c5db4f66a0cd873829113	0	0	0	0	0	0	0	0	0	0	0	0	0	0	28	0	0	0	0	0	0	0	0	0	0	0	0	0	0	0
8c67fde2feecca6829280dedc4e79581	0	0	0	0	0	0	0	0	0	0	32	0	0	0	0	0	0	0	0	0	0	0	0	0	0	0	0	0	0	0
cf2f69f9b0f09be0de9165d5e88ecaa3	0	0	0	0	0	0	0	0	0	0	0	0	0	0	0	0	0	0	0	2	0	0	0	0	0	0	0	0	0	0
8e270f389653717df317015f1a8abbfd	0	4	0	0	0	0	0	0	0	0	0	0	0	0	0	0	0	0	0	0	0	0	0	0	0	0	0	0	0	0
b074eff03d58c19192d884c661d528f3	0	0	0	0	0	0	0	0	0	0	0	0	0	0	0	0	0	0	0	0	0	0	0	6	0	0	0	0	0	0
aa30d45031cdfd68264a32363c2649c9	0	0	46	0	0	0	0	0	0	0	0	0	0	0	0	0	0	0	0	0	0	0	0	0	0	0	0	0	0	0
cf39cccc0c4383550841db82dad9749f	0	0	0	0	0	0	0	0	0	0	0	0	0	0	0	0	0	2	0	0	0	0	0	0	0	0	0	0	0	0
8182203af2a8f575870ae5f87d915ccc	0	3	0	0	0	0	0	0	0	0	0	0	0	0	0	0	0	0	0	0	0	0	0	0	0	0	0	0	0	0
afb082e489dae3d9d8d2325a7087a199	0	0	0	0	0	0	0	0	0	0	0	0	0	0	0	0	0	0	0	0	0	0	0	0	0	0	0	0	7	0
2f3598db6c3604dc9ebf70e38c00ccef	0	0	96	0	0	0	0	0	0	0	0	0	0	0	0	0	0	0	0	0	0	0	0	0	0	0	0	0	0	0
d090531770b684f100a73cd8f2309f99	0	0	0	0	0	0	0	0	0	0	0	0	0	35	0	0	0	0	14	0	0	0	0	0	0	0	0	0	0	0
0e926f5702d6725dfa7b8b1b0a4f7e7b	0	0	0	0	0	0	0	0	0	0	0	0	0	13	0	0	0	0	0	0	0	0	0	0	0	0	0	0	0	0
a275faf0c06ac57981220feb66ca28cb	0	0	0	0	0	0	5	44	0	0	0	7	19	0	0	0	19	0	0	0	0	0	0	0	0	0	15	0	23	0
b5ae222aba89530c6a13624a52855b20	0	0	0	0	0	0	0	0	0	0	15	0	0	0	0	0	0	0	0	0	0	0	0	0	0	0	0	0	0	0
746abfa9c22d7d9681503938eba3233e	0	0	0	0	0	0	0	0	0	0	0	0	0	0	0	0	0	41	0	0	0	0	0	0	0	0	0	0	0	0
766b3744f72754a4ff16d1c0177f80df	0	0	0	0	0	0	0	0	0	0	0	0	0	0	0	0	0	0	0	8	0	0	0	0	0	0	0	0	0	0
37c8df03d94d7bf82ec39f8a9d903dbf	0	29	0	0	0	0	0	0	0	0	0	0	0	0	0	0	0	0	0	0	0	0	0	0	0	0	0	0	0	0
5b9c11c2d2345278623b9af6b83ad8b3	0	0	0	0	0	0	13	0	0	0	0	0	0	0	0	0	0	0	0	0	0	0	0	0	0	0	0	0	0	0
b59e2bebc323b2f2a8bd366080cf873d	0	0	0	0	0	0	0	26	0	0	0	0	0	0	0	145	0	0	0	76	0	0	0	0	0	0	0	0	0	0
f993c59eca319f1a71eceede0b76317e	0	0	0	0	0	0	0	0	7	5	0	0	0	0	0	0	0	0	11	0	0	0	0	0	0	49	0	0	0	0
a9b27bfc4d0fc7076895db590bf32e64	0	0	0	0	0	0	0	0	0	0	13	0	0	0	0	0	0	0	0	0	0	0	0	0	0	0	0	0	0	0
81bddd5def123ebda016e270a500687c	0	0	0	0	0	42	0	0	0	0	0	0	0	0	0	0	0	0	0	0	0	0	0	0	0	0	0	0	0	0
5d9b8510f4c394cdd5a6efc79e21dae8	0	0	0	0	0	0	0	0	0	0	27	0	37	20	0	0	83	37	0	0	0	0	0	0	0	0	0	0	0	0
22cc37c023d5bf2884b9e37c878fd076	0	0	13	0	0	0	0	0	14	4	145	25	0	36	52	11	573	150	13	22	0	0	0	0	0	0	0	0	0	12
e204830dceb35bc91a73462f2bf60725	0	0	0	0	0	0	0	0	0	0	0	0	0	0	0	0	2	0	0	0	0	0	0	0	0	0	0	0	0	0
b138626bc0e098ec38e60dae478503ff	0	0	0	0	0	0	0	0	5	0	0	0	0	0	0	0	0	0	0	0	0	0	0	0	0	0	0	0	0	0
2acf7add1eeede968189c49488f35efe	0	0	0	0	0	0	0	0	0	0	0	0	0	0	0	0	0	0	0	0	0	0	0	0	0	0	0	0	16	0
34c3e9f2f1290f195c76ca949770c46f	0	0	0	0	0	0	10	0	0	0	0	0	0	0	0	0	0	0	0	0	0	0	0	0	0	0	0	0	0	0
56bc44164f9a38970adb85e006e8ca9c	0	19	0	0	0	0	15	0	0	23	11	0	0	0	0	10	0	0	0	0	0	0	0	0	0	0	0	0	0	0
df756087a10e9b8d9ccc8b627c53e9ff	0	0	0	0	0	0	0	0	0	0	0	0	0	0	0	0	0	0	0	2	0	0	0	0	0	0	0	0	0	0
86501097ea2b5b92a52e8af7e4320c1e	0	0	0	0	0	0	0	0	0	0	0	0	0	0	0	0	0	0	0	2	0	0	0	0	0	0	0	0	0	0
cc0b303ebb259e10da190fa2e09de8e0	0	0	0	0	0	0	0	0	0	0	0	0	0	0	0	0	0	0	0	0	0	72	0	0	0	0	0	18	0	0
15d9ae4fe08d2cd6176dd89ea7c1b686	0	0	0	0	0	0	0	0	0	0	0	0	0	0	0	0	0	0	0	0	0	0	0	0	0	0	185	0	0	0
f95bf18c72d98847ab6dafcbe7a3fdf7	80	150	0	78	70	0	2165	197	196	189	61	120	200	72	116	83	53	93	115	0	1161	504	112	110	108	198	200	232	263	45
43e28e3c8e97919972fb87679e197c06	0	0	0	0	0	0	0	0	0	0	0	0	0	0	0	0	0	0	0	0	0	0	0	0	0	0	3	0	0	0
04e492771c18d9ca674edaa8b03ebbab	0	0	196	0	0	0	0	0	11	0	15	0	0	0	0	0	0	0	0	0	0	0	0	0	0	0	0	0	0	0
115b3039db74279223c57083ac3abc9e	0	0	0	0	0	0	0	0	0	0	0	0	0	0	0	0	0	0	0	0	0	0	0	0	0	0	0	0	9	0
f467854d0a292dd273ba0b5541d9e0d6	0	0	0	0	0	4	0	0	0	0	0	0	0	0	0	0	0	0	0	0	0	0	0	0	0	0	0	0	0	0
e40c71a9bab2310d6e8e914e4eef98ad	0	0	0	0	0	0	0	0	0	0	0	0	0	0	0	0	0	0	0	0	0	0	0	0	0	23	0	0	0	0
3a089565bf29d98fc6769373ec0c7b8b	0	0	0	0	0	0	0	0	0	16	0	0	0	0	0	0	0	0	0	0	125	43	0	34	19	0	0	248	19	50
545412433c4e2cb653a7861960badb87	0	0	0	0	0	0	0	0	0	0	0	0	0	0	0	0	0	0	0	0	0	0	0	0	0	0	0	0	0	24
debacb35a48455505765c593849d3d31	0	0	0	0	0	0	0	0	0	0	0	0	0	0	0	0	0	0	0	5	0	0	0	0	0	0	0	0	0	0
c8c33b2c479b01e70d10ad9a6f8e59d4	0	0	0	0	0	0	0	0	0	0	0	0	0	0	0	0	0	0	0	11	0	0	0	0	0	0	0	0	0	0
1692daf2146954ad2ccde808a97802aa	0	0	0	0	0	0	0	0	0	0	0	0	0	0	0	0	0	0	0	0	0	70	0	0	0	7	0	0	0	0
d89676679ecd5a3ef3c7b9f778d2a654	0	0	0	0	0	0	0	0	0	0	0	0	0	0	0	0	4	0	0	0	0	0	0	0	0	0	0	0	0	0
94d4fe34b8fd22613382ff629cb5af86	0	0	0	0	0	0	0	0	0	0	0	0	0	0	0	0	0	0	0	18	0	0	10	0	0	0	0	0	0	0
37cbdec87be7803ccf0e987f47126a6b	88	69	148	308	48	0	113	717	57	106	60	76	77	150	69	85	86	53	43	65	43	672	49	181	803	94	399	1828	221	192
e67eb78ac7c0fc6788f869e621fcc5eb	0	0	0	0	0	32	0	0	0	0	0	0	0	0	0	0	0	0	0	0	0	0	0	0	0	0	0	0	0	0
5e7ffba1e4bb6da01d3ffbecaf6baa12	0	0	0	6	0	0	0	0	0	0	0	0	0	0	0	0	0	0	0	0	0	0	0	0	0	0	0	0	0	0
1bf83c8dbee938356498fa639324bf0a	0	0	0	0	0	0	0	0	0	0	14	0	8	0	0	0	21	0	0	0	0	0	0	0	0	0	0	0	0	0
36bbf885bc1570eb9a75b776d87e66f7	0	0	0	0	0	0	0	0	0	0	0	33	18	26	0	0	0	0	0	0	0	0	0	0	0	0	0	0	0	0
f645d12b562e3129f715095f93528625	0	0	0	3	0	0	0	0	0	0	0	0	0	0	0	0	0	0	0	0	0	0	0	0	0	0	0	0	0	0
e834df6266614f385e528ff32e7ae995	0	0	2	0	0	0	0	0	0	0	0	0	0	0	0	0	0	0	0	0	0	0	0	0	0	0	0	0	0	0
337122af3f47295673c5ef53d3fb2bf2	0	0	0	0	0	0	0	11	0	0	0	0	0	0	0	0	0	0	0	0	0	0	0	0	0	0	0	0	0	0
283db6a971248b2f3fa49c467274c728	0	0	0	0	23	0	0	0	0	62	0	0	0	0	0	0	0	0	0	0	0	0	0	17	0	0	0	0	0	0
35a3d6480d2d6ea1586f67b17563bc06	0	0	0	0	0	189	0	0	0	347	0	0	0	0	0	0	0	0	0	0	0	0	0	0	0	0	0	0	0	0
cb3d4852b480524ba7e2132ba4e22395	0	0	0	0	0	0	0	0	0	0	0	0	0	0	4	0	0	0	0	0	0	0	0	0	0	0	0	0	0	0
0ee8d196e713584c454db9f69d94fe6b	0	0	0	0	0	0	0	0	0	0	0	0	0	0	0	0	0	0	29	0	0	0	0	0	0	0	0	0	0	0
a82f243f07ef30744f2920cd63141687	0	0	0	0	0	0	0	0	0	0	0	0	0	0	0	11	0	0	0	0	0	0	0	0	0	0	0	0	0	0
e554f5be7be2ee6c9ae47bdedfdd84c7	0	0	0	0	0	0	0	0	0	0	0	0	0	0	0	0	0	0	0	0	0	0	0	0	0	0	0	7	0	0
6252dbf06cc1e2d6a7c37ab7000a1b61	0	5	0	0	0	0	0	0	0	0	0	0	0	0	0	0	0	0	0	0	0	0	0	0	0	0	0	0	0	0
a9923ad9af3d3811b6bde7bfa392d84a	0	0	0	0	0	0	0	0	0	0	5	0	0	0	0	0	0	0	0	0	0	0	0	0	0	0	0	0	0	72
a670b77529a3d5764feccbb4fe3bfcc9	0	0	0	0	0	0	0	0	0	0	19	0	0	0	0	0	0	0	0	0	0	0	0	0	0	0	0	0	0	0
9f0268a11ab80b289ae469692fe41cf3	0	0	0	0	0	0	0	0	0	0	0	0	0	0	0	0	0	0	0	0	0	0	0	0	0	0	0	5	0	0
11ad5e9191004b7ff212c542d59cdeec	60	299	28	385	89	157	154	133	575	151	153	105	253	75	0	97	92	74	217	72	0	45	0	0	253	118	73	0	0	0
e1e28b329e61b65e6ccc2fc63891e445	0	0	0	0	0	0	0	0	0	0	0	0	0	0	10	0	0	0	0	0	0	0	0	0	0	0	0	0	0	0
32a68b3a9bee2d7dc5dcf941a1b7ca6f	0	0	0	0	0	0	0	0	0	0	25	0	30	0	0	0	12	16	0	0	0	0	0	0	0	0	16	0	0	0
17882728b791100992ef95554c783e59	0	0	0	0	0	0	0	0	0	0	0	0	0	0	0	0	5	0	0	0	0	0	0	0	0	0	0	0	0	0
8732c08230342666bbe3e92f13c1c4f7	0	0	0	0	0	0	0	0	0	0	0	0	0	11	0	0	0	0	0	0	0	0	0	0	0	0	0	0	0	0
36155de75f6ef5eb986faf4b41f53d52	22	0	0	11	0	0	0	0	0	3	0	0	0	0	2	0	0	0	0	0	0	0	0	0	0	0	0	0	0	0
80ba8bfd1f1891ae4a623d0ff13f29f4	0	0	0	0	0	0	0	0	0	0	0	0	0	0	0	0	0	0	0	0	0	0	0	75	0	0	0	0	30	0
8d8e6c6124e009b524ba4e0b09c153e9	0	0	0	0	0	0	7	15	0	0	0	0	0	15	0	0	0	0	0	5	0	0	80	0	0	0	6	0	0	0
f84dd8053eb0013ecbf3e9f8292d017c	0	0	0	0	0	0	0	0	0	0	0	16	0	0	0	0	0	0	0	0	0	0	0	0	0	0	0	0	0	0
8a11a4c87cc3d05a1bb83f74704283d6	0	0	0	0	0	0	0	0	0	0	0	0	0	0	0	0	0	0	0	0	0	0	0	0	0	0	0	0	0	138
c61de498f5000da35cad6689fc4d1c82	0	0	0	0	0	0	0	0	0	0	0	0	0	0	0	0	0	0	8	0	0	0	0	0	0	0	0	0	0	0
e3bf882dcc81a744cef30e96a5c85408	73	0	0	0	0	105	0	0	0	95	0	0	0	0	0	0	0	0	0	0	0	0	0	0	0	0	0	0	0	0
a06bd956b058a4835b6e3e9d2777d6c3	0	0	0	0	0	0	68	0	10	0	0	0	0	0	17	0	0	0	0	0	0	9	0	12	0	0	0	292	22	0
4d014c80b25497e111624e07cbc823c3	0	0	0	0	0	0	0	0	0	0	0	0	0	0	14	0	0	0	0	0	0	0	0	0	0	0	0	0	0	0
8e3f02cfa0b88859067c2e7f26cad1bb	0	0	0	0	0	0	0	0	0	0	0	0	0	12	0	6	0	0	19	0	0	16	7	38	121	83	98	41	47	8
b0acecd57b0bd595cff60d3aabd2da16	0	0	0	0	0	0	0	0	0	21	0	0	0	0	0	0	0	0	0	0	0	0	0	0	0	0	0	0	0	0
1731de8df229bcc94f4cf86e23f28cd3	0	0	0	0	0	0	0	0	0	0	0	9	0	0	0	0	0	0	0	0	0	0	0	0	0	0	0	0	0	0
2d4cde28d827bf32aa3c67d1e2967626	0	0	0	0	0	0	0	0	0	0	9	0	0	0	0	0	0	0	0	0	0	0	0	0	0	0	0	0	0	0
d39f5e3d2639b31fa3d54724f4080079	0	0	0	0	0	0	0	0	0	0	0	51	69	499	0	0	0	22	0	47	0	0	0	0	11	0	18	0	0	0
3359b53bf643962f1745930b21c0d72d	0	0	0	0	0	0	0	0	0	0	0	0	0	0	0	5	0	0	0	0	0	0	0	0	0	0	0	0	0	0
023ba13ab540d7c614d327706abdcb72	0	0	0	0	0	0	0	0	0	2	0	0	0	0	0	0	0	0	0	0	0	0	0	0	0	0	0	0	0	0
33b11525e36f36eafdb2339a3d877377	0	0	0	0	0	0	0	0	0	0	0	0	0	0	0	15	0	0	0	0	0	0	0	0	0	0	0	0	0	0
b09505009cac798c331b1c7e2bb1c753	21	5	0	0	0	0	0	0	0	0	0	0	0	0	0	0	0	0	0	0	0	0	0	0	0	0	0	0	0	0
2d6f6410c8d409fdfa7ec1a23220487a	0	0	0	0	0	0	0	0	23	0	0	0	0	0	0	0	0	0	0	0	0	0	0	0	0	0	0	0	0	0
0f3bf04aad2ea2f441840369c0c420f9	0	0	0	0	4	0	0	0	0	0	0	0	0	0	0	0	0	0	0	11	0	0	0	0	0	0	0	0	0	0
5a55deaf55107daf37fa90d0ce61604d	0	0	0	0	0	49	19	0	8	53	0	17	4	0	0	0	17	0	0	10	18	43	0	20	58	14	17	59	126	15
01cd1cdfd2020dcbaf573c407f58734c	0	30	0	0	0	0	0	0	0	0	0	0	0	0	0	0	0	0	0	0	0	0	0	0	0	0	0	0	0	0
e5af8442d3c18a9a2ee936e7e490a1ba	0	0	0	0	0	11	0	0	0	0	0	0	0	0	0	0	0	0	0	0	0	0	0	0	0	0	0	0	0	0
020c8e28aba8a0ba3df94558007635e5	0	0	0	0	0	0	0	0	0	0	0	0	0	0	0	0	0	0	0	0	0	0	0	0	0	0	0	3	0	0
06b15728dcc76eacdfc679c884a609ae	0	0	0	0	0	3	0	0	0	0	0	0	0	0	0	0	0	0	0	0	0	0	0	0	0	0	0	0	0	0
46166d91d5ab4272400c525975993dea	0	0	0	0	0	0	0	0	0	26	0	0	0	0	0	0	0	0	0	0	0	0	0	0	0	8	0	0	0	0
92fb74272331620ad593c8984de2f0da	0	0	0	0	0	4	0	0	0	0	0	0	0	0	0	0	0	0	0	0	0	0	0	0	0	0	0	0	0	0
79f4bbc3dd8717bee185d16613521eee	0	16	0	0	0	4	15	553	9	11	0	10	16	0	0	15	0	0	0	0	0	0	0	0	18	8	0	12	11	0
368424bbfd98ee5bfd77f6f8b4754e9c	0	0	0	0	0	0	0	0	0	0	0	0	0	0	0	0	0	0	0	0	0	0	0	0	3	0	0	0	0	0
fa2a356434031265b82e0d02e3f48d00	0	0	0	0	0	0	0	0	22	0	0	0	0	0	0	0	0	0	0	0	0	0	0	0	0	0	0	0	0	0
989d0ab1ba5730c68fcdef176f5c121a	74	686	79	936	258	157	92	212	246	0	25	20	0	0	0	55	0	61	0	28	34	0	0	0	44	34	0	0	0	0
ead4c308666626aca9164eb258c84120	0	0	0	0	0	0	0	0	0	0	0	0	22	0	0	0	0	0	0	0	0	0	0	0	0	0	0	0	6	0
d8c3fcb4ea6d6d7d90dec20654a8e9b8	0	0	13	0	0	0	0	0	0	0	0	0	0	0	0	0	0	0	0	0	0	0	0	0	0	0	0	0	0	0
d0d7d9a8ed0963d59d8c408aff792ad9	0	0	0	0	0	0	0	0	0	0	0	0	7	0	0	0	0	0	0	0	0	0	0	0	0	0	0	0	0	0
cde355f7cde53fd7733c8668daa0cc5e	0	0	0	0	0	0	0	0	0	0	12	0	0	0	0	0	0	0	0	0	0	0	0	0	17	0	0	0	0	0
ca7d1fd86bd53677a1b91e9ee1ff1b1d	0	0	0	0	0	0	0	0	0	0	0	0	0	0	0	0	0	6	0	0	0	0	0	0	0	0	0	0	0	0
44e5154feaad9fc034867a4dac2ccdf5	0	0	0	0	0	0	0	0	0	0	0	0	0	0	0	0	0	0	10	0	0	0	0	0	0	0	0	0	0	0
deea67195eb24feed0e8d94bf6eab8b8	0	0	0	0	0	0	0	0	0	0	0	0	0	8	0	0	0	0	0	0	0	0	0	0	0	0	0	0	0	0
6a602cebcba6d4a3dc734557bb536f6a	0	0	0	0	0	0	0	0	0	0	0	0	0	0	0	0	0	0	4	0	0	0	0	0	0	0	0	0	0	0
f7ef82d035414ba5e6a3b2ce92e23315	0	0	0	2	0	0	0	0	0	0	0	0	0	0	0	0	0	0	0	0	0	0	0	0	0	0	0	0	0	0
4c1522254ff1327cb4fbc4d9788d3f90	0	0	0	0	0	27	0	0	0	0	0	0	0	0	0	0	0	0	0	0	0	0	0	0	0	0	0	0	0	0
3e29ccd1709d88b4ee8c252dfde123e2	47	18	0	20	0	0	0	0	0	0	0	0	0	0	0	0	0	0	0	0	0	0	0	0	0	0	0	0	0	0
17fc80eeb530290521843f46e9502f85	0	59	0	0	0	0	29	0	0	0	0	0	0	0	0	28	18	0	14	0	0	0	0	0	0	0	0	0	0	0
f9ffb161eed878b08735cded5a0b5f2c	0	0	0	0	0	0	0	0	0	0	23	0	0	0	0	0	0	0	0	0	0	0	0	0	0	0	0	0	0	0
4fa9c4f7d86e773e210effa24250dbe9	22	0	0	0	0	0	0	0	0	71	0	0	0	0	0	0	0	0	0	0	0	0	0	0	0	0	0	0	0	0
aff09efa64590287a22c65d059536a9f	0	0	0	0	0	0	0	12	0	0	0	8	13	0	0	0	15	0	57	13	0	0	0	0	0	10	0	0	0	0
108de3030cbbf9049e92af08276f2d3f	0	0	0	0	0	0	0	0	0	0	22	0	6	10	0	100	62	24	152	53	0	0	0	0	23	25	0	0	29	0
8c51b8e07163ec0f8a052f0f1be661ad	0	0	0	0	0	0	0	0	0	0	0	6	0	0	0	0	0	0	0	0	0	0	0	0	0	0	0	0	0	0
12a1e4bb205649d1747848ea604dfcc4	0	0	0	0	0	0	0	0	0	0	0	0	0	0	0	0	0	0	2	0	0	0	0	0	0	0	0	0	0	0
ca76c65e2212190eb3a53ce3a3caf430	0	0	0	0	0	0	0	0	0	0	0	0	0	0	0	0	25	5	8	7	0	0	0	18	0	0	8	2	10	2
2e0029405326eddfda1fae47b2915844	29	0	0	0	0	30	0	105	20	0	0	0	0	18	0	0	0	0	0	0	0	0	0	0	0	0	0	0	0	0
ccb610a16fda35b85cf616ef57644ed6	0	0	0	0	0	0	0	0	0	0	0	0	0	0	0	0	0	0	0	0	0	0	0	0	0	0	0	3	0	0
8e01d4d9796532f363e2eb358d0c7a29	5	0	0	0	0	0	0	0	0	0	0	0	0	0	0	0	0	0	0	0	0	0	0	0	0	0	0	0	0	0
5a875406cfbaef93169006d29a562a6c	0	0	0	0	0	0	0	0	0	28	0	0	0	0	0	0	0	0	0	0	0	0	0	0	0	0	0	0	0	0
fd4c358169370a07448f111dcb4ddd90	0	5	0	0	0	0	0	0	0	0	0	0	0	0	0	0	0	0	0	0	0	0	0	0	0	0	0	0	0	0
5d4dec805e7105820ddb0aafb4a1f4a7	0	0	0	0	0	0	0	0	0	0	0	0	0	0	0	0	4	0	21	0	0	0	0	0	0	0	0	0	0	0
38b158a9a23a8e07b422e4955b9d7243	0	0	0	0	0	0	0	0	0	0	2	0	0	0	0	0	0	0	0	0	0	0	0	0	0	0	0	0	0	0
162fc91ef189a797cfdc69e2f8637416	0	0	0	0	0	0	0	0	0	0	0	0	0	15	0	0	0	0	0	0	0	0	0	0	0	0	0	0	0	0
a9fa10029f54d78caa86371c5fc47e4a	0	0	0	0	0	0	0	0	0	0	0	0	0	0	0	0	0	0	0	0	0	0	0	0	0	0	0	0	0	29
af462c80b3cfc5a68aad470f5e402072	0	0	0	0	0	9	0	0	0	0	0	0	0	0	0	0	0	0	0	0	0	0	0	0	0	0	0	0	0	0
bf2469d7187841b947ec2b8559a7f534	0	0	0	0	0	0	0	0	0	0	21	0	0	0	0	0	0	0	0	0	0	0	0	0	0	0	0	0	0	0
1affb59989df926a9a26c382ddfedb07	35	0	0	0	0	0	0	0	0	0	0	0	0	26	65	0	63	178	22	22	105	0	0	0	32	0	0	0	0	0
46f14bf572ae701c7533f75197ec072f	359	37	11	88	19	55	47	21	123	116	0	0	0	0	12	0	0	0	0	0	0	0	0	13	0	0	0	0	0	0
819fdabd5f9f19a398970963f273149b	0	0	0	0	0	0	380	0	14	13	0	0	0	0	14	0	0	0	0	0	0	0	0	0	0	0	0	0	0	0
f6fba6675c240541cc2aba58b5d4f636	0	0	0	0	0	0	0	0	0	0	0	0	0	0	0	0	0	0	14	0	0	0	0	0	0	0	0	0	0	0
19d99e833b22b80ee08e781039876cbe	3	0	0	0	0	0	0	0	0	0	0	0	0	0	0	0	0	0	0	0	0	0	0	0	0	0	0	0	0	0
2f6e28482472335e628fd8ca5631d1fd	0	0	0	0	0	0	0	0	11	0	0	0	0	0	0	0	0	0	0	0	0	0	0	0	0	0	0	0	0	0
52e9073346f2ecedc1d9e0a1907ec74f	0	0	0	0	0	0	0	0	0	0	0	0	0	0	0	0	0	0	0	0	0	0	0	0	0	0	0	0	0	2
331c956bebe7dcf50e23889112a39334	0	0	0	0	0	0	0	0	0	0	0	0	32	0	0	0	0	9	28	0	0	0	0	0	0	0	0	0	0	0
ba7397aa56cc22e81a042cceb7748b59	0	2	0	0	0	0	0	0	0	0	0	0	0	0	0	0	0	0	0	0	0	0	0	0	0	0	0	0	0	0
b2236e1584a62a92d180cd545b355617	0	0	0	0	0	0	0	0	0	0	0	4	0	0	0	0	0	0	0	0	0	0	0	0	0	0	0	0	0	0
16905223c40c4c7f7e0cd9c4c8481cf8	0	0	0	0	0	0	0	0	0	0	0	6	0	0	0	0	0	0	0	0	0	0	0	0	0	0	0	0	0	0
ab5b1d43bf51e44d0709ee142017db59	0	0	0	8	0	0	0	0	0	0	0	0	0	0	0	0	0	0	0	0	0	0	0	0	0	0	0	0	0	0
152fe7db12e7cdcff31ecea5c4bc8d8b	0	0	0	0	0	0	0	0	0	0	0	0	24	0	0	0	0	0	0	0	0	0	0	0	0	0	0	0	0	0
0f4bf37bb97fd888f3442d3d46923711	0	0	0	0	0	0	0	0	0	0	0	5	0	0	0	0	0	0	0	0	0	0	0	0	0	0	0	0	0	0
8d963dc495c9182c68a2ae497533d8d9	0	0	0	0	0	0	6	0	0	0	0	0	0	0	0	0	0	0	0	0	0	0	0	0	0	0	0	0	0	0
9734012bdc75bb51df10514f43eec156	0	0	0	0	0	0	0	0	0	0	0	0	0	0	0	0	0	0	0	0	5	0	0	0	0	0	0	0	0	17
d69b8522c0fc9650bba253ffeb33516f	0	0	0	0	0	0	2	0	0	0	0	0	0	0	0	0	0	0	0	0	0	0	0	0	0	0	0	0	0	0
70fbaaa1bf9081b3c3f3ab37458b0267	0	0	0	0	0	0	0	0	0	0	0	0	0	0	0	0	5	0	0	0	0	0	0	0	0	0	0	0	0	0
2571f2cec1ebe1f20386135f3d3d1d73	0	0	0	0	0	0	0	0	0	0	0	0	0	0	0	0	0	0	0	0	0	0	0	0	0	0	0	4	0	0
dcbb646a5ff269169be888211c77cdc4	0	0	0	0	0	0	0	0	0	0	0	0	0	15	0	0	0	0	0	0	0	0	0	0	0	0	0	0	0	0
36ec4ccf735b4bafca5b314f6d199bf2	0	0	0	0	0	0	0	0	0	0	0	0	0	0	0	0	0	0	0	0	0	0	0	0	0	8	3	0	0	0
7791b612fc6358b4346dac64061bec84	0	0	0	0	0	0	0	0	0	0	0	0	0	0	0	0	32	0	0	0	0	0	0	0	0	0	0	0	0	0
922ee713101ff04623e2e6b3e3d6ffb6	0	0	0	0	0	0	0	0	0	0	0	0	0	15	0	0	0	0	0	0	0	0	0	0	18	0	6	0	11	9
e95e0196a778f4ebfa8a80d688498c9c	0	0	0	0	0	0	0	0	0	0	0	0	0	0	0	0	0	0	0	0	0	0	0	0	0	0	0	0	26	0
fc15ff351fd31892ba2b9317b92fa62c	78	114	36	75	179	169	0	75	139	94	0	22	0	0	0	0	0	0	0	0	0	0	0	0	0	0	0	19	0	0
5938ca8fcac2e952e3213705d38099f1	6	0	0	0	0	0	0	0	0	0	0	10	0	0	0	0	0	0	0	0	0	0	0	0	0	0	0	0	0	0
f8f425cb6e13663176d49a3007fe4854	0	0	0	0	0	0	0	0	0	0	0	0	0	0	0	0	0	0	0	0	0	0	0	0	0	0	0	0	20	0
bd83a10111768c76987c174a41c74936	0	0	0	0	0	0	0	0	0	0	0	0	0	0	0	0	0	0	0	0	0	0	0	0	0	0	0	7	0	0
00b160ce93b4d1330e3a9c8e743cc4ef	0	0	0	0	0	0	0	0	0	0	0	0	0	0	0	0	0	0	0	0	0	0	0	0	0	3	0	0	0	0
68c080dca0f036ecf1315f111b718cea	0	0	0	0	0	0	0	0	0	0	0	0	0	0	0	0	0	0	0	0	0	0	0	0	0	0	0	0	13	0
523d1aa1180750bd5afe1f579ae7e090	0	0	0	0	0	0	0	0	0	0	0	0	7	0	0	0	0	0	0	25	0	0	0	0	23	0	30	0	24	0
f7599286ee1c7c58686414caaa1f8146	0	0	0	0	0	0	0	0	0	0	0	0	0	0	208	0	0	0	0	0	0	0	0	0	0	0	0	0	0	0
eaa14bda5de5cf82e704e2a0d437230d	0	0	0	0	0	0	0	0	0	0	0	0	7	0	0	0	0	0	0	0	0	0	0	0	0	0	0	0	0	0
2db36f6fac2bbeb3bdeb4ece3c785c81	0	0	0	0	0	0	0	0	0	0	0	0	0	0	0	6	0	0	0	0	0	0	0	0	0	0	0	0	0	0
1819506de81f61737df57153ae3ddd90	0	0	0	0	0	0	0	0	0	0	0	0	0	0	15	0	0	0	0	0	0	0	0	0	0	0	0	0	0	0
fc7e1f5850598bf3d75590e45da60cb8	0	0	0	0	0	0	0	0	0	0	0	0	0	3	0	0	0	0	0	0	0	0	0	0	0	0	0	0	0	0
272c8116fbb8186bbbb1a8cd206dc735	0	0	0	0	0	0	0	0	0	0	0	0	0	0	0	0	4	0	0	103	0	0	0	0	56	60	26	19	0	0
72b7c59dc1986191761d01d9ecab7d51	0	0	0	0	0	0	0	0	0	0	0	0	0	0	0	0	0	0	8	0	0	0	0	0	0	0	0	0	0	0
dd0680c02990fb797c2703130b01c8c8	0	0	0	0	0	0	0	0	0	0	0	0	0	0	31	0	0	0	0	0	0	0	0	0	0	0	0	0	0	0
21f317a0803450fb2045d0e23df584c4	0	0	0	0	0	0	0	0	0	0	0	0	0	0	0	0	43	0	0	0	0	0	0	0	0	0	0	0	0	0
cfd77aa36df75ba2073fecb8ab1cdd7a	0	0	0	0	0	0	0	0	0	0	0	0	0	0	0	0	0	0	0	0	6	0	0	0	0	0	0	0	0	0
5d9a0763fe16f202f532d5ed3e9385a6	0	0	0	0	0	0	0	0	0	0	0	0	0	0	0	0	0	0	0	0	0	0	0	0	0	0	0	0	13	0
571e877cd48c473452c165ab0c9573de	0	0	0	0	0	0	0	0	0	0	0	0	0	0	12	0	0	0	0	0	0	0	0	0	0	0	0	0	0	0
7f1b011542e406296612cc0157492905	0	0	0	0	0	0	12	0	0	0	0	0	0	0	0	0	0	0	0	0	0	0	0	0	0	0	0	0	0	0
4e7e6d933a9feb2281c7945523919027	0	0	0	0	0	0	0	0	0	0	0	0	0	0	0	0	0	0	0	11	0	0	0	0	0	0	0	0	0	0
6300a8d3cdffbd6d65256cf59d44b130	0	0	0	0	0	0	0	0	0	0	0	0	0	0	0	2	0	0	0	0	0	0	0	0	0	0	0	0	0	0
e7792323fb30521fe1b01ad190183cd6	0	0	0	0	0	0	0	0	0	0	0	0	0	0	0	0	0	0	0	0	0	0	0	0	19	0	0	0	0	0
cb173afa7e44512852dd7d1404b1ffbb	0	0	0	0	0	0	0	0	0	0	0	0	0	0	0	18	0	0	0	0	0	0	0	0	0	0	0	0	19	0
03e8ebaee830d02e62c3443cb791ae92	0	0	0	0	0	0	0	0	0	0	0	0	0	0	0	0	0	0	0	3	0	0	0	0	0	0	0	0	0	0
0fdf559d40cb4ead559b794de31e9b9a	0	0	0	0	0	0	0	300	0	0	0	0	0	0	0	0	0	0	0	0	0	0	0	0	0	0	0	29	0	0
276192218d73d8d7f4149e14eec247e8	0	0	0	0	0	0	0	0	0	0	0	0	0	0	0	0	0	2	0	0	0	0	0	0	0	0	0	0	0	0
78e5972d16e8ac341e2603c8339a5814	0	0	0	0	0	0	0	16	11	0	0	0	0	0	0	0	0	0	0	0	0	0	0	0	0	0	0	0	0	0
cb0abfcf849bb556ed31ffad99acc162	0	0	0	0	0	0	0	0	0	0	0	0	0	0	0	0	0	0	0	4	0	0	0	0	0	0	0	0	0	0
1909b2fba8f5c7cff1aeff285195e185	11	11	0	27	40	12	23	15	0	0	65	47	37	78	0	38	86	50	38	15	0	0	0	0	0	0	15	0	0	0
bbe88c7d1828c79de507eb0938969e76	47	0	94	0	0	61	25	16	22	48	11	14	20	0	36	35	22	0	18	0	0	58	14	0	20	0	0	0	0	0
7de4392de4c105542d6cedea291e2514	67	0	36	63	0	728	0	0	0	145	0	0	0	46	0	0	0	0	0	45	0	0	17	0	0	0	97	0	0	0
71b02a68f10242bd7e31e19c20fe21a3	0	0	0	0	0	0	0	0	18	21	0	0	11	0	0	0	26	0	20	0	0	0	0	0	23	248	67	0	19	223
34ee126cc6a5430c20077d88dcdf67f6	0	0	0	0	0	0	0	0	0	0	0	0	0	0	0	0	0	0	0	0	0	0	0	0	0	0	0	0	2	0
1dc554124af8c0f92396e22e3f9af63b	0	0	0	0	0	0	0	0	0	0	0	0	0	0	0	0	3	0	0	0	0	0	0	0	0	0	0	0	0	0
b8333711e1e41126d6492cef6a943540	0	0	0	0	0	0	0	0	0	4	0	0	0	0	0	0	0	0	0	0	0	0	0	0	0	0	0	0	0	0
f96c35000453492bd925f00291775fe9	0	0	0	0	0	0	0	0	0	0	0	0	0	0	0	0	0	0	0	0	0	0	0	0	0	0	0	43	33	0
d577848d3e19d2ceb032e36ecdb7e459	0	0	0	0	0	0	0	0	0	2	0	0	0	0	0	0	0	0	0	0	0	0	0	0	0	0	0	0	0	0
e0a55c86301a286bf374762ca721051b	0	0	0	0	0	0	0	0	0	0	0	0	0	0	0	0	0	0	0	0	0	0	0	0	0	0	0	0	20	0
5ff3c520350e2ece91089971b2044d3c	0	8	0	0	0	0	0	0	0	0	0	0	0	0	0	0	0	0	0	0	0	0	0	0	0	0	0	0	0	0
94e13e88d728444cfa11cff1c0ef1dc3	0	0	0	0	0	0	0	0	0	0	6	0	0	0	0	0	0	0	0	0	0	0	0	0	0	0	0	0	0	0
221ec16b7928e45d9a1fe96f1720a625	0	0	0	0	0	0	0	0	0	0	0	0	0	0	0	37	0	0	0	0	0	0	0	0	0	0	0	0	57	0
66ec916e955c868f114ca3b2e03cb330	0	0	0	0	0	0	0	0	0	0	0	0	0	0	0	6	0	0	0	0	0	0	0	0	0	0	0	0	0	0
ae858435ba786c26eeb58b1dde0fb03f	0	0	0	0	0	0	0	0	0	0	0	0	0	0	0	0	0	0	0	0	0	0	0	0	0	0	0	0	0	2
a4dfa214aa688593f02492956cabc28d	0	0	6	0	0	11	0	38	0	0	0	0	0	0	0	0	0	0	20	0	0	133	0	0	0	14	0	0	54	0
69035a085343e87d3637da15b4c03832	0	0	0	0	0	0	0	0	0	0	0	0	0	0	0	20	0	0	27	0	0	0	0	0	0	0	0	0	0	0
066a0a76376a15eb6747e9e527d44207	0	0	0	0	0	0	14	0	0	0	0	0	0	0	0	0	0	0	0	0	0	0	0	0	0	0	0	0	0	0
e892e83d8343a4d03521b393797db2b0	0	0	0	0	0	0	0	0	0	14	0	0	0	0	0	0	0	0	0	0	0	0	0	0	0	0	0	0	0	0
8eda94140a90bb10859d2db67efffab4	0	0	0	0	0	0	0	0	0	0	0	0	10	22	0	0	0	0	0	0	0	0	0	8	11	130	8	0	0	0
d3af4451da2c41fe600345803d6faee8	0	0	0	0	0	14	0	0	13	122	0	0	0	0	0	0	0	5	0	0	0	0	0	0	0	0	0	0	0	0
c8c8e152667aba8e70f5fc5a8047887c	0	0	0	0	0	0	0	0	0	0	0	19	0	0	0	19	0	0	0	0	0	0	0	0	0	0	0	0	0	0
acfed54df373d1feb493707f167894c8	0	0	0	0	0	0	0	0	0	0	0	0	0	0	0	0	0	0	0	0	0	0	0	0	0	0	0	0	28	0
ceeb5846a39981bdad2558b4e32fe658	0	0	0	0	0	0	0	0	0	0	0	0	14	0	0	0	0	0	0	0	0	0	0	0	0	0	0	0	0	0
21561a3e3b632bede412770ed7253214	0	0	0	0	0	0	0	0	0	0	0	0	0	0	0	0	0	0	0	2	0	0	0	0	0	0	0	0	0	0
e418cc1634c733b0da3ccc623465e5ed	31	0	0	20	0	0	0	14	31	0	0	0	0	0	0	0	0	0	0	0	0	0	0	0	0	0	0	0	0	0
976fda331f0a4f63b881871e40702faf	0	0	0	0	0	0	0	0	10	0	0	0	0	0	0	0	0	0	0	0	0	0	0	0	0	0	0	0	0	0
72ddbf6c3f13754fc8dd11041d141765	15	0	0	13	0	41	22	0	13	24	0	52	26	0	11	24	65	0	0	0	0	0	0	0	19	0	0	0	0	0
317030843b6bcee209694f6e363603c4	0	0	0	0	0	0	0	0	0	0	0	0	9	0	0	0	0	0	0	0	0	0	0	0	0	0	0	0	0	0
7f139ac9662cbbc56301b5f6883be8e5	0	0	0	0	7	0	0	0	0	0	0	0	0	0	0	0	0	0	0	0	0	0	0	0	0	0	0	0	0	0
08de5595bab88ef4a6db171b6a41575b	0	0	0	0	0	0	0	0	0	0	0	0	0	0	0	0	0	0	0	0	0	0	0	6	0	0	0	0	0	0
28b205eb74430df82a5a52290b8feccc	0	0	0	0	0	0	0	0	0	13	0	0	0	0	0	0	0	0	0	0	0	0	0	0	0	0	0	0	0	0
bca37d65da797ce2e2493de58a160e21	0	5	0	0	0	0	0	0	0	0	0	0	0	0	0	0	0	0	0	0	0	0	0	0	0	0	0	0	0	0
755d00ff3e270f9e62874cb5bb870fc5	0	0	0	0	0	0	0	0	0	0	0	0	0	0	0	0	24	0	0	0	0	0	0	0	0	0	0	0	0	0
a176615cd215dcac46a578237491303b	0	0	0	0	0	0	0	0	0	0	25	33	444	381	35	9	0	0	29	38	0	0	6	0	0	13	0	0	0	0
70f12c8e0437059fe7c42ce32faa2c67	0	0	0	0	0	0	0	0	0	0	0	2	0	0	0	0	0	0	0	0	0	0	0	0	0	0	0	0	0	0
a89cb41cc8ef5ea31acc49c7334fb6e3	0	41	0	34	0	48	38	13	0	0	0	0	0	0	7	0	0	0	0	0	0	0	0	0	0	0	4	0	0	0
4c2a86dbf8ce646501b28c2ed266d1bb	0	0	0	0	0	0	0	0	0	0	0	0	0	0	0	0	0	0	0	0	8	0	0	0	0	0	0	0	0	0
6aade4efeae090c23b5f3c3fbd63c356	0	0	0	0	0	0	0	0	0	0	0	0	0	0	0	5	0	0	0	0	0	0	0	0	0	0	0	0	0	0
c93d22f2625047cead6bc31f77151b87	0	0	0	48	0	0	0	0	0	0	0	0	0	0	0	0	0	0	0	0	0	0	0	0	0	0	0	0	0	0
ada5bf4d1cf911de37c9112ff76f9f75	0	0	0	0	0	0	0	0	0	0	0	0	0	0	0	6	0	0	0	0	0	0	0	0	0	0	0	0	0	0
0aa665d04642fd54eb452b3cd39acec0	0	0	0	0	0	0	0	0	0	0	0	0	0	0	0	0	0	13	0	0	0	0	0	0	0	0	0	0	0	0
3a4f99668b788419f4e68a19326f605c	0	0	0	0	0	0	0	0	0	0	0	0	0	0	0	0	9	0	7	0	0	0	0	0	0	0	0	0	0	0
82079f1956eff4e5e0c5823abaa17df4	74	54	0	71	77	165	0	13	24	8	0	0	0	28	15	0	7	13	11	13	0	0	0	0	0	0	10	0	0	0
24e836c16acbd2c85fe85f9fd9c2da47	0	0	0	0	0	0	0	0	0	0	0	0	0	0	0	0	0	0	0	0	0	0	0	0	0	0	0	0	0	2
cfc40b9be8f08eac608fd977b9a414a5	0	0	0	0	0	0	0	0	0	0	0	0	0	0	0	0	4	0	0	0	0	0	0	0	0	0	0	0	0	0
52cdb8d16c59ac0c4d28a459377ffcd9	0	6	0	0	0	0	0	0	0	4	18	0	0	0	0	0	0	0	0	0	0	0	0	0	0	0	0	0	0	0
1cdf7c14ef8c18eb810bfa15cb165995	0	0	0	0	0	8	0	0	0	0	0	0	0	0	0	0	0	0	0	0	0	0	0	0	0	0	0	0	0	0
ee48dc29e063704668b6064bb38a0ac0	0	21	0	0	0	0	0	0	0	0	0	0	0	0	0	0	0	0	0	0	0	0	0	0	0	0	0	0	0	0
d7166b921003bca8042465b6f9c6be1f	0	0	0	0	0	0	0	0	0	5	0	0	0	0	0	0	0	0	0	0	0	0	0	0	0	0	0	0	0	0
a87e1592c9461a8b2a9ad702208d15e6	0	0	0	0	0	0	0	0	0	0	0	0	0	0	0	0	0	0	0	0	0	0	0	0	0	0	0	0	0	2
a75d91a4b007e54e7bf803e04eea4349	0	0	0	0	0	0	0	0	0	0	0	0	81	0	0	0	0	0	0	0	0	0	0	0	0	0	0	0	0	0
a6cc866e4b25264523ebcef3f00cb3df	0	0	0	0	0	0	0	0	0	0	0	11	0	0	0	0	0	0	0	0	0	0	0	0	0	0	0	0	0	0
dc21a0978eb679642df09331ccb90d05	0	0	0	0	0	0	20	13	0	0	0	0	0	0	0	0	0	0	0	0	0	0	0	0	0	0	0	0	0	0
05c926b5b0052acf95b1158e7bc23388	0	0	0	0	0	0	114	31	91	21	0	0	0	0	0	0	0	0	0	0	0	0	0	0	0	0	31	0	0	0
0a3f5cb81bd83d89238fc86856cf328c	0	0	0	0	0	0	0	0	0	0	0	0	0	0	0	0	0	0	0	0	0	0	0	0	1	0	0	0	0	0
31421b394d294635d534783bf1d14d16	0	0	0	0	0	0	0	0	0	0	0	0	0	0	0	0	0	0	0	0	0	0	0	0	15	0	13	0	0	0
50b3d3d4198530efc69204d8522620a6	0	0	0	0	0	0	0	0	0	0	0	0	0	0	0	0	0	0	0	0	0	2	0	0	0	0	0	0	0	0
96387b16e20f239f57aca2d07cf2dde0	0	0	0	7	0	0	0	0	0	0	0	0	0	0	0	0	0	0	0	0	0	0	0	0	0	0	0	0	0	0
2e964142cdccb66f41b92fc87d8bb820	0	39	21	0	0	0	134	20	0	23	29	0	0	0	0	0	0	0	0	0	0	0	0	0	0	0	0	0	0	37
d6fc10ece03b48d16c5a1c4cb66e6b81	0	9	0	0	0	0	0	0	0	0	0	0	0	0	0	0	0	0	0	0	0	0	0	0	0	0	0	0	0	0
85084879b16bdce84efa9e487aec686a	0	0	0	0	0	0	0	0	0	0	0	0	0	13	0	0	0	0	0	0	0	0	0	0	0	0	0	0	0	0
a6ff91980bcc4ccabe34a4c3b66db117	0	0	24	0	0	0	0	0	0	0	70	0	0	0	0	0	51	0	0	0	0	0	24	0	0	0	51	0	0	1112
07fc188e1c1f3b6350072d19e96ba3a2	0	0	0	0	0	0	0	0	0	0	0	0	0	0	0	0	0	0	0	0	0	0	0	0	0	0	0	3	0	0
34f75aa8c5e31f99c659c0cf791e2bab	0	0	0	0	0	0	21	0	0	0	0	0	0	0	0	0	0	0	0	0	0	0	0	0	0	0	0	0	0	0
37668f6fc8f6ab499523e01b90c13e08	0	0	0	0	0	0	0	0	2	0	0	0	0	0	0	0	0	0	0	0	0	0	0	0	0	0	0	0	0	0
5dbee4e6073a15541afa9c92765f575c	0	6	0	0	0	0	0	0	0	0	0	0	0	0	0	0	0	0	0	0	0	0	0	0	0	0	0	0	0	0
472cb1f129b8f62aa3e018d83941ab2c	0	0	0	0	0	0	0	0	0	0	0	0	0	0	0	0	12	0	0	0	0	0	0	0	0	0	0	0	0	0
9870fa5f7a3214cf62fb6363587b4674	6	0	0	0	0	0	0	0	0	0	0	0	0	0	0	0	0	0	0	0	0	0	0	0	0	0	0	0	0	0
23ff8e07e2bfe3d4dfe027157807bac0	0	0	0	0	0	0	0	0	0	0	0	0	0	0	0	11	0	0	0	0	0	0	0	0	0	0	0	0	0	0
eece167e4963c6bd1251707be0cf610c	0	0	42	0	0	0	0	0	0	0	0	0	0	0	0	0	0	0	0	0	0	0	0	0	0	0	0	0	0	0
6f8898f0a6ff1f7b277d6407f836f5ba	0	0	0	4	0	0	0	0	0	0	0	0	0	0	0	0	0	0	0	0	0	0	0	0	0	0	0	0	0	0
32fd3310ccf9b12dac622b4774b9c6b1	0	0	10	0	0	0	0	0	0	0	0	0	0	0	0	0	0	0	0	0	0	0	0	0	0	0	0	0	0	0
8fa70e092292bf64162c3cef6c44b603	11	0	0	0	0	0	0	0	0	0	0	0	0	0	0	0	0	0	0	0	0	0	0	0	0	0	0	0	0	0
e8a0006849b504811f4a8340dd04b77b	0	0	0	0	0	0	0	0	0	0	0	0	0	0	0	9	0	0	0	0	0	0	0	0	0	0	0	0	0	0
1734b00aed62fe9eac705120274a2872	0	0	0	0	0	0	0	0	0	0	0	0	0	0	0	22	0	0	0	0	0	0	0	0	0	0	13	0	0	0
6e69ede86d097c2b714c8bb01a8f27b5	0	0	0	0	0	0	0	0	0	0	0	0	0	0	0	0	0	0	6	0	0	0	0	0	0	0	0	0	0	0
fd56499c8d883507959f54c9dedd81fd	0	0	0	0	24	0	0	0	0	0	0	0	0	0	0	0	0	0	0	0	0	0	0	0	0	0	0	0	0	0
ed88b27335118e7cd7a2cbdd3d86a301	0	23	0	0	0	0	0	0	11	0	0	0	0	0	0	0	0	0	0	0	0	0	0	0	0	0	0	0	0	0
3ced0424ca354c56e49326223b157d82	0	0	0	0	0	0	0	0	0	0	0	0	0	34	0	0	0	0	0	0	0	0	0	0	0	0	0	0	0	0
6a5b9be5bc085c3e02a659c3e9725cd3	0	0	0	0	0	0	0	0	0	0	0	0	0	0	0	0	0	0	0	0	0	0	0	0	0	0	10	0	0	0
1fe66c67b956e19565c152d26b83ce73	0	0	0	0	0	0	0	0	0	0	0	0	0	0	0	0	17	0	0	0	0	0	0	0	0	0	0	0	0	0
850a1dd5abdffd8ef3649853c356fafa	0	0	0	0	0	0	0	0	0	0	16	0	0	0	0	0	0	19	0	0	0	0	0	0	0	0	0	0	0	0
a364b06031ddafa9987c273ba8521dfb	11	0	0	0	0	0	0	0	0	0	0	0	0	0	0	0	0	0	0	0	0	0	0	0	0	0	0	0	0	0
ab366280469618671b18f9588ecd07e4	0	0	0	0	0	0	0	0	0	0	0	0	0	0	0	0	0	0	8	0	0	0	0	0	0	0	0	0	0	0
145b73d4e7cd692b852cade28bfc330b	0	0	0	0	13	0	0	0	0	0	0	0	30	9	0	0	0	0	0	24	0	280	0	18	0	56	236	0	0	135
d3810bfe5f53512223877c7caa21184a	0	0	0	0	0	0	0	0	0	14	0	0	0	0	0	0	0	0	0	0	0	0	0	0	0	0	0	0	0	0
f501a15fd0ab65509753093d02a9f4b9	0	0	0	0	0	0	0	0	0	0	6	0	0	0	0	0	0	0	0	0	0	0	0	0	0	0	0	0	0	0
eaf940b64fa587bd1ac4c05cc6450623	0	0	0	0	0	0	0	0	0	0	0	0	0	0	0	0	0	0	0	0	0	0	0	0	0	10	0	0	0	0
860ef0fb1f0dfe7b13e37169dfa79305	0	0	0	0	0	0	0	0	0	0	0	0	0	0	0	0	5	0	0	0	0	0	0	0	0	0	0	0	0	0
27ff084db3b84746b8fc632142a3999b	0	0	0	0	0	0	0	0	0	0	0	0	13	0	0	0	0	0	0	0	0	0	0	0	0	0	0	0	0	0
d7044a364e92b917a070e6d25463ec48	0	30	21	0	0	78	98	0	42	70	39	0	0	0	0	0	33	0	0	0	54	78	0	49	34	57	46	47	61	929
71d557d2a162e9d5c6941d7bd56a9f5e	0	0	0	0	0	0	0	0	0	0	55	0	0	0	0	0	0	0	0	77	0	0	35	0	0	0	0	0	0	0
6e29423ae8873e46c35254836b2794ce	0	0	0	0	0	0	0	0	0	0	0	0	6	0	0	0	0	0	0	0	0	0	0	0	0	0	0	0	0	0
f7db32ce433ca0061a4155047e5ba851	0	0	0	0	0	0	0	0	0	0	0	0	0	0	0	0	0	0	0	0	0	0	0	4	0	0	0	0	0	0
a98be1bc9a8639ae2c0652b73df0c11c	24	0	0	0	0	0	0	0	0	0	0	0	0	0	0	0	0	0	0	0	0	0	0	0	0	0	0	0	0	0
7c96418510ada05701be372127172ae0	0	8	0	13	0	0	0	0	0	0	0	0	0	0	0	0	0	0	0	0	0	0	0	0	0	0	0	0	0	0
33e9a537fd4487cf9eca47244e223d27	0	0	0	0	0	0	0	0	0	0	0	0	0	0	0	0	0	0	0	0	0	0	0	0	0	0	0	0	0	8
f2aa10a7ba8d5f6f8ac4f229fa6645cd	0	0	0	0	0	0	0	0	0	0	0	0	0	0	23	0	0	0	0	0	0	0	0	0	0	0	0	0	0	0
c7a565436fdcccdb2e14f81af2562210	0	0	0	0	0	0	86	0	0	0	0	0	0	0	0	0	0	0	0	0	0	0	0	0	0	0	0	0	0	0
d45bc155720d9c5088dcb5ac9060be0f	29	0	0	0	22	0	0	0	25	0	0	17	0	0	28	33	0	0	0	0	0	0	0	0	26	20	0	0	0	0
e80267727623eb580230e2481575104f	0	0	0	0	0	0	0	0	0	0	0	0	0	0	0	0	0	3	0	0	0	0	0	0	0	0	0	0	0	0
00815c038590fc5d00c208d8ad03e995	0	0	0	0	0	0	0	0	2	0	0	0	0	0	0	0	0	0	0	0	0	0	0	0	0	0	0	0	0	0
2824085c6d74946531662ce5097adb25	0	0	0	0	0	0	0	0	0	0	0	40	0	0	0	0	0	23	0	0	466	27	0	0	0	0	0	0	0	0
79832ba493bffde997b0c7525b09ebac	7	0	0	0	0	0	0	0	0	0	0	0	0	0	0	0	0	0	0	0	0	0	0	0	0	0	0	0	0	0
35cf7176364900f1038527ea3ba51d89	14	0	0	0	0	0	0	18	21	0	0	0	0	0	0	0	0	0	0	0	0	0	0	0	0	15	21	0	0	0
fa50895ec9809c178703abd84fe731a9	0	0	0	0	0	0	0	0	0	0	0	0	0	0	0	0	0	0	0	0	0	0	0	0	0	0	0	0	0	3
fe152f684a8a912aa91eb0d062e72539	0	0	0	0	0	0	0	0	0	0	0	0	0	4	0	0	0	0	0	0	0	0	0	0	0	0	0	0	0	0
9bae4ebb308a0081594a5ff17c7023f3	0	0	0	0	0	0	0	0	0	0	0	0	0	0	0	0	0	0	0	5	0	0	0	0	0	0	0	0	0	0
8b9d92e1c4375348de7311bca909d75a	0	0	0	0	0	0	0	0	0	0	0	0	0	0	17	0	0	0	0	0	0	0	0	0	0	0	0	0	0	0
27a32db947aab74f69f54e91ab6e184e	0	0	0	0	0	0	0	0	0	0	0	11	0	0	0	0	0	0	0	0	0	0	0	0	0	0	0	0	0	0
2891f973467e7157ce88a7e30e776713	0	31	0	0	0	67	85	59	14	231	360	341	67	0	156	1451	499	313	148	286	17	0	32	18	137	0	317	0	116	42
37b55fa42439b4921c33c1bc50b817a9	0	0	0	0	0	0	0	0	0	0	0	0	6	0	0	0	0	0	0	0	0	0	0	0	0	0	0	0	0	0
f015e18c26c730a6daa22933e1f04b33	0	0	0	0	0	0	25	0	25	21	42	93	29	64	35	59	165	121	96	26	0	0	0	0	0	34	0	0	0	0
5cfebb0ff04b5cd6cf3a234ffd89522c	0	0	0	0	0	0	0	0	0	0	0	0	0	0	0	0	0	0	0	0	0	0	0	0	0	0	0	0	0	2
1fa5c87fceec4a70cba5a556c46bb163	0	0	0	0	0	0	0	0	0	0	51	0	0	0	90	48	0	40	0	0	0	0	0	0	0	0	0	0	0	0
0a4989db4cfa0ed6f8dd3e05693fb5bd	0	0	0	0	0	0	0	0	0	0	0	0	0	0	0	0	0	0	0	8	0	0	0	0	0	0	0	0	0	0
2b6eaa3fdeaa92f5e93731ef57375b7f	0	0	0	0	0	0	0	0	0	0	0	0	0	0	0	0	0	0	0	6	0	0	0	0	0	0	0	0	0	0
c3b2646223d0ce3e78e173902402af8a	0	0	0	0	0	0	0	0	0	0	0	0	4	0	0	0	0	0	26	0	0	0	0	0	0	0	16	0	0	0
4f7b1c1be595ff13907dd81bea5cd063	0	0	12	0	0	0	0	0	0	0	0	0	0	0	0	0	0	0	0	0	0	10	0	12	0	0	0	0	0	20
7dfbe0dead54a681d66b4236abbcf51a	0	0	0	0	273	0	0	0	0	0	0	0	0	0	0	0	0	0	0	0	0	0	0	0	0	0	0	0	0	0
ef61d9e5afba25824e475e94862e8f4c	0	0	0	0	0	0	0	0	0	0	0	0	0	0	0	0	0	0	10	0	0	0	0	0	0	0	0	0	0	0
7af09c894f0567bec2f29015c527b725	0	0	0	0	0	0	0	0	0	0	0	2	0	0	0	0	0	0	0	0	0	0	0	0	0	0	0	0	0	0
85741c62d248576ca7939a763b86e863	0	0	0	0	0	0	0	0	0	49	0	0	0	0	0	0	0	0	0	0	0	0	0	0	0	0	0	0	0	0
0cec6f1ef42b3a5a059b765d093c97bd	0	0	0	0	0	0	0	0	0	0	15	0	0	0	0	0	0	0	0	0	0	0	0	0	0	0	0	0	0	0
8cb8b40a546799e6d3e6fec8d46cada5	0	0	0	0	0	0	0	0	0	4	0	0	0	0	0	0	0	0	0	0	0	0	0	0	0	0	0	0	0	0
db11c9b569bdbdc3e426231931f3d889	0	0	0	0	0	0	0	0	0	0	12	0	0	0	0	0	0	0	0	0	0	0	0	0	0	0	0	0	0	0
ca269235356b47a0a340a1877c02879a	0	0	0	2	0	0	0	0	0	0	0	0	0	0	0	0	0	0	0	0	0	0	0	0	0	0	0	0	0	0
73729971c3653e0989aef3e33735819e	0	0	0	0	0	0	0	0	0	0	0	0	0	0	0	0	0	0	0	0	0	0	0	0	0	0	0	5	0	0
8814a245acd83806300fa2ae2014ddb1	0	0	0	0	0	0	0	0	4	0	0	0	0	0	0	0	0	0	0	0	0	0	0	0	0	0	0	0	0	0
ec383c1f0083ed5e004e56b1d4739ed8	0	0	0	0	0	0	450	11	0	0	0	0	0	0	18	0	0	0	0	0	0	0	0	0	0	0	0	21	0	0
a734b677bee1e1a88f9d06fe2ebf2762	13	0	12	0	18	0	0	0	0	0	0	0	0	0	0	16	0	0	17	0	0	38	0	27	0	0	0	23	15	20
2cd4bcd4d82aad20cd9dc81f56084b38	0	0	0	0	0	0	0	0	0	0	0	0	0	0	0	5	0	0	0	0	0	0	0	0	0	0	0	0	0	0
040bcf93e517b88838126ffd085987ad	0	0	0	0	0	0	0	0	0	0	0	0	0	0	0	0	0	0	4	0	0	0	0	0	0	0	0	0	0	0
a12733f9e9f75361f0c3ad57ae79d1c1	0	0	0	0	0	0	0	0	0	0	0	16	0	0	0	74	0	0	0	0	0	0	0	0	19	0	0	0	0	0
106e0df8cd59cb37f05662cfd82dcf31	0	0	0	0	0	0	0	0	0	0	0	0	0	0	0	0	0	0	15	0	0	0	0	0	0	0	0	0	0	0
50ba567211c9368300c479a58fc38ee2	0	0	0	0	0	0	0	0	0	0	0	0	0	10	0	0	0	0	0	0	0	0	0	0	0	0	0	0	0	0
a691d9904def6a0ee41f279fcf54032c	0	0	0	0	0	0	0	0	0	0	0	0	2	0	0	0	0	0	0	0	0	0	0	0	0	0	0	0	0	0
ae92422c4ed661ca3afb6f3d77327565	0	0	0	0	0	0	0	0	0	0	0	0	0	0	0	0	0	0	0	0	0	0	0	0	0	0	0	9	0	0
77a10f8d455090b18cbcb8209dee5ac7	0	0	0	0	0	0	0	0	0	0	0	0	0	0	0	0	0	0	0	0	0	0	0	0	0	11	9	0	0	0
6eb846e3d6243a5c72bca787705f95cb	0	0	0	0	0	0	0	0	0	0	0	0	0	0	0	0	0	0	0	0	0	0	0	0	11	0	0	0	0	0
6f4a31d1785f5acd1c0da553e8d2e4fc	0	0	0	0	0	0	0	0	0	0	0	0	2	0	0	0	0	0	0	0	0	0	0	0	0	0	0	0	0	0
92eeee8c5b505a12b8e82bd76bddab64	0	0	0	0	0	0	0	0	0	0	8	0	0	0	0	0	0	0	0	0	0	0	0	0	0	0	0	0	0	0
4e8a3b19651bdfd2a6d285617f104a5d	0	0	0	0	0	0	0	0	0	0	0	0	0	0	0	0	0	0	0	10	0	0	0	0	0	0	0	0	0	0
2a334dfc60aaa2f1dc6ab342404eb8d9	0	0	0	0	0	0	0	0	0	0	0	0	0	0	0	12	0	0	0	0	0	0	0	0	0	0	0	0	0	0
2fb797b4cfa56c355ef4a4dbb8f72ada	0	0	0	0	0	0	2	0	0	0	0	0	0	0	0	0	0	0	0	0	0	0	0	0	0	0	0	0	0	0
8ec7f874ce184725f61e2379ad4f6157	0	0	0	11	0	0	0	0	0	0	0	0	0	0	0	0	0	0	0	0	0	0	0	0	0	0	0	0	0	0
9ed9456dcaa42d6ce59822dbe22516c9	0	0	0	0	0	0	0	0	0	0	0	0	0	0	0	0	16	0	0	0	0	0	0	0	0	0	0	0	0	0
f250107daa173570acdd1a416fd94e0f	10	16	0	12	19	11	0	0	0	0	0	0	0	0	0	0	0	0	0	0	0	0	0	0	0	0	0	0	0	0
24d0c312ba75691d28161e74c9d31596	0	0	0	0	0	0	0	0	2	0	0	0	0	0	0	0	0	0	0	0	0	0	0	0	0	0	0	0	0	0
567d0a491b55da8cf8654feb4a826cd3	0	0	3	0	0	0	0	0	0	0	0	0	0	0	0	0	0	0	0	0	0	0	0	0	0	0	0	0	0	0
7ee6286977f45ca45f27188b69e89fdf	0	0	0	0	0	0	0	0	0	0	0	0	0	17	0	0	0	0	0	0	0	0	0	0	0	0	0	0	0	0
b12b275f0b897d5324a2f9797ce8823f	0	0	0	0	0	0	0	0	0	0	0	0	0	0	0	0	0	0	0	0	0	0	0	0	0	27	0	0	0	0
9ffdbfdd65caa22efcfb46a09b2a936f	0	0	0	0	0	0	0	0	0	0	0	0	0	0	0	0	0	0	0	0	0	0	0	0	0	0	6	0	0	0
536a526cdc180f12a0cbdec08169d9cf	0	0	0	0	0	0	0	0	0	0	0	0	0	0	0	12	4	0	0	0	0	0	0	0	0	0	0	0	0	0
24076b3f6b00b48552bce2a142cdb820	0	0	0	24	0	25	0	0	0	0	0	0	0	0	0	0	0	0	0	0	0	0	0	0	0	0	0	0	0	0
154797035d8f233c90d5460e1eb3f381	0	0	0	0	0	0	0	0	0	0	0	0	0	0	0	0	0	0	0	0	0	0	0	0	0	0	36	0	27	0
7125d24865f86d1fc3faba37c0e989dc	0	0	0	0	0	0	0	0	0	0	0	0	10	0	0	0	0	0	0	0	0	0	0	0	0	0	0	0	0	0
130284cb81643bbb0f6fe6b2ca95de93	0	0	0	0	0	0	9	0	0	0	0	0	0	0	0	0	0	0	0	0	0	0	0	0	0	0	0	0	0	0
b8e60297bb11309809d4330216254c2f	0	0	0	0	0	0	0	0	0	0	0	0	0	0	0	0	0	0	0	0	0	0	0	0	0	4	0	0	0	0
7c00eaa064ad1fdfc6c121db77019ce6	0	0	0	0	0	0	0	0	0	0	0	0	0	0	0	0	0	0	0	0	0	0	0	0	0	0	2	0	0	0
22c9c27d80bb2deb338ca7d8be74d006	0	0	0	0	0	0	0	0	0	0	0	0	0	0	0	36	0	0	12	0	0	0	0	123	153	0	15	0	20	0
a29abb2547097bc22ed4b88a17dc4069	0	0	0	0	0	0	0	0	0	0	0	0	0	0	16	0	0	0	0	0	0	0	0	0	0	0	0	0	0	0
8f918d2b4647adea709750f4b91a41f0	0	0	0	0	0	0	0	0	0	0	0	0	0	0	72	0	0	0	0	0	0	58	0	32	0	0	0	26	47	0
f5ce973f66109549581d3434aa7427fc	0	0	0	0	0	0	0	0	0	0	0	0	0	0	25	0	0	0	0	0	0	0	0	0	0	0	0	0	0	0
9b960478935b88654d945e562fcab317	0	0	0	0	0	0	0	0	9	0	0	0	0	0	0	0	0	0	0	0	0	0	0	0	0	0	0	0	0	0
8cdf87485278d85e9cfe8e6657e637f7	0	0	0	0	0	0	0	0	0	0	0	0	0	0	0	0	0	0	0	0	0	0	0	0	7	0	0	0	0	0
2749559c33e9bb3662dd207fadfc3202	0	0	0	0	0	0	0	0	0	0	0	0	0	3	0	0	0	0	0	0	0	0	0	0	0	0	0	0	0	0
daaef1ffac7dc0a36df9ec0486bf03d5	0	0	0	0	0	0	0	0	0	0	0	15	32	0	30	0	0	0	21	0	0	0	0	0	0	32	0	0	0	0
52daea587d325bb4628156755968c4cf	4	0	0	0	0	0	0	0	0	0	0	0	0	0	0	0	0	0	0	0	0	0	0	0	0	0	0	0	0	0
c6afd3c5a2b86a9c0777129826a52a39	0	0	0	0	0	0	0	0	0	0	0	0	0	0	0	0	0	0	15	0	0	0	0	0	0	0	0	0	0	0
73f7521ce36b8a28db44c686a11fd4b6	0	0	0	0	0	0	0	0	0	0	0	0	0	0	0	0	0	9	0	0	101	0	10	0	0	0	0	40	20	24
bf0b9e580791a6131413e69cf8096055	0	54	0	0	0	0	0	0	0	0	0	0	0	0	0	0	0	0	0	0	0	0	0	0	0	0	0	0	0	0
0b55fb066f75de282f9fbf1b730f7554	46	0	0	63	15	30	46	29	93	69	0	28	222	0	0	0	0	33	0	0	0	0	0	9	0	0	23	0	0	0
3bc0d8d3a997e4b9e0347e3e7fd12209	0	0	0	0	0	0	0	0	0	0	6	0	0	0	0	0	0	0	0	0	0	0	0	0	0	0	0	0	0	0
e493f5181549eceb171a9c4c5a29de69	0	0	0	0	0	0	0	0	0	0	0	0	0	0	0	0	0	9	0	0	0	0	0	0	0	0	0	0	0	0
4022b74dcb67d470d99aa9393df4a07e	0	0	0	0	0	0	0	0	0	0	0	0	0	10	0	0	0	0	0	0	0	0	0	0	0	0	0	0	0	0
8a821fdf3c12ce49041e2c8431864432	0	0	0	0	0	0	0	0	3	0	0	0	0	0	0	0	0	0	0	0	0	0	0	0	0	0	0	0	0	0
74d8a80c3b04ad7f086839697ba2d10d	0	0	0	0	0	0	0	0	0	0	20	0	0	0	0	0	0	0	0	0	0	0	0	0	0	0	0	0	0	0
84d2031c0a2b6e4b800fc09f3cade4f0	0	0	0	110	104	0	0	362	0	0	0	0	0	0	0	0	0	0	0	0	0	0	0	0	0	0	0	0	0	0
220445d1673ab0cef4126c2ce75e8fac	0	0	0	0	0	0	0	0	0	0	0	6	0	0	0	50	0	24	0	24	0	0	0	0	5	0	0	0	0	0
f7fcf5dae384ee9483c96e1ee6188bf5	0	0	0	0	0	2	0	0	0	0	0	0	0	0	0	0	0	0	0	0	0	0	0	0	0	0	0	0	0	0
8d81e314da64084f7c60257ed324b7a5	0	0	0	0	0	0	0	0	0	0	0	0	0	0	0	0	0	12	0	0	0	0	0	0	0	0	0	0	0	0
2483bccc051275c4f069728f42e5bbbe	0	0	0	0	0	0	0	0	0	0	0	0	0	0	0	0	0	0	0	0	0	0	0	0	0	0	0	0	0	2
de4ff2f29bb6938f45c3767780ef1995	0	0	0	0	0	0	0	0	0	0	0	0	0	0	0	0	23	9	0	204	0	0	0	0	0	0	0	0	0	0
9a6e4de00f6d3735063961d6cd04db8c	0	0	0	0	0	0	0	0	0	0	0	0	0	0	0	0	0	0	0	0	0	0	0	11	0	0	0	0	0	0
58fbb5d09ff2a605e3aef9793ee14b97	0	0	0	0	0	2	0	0	0	0	0	0	0	0	0	0	0	0	0	0	0	0	0	0	0	0	0	0	0	0
70f0c1110296f10acadc3bfbfef42dbf	18	18	0	0	0	28	0	0	0	0	0	0	0	0	0	0	0	0	0	0	0	0	0	0	0	0	0	0	0	0
7176ad3eeb1df1dc06ecd59477cc3ca7	41	0	0	43	96	224	27	0	0	0	0	0	0	0	0	0	0	0	0	13	0	0	0	0	0	0	0	0	0	0
558b4de11125b2479cc668cbe2737c3a	0	0	0	0	0	0	0	0	0	0	0	0	0	0	0	0	0	0	3	0	0	0	0	0	0	0	0	0	0	0
d545212af6356d85f495cdc8cd2173a6	2	0	0	0	0	0	0	0	0	0	0	0	0	0	0	0	0	0	0	0	0	0	0	0	0	0	0	0	0	0
be51026a3a428db0129803226fa8eb6b	0	0	0	0	0	0	0	0	0	0	0	10	0	0	0	0	0	0	0	0	0	0	0	0	0	0	0	0	0	0
4a9467eee663d5987e801b9dcb327821	0	0	0	0	0	0	0	0	0	0	17	0	0	0	0	0	0	0	0	0	0	0	0	0	0	0	0	0	0	0
7ed4c036474b5418d1d0cfe25a9d4bf8	0	0	0	0	0	0	0	0	0	0	0	40	0	199	0	0	0	0	163	0	0	0	0	0	0	0	0	0	0	0
5fa002acf504c3cf4d3df0b739bc795a	0	0	0	0	0	0	0	0	0	0	6	0	0	0	0	0	4	0	0	0	0	0	0	0	0	0	0	0	4	0
df675ebe2a82d55b2b6dc0cf70879400	0	14	0	0	0	0	64	0	0	0	36	0	17	0	0	0	0	0	0	0	0	0	0	0	0	0	0	0	0	26
dc7b898733acdd19bf1a4056c35f1af7	12	0	0	0	0	0	0	0	0	0	12	578	39	150	189	0	0	25	0	0	0	0	0	25	0	0	0	0	0	0
2b2758c58a8fefe9ca796376fbf0cdd0	0	0	0	0	0	0	0	0	0	0	21	0	0	0	0	0	25	0	7	11	0	0	0	0	0	0	0	0	0	0
293a2107ba57937a23f76cd527f98eb6	0	0	0	0	0	0	0	0	0	0	0	0	0	0	0	0	0	0	0	0	0	0	12	0	0	0	0	0	0	0
f4a9f1fcbc84b1680cc6f6458b737980	0	0	0	0	0	0	0	0	0	34	39	18	58	33	0	94	93	69	69	43	0	0	0	70	73	61	96	0	52	0
534fa6ab6b9579df1125a3cafd0ad0b6	0	0	0	0	0	0	0	0	0	0	0	0	0	0	0	3	0	0	0	0	0	0	0	0	0	0	0	0	0	0
683e374b84c4d9e18416900b9cf2a6bb	0	0	0	0	0	0	0	0	0	0	0	0	0	0	0	0	0	0	0	0	0	0	0	0	0	0	2	0	0	0
c2f816fcd5262bc3706e4678e703ab77	0	0	0	0	0	0	0	0	0	0	0	0	9	0	0	0	0	0	0	0	0	0	0	0	0	0	0	0	0	0
fb40246806040289f5e36ba7666234e4	0	0	0	0	0	22	0	0	0	0	0	0	0	0	0	0	0	0	0	0	0	0	0	0	0	0	0	0	0	0
6303eb5d6b568f5557f55fbfc17816fc	0	0	0	14	0	0	0	0	0	0	0	0	0	0	0	0	0	0	0	0	0	0	0	0	0	0	0	0	0	0
41cafba1b33a0cb7e2fb4d3f1ae23e55	0	0	0	0	0	0	0	0	0	0	0	0	0	9	0	0	0	0	0	0	0	0	0	0	0	0	0	0	0	0
94ffb56f936cada36c573b0d7669b722	0	0	0	0	0	0	0	0	0	0	0	0	0	0	23	0	0	0	0	0	0	0	0	0	0	0	0	0	0	0
caa0d036d4704dcb21350ff85147248f	0	0	0	0	0	0	0	0	0	0	0	0	11	0	0	0	0	0	0	0	0	0	0	0	0	0	0	0	0	0
9c99ab7d50bcdd50ae1fbd3e18bf99fc	0	0	0	0	0	0	0	0	0	0	0	0	0	0	0	0	0	0	0	0	0	0	0	2	0	0	0	0	0	0
5a54d2b3823c3d27f48bcccfcf50fd16	0	0	0	0	0	0	5	0	0	0	0	0	0	0	0	0	0	0	0	0	0	0	0	0	0	0	0	0	0	0
2c97176a4a7a0daa86a8057d0ceccba2	0	0	0	0	0	0	9	0	0	0	0	0	0	0	0	0	0	0	0	0	0	0	0	0	0	0	0	0	0	0
c2f3972ad00e90d5c0c9a56ad756d29a	0	27	0	67	93	0	265	41	139	0	0	0	0	0	0	0	0	0	0	0	0	0	0	0	0	0	0	0	0	0
157df4f738761142b02316354b8b99af	0	0	0	0	26	0	0	0	0	0	0	0	0	0	0	0	0	0	0	0	0	0	0	0	0	0	0	0	0	0
7ed99c17fe94864590ad9eadb1832972	0	0	0	0	0	0	0	0	0	0	0	0	0	45	0	0	0	10	0	0	0	0	0	0	0	0	0	0	0	0
4391dd7f07890ac5fcc5dd3d7d7a105c	0	0	0	0	0	0	0	0	0	0	0	0	0	0	0	0	23	0	0	5	0	0	0	0	0	0	0	0	0	0
2f62fba7b6574431b828c38788ea6c6f	0	0	0	0	0	0	0	0	0	0	31	0	0	0	0	0	0	0	0	0	0	0	0	0	0	0	0	0	0	0
9f8971ea9e449bf8f0ab2e37365f8a5e	0	20	0	0	0	0	0	0	0	0	0	0	0	0	0	0	0	0	0	0	0	0	0	0	0	0	0	0	0	0
0b4278bb21377b2d8a48e1dd6dd9edbf	0	0	0	0	0	0	0	0	0	0	0	0	0	0	0	0	0	0	13	0	0	0	0	0	0	0	0	0	0	0
07ee7dde7486b3fcec218c3a51e77adb	0	0	0	0	7	0	0	0	0	0	0	0	0	0	0	0	0	0	0	0	0	0	0	0	0	0	0	0	0	0
e0b6ed5f4a828bcfc0ab8a8fcafe0e44	0	0	0	0	0	0	0	0	0	0	0	0	0	0	0	0	0	0	0	0	0	0	0	0	0	29	0	0	0	0
4cb5abfd3214bd81ec496fecce9456da	0	0	0	0	0	0	7	0	0	0	0	0	0	0	0	0	0	0	0	0	0	0	0	107	0	0	0	48	0	0
df5e270ec868394492e4285049d067b2	0	0	0	0	0	0	0	0	0	0	0	0	0	0	0	11	0	0	0	0	0	0	0	0	0	0	0	0	0	0
7138dc3c35a3054a096727af105c38d3	0	0	0	0	0	0	0	0	0	0	0	0	0	8	0	0	0	0	0	0	0	0	0	0	0	0	0	0	0	0
7d514809c64d302230b95cd5287a5c3b	0	0	0	0	10	0	0	0	0	0	17	0	0	0	0	0	0	0	0	0	0	0	0	0	0	0	0	0	0	0
c55d9eb7d53a95e97c240f7850ce4890	0	0	0	0	0	0	0	0	0	0	0	0	0	0	18	0	0	0	0	0	0	0	0	0	0	0	0	0	0	0
7e5bd71603b9dfa08c65113b0615b73c	0	0	0	0	0	13	0	0	0	0	0	0	0	0	0	0	0	0	0	0	0	0	0	0	0	0	0	0	0	0
77c2bb50aa6fecd25c028ec7e993a2e5	0	0	0	0	0	0	0	0	0	0	22	0	0	0	0	9	0	9	0	10	0	0	0	0	0	0	0	0	0	0
32becc927b0bac7b99d9d454c29f9be8	0	0	0	0	0	0	0	0	0	0	0	0	0	0	0	0	0	0	0	0	0	0	0	0	15	0	0	0	0	0
8d0a62eec920ffcd0e77525aeee21f89	0	0	0	0	0	0	0	0	0	0	0	0	0	0	0	0	0	6	0	0	0	0	0	0	0	0	0	0	0	0
94c490cd33dfa6086bce1246838fb7fe	0	0	0	0	0	0	0	0	0	0	0	0	0	0	0	11	0	0	0	0	0	0	0	0	0	0	0	0	0	0
4a5117751fab93ea8a7a6f2637ae5b84	0	0	0	0	0	0	0	0	0	0	0	0	0	0	0	0	0	0	0	0	3	0	0	0	0	0	0	0	0	0
8db1b40f6eef0643a77ea60279d79efc	0	0	0	0	0	0	0	0	41	0	0	0	0	0	0	0	0	0	0	0	0	0	0	0	0	0	0	0	0	0
446f74376cfaa768f893a7a094126e46	0	0	0	0	0	0	0	0	0	0	0	0	0	57	0	0	0	0	0	0	0	0	0	0	0	0	0	0	0	0
dc7b96dbe679c19bcf99e08cbc36d104	0	0	0	0	0	0	0	0	0	0	25	0	0	0	0	0	0	0	0	0	0	0	0	0	0	0	0	0	0	0
69c659b04e185adde5f2fccf9e735dc6	0	0	0	0	0	0	0	0	0	0	0	0	0	0	0	0	7	0	0	0	0	0	0	0	0	0	0	0	0	0
83797753445b60233a43ef732bc9b4d3	0	0	0	0	0	0	0	0	0	0	0	0	0	0	0	0	0	0	0	0	0	0	0	0	0	0	0	0	0	2
d06c7851934c0069fa8c46879211b233	0	0	0	0	0	0	0	0	0	0	0	0	0	5	0	0	0	0	0	0	0	0	0	0	0	0	0	0	0	0
ab3e86c17bf42d9903947a1e4bab66f2	0	0	0	0	2	0	0	0	0	0	0	0	0	0	0	0	0	0	0	0	0	0	0	0	0	0	0	0	0	0
70777621b97ed0e2d1b62089ac9aff0d	0	0	0	0	6	0	0	0	0	0	0	0	0	0	0	0	0	0	0	0	0	0	0	0	0	0	0	0	0	0
eed4628b85d3656dca3d0d1dfb9befe1	0	0	0	0	0	0	0	0	0	0	0	0	0	0	0	0	0	0	0	0	0	0	0	0	0	14	0	0	0	0
c5951ef334fcba1c5b7a91b0e8c9e624	0	0	0	0	0	0	0	0	0	0	10	0	0	0	0	0	10	0	0	0	0	0	0	0	0	0	0	0	0	0
f357e2f0642600c773c8414ac7024164	0	0	0	0	0	0	0	0	12	0	0	0	0	0	0	0	0	0	0	0	0	0	0	0	0	0	0	0	0	0
719652630fee432d48bad7ae7cb363cd	0	0	0	0	0	0	0	0	0	0	0	0	0	0	0	0	0	0	0	0	0	0	0	0	0	273	48	0	28	0
ddd3661f8aedf55659fefd9501aa8f44	47	0	0	0	0	0	0	0	0	32	0	0	0	0	0	0	0	0	0	0	0	38	0	0	0	174	32	94	80	0
6f575f31462b60fe84191b109b96649d	0	42	18	30	19	16	14	0	0	27	18	0	0	0	0	0	0	0	0	0	0	0	0	0	0	0	0	0	0	0
59952e5c7d20641dbe355c64a3fe2115	0	0	0	0	0	6	0	0	0	0	0	0	0	0	0	0	0	0	0	0	0	0	0	0	0	0	0	0	0	0
786529f379f1e64bb1db93bcfb2c5655	0	0	0	0	0	0	0	0	0	0	0	0	0	0	0	0	0	0	0	0	0	0	0	0	0	0	144	0	0	0
843e5147e5d19682c6ffca4ffdf2ed3b	0	0	0	0	0	0	0	0	2	0	0	0	0	0	0	0	0	0	0	0	0	0	0	0	0	0	0	0	0	0
266cdd44b2b90bfdda8f14c3da8a45de	0	0	0	0	0	0	0	0	0	0	0	0	0	36	0	0	0	0	0	0	0	0	0	0	0	0	0	0	0	0
ca5121e72d4746f088497ba54b9957a3	0	0	0	0	0	0	0	0	0	0	0	0	0	0	0	0	0	0	0	0	0	0	0	17	0	0	0	0	0	0
981059ed4ca04b00c669417ab1606665	0	0	0	0	8	0	0	0	0	0	0	0	0	0	0	0	0	0	0	0	0	0	0	0	0	0	0	0	0	0
f74ac369b3a412e961ff2d5ca16a7888	0	0	0	0	0	0	0	0	0	0	0	0	0	0	30	0	0	0	0	0	0	0	0	0	0	0	0	0	0	0
53500a0f87da121bbc114ccbe49e7006	0	0	0	0	2	0	0	0	0	0	0	0	0	0	0	0	0	0	0	0	0	0	0	0	0	0	0	0	0	0
e342ac78b16c9e40f98afa2de7e4b670	0	0	0	0	0	0	0	0	0	0	0	0	0	0	0	0	0	0	25	0	0	0	0	0	10	0	0	0	0	0
5be8b2ab9a96d40051b21cb089cd73f1	0	0	0	0	0	0	0	0	0	0	0	0	0	0	15	0	0	0	0	0	0	0	0	0	0	0	0	0	0	0
8536af4bea37e66afaff4780a96f40e0	0	0	0	0	0	0	0	0	0	0	0	0	24	0	0	0	0	0	0	0	0	0	0	0	0	0	0	0	0	0
2379e288949782fcdc4e08a9a839c9f4	0	0	0	0	0	0	0	0	0	0	0	0	0	0	0	0	0	9	0	0	0	0	0	0	0	0	0	0	0	0
367a17ba978af976361caba26ad3dcc2	0	0	0	0	0	0	0	0	33	0	0	0	0	0	0	0	43	0	0	0	0	0	0	0	0	0	0	0	0	16
336c98a8ef8f872b568d54e4e0745291	0	0	0	0	0	0	0	0	0	0	0	13	0	0	6	0	0	0	0	0	0	0	0	0	0	0	0	0	0	0
13232c9cfb17ff1a9dcd11cf7a8070dc	0	0	0	0	28	0	0	0	0	0	0	0	0	0	0	0	0	0	0	0	0	0	0	0	0	0	0	0	0	0
3fa07cbeb9a2c603a3536c93e0251625	0	0	0	0	0	0	0	0	11	0	0	0	0	0	0	0	0	0	0	0	0	0	0	0	0	0	0	0	0	0
4dbd0bfc96882bf5840e5305380ca607	0	0	0	0	0	0	0	0	0	23	0	0	0	19	0	0	0	0	0	0	0	0	0	0	0	0	0	0	0	0
614298872f82ea5795049fe5693c7f23	0	0	0	0	0	0	0	0	0	0	10	0	0	0	0	0	0	0	0	0	0	0	0	0	0	0	0	0	0	0
32625ae909bba4fdde19ca3410915a01	0	0	0	0	0	0	0	0	0	0	0	0	0	0	0	0	0	0	0	0	0	0	0	0	0	3	10	0	0	0
51f5d5e7a67af4e38c20fd04df7fdd12	0	0	0	0	0	0	0	0	0	0	0	0	0	0	0	0	0	2	0	0	0	0	0	0	0	0	0	0	0	0
28ecedfa170355c45e84eb0f2d6e1c74	0	0	0	0	0	0	0	0	0	0	0	0	0	0	0	0	0	0	18	0	0	0	0	0	0	0	0	0	0	0
c79abeaa2689732d1e0324090763d26f	0	0	0	0	0	0	0	0	5	0	0	0	0	0	0	0	0	0	0	0	0	0	0	0	0	0	0	0	0	0
7afadb7f3ae7ea452bf1b78622461e8a	0	0	0	0	0	0	0	0	0	6	0	9	0	0	0	0	0	8	15	0	91	17	7	0	0	0	16	28	0	0
c88316eb2d32c9645f501add21b7c48d	0	0	23	0	0	0	0	0	0	0	0	0	0	0	0	0	0	0	0	0	0	107	0	21	18	22	38	0	0	0
d5657900720b76aae5de261168a515f7	0	0	0	0	0	0	0	0	0	0	0	0	0	0	0	0	0	0	0	0	0	0	2	0	0	0	0	0	0	0
5acaf555e3c643bc211551cd133b51ed	0	0	0	0	0	0	0	0	0	0	0	0	0	0	0	0	0	0	0	0	7	0	0	0	0	0	0	0	0	0
933a2b902c7049cf69d3e9c8dfb55a98	0	0	0	0	0	0	0	0	0	0	0	0	0	0	2	0	0	0	0	0	0	0	0	0	0	0	0	0	0	0
0dce910e0feafa97ec0751c8aa7cfae9	0	0	0	0	0	0	0	0	0	0	0	0	0	0	0	0	0	0	0	0	0	46	0	0	0	11	0	0	0	0
84a7f03f0817f8ccae14c728ed8d8133	0	0	0	0	0	0	0	0	0	0	0	0	0	0	0	0	4	0	0	0	0	0	0	0	0	0	0	0	0	0
09ae3cd4f451ebbf2ab8479e1a9706eb	0	0	0	0	0	0	0	0	0	0	0	0	0	0	26	0	0	0	0	0	0	0	0	0	0	0	0	0	0	0
59b6bee177691ed492a3c20a93b37099	0	0	0	28	6	0	7	0	0	0	0	0	0	0	0	0	0	0	51	0	0	0	0	0	0	2	0	0	0	0
86575fe84381f75b363e705b8dca5633	0	0	0	0	0	0	0	0	0	0	16	0	0	0	0	0	0	0	0	0	0	0	0	0	0	0	0	0	0	0
9ec552468f7a53e6745bfdb9cee35ee9	0	0	0	0	0	0	0	0	0	0	0	0	0	0	5	0	0	0	0	0	0	0	0	108	0	0	0	8	0	0
f3f88a6af131711b82c6c80ef081289b	19	0	0	0	0	0	0	0	0	0	0	0	0	0	0	0	0	0	0	0	0	0	0	0	0	0	0	0	0	0
37e4cbd438145d383a9a4abdac4d7b1b	0	0	0	0	0	0	0	0	0	0	0	0	0	0	0	0	0	0	0	0	0	0	0	13	0	0	0	0	0	0
cbfbfcb087d3ae4562b30b96ca8c63b1	17	0	0	0	0	0	0	0	0	0	0	0	0	0	0	0	0	0	0	0	0	0	0	0	0	0	0	0	0	0
56a616e82c6a4b11d31d7ffc832bf5a2	0	0	0	0	0	0	0	13	0	0	45	0	0	0	0	0	51	0	23	0	0	0	0	0	0	0	0	0	0	0
266abee1a4e0c7cb00d8c0dadec9aabe	0	0	0	0	0	0	0	0	0	0	0	0	0	0	0	0	0	0	0	0	0	4	0	0	0	0	0	0	0	0
fcf4fcc219209efcc8117dcecba6b328	0	0	0	0	0	0	0	0	0	0	0	0	2	0	0	0	0	0	0	0	0	0	0	0	0	0	0	0	0	0
5c422331e0de2ac7fca83e07b7b4a6f9	0	0	0	0	0	0	0	0	0	0	0	0	0	2	0	0	0	0	0	0	0	0	0	0	0	0	0	0	0	0
018507c10a1b5c01e28213c759e607e5	0	0	0	8	0	8	0	0	8	0	0	0	0	0	0	0	0	0	0	0	0	0	0	0	0	0	0	0	0	0
be2b9ea337d3b6530e59e28d2694a106	0	0	0	0	0	20	0	0	0	0	0	0	0	0	0	0	0	0	0	0	0	0	0	0	0	0	0	0	0	0
76a353348a46d57c80bf095d372a2cfb	24	106	0	17	17	8	0	50	0	0	0	78	63	23	63	2706	333	592	674	622	54	15	46	9	92	13	0	0	100	10
d1cb5a1aca2efa11f0228f9900fdeb4e	0	0	0	0	0	0	0	0	0	0	12	0	0	0	0	0	0	0	0	0	0	0	0	0	0	0	0	0	0	0
b956c53b02c08a977e225b2eaf85001e	0	0	0	0	0	0	0	0	0	15	203	0	0	30	0	27	37	257	0	0	0	0	0	0	0	0	0	0	0	0
cbaf7c1362be0853176a2416ed517e11	0	0	0	0	0	0	0	0	0	0	0	0	16	0	0	14	0	0	0	0	0	0	0	0	0	0	0	0	0	0
c5d487bed364ded9d0425728cf0c227d	0	0	0	0	0	0	0	0	0	0	0	0	0	0	0	0	0	0	0	0	0	0	0	0	0	0	0	0	2	0
8a2704118d6eba82d8d5e70efdd45f53	0	0	30	0	0	0	0	0	0	0	0	0	0	0	0	0	0	0	0	0	0	0	0	0	0	0	0	0	0	0
c5997687e88d95803769c7c18c5274c2	0	0	0	0	0	0	0	0	9	0	0	0	0	0	0	0	0	0	0	0	0	0	0	0	0	0	0	0	0	0
7941aac324937e3b76413dc4b088e8e1	0	0	0	0	0	0	0	0	0	0	0	0	0	0	0	0	12	0	0	0	0	0	0	0	0	0	0	0	0	0
578e847fb0bb91dcd125c52bbffef5a3	0	0	0	0	0	0	0	0	0	0	0	0	0	0	0	0	0	0	0	0	0	0	0	0	0	0	0	0	0	9
5828b7045f4af75e638738f6857e1882	536	627	122	196	294	299	224	1726	279	197	90	0	0	0	0	97	0	0	0	103	0	0	0	0	91	0	0	84	92	0
9bd771114e7574c1ff753c90522db0d3	0	0	0	0	0	0	0	0	0	0	0	0	0	0	0	0	0	0	0	0	0	0	0	0	0	0	0	0	30	0
6b2a75d9b3b19151f580ab6ab5ac6b46	0	0	0	0	0	0	0	0	0	0	0	0	0	0	9	0	0	0	0	0	0	0	0	0	0	0	0	0	0	0
2942563f45fe5781e22b2be860828a8b	0	0	0	0	0	0	0	0	0	0	0	0	0	0	0	0	64	0	0	0	0	0	0	0	0	0	0	0	0	0
9a0cdcaa6c3905e593520d6fae771563	0	0	13	0	0	0	0	0	0	0	0	0	0	0	0	0	0	0	0	0	0	0	0	0	0	0	0	0	0	0
fd0ec78553360ea4be2079e969be329e	0	0	0	0	0	0	0	0	0	0	0	0	5	0	0	0	0	0	0	0	0	0	0	0	8	0	0	0	0	0
437917a0b1fbace12d08e0784419d5c2	0	0	0	0	0	28	0	0	0	0	26	0	0	0	0	0	0	0	0	0	0	0	0	0	0	0	0	0	0	0
f91c04f63331e0fe6e5a765293b7d694	0	0	0	0	0	0	0	0	0	0	0	0	0	0	0	27	0	0	14	0	0	0	0	0	0	0	0	0	0	0
92d703db2f5676e70cfe3db06d4f3933	0	0	0	0	0	0	0	0	0	0	0	0	0	0	0	0	0	0	0	0	0	0	100	0	0	0	0	0	0	0
0d95619af856f538a7cfcfa64a9b1159	0	41	35	0	0	0	1	0	11	0	0	0	0	0	0	0	0	8	78	0	0	0	0	0	0	0	14	0	0	0
ebe1b265be38c20dcbcb35304b0ffc81	0	0	0	0	0	0	0	0	0	0	0	0	0	0	0	0	0	0	0	0	0	0	0	0	0	0	0	7	0	0
01ed0a1800720df41a4c94a3dc2ae5d0	0	0	0	0	0	36	0	0	0	0	0	0	0	0	0	0	0	0	0	0	0	0	0	0	0	0	0	0	0	0
8fed07b488cbeaa47fcb1b287dad2175	0	0	0	0	0	0	0	0	0	0	0	0	0	0	0	0	0	0	0	0	0	0	0	0	0	0	0	0	7	0
4f58f4ae58234442d277b0bbdc2e0835	0	0	0	0	0	0	0	2	0	0	0	0	0	0	0	0	0	0	0	0	0	0	0	0	0	0	0	0	0	0
fc26d06eae0c968980e17191c314177e	0	0	0	0	0	0	0	0	0	0	0	0	0	0	0	0	0	0	0	0	0	0	0	0	0	53	0	0	0	0
5af9662d46a2fde29e725f444b6e0f50	7	0	0	0	0	0	0	0	0	0	0	0	0	0	0	0	0	0	0	0	0	0	0	0	0	0	0	0	0	0
8e6f6378bca57c6c29f2a2046541e8c2	0	0	0	0	0	0	6	0	0	0	0	0	0	0	0	0	0	0	0	0	0	0	0	0	0	0	0	0	0	0
e33525c4c1c74e4e597149f247332e7d	0	0	0	0	0	0	0	0	0	0	0	0	0	0	0	0	0	8	0	0	0	0	0	0	0	0	0	0	0	0
39d38aa6c19434a9a321fa8ec814d870	0	0	0	0	0	0	0	0	0	0	22	0	0	0	0	0	0	0	0	0	0	0	0	0	0	0	0	0	0	0
90b413b5fb36c55cefb7ea3c3df81228	0	0	0	0	0	0	0	0	0	0	0	31	0	0	0	0	0	0	0	0	0	0	0	0	0	0	0	0	0	21
3963c61ad5983c18c8b7d0622995de8a	0	0	0	0	0	0	0	0	18	0	48	0	0	0	0	0	29	0	0	0	0	0	0	0	0	0	0	32	0	538
666e43ae59eb11a94d096aededc074d3	0	0	0	0	0	0	0	0	0	0	0	0	0	0	0	412	0	0	0	0	0	0	0	0	0	0	0	0	0	0
0048f808e7851777b2d1a41859524107	0	0	0	0	0	0	0	0	0	0	0	34	0	7	0	17	21	22	12	0	0	0	0	0	6	0	0	0	0	0
04855324235bf62f5956f09fee068049	0	0	0	0	0	0	0	0	0	0	0	3	0	0	0	0	0	0	0	0	0	0	0	0	0	0	0	0	0	0
f0b2d8455fc60dd58a3f1fc0accb38a7	0	0	0	0	0	0	0	0	0	0	0	0	0	0	0	11	12	0	16	0	0	0	0	0	0	0	0	0	0	0
8bd5fee77e3514f19267672054af6b57	0	0	0	0	0	0	0	0	0	0	0	0	0	0	0	0	0	0	0	0	0	0	0	0	0	14	0	0	0	0
6b08cb1d11e128f7b8a3fb60730ce972	0	0	0	0	0	0	0	0	0	2	0	0	0	0	0	0	0	0	0	0	0	0	0	0	0	0	0	0	0	0
ebba398ad4f415565400f28c305665dd	6	0	0	0	0	0	0	0	0	0	0	0	0	0	0	0	0	0	0	0	0	0	0	0	0	0	0	0	0	0
239ef823e6a1e802f6de3a8bcbaf7e56	0	0	0	0	0	0	0	0	0	0	11	0	0	0	0	0	0	0	0	0	0	0	0	0	0	0	0	0	0	0
f544422f290762c6d599374aa62377aa	0	152	126	0	69	45	0	0	164	0	228	0	0	0	0	0	0	0	0	0	0	227	283	0	0	0	0	0	0	0
f10f9d17e98509d1d863b45d73cc210a	0	14	0	0	0	0	0	12	0	0	0	22	0	0	34	866	109	227	234	250	54	0	0	0	30	0	0	0	0	9
8720416a849bec48e24f4191cf1d1539	0	0	0	0	0	0	0	0	0	12	0	0	0	0	0	0	0	0	0	0	0	0	0	0	0	0	0	0	0	0
a218f027094640a4549c365f57cdc0ae	0	0	0	0	0	0	0	0	7	0	0	0	0	0	0	0	0	0	0	0	0	0	0	0	0	0	0	0	0	0
808dfcee21a54f3e5f43349bcee951a9	0	0	0	0	0	0	0	0	0	0	0	0	0	0	0	0	0	0	0	0	0	0	0	0	0	0	0	0	11	0
8e0a2659cf58ca50388e0fbfac03c4e5	0	0	0	0	0	4	0	0	0	0	0	0	0	0	0	0	0	0	0	0	0	0	0	0	0	0	0	0	0	0
05fe5ad2f63cc137b69bc45723564129	0	0	0	0	0	0	0	0	0	0	0	0	11	0	0	0	0	0	0	0	0	0	0	0	0	0	0	0	0	0
5d4c777a5e8ee3e87f03913d8fa3c6a7	0	0	0	0	0	0	0	0	0	18	13	0	0	0	0	148	0	0	0	0	0	0	0	0	0	0	0	0	0	0
1e197b9fbe382d944c8a0c6285c15105	0	3	0	0	0	0	0	0	0	0	0	0	0	0	0	0	0	0	0	0	0	0	0	0	0	0	0	0	0	0
a441e963bd937a64f8dd4a536c335e11	0	0	0	0	0	0	0	0	0	0	14	0	0	0	76	0	0	0	0	0	0	0	0	0	0	0	0	0	0	0
6d78a45c02ab09d8d65bd49e5ad83e2c	0	0	39	0	0	0	0	0	11	0	0	0	0	0	0	0	0	0	0	0	0	0	0	0	0	0	0	0	0	0
c47770bc90f9d1445db91290a24db764	6	0	0	0	0	0	0	0	0	0	0	0	0	0	0	0	0	0	0	0	0	0	0	0	0	0	0	0	0	0
24cf84b2500f6b611a455ccb5cf223b5	31	0	0	17	0	0	0	0	0	0	0	0	0	0	0	0	0	0	0	0	0	0	0	0	0	0	0	0	0	0
8101e4aa3d08d3a2937a21ae2b2a8a50	0	0	0	0	0	0	0	0	0	0	0	0	0	0	0	0	0	0	0	0	0	0	0	0	0	0	0	47	0	0
1364eee199775875f187771ccfd6cb17	0	0	0	0	0	0	0	0	0	0	0	0	0	0	0	0	0	0	2	0	0	0	0	0	0	0	0	0	0	0
7947fa844d7670c12474c28c23de85f1	0	0	0	0	0	0	0	0	0	6	0	0	0	0	0	0	0	0	0	0	0	0	0	0	0	0	0	0	0	0
eaf94f5827b38fd1c380df8c1c98e617	0	0	0	0	0	0	0	0	0	0	0	0	9	0	0	0	0	0	0	0	0	5	0	0	0	0	0	0	0	0
ed7df195572c9bc3e3928603940598dc	0	0	0	0	0	0	0	0	0	0	0	0	0	8	0	0	0	0	0	0	0	0	0	0	0	0	0	0	0	0
3625edc26b250295cddebc66c3b4fa0f	4	0	0	0	0	0	0	0	0	0	0	0	0	0	0	0	0	0	0	0	0	0	0	0	0	0	0	0	0	0
be400c70f12f3977db75e9c13254b137	0	0	0	0	0	0	0	0	0	0	0	8	0	0	0	0	0	0	0	0	0	0	0	0	0	0	0	0	0	0
f8407b5771ee538bebb39dd8522d8d75	0	0	0	5	0	0	2	0	0	0	0	0	0	0	0	0	0	0	0	0	0	0	0	0	0	0	0	0	0	0
90797ee8ec5de32232c6366c3ce20d3c	0	0	0	0	4	0	0	0	0	0	0	0	0	0	0	0	0	0	0	0	0	0	0	0	0	0	0	0	0	0
c577bbdc5ec858b8f8f413d0a3dba3bf	0	0	0	0	0	0	0	26	0	0	0	0	0	0	0	0	0	0	0	0	0	0	0	0	0	0	0	0	0	0
8db98ee78534ec19240df283a914c5be	0	0	0	13	0	35	0	0	0	0	0	0	0	0	0	0	0	0	0	0	0	0	0	0	0	0	0	0	0	0
1efaae99c7cb1471ba947e7a7cea8af9	0	0	0	0	0	0	0	0	0	0	0	0	0	0	0	0	0	0	0	7	0	0	0	0	0	0	0	0	0	0
e3a7aae696b3e9158702b36e360ba79b	0	0	0	0	40	0	54	129	59	16	0	0	0	0	0	0	0	0	0	10	0	0	65	0	0	0	11	0	0	0
23b6205847a8bea0b96d05f966cfa1b5	0	0	26	0	0	0	0	0	0	0	0	0	0	0	0	0	0	0	0	0	0	0	0	0	0	0	0	0	0	0
c63ba1d48f1c1b08ca8faa141874f6a6	0	0	0	0	0	0	3	0	0	0	0	0	0	0	0	0	0	0	0	0	0	0	0	0	0	0	0	0	0	0
8359b062159b9cce2b3cadda739fe94a	0	0	0	0	0	0	0	0	0	0	0	8	0	0	0	0	0	0	0	0	0	0	0	0	0	0	0	0	0	0
613d42996755c2b03a5ba0e44e06e47d	0	0	0	0	0	0	0	0	0	0	0	0	0	0	0	0	0	0	11	0	0	0	0	0	16	0	0	0	12	0
590cc7ff9fddac0304ce227733e5ffa3	0	0	0	0	0	0	0	0	0	0	0	29	0	0	0	0	0	24	0	0	0	0	0	0	0	0	0	0	0	0
9d98d754c7a3b4250e86229a7d85949f	0	0	0	0	0	0	0	0	0	0	0	0	0	11	0	0	0	0	0	0	0	0	0	0	0	0	0	0	0	0
e3be5e72615475d340e819787cda500d	0	0	0	0	0	0	0	0	0	0	0	0	0	0	0	0	0	0	0	0	0	0	0	0	0	0	10	0	0	0
ddabe0a5360c1a3688cf0b1f57004705	0	0	0	0	0	0	0	0	0	0	0	0	0	0	0	0	0	0	0	0	0	0	0	0	0	0	0	0	9	0
8e3cf397f0fafff51e4e14a99325677f	1443	341	110	679	121	143	123	58	0	757	54	58	0	0	65	0	0	0	0	0	0	0	0	0	0	0	0	206	65	0
25694737f7af0a215537654840bd8212	0	0	0	0	0	0	4	0	0	0	0	0	0	0	0	0	0	0	0	0	0	0	0	0	0	0	0	0	0	0
0755c9345fb3fa17bffcd99c2b789dc4	0	0	0	14	0	0	0	0	0	0	0	0	0	0	0	0	0	11	0	0	0	0	0	0	0	0	0	0	0	10
ff4cd1932ddc4ccd53a9709c580a9691	0	0	0	0	0	0	0	0	19	5	0	0	0	0	0	0	0	0	0	0	0	0	0	0	0	0	0	0	0	0
89afb84127ed6a98c62227a8911251ad	0	0	0	0	0	0	0	0	0	0	0	0	0	0	0	12	0	0	17	0	0	0	0	0	0	0	0	0	20	0
f4f2af1ceb8ac1ea605d7d0cdf743ade	0	0	0	0	0	0	0	0	0	0	0	0	0	0	0	0	0	0	0	0	0	0	2	0	0	0	0	0	0	0
a1e69695f3a5fda807f23f0300865003	0	0	0	0	0	0	0	0	0	0	0	0	0	0	0	0	0	0	2	0	0	0	0	0	0	0	0	0	0	0
2d1400dfa1ee32125f56cdb11f2bf7c7	0	0	1174	0	0	0	11	0	47	0	60	0	0	0	0	0	76	0	0	0	0	0	0	0	0	0	0	0	0	40
bab83588fe59d1493bb7b7c3238a95a7	0	0	0	0	0	0	0	0	0	0	0	0	10	0	0	0	0	0	0	0	0	0	0	0	0	0	0	0	0	0
b84f04f6d9ee120f26c7b292e953eb14	0	0	0	0	0	0	0	0	0	5	0	0	0	0	0	0	0	0	0	0	0	0	0	0	0	0	0	0	0	0
b222080ece1d3010ee411bf74ed991e2	0	0	93	0	0	0	0	0	0	0	0	0	0	0	0	0	0	0	0	0	0	0	0	35	0	49	0	0	47	125
054de69ddd6003e7a361ab4ecb72eaf8	0	0	0	0	0	0	0	0	0	0	0	0	0	0	0	0	0	0	0	0	0	0	0	0	0	0	0	0	0	12
6bc7cf9f3ffd855fcc07aee1ee6ef02d	0	0	0	0	0	0	0	0	0	0	0	0	0	0	0	7	0	0	0	0	0	0	0	0	0	0	0	0	0	0
2ce89edd64762600c21cd5cfcef185cc	0	0	0	0	0	0	0	0	0	0	0	0	0	0	0	0	0	0	0	0	0	0	0	0	0	0	0	0	0	4
19c8b65cc4574ea3ddb47bfe239c6d96	0	0	0	0	0	0	0	0	6	0	0	0	0	0	0	0	0	0	0	0	0	0	0	0	0	0	0	0	0	0
46ed7eb9c0c782ba8775d9b2a7fb32a7	0	0	0	0	0	0	0	0	0	0	0	0	0	0	0	0	0	0	11	0	0	0	0	0	0	0	0	0	0	0
b1b942a0ce6bf4b4dc9710a37caeb453	0	0	0	0	0	0	0	0	0	0	0	5	0	0	0	0	0	0	0	0	0	0	0	0	0	0	0	0	0	0
559f8746f6076418b8f1062361365526	36	26	0	59	25	0	0	0	0	0	0	0	0	0	0	0	0	0	0	0	0	0	0	27	0	33	0	0	49	0
6a7ec21c9619f63760c62a8eb4c24e52	0	71	0	0	0	159	0	0	714	99	44	0	0	0	0	0	29	0	0	0	0	0	0	0	0	0	0	0	0	0
a812b72c4e6ddc8e29ca36e36292d7bc	0	0	15	0	0	0	0	0	0	0	0	10	0	0	94	0	0	0	0	0	0	0	0	0	0	0	0	0	0	0
e0d2d8612ec2350f5daaac411623f9bb	0	0	0	7	0	0	0	0	0	0	0	0	0	0	0	0	0	0	0	0	0	0	0	0	0	0	0	0	0	0
a3c82a49b40c609ba79164136969f319	0	0	0	0	0	0	0	0	0	0	0	28	0	0	0	0	0	0	0	0	0	0	0	0	0	0	0	0	0	0
a8e98ebe4318ac5ca224dd36597d57ef	0	0	0	0	0	0	0	0	0	0	14	0	0	0	0	0	0	0	0	0	0	0	0	0	0	0	0	0	0	0
56ba1893b0b88ea32ba1c4c702770405	0	10	0	0	0	277	0	0	0	0	0	0	0	0	0	0	0	0	0	0	0	0	0	51	0	0	0	22	9	0
23c8e6de17b3a9728e8844226e1d4c98	0	0	0	0	0	0	0	0	0	0	0	0	0	0	2	0	0	0	0	0	0	0	0	0	0	0	0	0	0	0
e732d01d41e093b029a71b7523afec02	0	0	0	0	0	0	0	0	0	0	0	0	0	0	0	0	0	0	0	0	0	0	0	2	0	0	0	0	0	0
036676fcb35a0649cb856ab198e79b61	0	0	0	0	0	0	0	0	0	0	0	0	0	0	0	0	0	0	0	0	0	2	0	0	0	0	0	0	0	0
0740fd617c5d021af8de30e2baa5662b	0	0	0	0	0	0	0	0	0	0	0	0	0	0	0	0	0	0	0	0	0	0	0	0	0	5	0	0	0	0
5d29bb6c203e8dff53426793def8c935	0	0	0	0	0	0	0	0	0	0	0	0	0	0	0	0	0	0	0	0	0	0	0	0	0	0	0	3	0	0
1306d5fdc99fc6df3780e627d2f32b01	0	0	9	0	0	0	0	0	0	0	0	0	0	0	0	0	0	0	0	0	0	0	0	0	0	0	0	0	0	0
6ce18119ba079cb6fa6bc0106dbe1ec6	0	0	0	0	0	0	0	0	14	0	0	0	0	0	0	0	0	0	23	0	0	0	0	0	0	0	0	0	0	0
9120f5442d9fce832142593a766c86ef	0	0	0	0	0	0	0	0	0	0	0	0	0	0	0	0	0	0	0	0	0	0	0	0	0	3	0	0	0	0
eccb81eb7bb22fa886b8bd00c4349425	0	0	0	0	0	0	0	0	0	0	0	0	0	0	0	0	0	0	0	38	0	0	0	0	0	0	0	0	0	0
8511ac7d680c167686ac2e96c66e81d6	0	0	0	0	0	0	0	0	0	0	0	0	0	0	0	0	0	0	0	16	0	0	0	0	0	0	150	21	0	0
bc94a6fc80dd44d5190d5079d26e60be	0	0	2	0	0	0	0	0	0	0	0	0	0	0	0	0	0	0	0	0	0	0	0	0	0	0	0	0	0	0
6d9915537bb7a21981f6c9a80ff9af49	0	4	0	0	0	0	0	0	0	0	0	0	0	0	0	0	0	0	0	0	0	0	0	0	0	0	0	0	0	0
16e3f89e6a8ecfd67c3ca456c4a87cf9	0	0	0	0	0	0	0	0	0	0	0	0	0	0	0	150	0	221	0	0	0	0	0	0	0	0	0	0	0	0
83925758783b5a7c12a7c1d206ad71c7	0	0	0	0	0	0	0	0	0	0	3	0	0	0	0	0	0	0	0	0	0	0	0	0	0	0	0	0	0	0
c093a4003f38b68e3e661a28d3bff1f5	0	0	0	0	0	0	0	0	0	0	0	0	0	0	0	0	0	0	0	0	0	0	0	0	0	0	0	7	0	0
8c06cd7d5be19231fb1c5aff69d029e8	0	0	0	0	0	0	3	0	0	0	0	0	0	0	0	0	0	0	0	0	0	0	0	0	0	0	0	0	0	0
c7c3f141b49d202d0942dc3b0d1aade6	0	0	25	0	0	0	0	0	0	0	0	0	0	0	0	0	0	0	0	0	0	0	0	0	0	0	0	0	0	0
a99866e8f6a5b1b3402b5a16047c94b2	0	0	0	0	0	0	0	0	0	0	0	0	0	0	0	0	0	0	0	0	0	0	0	0	0	0	0	3	0	0
90a16de89ac937e08a2fe4b40b6ffa2c	0	0	0	0	0	0	0	0	0	0	0	0	0	0	0	0	0	0	0	15	0	0	0	0	0	0	0	0	0	0
3c9c61f0eda4c32848a88b9f795b883c	0	0	0	0	0	0	0	0	0	0	0	0	0	0	0	0	0	0	0	8	0	0	0	0	0	0	0	0	0	0
996fb0d760b2c49c43b3a4092f770663	0	0	0	0	0	0	0	0	0	0	0	0	0	0	0	0	102	43	0	0	0	0	0	0	0	0	0	0	0	0
14736f5f639bc2ded70b0d3d55e96be7	0	0	0	0	0	0	18	0	0	0	23	0	0	0	56	0	30	0	22	43	0	0	0	0	0	11	0	0	0	0
823cb82f4db1320c086228222083999d	0	8	0	0	0	0	0	0	0	0	0	0	0	0	0	0	0	0	0	0	0	0	0	0	0	0	0	17	0	0
cd6a31c65a45e782f7077e7627067f90	0	0	0	0	0	0	10	0	0	0	0	0	0	0	0	0	0	0	0	0	0	0	0	0	0	0	0	0	0	0
91b07b2f69be9b01070b87ac9ce1edc3	0	0	0	0	0	0	0	0	0	0	0	0	0	0	0	0	0	0	33	0	0	0	0	0	0	0	0	0	0	0
997efb0251454de16fc2ed540485a92a	0	0	0	0	0	0	0	0	0	0	0	14	0	30	0	0	0	0	0	0	0	0	0	0	0	0	0	0	0	0
4f0288503cfda261bcb5506f55e6e4c6	0	0	0	0	0	0	0	0	0	0	0	0	0	0	0	0	2	0	0	0	0	0	0	0	0	0	0	0	0	0
bd9969f757c180158bc510e3da18f7a8	0	0	9	39	0	22	20	0	74	0	20	0	0	0	0	0	0	0	0	0	0	0	0	0	0	0	0	0	0	0
4982aae2e1594da6f87b3b60037d5da7	0	0	0	0	0	0	0	0	0	0	10	0	0	0	0	0	0	0	0	0	0	0	0	0	0	0	0	0	0	0
47968ffcc94428f88d212d44964f7b6d	17	28	716	30	98	19	136	29	58	0	54	16	0	0	0	0	49	23	24	0	0	0	0	0	0	0	0	25	0	29
c998c8e3da933472a819e066328732f8	0	5	0	0	0	0	0	0	0	0	0	0	0	0	0	0	0	0	0	0	0	0	0	0	0	0	0	0	0	0
071828f47541ff4e3ee345ebf5c52948	0	0	0	0	0	0	0	0	0	0	0	0	0	0	0	0	0	0	0	0	0	0	0	0	0	58	0	9	0	0
e13c372668e22e79cf5f1546e79d81b2	0	0	0	0	0	0	0	0	0	0	0	0	0	0	0	0	0	0	0	0	0	0	0	0	0	5	0	0	0	0
709ce542c31e511cddeac4347e798b6a	0	0	0	0	0	0	23	0	15	0	0	0	0	0	0	0	0	0	0	0	0	0	0	0	0	433	0	0	0	0
c5c76c341a9c3fb119141e6d01300703	0	0	0	0	0	0	0	0	0	0	0	0	0	0	0	0	0	0	0	0	0	0	0	0	0	0	0	0	3	0
9defb857d5c7fea57f1ea51e9938c27e	0	0	0	0	0	0	0	0	0	0	0	0	0	0	0	0	0	0	0	0	0	0	0	0	0	0	0	8	0	0
8024b9ff3c2ada7b340fccf71af48015	0	0	0	0	0	0	0	0	0	0	0	0	0	0	0	0	0	9	0	0	0	0	0	0	0	0	0	0	0	0
f27ac546a0735ae0b476e1a51c960fbf	73	0	0	0	0	19	31	0	0	0	0	0	0	0	0	0	0	0	0	0	0	0	0	0	0	0	0	0	0	0
83721c2b73f4ac9edf042775ec30616e	0	0	0	0	0	0	0	0	0	0	0	0	0	0	0	0	0	0	0	0	0	0	0	0	0	0	0	0	3	0
16ef6f11ca9b5efa34d5440bebea3d20	0	0	0	0	0	0	0	0	0	0	0	0	0	0	0	0	18	0	0	0	0	0	0	0	0	0	0	0	0	0
6cb57f9901740c88c82f9d3009bd3db0	0	0	12	0	0	0	0	0	0	0	0	0	0	0	0	0	0	0	0	0	0	0	0	0	0	0	0	0	0	0
6ef78a145a0efe2b09cc5be9899a04f8	0	0	0	0	0	0	0	0	0	0	0	0	0	0	0	0	2	0	0	0	0	0	0	22	0	25	0	28	0	0
12a119b4c5421bb327d8ac084097e6cf	155	15	4	55	261	25	0	203	12	0	0	20	0	0	9	13	0	76	40	20	0	0	0	10	4	13	9	0	0	0
25bffc52a91b51e4f7fb945d11df8a82	0	0	0	0	0	0	0	0	0	0	0	0	0	0	0	0	0	0	0	0	0	0	0	0	0	0	8	0	0	0
c0df0538939dfdeac02d222a3771a796	0	0	0	0	0	0	0	0	0	0	0	0	0	0	11	0	0	0	0	0	0	0	0	0	0	0	0	0	0	0
0c1c4047e61cef55237f631ed8a995f6	0	0	0	0	0	0	0	0	0	0	0	0	3	0	0	0	0	0	0	0	0	0	0	33	0	39	0	0	0	0
bb8bcaca011bbd7e43a4f5140176e29f	5	0	0	0	0	0	0	0	0	0	0	0	0	0	0	0	0	0	0	0	0	0	0	0	0	0	0	0	0	0
af90c31501958684af2a44df05cf8e24	0	0	0	0	0	0	0	0	5	0	0	0	0	0	0	0	0	0	0	0	0	0	0	0	0	0	0	0	0	0
3f244b85eab853e71c537ca746a257fb	2	32	0	4	0	0	0	31	53	0	0	0	0	0	0	0	0	0	0	0	0	0	0	0	0	0	0	0	0	0
c25d57514378364a07e7b860fe453087	0	0	0	0	0	0	3	0	0	0	0	0	0	0	0	0	0	0	0	0	0	0	0	0	0	0	0	0	0	0
589333fd788c333185895edfa2c2eb2c	0	0	0	0	0	0	0	0	0	0	0	9	16	0	23	0	0	0	0	0	0	0	0	0	0	0	0	0	0	0
314ba3082ca6424c6008fe1f39c9cbe7	5	0	3	0	0	209	0	0	0	0	0	0	0	8	0	0	0	0	0	14	0	0	0	0	0	0	0	0	0	0
5f9e2e4512b54b3d7dfae7be1ff08969	0	0	0	0	0	0	0	0	0	0	0	5	0	0	0	0	0	0	0	0	0	0	0	0	0	0	0	0	0	0
89dd960766685c08c78deb732d726af9	211	123	0	565	125	367	196	96	98	1386	0	0	47	60	0	125	0	116	410	0	38	0	0	0	0	0	0	0	0	0
dc288b0a33b33e30ca7ff7edcec3a65e	0	0	0	0	0	0	0	0	0	1	0	1	0	0	0	0	0	17	2	0	0	0	0	0	0	0	0	0	0	0
dc5275c4bd5293be1159f9128754cae0	0	0	0	0	0	10	0	0	0	0	0	0	0	0	0	0	0	0	0	0	0	0	0	0	0	0	0	0	0	0
463b672833733a18859e2e55adbfb046	0	0	0	6	0	0	5	0	0	0	0	0	0	0	0	0	0	0	0	0	0	0	0	0	0	0	0	0	0	0
3ba0cf8ced9c75084438b57629bf3c35	0	0	0	0	0	0	0	0	0	0	6	0	0	0	0	0	0	0	0	0	0	0	0	0	0	0	0	0	0	0
07b4438f1ace7b044fd04b6c53cd8f4e	0	0	0	0	0	0	0	0	0	0	0	0	0	0	0	0	0	0	0	0	0	0	0	25	0	0	0	0	0	0
25ffb8e1ed39c98b674b29853857d581	0	0	0	0	0	0	0	0	0	0	0	0	0	0	0	0	0	0	10	0	0	0	0	0	0	0	0	0	0	0
0b607721092972a5757d5dc299bcabbd	0	0	0	19	0	0	28	38	0	0	0	0	0	0	0	0	0	0	0	0	0	0	0	0	0	0	0	0	0	0
5fedfebd6cc0d08698ee18c7e0d50b2d	0	0	0	0	0	0	0	0	0	0	0	0	0	0	0	0	0	0	0	0	0	0	0	0	0	0	0	0	0	18
7a2d2786c92157f098904dc36aacb84f	0	0	0	0	0	0	0	0	0	0	0	0	0	31	85	0	0	0	0	0	0	0	0	0	0	0	0	0	0	0
9d278947703cd29cf1ccf23da6f43d5f	0	0	0	0	0	0	7	0	0	0	0	0	0	0	0	0	0	0	0	52	0	0	0	0	0	0	0	0	0	0
b9390b92aafb5e5608bd68be47bdb3a6	0	0	0	0	0	0	0	0	0	0	0	0	0	0	0	0	4	0	0	0	0	0	0	0	0	0	0	0	0	0
1768c2ff1a0fe3770205d7a18ef18b0f	0	0	0	0	16	0	0	0	0	0	0	0	0	0	0	0	0	0	0	0	0	0	0	0	0	0	0	0	0	0
e443dd27200c2ebb2f7d2a23a66950de	0	0	0	0	0	0	0	0	0	0	0	0	0	0	0	0	2	0	0	0	0	0	0	0	0	0	0	0	0	0
af7eff5b2dc8e9edb49576a4955b6a7b	0	0	0	6	0	0	0	0	0	0	0	0	0	0	0	0	0	0	0	0	0	0	0	0	0	0	0	0	0	0
0c52fd3896c6c6938fd1c00da9073fdc	0	0	0	0	0	0	0	0	0	0	0	0	0	0	0	0	0	0	0	0	0	72	0	0	0	0	0	0	0	0
8064c5ca106311e171b05872d1dfef66	0	0	0	10	16	7	0	0	0	0	0	0	0	0	0	0	0	0	0	0	0	0	0	0	0	0	0	0	0	0
74dbe1027bb53035a2effd54d085795b	0	0	0	0	0	0	0	0	0	6	0	0	0	0	0	0	0	0	0	0	0	0	0	0	0	0	0	0	0	0
841a3062be9cc6486889feaeb5bf7a4a	58	0	0	294	115	0	0	36	0	0	0	0	0	0	0	0	0	0	0	0	0	0	0	0	0	0	0	0	0	0
8f20c6a36a05de33ff9a3ece576e8676	0	0	0	0	0	0	0	0	0	0	0	12	0	18	0	0	0	0	7	0	18	17	0	0	26	15	0	0	53	11
0a39750b3da87cb1a62b6fb1722cc59b	0	0	0	0	0	0	0	7	0	0	0	0	0	0	0	0	0	0	0	0	0	0	0	0	0	0	0	0	0	0
582682dcd8608c6ccf067189810c6d33	0	0	0	0	0	0	0	0	0	0	0	0	0	0	0	0	0	0	0	0	0	0	0	5	0	0	0	0	0	0
609f815250d3dd802ea110725b9f2754	0	16	0	0	0	0	0	0	0	0	0	0	0	0	0	0	0	0	0	0	0	0	0	0	0	0	0	0	0	0
788e4b137c04051cea6a0c4aec76cb5c	0	0	0	0	12	0	0	0	0	0	0	0	0	0	0	0	0	0	0	0	0	0	0	0	0	0	0	0	0	0
894fc8409304e03b47623d9012aa7eab	0	0	0	0	0	0	0	0	0	0	0	0	0	0	20	0	0	0	0	0	0	0	0	0	0	0	0	0	0	0
6fc5ba82a2527a89be5709b67bf64d55	0	0	0	0	0	0	0	5	0	0	0	0	0	0	0	0	0	0	0	0	0	0	0	0	0	0	0	0	0	0
c886df66d54288c414724c230c7594c6	0	0	0	0	0	0	0	0	0	0	0	15	0	0	0	0	0	0	0	0	0	0	0	0	0	0	0	0	0	0
c711995ec493cc8a19b270c4293f9a53	0	0	0	5	0	0	0	0	0	0	0	0	0	0	0	0	0	0	0	0	0	0	0	0	0	0	0	0	0	0
eaa14872e1812725ad7719d48735af72	0	0	0	0	0	0	0	0	0	0	0	0	0	0	0	0	0	0	0	0	0	0	0	10	0	0	0	0	0	0
8456da2f1e61dfb1ea67772c2cb71667	0	0	0	0	0	0	0	0	0	0	0	0	0	0	0	0	0	0	0	0	0	0	11	0	0	0	0	0	0	0
dc203e80193a6431d6eaf99307b84dce	7	0	0	6	11	5	11	0	13	0	0	0	0	0	0	8	0	0	0	0	0	0	0	0	0	0	0	0	0	0
64d739cb108524a8050d6afb5b014c41	0	0	0	0	0	0	0	0	0	0	2	0	0	0	0	0	0	0	0	0	0	0	0	0	0	0	0	0	0	0
515043db8aea4dfea12a1ead35af1737	0	0	0	0	0	0	0	0	0	0	0	0	0	0	0	0	13	0	0	0	0	0	0	0	0	0	0	0	0	0
205e6037ca487f1974f902f598cd01a3	0	0	0	0	0	0	0	2	0	0	0	0	0	0	0	0	0	0	0	0	0	0	0	0	0	0	0	0	0	0
a1d46c5d4e6dfd98f62edaf90ae26414	0	0	0	0	0	0	0	0	0	0	0	0	0	0	0	0	35	0	21	17	0	0	0	0	0	0	0	0	0	0
bd7e1875dcfe3021145d6b898f7c6496	0	0	0	0	0	0	0	0	0	0	11	0	0	0	0	0	0	0	0	0	0	0	0	0	0	0	0	0	0	0
af08aaa8ef7cd0423c33c6a94c4f8691	0	0	0	0	0	0	0	0	0	0	0	0	0	0	0	0	0	0	0	6	0	0	0	0	0	0	0	0	0	0
b26fdc852ba733bc775443da0f38a6a5	0	0	0	16	0	0	0	0	34	8	0	0	0	0	0	0	0	0	0	0	0	0	0	0	0	0	9	0	0	0
5d35b830e54516b2bb25116b5cb2ac2b	0	0	0	0	0	0	0	0	0	0	11	0	0	0	0	0	0	0	0	0	0	0	0	0	0	0	0	0	0	0
813f41ff9d944a5c6b085d21275fe182	0	0	0	0	0	0	0	0	0	0	0	0	0	0	0	0	0	0	0	11	0	0	0	0	0	0	0	0	0	0
3281bd2e9fe9242f8abba2de0c0a3175	0	0	0	0	0	0	0	0	0	0	0	82	6	0	0	0	0	0	0	0	0	0	0	0	0	0	0	0	0	0
1393330c7e2a99bf2cd168a3f95bd057	0	0	0	0	0	0	0	0	0	0	0	0	0	16	0	0	0	0	0	0	0	0	0	0	0	0	0	0	0	0
619940b37bd4da3631fb3eb94d4e23f4	281	0	0	245	194	93	0	0	370	0	329	199	172	80	0	189	180	105	83	63	0	0	0	0	108	91	0	0	0	0
d83389423d45e03817bb326b2748e88b	0	0	0	0	0	0	0	0	0	0	0	0	0	4	0	0	0	0	0	0	0	0	0	0	0	0	0	0	0	0
a5b0147ef29171c6eb02c1c7f796840a	0	0	0	0	0	0	0	0	0	0	0	0	0	0	0	0	2	0	0	0	0	0	0	0	0	0	0	0	0	0
bf5295ebdfb4bb8955b8742ab1a54f0c	0	0	0	0	0	0	0	0	0	0	0	0	0	18	0	26	0	0	15	10	0	0	0	0	0	0	0	0	0	0
fe1f569514e70c00229b0b303b85f69d	0	0	0	0	0	0	0	3	0	0	0	0	0	0	0	0	0	0	0	0	0	0	0	0	0	0	0	0	0	0
104202eb09d0bca280f1a6b2071cff2d	0	0	0	0	0	0	0	0	0	0	0	0	0	9	0	0	0	9	0	0	0	0	0	0	0	0	0	0	0	0
b99e9603f42a6a5acf7defb8bcf75a41	0	0	0	0	54	83	0	0	0	0	0	28	122	143	0	0	0	0	131	181	80	1851	2014	0	0	89	110	130	145	94
6c5aed531968b8f734607a42a402de81	0	0	0	0	0	0	0	0	0	0	0	0	0	0	0	0	0	0	0	0	0	0	0	0	2	0	0	0	0	0
ad48f7644dbfc0e2703e6d809f196873	0	0	0	0	0	0	0	0	0	0	0	0	0	0	0	17	54	0	0	0	0	0	0	0	0	0	0	0	0	35
9a6f77c435c9aac0ba0c0ce3ee7fe0f1	16	0	0	0	0	0	0	32	16	0	0	0	22	16	0	0	0	0	0	0	0	0	0	0	0	0	0	0	0	0
62697f28c4da8412d688b1c1a3ad99ea	0	0	0	0	0	0	0	0	0	0	0	0	0	0	0	0	0	0	0	0	0	0	0	0	0	0	2	0	0	0
7babdd53fadaf9af69881596b6109b6b	35	22	0	44	27	25	17	31	35	11	53	26	48	0	22	32	74	42	35	18	0	0	0	8	0	19	26	0	16	0
fa1ae48802a89d31a01929b4569c8193	0	0	0	0	0	0	0	0	0	0	0	0	0	0	0	0	0	0	0	0	0	0	2	0	0	0	0	0	0	0
adec61dd0c1d2cc5bc956823cda13fb9	0	38	0	16	0	65	65	39	0	52	0	0	0	6	0	0	0	0	0	0	0	0	0	0	0	0	6	0	0	0
b479825b03c1ae4605ffd66e5656890f	0	0	0	0	0	0	0	0	0	4	0	0	0	15	0	0	0	0	0	0	0	0	0	0	0	0	0	0	0	0
b103b4384fd99598624a1295e68badee	0	0	0	0	0	0	0	0	0	0	0	4	0	0	0	17	0	5	0	0	0	0	0	0	0	0	0	0	0	0
27e5a07a0088fff7fd020e11342218d7	0	0	0	6	0	0	0	0	0	0	0	0	0	0	0	0	0	0	0	0	0	0	0	0	0	0	0	0	0	0
3cf7b5e36717c508b9d7b20c39097076	0	0	0	0	0	0	0	0	0	0	12	0	0	0	0	0	0	0	0	0	0	0	0	0	0	0	0	0	0	0
9b3d577c7612c8b607717cd172652b51	0	0	0	0	0	0	0	0	0	0	39	0	0	0	0	56	0	0	43	0	0	0	0	0	0	0	0	0	0	0
cce11a1a5c5d2f3df701e8be78e77ba5	0	0	0	0	0	0	0	0	0	0	0	0	0	0	0	0	12	0	0	0	0	0	0	0	0	0	0	0	0	0
c550def265710fb7b386e021d9654e77	0	0	24	0	0	0	0	0	0	0	0	0	0	0	0	0	0	0	0	0	0	0	0	0	0	0	0	0	0	0
70f78dfb0dc2a2a072058c767865bbed	0	0	0	0	0	0	0	0	0	0	0	0	0	4	0	0	0	0	0	0	0	0	0	0	0	0	0	0	0	0
4650823e3f69e1d344e0d01f24113c67	22	4	0	11	47	6	0	0	0	0	0	0	0	0	0	0	0	0	0	0	0	0	0	0	0	0	0	0	0	0
3f46c7ac7591601594c68fde082add39	0	0	0	0	0	0	5	0	0	0	0	0	0	0	0	0	0	0	0	0	0	0	0	0	0	0	0	0	0	0
9071c0b7b43f7721a19d0b69b4e02a3f	0	0	0	0	0	0	0	0	0	55	0	0	0	0	0	0	0	0	0	0	0	0	0	0	0	0	0	0	0	0
3d855e2a7bfcbd2e5bb9a7fccccd9608	0	0	0	0	0	0	0	0	7	0	0	0	0	0	0	0	0	0	0	0	0	0	0	0	0	0	0	0	0	0
db302e81a0272dd58b5b9fd1f706a2f3	0	0	0	0	36	0	0	0	0	0	0	65	0	100	59	0	0	0	0	0	0	0	0	0	0	128	0	49	0	0
61202dec12032434a6f836666e09b3c0	0	0	0	0	0	0	0	0	0	0	17	0	0	0	0	23	0	0	0	0	0	0	0	0	0	0	0	0	0	0
947d8596188e0ea3d11709a151a1dd26	0	0	0	0	0	0	0	0	0	0	0	0	0	0	0	0	0	0	0	0	0	0	0	0	9	0	0	0	0	0
9f6789a74fab8da863baf1167c9e29fd	0	0	0	0	0	0	0	0	0	0	0	0	0	0	0	0	0	0	0	0	0	0	0	0	12	0	0	0	0	0
beed74601578491cd82fd43417072b2a	0	0	0	0	0	0	0	0	0	5	0	0	0	0	0	0	0	0	0	0	0	0	0	0	0	0	0	0	0	0
e0a73b49b641759ed7f0f1139d8f6f41	102	96	0	71	0	130	67	94	0	78	62	0	0	0	0	0	0	0	0	0	0	0	0	0	0	0	0	0	0	0
4f541bc705380c71d39dae4ae9414c83	0	0	0	0	0	0	0	0	0	0	0	0	0	0	0	0	0	0	0	0	0	0	0	0	0	0	16	0	0	0
3e224b6e828d680cc8618bec935de072	0	0	0	0	0	0	0	0	0	0	0	0	14	0	0	46	0	10	0	0	0	0	0	0	0	0	0	0	0	0
db08bc1eec7a0f6b28475f2462b7e9aa	0	0	0	0	0	0	0	0	0	0	0	0	0	0	0	0	0	3	0	0	0	0	0	0	0	0	0	0	0	0
21fdd46b9c73bdf533a1fa42daff72c7	0	0	0	0	0	0	0	0	0	0	0	0	0	0	0	0	0	0	0	0	0	0	0	0	0	0	0	0	13	0
1bd4b88b7c48ebf6df20cb76811bc4a7	0	0	0	0	0	0	0	0	0	0	0	0	0	0	0	0	0	0	0	3	0	0	0	0	0	0	0	0	0	0
76ba24c85e2aa1908bdc77eb9a55cb81	91	40	0	65	44	37	72	0	34	62	32	52	46	58	48	0	56	57	57	0	0	0	40	45	0	134	0	0	0	0
26f0925a0b15ccde1067e706ea9561a0	0	0	0	0	0	0	0	0	0	0	0	9	0	0	0	0	0	0	0	0	0	0	0	0	0	0	0	0	0	0
4e080a97890b81daf32696bb0d4dc021	0	0	0	0	0	0	0	0	0	0	11	0	0	0	0	0	0	0	0	0	0	0	0	0	0	0	0	0	0	0
86200033941beda124aec9a080456d2b	427	3834	346	2836	316	262	389	459	5463	3134	231	668	295	460	1837	381	281	348	245	237	160	260	392	189	205	240	231	141	295	184
86aca25922a3704b55e88fe6461744e4	0	0	0	0	0	0	0	0	0	0	0	0	0	0	0	0	0	0	0	41	0	0	0	0	0	0	0	0	0	0
35d700c1e79b45785b92f9dacf8deaa3	0	0	0	0	0	3	33	24	4	0	69	117	65	66	66	83	80	99	57	45	0	0	0	0	0	0	0	0	0	0
29a79939d9334551023a6892ffe9356f	0	0	0	0	0	0	0	2	0	0	0	0	0	0	0	0	0	0	0	0	0	0	0	0	0	0	0	0	0	0
531c43e6bbba4f9225068d151861df68	0	0	0	0	0	0	0	0	0	0	0	0	0	0	0	0	0	0	0	12	0	0	0	0	0	0	0	0	0	0
ef20fa68b20ed52e3c622a144bc3229e	0	0	0	0	0	0	0	0	0	0	0	0	0	0	0	0	0	0	0	28	0	0	0	0	0	0	0	0	0	0
f721f910070721dd6e7f7edddc240082	0	0	0	0	0	0	0	0	0	0	18	0	0	0	0	0	0	0	0	0	0	0	0	0	0	0	0	0	0	0
5df1d3860919d4797f1898016a7f2693	0	0	0	0	0	0	0	0	0	0	0	0	0	0	0	0	0	0	0	0	0	0	0	0	0	0	0	0	32	0
81ceb09bff84ae569ad202968be7a516	53	0	0	0	0	0	57	0	0	0	76	0	0	76	83	0	0	38	0	0	0	88	0	730	82	268	728	713	154	185
60d99988e9d47c72d5cd53550ae2fe40	0	0	0	0	0	13	0	0	0	0	9	0	0	0	0	0	0	0	0	0	0	0	0	0	0	0	0	0	0	0
9ba6caace05ae9479e8c4b89074ac73d	0	0	0	0	0	0	0	0	0	0	0	0	11	14	0	0	0	0	0	0	0	0	0	0	0	0	0	0	0	0
580b642060759fabd57b86dbff920749	0	0	0	0	0	0	0	0	0	0	0	0	0	0	0	7	0	0	0	0	0	0	0	0	0	0	0	0	0	0
812e9c64ade607ad788cacdd8a192512	0	0	0	0	0	0	0	0	0	0	0	0	0	0	0	0	0	0	0	10	0	0	0	0	0	0	0	0	0	0
31495d2fc9a2fe8b340ec8fb85787c18	0	7	0	0	0	0	0	0	0	0	0	0	0	0	0	0	0	0	0	0	0	0	0	0	0	0	0	0	0	0
97188f90386df15221bda79f13ae2783	0	0	0	0	0	0	2	0	0	0	0	0	0	0	0	0	0	0	0	0	0	0	0	0	0	0	0	0	0	0
c4efeb8634c2202225bcb175f7f7de27	0	0	0	0	0	0	0	0	0	18	0	0	0	0	27	0	0	0	0	0	14	0	0	222	96	270	79	267	211	0
6467bcbab19a8c7f2afa65661cc5415e	0	0	0	0	0	0	0	0	0	0	0	0	0	0	0	0	0	0	9	0	0	0	0	0	0	0	0	0	0	0
7efdb59f4e94cc36e68cfb52b5a43397	0	0	0	0	0	0	14	0	0	0	0	0	0	0	0	0	0	0	0	0	0	0	0	0	0	26	0	0	0	113
0d1bda22268860a07cca90e75195de56	0	0	0	0	0	0	0	0	15	0	0	0	0	0	0	0	0	0	0	0	0	0	0	0	0	0	0	0	0	0
a424e306cb0e4a1cdf591bfea8154f5c	0	9	0	0	0	0	0	0	0	0	0	0	0	0	0	0	0	0	0	0	0	0	0	0	0	0	0	0	0	0
247de6ee00e6aafdd5e37040aed17755	0	0	0	19	24	0	81	18	468	106	34	0	0	41	110	0	24	0	0	0	0	0	0	0	0	0	33	0	0	0
bf9aa12e92aa9b71f11afa8bb9109f87	0	0	0	0	8	0	0	0	0	0	0	0	0	0	0	0	0	0	0	0	0	0	0	0	0	0	0	0	0	0
f1728b54e8d23c7c754dcb3f5729c5e5	0	0	0	0	0	0	0	0	0	0	0	0	0	0	0	0	0	0	0	0	0	0	0	0	0	0	0	0	0	8
4bee75493bef57b661f889b5469f8348	0	0	0	0	0	0	0	5	0	0	0	0	0	0	0	0	0	0	0	0	0	0	0	0	0	0	0	0	0	0
a129ee3d285fd131b28919b6dcd2c41f	0	0	0	0	0	0	0	0	0	0	0	0	0	0	0	0	0	10	0	0	0	0	0	0	0	0	0	0	0	0
d20b6d79c4412a976b6015cd34092b18	0	0	0	0	0	0	0	0	9	0	0	0	0	0	0	0	0	0	0	0	0	0	0	0	0	0	0	0	0	0
9f402adf530cee6fe705ddb76717b72b	0	0	0	0	0	0	11	0	0	0	0	73	21	64	0	0	73	37	0	50	0	0	0	0	0	0	0	0	0	0
fa25df13e3134129c61acd0c2f0871ba	0	0	0	0	0	0	0	17	43	0	384	121	22	170	48	16	46	40	96	31	0	6	0	0	19	12	9	0	0	13
56590fbd46f4a5fac3d25debe34769b3	52	0	0	352	0	0	126	131	0	232	0	168	41	141	2060	925	68	127	157	205	26	0	0	110	74	47	62	98	36	0
3570f702af25926f29d4cddd2ded14d6	0	0	0	0	0	0	0	0	0	0	0	0	0	0	0	0	0	0	0	0	0	0	0	0	6	0	0	0	18	0
6a2182d716ddff94f8bcb9c95c3580ee	0	0	3	0	0	0	0	0	0	0	0	0	0	0	0	0	0	0	0	0	0	0	0	0	0	0	0	0	0	0
06e1adbe837e9229c740e77bed3c0ba9	0	0	0	0	0	0	0	0	0	0	0	0	0	0	0	0	0	0	0	0	0	0	0	0	0	0	0	25	0	0
319c5b0de31dc649aab0f1d8090457e9	0	0	0	0	0	0	0	0	0	0	0	0	0	0	0	11	0	0	0	0	0	0	0	0	0	0	0	0	0	0
730f854a7ef8038d08d3864f36712d3d	0	0	0	0	0	0	0	0	0	0	0	45	0	0	0	0	0	0	0	0	0	0	0	0	0	0	0	0	0	0
706cf85d784667c66cc85d4bb656378f	0	0	0	0	0	0	0	0	0	0	0	0	0	0	0	0	0	22	0	0	0	0	0	0	0	0	0	0	0	0
12c2647ee51cff9c1b830f0db1c34adc	0	0	0	0	0	0	0	0	0	0	0	0	0	0	0	0	0	0	0	0	0	0	0	0	0	0	6	0	0	0
812ddc892d41dfc331d9819dad1d10fa	0	0	0	0	0	0	2	0	0	0	0	0	0	0	0	0	0	0	0	0	0	0	0	0	0	0	0	0	0	0
7fe5da856e67e2e51c90b53a0ecdb85d	0	0	0	0	0	0	0	0	0	0	0	0	0	0	0	0	0	0	0	0	0	0	0	0	0	0	0	0	3	0
7a509e8309800a5d278c86ee211fa39d	0	0	0	0	0	0	0	50	0	0	31	0	24	0	0	0	0	0	0	0	0	0	0	0	0	0	0	0	0	0
ae0305e66e1fe1c74bb101c90a422e2b	0	0	0	0	5	0	0	0	0	0	0	0	0	0	0	0	0	0	0	0	0	0	0	0	0	0	0	0	0	0
2aa63a5cbe7ab1e6a0d8ea8b2a22c21c	0	0	0	0	18	0	0	0	0	0	0	0	0	0	0	0	0	0	0	0	0	0	0	0	0	0	0	0	0	0
709687d814b1aa7e1fb71ea60e1ded37	0	0	0	0	0	0	0	0	0	0	0	0	0	0	0	0	0	0	0	0	0	0	0	0	0	10	5	27	0	6
a60dcc1fecc2f880f479ced34c86b60d	0	0	0	0	0	0	0	0	0	5	0	0	0	0	0	0	0	0	0	0	0	0	0	0	0	0	0	0	0	0
f5f21c141eb5efdf7dd5b724fbd10b94	0	0	0	0	0	0	0	0	0	0	0	0	2	0	0	0	0	0	0	0	0	0	0	0	0	0	0	0	0	0
86e8bb633458c114c855ad775b21813e	14	0	0	4	0	0	70	31	38	28	0	0	0	0	0	0	0	18	0	0	0	0	5	0	0	0	17	0	0	0
fcbbcc2e0b00b467de52f42b0c124e9d	0	0	0	0	0	0	0	0	0	0	0	0	0	0	0	0	0	17	0	0	0	0	0	0	0	0	0	0	0	0
2d217575e8b373865fc43eb6d0b298c2	0	0	0	0	0	0	0	0	0	9	0	0	0	31	0	0	0	0	18	0	0	0	0	0	0	0	0	0	8	0
7cc04cd2b5102502b3d84c815968bc07	0	0	0	0	0	0	0	0	0	0	3	0	0	0	0	0	0	0	0	0	0	0	0	0	0	0	0	0	0	0
79d5d8b360050e9a29650f1dc8ada4d0	0	0	0	0	0	0	0	0	0	0	0	0	0	0	0	0	0	0	0	0	0	0	0	0	0	0	0	0	19	0
98ae7809608b99e093172f29671658f3	0	0	0	0	0	0	0	0	0	0	0	0	0	0	0	0	0	0	14	44	0	0	0	0	0	0	0	0	0	0
91de0e8cd8927c624e924690a8c02970	0	0	0	2	0	0	0	0	0	0	0	0	0	0	0	0	0	0	0	0	0	0	0	0	0	0	0	0	0	0
7c07ded18bffe360e469467d3029add8	0	5	0	15	0	0	0	0	0	0	0	0	0	0	0	0	0	0	0	0	0	0	0	0	0	0	0	0	0	0
e242de26b10a086a05aba3497cfa7a40	0	0	0	0	0	3	0	0	0	0	0	0	0	0	0	0	0	0	0	0	0	0	0	0	0	0	0	0	0	0
4f872f7a6ac22992b700e4330604a798	0	0	0	0	0	0	0	0	0	0	0	0	0	0	0	0	0	0	14	0	0	0	0	0	0	0	0	0	0	0
b7dd671a4d83ea407ae8cdd7cb7e1dd0	0	0	0	0	0	0	0	0	0	0	33	0	0	28	0	24	32	0	0	0	0	0	0	0	0	69	20	0	0	0
d19ed26be3d32dfc05f226c695c010b1	0	0	0	0	0	0	18	0	0	0	0	0	0	0	0	0	0	0	0	0	0	0	0	0	0	0	0	0	0	0
6ca676ee97245093f7e6cf7150bcf586	0	0	0	0	8	0	0	0	0	0	0	0	0	0	0	0	0	0	0	0	0	0	0	0	0	0	0	0	0	0
2dbbd9daf8efce24ee41c724f763259b	0	0	0	0	0	0	0	0	0	0	0	0	4	0	0	0	0	0	0	0	0	0	0	0	0	0	0	0	0	0
7536de7344d3b3dc871d5bfb50978b1b	0	0	0	0	0	0	0	0	0	0	0	0	0	0	37	0	0	0	0	0	0	0	0	0	0	0	0	0	0	0
b02b7de5315fff6889ef1aa5e2534766	0	0	0	0	0	0	0	0	0	0	0	0	0	0	0	0	0	0	0	0	0	0	0	0	0	54	0	0	0	0
9d6cc7762444b5647eedcac3e5a1873b	0	0	0	0	0	0	0	0	0	0	0	0	0	0	2	0	0	0	0	0	0	0	0	0	0	0	0	0	0	0
0be2ae68d0f4188c24bae26f61d329bc	0	0	0	0	0	0	0	0	0	0	0	0	0	0	0	49	0	0	0	0	0	0	0	0	0	0	0	0	0	0
7930771e1b3096fc5209339ad461832d	0	0	2	0	0	0	0	0	0	0	0	0	0	0	0	0	0	0	0	0	0	0	0	0	0	0	0	0	0	0
ab2a474d78641912436ba5aec4cb5c0c	0	0	0	0	4	0	0	0	0	0	0	0	0	0	0	0	0	0	0	0	0	0	0	0	0	0	0	0	0	0
fda766c4eed0da25f3540dad6d1458c4	0	0	0	0	0	0	23	0	0	0	0	0	0	0	0	37	0	11	0	0	10	0	0	0	12	21	0	0	46	0
50c76a4b1afe7baad719d15c8ed84f36	0	0	0	0	0	0	0	0	0	0	0	0	5	0	0	0	0	0	0	0	0	0	0	0	0	0	0	0	0	0
7a0f68c4dae2b7eb9e50860fc2805dd8	0	0	0	0	0	0	0	0	2	0	0	0	0	0	0	0	0	0	0	0	0	0	0	0	0	0	0	0	0	0
793e3ebfa8894e22a0ab78986ddb04fe	0	0	0	0	0	0	9	0	0	0	27	0	20	29	35	34	0	29	49	0	0	0	0	0	0	0	0	0	0	0
4c72f78f71fc8d7c3cb6793a30c8950c	0	0	0	0	0	0	0	0	0	0	0	0	0	0	0	0	0	0	0	0	0	0	0	0	0	0	0	0	2	0
37fccedd991bf5b53f0a804fd0140558	0	0	0	0	0	0	0	0	0	0	0	0	0	0	0	0	0	0	0	0	0	0	0	0	3	0	0	0	0	0
02968e16470b74ab0e78161fd2023f68	0	0	0	0	0	0	0	12	0	0	8	0	0	0	0	0	0	0	0	0	0	0	0	0	0	0	0	0	0	0
20f3b8727aa80b611494f17c88016f93	0	0	0	0	0	0	0	0	0	0	0	0	0	5	0	0	0	0	0	0	0	0	0	0	0	0	0	0	0	0
9f3cee3f139c94cd231ea32674148d83	0	14	0	0	0	0	0	0	11	27	0	0	0	0	0	0	0	0	0	0	0	0	0	0	0	0	0	0	0	0
acc1d9630a5e1a86ea9d11a7fe0e3b11	9	0	0	0	0	0	0	0	0	0	0	0	0	0	0	0	0	0	0	0	0	0	0	0	0	0	0	0	0	0
2a6ed0ff427bd224834f82e8fb33c644	276	134	0	221	130	83	0	0	187	86	0	0	0	0	0	0	0	0	0	0	0	0	0	0	0	0	94	0	0	0
22951c3b1527c6abf9036542cd1e59b8	0	0	0	0	0	0	0	0	0	0	0	0	0	0	0	0	0	0	42	0	0	0	0	0	0	0	0	0	0	0
4db70215f3210b506649a29cd06c7843	14	0	0	0	0	0	0	0	0	0	0	31	53	71	395	73	50	0	82	68	53	191	111	95	66	91	57	80	0	48
ec19d80778d1582e8492509201a51796	0	2	0	0	0	0	0	0	0	0	0	0	0	0	0	0	0	0	0	0	0	0	0	0	0	0	0	0	0	0
14445b10179785fae4d6a1701708073e	0	0	0	0	0	21	0	0	0	50	0	0	0	30	0	0	0	0	0	0	0	0	0	0	0	0	0	0	0	0
98cd86171087f1914481edb7221f806a	0	0	0	0	0	0	0	0	0	0	0	0	0	0	0	0	0	12	0	0	0	0	0	0	0	0	0	0	0	0
098b9b20a25bf74f1b1c9c8800d21397	12	0	0	8	0	0	14	21	0	0	0	0	0	0	0	0	0	0	0	0	0	0	0	0	0	0	0	0	0	0
3d306e7a1f2bbf8238a62e8c93af5bca	0	0	0	0	0	0	0	0	0	0	0	0	0	0	0	3	0	0	0	0	0	0	0	0	0	0	0	0	0	0
98e1141843ca3d3e7cff354b2f1f4a54	0	0	0	0	0	0	0	0	0	0	0	0	0	0	0	0	0	0	7	0	0	0	0	0	0	0	0	0	0	0
582bbf25a675abeeef922d8f3fc38000	0	0	0	0	0	0	0	0	0	0	0	0	0	0	0	0	0	0	10	0	0	0	0	0	0	0	0	0	0	0
e553d6d952abc003663901b6c610a2ff	0	0	0	67	0	67	0	0	0	0	0	0	0	0	0	0	0	0	0	0	0	0	0	0	0	0	0	0	0	0
8e9ede3246e5168aab5a278c682489d7	0	0	0	0	0	0	0	0	0	0	14	0	0	0	0	0	0	0	0	0	0	0	0	0	0	0	0	0	0	0
bc71421b7bcf08558b42cb2a008b2b0e	0	0	0	0	0	0	0	0	0	0	19	0	0	0	0	0	0	0	0	0	0	0	0	0	0	0	0	0	0	0
c42cfdf6ed65e7a5da09f502044568bc	0	0	0	0	9	0	0	0	0	0	0	0	0	0	0	0	0	0	0	0	0	0	0	0	0	0	0	0	0	0
5e2cc96f344d34e0176d6667121fc7fc	0	0	0	0	0	5	0	0	0	0	0	0	0	0	0	0	0	0	0	0	0	0	0	0	0	0	0	0	0	0
317ce09f8742caeb45867f0ffb4d72d3	0	0	0	0	0	0	0	0	0	0	0	0	0	9	0	0	0	0	0	0	0	0	0	0	0	0	0	0	0	0
c1da987307527d4299cafcf1d70897cd	0	0	0	0	0	0	52	0	0	0	0	0	0	0	0	0	0	0	0	0	0	0	0	0	0	0	0	0	0	0
1c258d48ffba2ad2c72c5c6d4e4fae5c	0	0	0	0	0	0	0	0	12	0	0	0	0	0	0	0	0	0	0	0	0	0	0	0	0	148	0	0	0	0
e3046711e1202242842b951d99d991a6	0	0	0	20	0	20	0	0	0	20	93	0	0	0	0	0	0	0	0	0	0	0	0	0	0	0	0	0	0	0
d7e0d69d84e1bd173bc761c4b96625c0	0	0	0	0	0	0	0	6	0	0	0	0	0	0	0	0	0	0	0	0	0	0	0	0	0	0	0	0	0	0
16eed58b4b3a79fa39b8307da0f66ba5	0	0	0	0	0	0	0	0	0	0	0	0	0	0	0	26	0	0	0	0	0	0	0	0	0	0	0	0	0	0
a9517172bd4ea9edf6b7a440096cd918	0	0	0	0	0	0	0	0	0	0	0	0	0	0	0	0	0	0	0	0	0	0	0	20	32	0	0	0	0	0
193f1aa6e9db63cc6290768c6f64fb29	0	0	0	0	0	8	0	0	0	0	0	0	0	0	0	0	0	0	0	0	0	0	0	0	0	0	0	0	0	0
5b571d3584e6772376e6650261b38a82	0	0	0	0	0	0	0	0	0	0	0	0	0	17	0	0	0	0	0	0	0	0	0	0	0	0	0	0	0	0
1ae807e8f9d0d0c414cb82ad6725a409	0	0	0	0	0	0	0	0	0	0	0	0	0	0	0	0	0	0	0	0	0	0	0	0	0	7	0	0	0	0
a417a74478be93be673d0c99397064ee	0	0	0	0	0	0	0	0	0	0	0	0	0	0	0	0	0	0	0	0	0	0	0	0	0	4	0	0	0	0
24975a0f494c9b7a7edb69cc4e99a7eb	0	0	0	15	0	0	0	0	0	0	0	0	0	0	0	0	0	0	0	0	0	0	0	0	0	0	0	0	0	0
88b5e0df303408f7c8c9f9baf7c37b78	55	29	13	28	0	165	40	14	220	59	0	0	0	0	0	0	9	0	0	0	0	0	0	6	0	0	0	0	0	0
84b2f6bb2d44cb0b1a0d417351a63a5b	0	0	0	0	0	0	0	0	0	0	0	0	0	0	0	10	0	0	0	0	0	0	0	0	0	6	0	0	0	0
9bcdc7afa1d08c490e4fba842de9d792	0	0	0	0	0	0	0	0	0	0	0	0	0	0	316	0	0	0	0	0	0	0	0	0	0	0	0	0	0	0
97dc332f31146b52576b4f6407e5bbf7	0	0	0	0	4	0	0	0	0	0	0	0	0	0	0	0	0	0	0	0	0	0	0	0	0	0	0	0	0	0
50920f230dfac1c7f7c5ae88860fd23f	0	0	0	0	0	0	0	0	11	0	0	0	0	0	0	8	9	0	0	0	0	0	0	0	0	0	0	0	0	0
f29d6900c21a996eb0defb23f51f90e9	0	0	0	0	0	0	0	0	0	0	0	0	0	0	0	0	0	0	0	2	0	0	0	0	0	0	0	0	0	0
5b13a334b4afa15a8d32439c8f41ef88	0	0	0	0	0	0	0	0	0	0	0	0	0	0	0	0	0	0	0	0	0	0	0	34	0	0	0	0	0	0
4c1a6829e431f8a5e25d6da4d786a062	0	0	0	0	0	0	0	0	0	0	0	0	0	0	0	0	0	0	0	0	0	25	0	0	0	0	0	0	0	0
0c15bb282d8f636943b5c0b7d15439e5	0	0	0	0	0	0	47	0	0	0	0	0	0	0	0	0	0	0	0	0	0	0	0	0	0	0	0	0	0	0
d7b22a2c61abeced252f63a897350f80	0	0	0	0	0	0	0	0	0	0	0	0	23	0	0	0	0	0	0	0	0	0	0	0	0	0	0	0	0	0
4292b7748c3b1489a82d1f3dd8a21a77	0	0	0	0	0	0	0	0	0	0	0	0	0	0	0	0	0	0	0	0	0	0	0	0	0	0	0	0	0	9
c3c6d743f26232af23380832c1a968f8	0	0	0	0	0	0	0	0	0	0	9	0	0	0	0	0	0	0	0	0	0	0	0	0	0	0	0	0	0	0
d49f0048437aa290c1429625890863f4	0	0	0	0	0	0	0	0	0	0	0	0	0	0	0	0	0	0	0	0	0	0	0	0	0	0	0	2	0	0
7f46e6648973ac04ccceb705829ab8d0	0	10	0	0	0	0	0	0	0	0	0	0	0	0	0	0	0	0	0	0	0	0	0	0	0	0	0	0	0	0
4ddf8c0124a6594da8286bc1d594cc2f	0	0	0	0	0	0	0	0	0	0	0	0	0	0	0	0	0	0	0	0	0	0	0	0	0	0	6	0	0	0
a7d551dd8622c62f2fc5a5b859ab939b	0	0	0	0	0	0	0	0	0	0	0	0	0	0	2	0	0	0	0	0	0	0	0	0	0	0	0	0	0	0
8e41bc15fb993b42fff184a0a06a15f2	0	0	0	0	0	0	0	2	0	0	0	0	0	0	0	0	0	0	0	0	0	0	0	0	0	0	0	0	0	0
93ef2464c407da2de7e7aae99c7fa0b7	0	0	0	0	0	0	0	0	0	0	0	0	0	0	0	8	0	0	0	0	0	0	0	0	0	0	0	0	0	0
a9ed249ed07b76aecc4711338a5b1836	0	0	0	0	0	0	0	0	0	0	0	0	38	19	0	28	0	0	0	0	0	0	0	0	0	0	26	0	0	0
dda41ae03b70cef78ae75e32179d583a	0	0	0	0	0	0	0	98	0	0	0	0	0	0	0	0	0	0	0	0	0	0	0	0	0	0	0	0	0	0
39678c9b629632923a5dc0b14b4d7535	0	0	0	0	0	0	0	0	0	0	9	0	0	0	0	0	0	0	0	0	0	0	0	0	0	0	0	0	0	0
f5be28b7b79c864c5ac2c715fdf857d9	0	0	19	0	0	0	0	0	0	0	0	0	0	0	0	0	0	0	0	0	0	0	0	0	0	0	0	0	0	0
8febc03612ef7de284ed0db6a1e6d589	0	0	0	2	0	0	0	0	0	0	0	0	0	0	0	0	0	0	0	0	0	0	0	0	0	0	0	0	0	0
6d6c7f4707abc926ef6dba14141cace9	0	0	0	0	0	0	0	0	0	0	0	0	0	0	0	0	0	0	0	0	0	0	0	0	0	0	0	0	12	0
64f576bb88eb053414eab1185dc4b5f7	0	0	0	0	0	0	0	0	0	7	0	0	0	0	0	0	0	0	0	0	0	0	0	0	0	0	0	0	0	0
e94c3ed1d044727d151660dd949b1176	0	47	0	0	45	183	0	0	0	110	0	23	0	45	0	0	0	0	0	0	0	0	0	0	0	0	0	0	0	0
18c767cb163fc8ffbf3a72b70a4f2c60	0	0	0	0	0	0	0	0	0	0	0	0	0	0	0	12	0	0	0	0	0	0	0	0	0	0	0	0	0	0
4972f8d68841534b485454d5af1822c6	17	0	0	0	0	0	0	0	0	0	0	0	0	0	0	0	0	0	0	0	0	0	0	0	0	0	0	0	0	0
88e38b9102719ed058b73fa23786d9da	0	0	0	0	0	0	0	0	0	0	0	0	0	0	0	2	0	0	0	0	0	0	0	0	0	0	0	0	0	0
1908a4ee08cd70602209d33e09075730	0	0	0	0	0	0	0	0	0	0	4	0	0	3	0	0	4	0	18	0	0	0	0	0	0	0	0	0	0	0
ef037f8736ffb2ec69dd9f7ccc2b031d	0	0	0	0	0	0	0	0	0	0	0	0	0	0	0	0	0	0	0	0	0	0	0	0	0	0	5	0	0	0
53dd267c6f5541b10133cd687aca705d	0	0	0	0	0	0	0	6	0	8	0	39	0	0	13	30	0	0	0	0	0	0	0	0	0	0	0	0	0	0
3021d61744b974f030b80fd535258be7	110	24	12	86	123	52	0	0	14	0	0	0	0	0	0	0	0	0	0	0	0	0	0	0	0	0	0	0	0	0
cd5d8fc79fdcea5428e5cf62d8887658	0	0	0	0	0	0	0	0	0	0	0	0	44	0	40	0	41	0	32	0	0	35	0	0	47	62	57	0	0	0
f7c47846806086fff8888db14221e99f	0	0	0	0	0	0	0	0	0	0	0	0	0	0	0	0	0	0	0	0	0	0	0	17	0	0	0	0	21	0
999d4f3d1ec3e3822ec69e19a06e7abe	0	0	0	0	0	0	0	0	0	0	0	11	0	11	0	0	0	0	0	0	17	20	0	19	28	14	0	21	19	0
952dc17c7efbaea744da9301f6efb1da	0	0	0	0	0	0	0	0	0	47	0	298	0	86	0	228	66	71	0	144	20	30	0	11	36	0	0	0	0	0
e06652b18416ea5ae7749c2a4367ca1f	0	0	0	0	0	0	0	0	0	0	0	38	0	32	0	0	22	0	0	17	0	0	0	0	0	33	0	0	0	0
6d377c5e9568e0f997b7cd6538760fae	0	0	0	0	0	0	27	20	15	0	0	0	0	0	0	0	0	0	0	0	0	0	0	0	0	0	0	0	0	0
b432f26bd517528d7738a08f692d279f	0	0	0	0	12	0	0	0	0	0	0	0	0	0	0	0	0	0	0	0	0	0	0	0	0	0	0	0	0	0
783db81644984c758f37e5c6c41f1056	0	0	0	0	0	0	0	0	0	0	0	0	0	0	0	0	4	0	0	0	0	0	0	0	0	0	0	0	0	0
9ff313b9015972d8f92cc1c6ba9be195	0	0	0	0	0	0	0	0	0	0	0	0	0	0	0	0	0	0	0	2	0	0	0	0	0	0	0	0	0	0
a8f719cd014fce29d87bac3965cf969a	0	0	0	0	0	0	0	0	0	0	0	0	18	0	0	0	0	0	0	0	0	0	0	0	5	16	6	0	0	0
9bdff9843976e2a76fe4c472afc8dae3	0	0	0	0	0	33	0	0	0	0	0	0	0	0	0	0	0	0	0	0	0	0	0	0	0	0	0	0	0	0
1c26108df6faa5e2b16004582f2e024f	0	0	0	0	0	0	0	0	0	0	0	0	0	0	0	0	16	0	0	0	0	0	0	0	0	0	0	0	0	0
a60ac755274177d4f9189c538e1fdab2	0	0	0	0	0	0	5	0	0	0	0	0	0	0	0	0	0	0	0	0	0	0	0	0	0	0	0	0	0	0
c47cca400154044fe2dc96e9fbaeaa96	0	0	0	0	0	0	0	0	0	0	0	0	0	0	0	1	0	0	0	0	0	0	0	0	0	0	0	0	0	0
a9ed0e6ab8494b969e5cee656b94d490	46	22	0	10	0	138	0	24	0	0	0	0	11	19	0	0	0	0	0	17	0	0	0	0	0	0	17	0	0	0
284ab4d1468d5bd557cb105ba328dc36	41	0	0	0	0	51	0	0	0	0	0	0	0	0	0	0	0	0	0	0	0	0	0	0	0	0	0	0	0	0
6b513661c08ecbc27e2abda88d01debe	0	0	0	0	0	0	0	0	0	0	0	0	0	0	14	0	0	0	0	0	0	0	0	0	0	0	0	0	0	0
dcea25ce27d83efa7c347617dc8fcd5d	0	0	0	0	0	0	0	0	0	0	0	0	0	0	0	0	2	0	0	0	0	0	0	0	0	0	0	0	0	0
730aa910e57bf93cb2dc603019e5ab69	0	0	0	0	0	0	0	0	0	0	0	0	0	0	0	0	0	0	0	0	0	0	0	0	0	2	0	0	0	0
a3147c993dff80e14c5ced7e26dfa8e1	107	131	22	136	40	122	0	67	34	52	0	0	0	0	0	0	0	0	0	0	0	0	0	0	0	0	0	0	0	0
e892e131cf817c9714787f336c468bbd	0	0	0	0	0	0	0	0	2	0	5	0	0	0	0	0	0	0	0	0	0	0	0	0	0	0	0	0	0	0
6314e87fd0e9447cb038908f322014a0	0	0	0	0	0	0	0	0	0	0	0	0	0	0	0	0	0	0	0	0	0	0	0	0	6	0	0	0	0	0
42df8a9d92530e62c80fa5f2285c9c16	0	0	0	0	0	0	0	0	0	0	0	0	0	10	0	0	0	0	0	0	0	0	0	0	0	0	0	0	0	0
3f816ac27f1a14cb8dc52c7cc4b9e598	0	0	0	0	0	0	0	0	0	0	0	0	0	0	0	2	0	0	0	0	0	0	0	0	0	0	0	0	0	0
9ff6c4b882fa199dba68eb7fe682a76e	0	19	0	0	0	0	0	0	0	0	0	0	0	0	0	0	0	0	0	0	0	0	0	0	0	0	0	0	0	0
dba1b9d9722c77fa104afc74a6549fa3	11	159	0	11	66	10	0	79	0	0	0	75	1695	101	0	52	215	0	74	0	0	0	0	0	0	63	0	0	0	0
f981335a3889a60134ae57a46d92dffe	0	0	0	0	0	0	0	0	0	0	0	0	0	0	33	0	0	0	0	0	0	0	0	0	0	0	0	0	0	0
23136a1e00f074336831b314020b4766	0	0	0	2	0	0	0	0	0	0	0	0	0	0	0	0	0	0	0	0	0	0	0	0	0	0	0	0	0	0
f9d7bc16dc7ee699a1c3d7ee8764d361	0	0	0	0	0	0	0	0	0	0	0	0	0	0	0	0	0	10	0	0	0	0	0	0	0	0	0	0	0	0
ff3051eb2deb87cfe1d092a957a442bc	0	52	0	0	15	0	0	15	0	0	44	26	0	0	0	0	0	0	0	0	0	0	32	0	0	0	0	0	0	0
679f0c4984e9c8a58da9cbbc413719a0	110	0	0	26	27	141	32	32	24	93	23	0	0	0	0	0	0	0	0	0	0	0	0	0	0	0	18	0	0	0
22ecf945a71bccbe32d6dfbb195648f5	0	0	0	0	0	0	0	0	0	0	0	0	0	0	0	0	0	0	0	0	0	0	0	0	17	0	57	0	0	0
b5461fd284ebe63dfa3bf991118840af	0	0	0	0	0	0	0	0	0	0	74	22	0	0	0	38	120	140	0	38	0	0	0	0	0	0	0	0	0	0
3c0529d87beceacb249bdcea9030eb6e	2	0	0	0	0	0	0	0	0	0	0	0	0	0	0	0	0	0	0	0	0	0	0	0	0	0	0	0	0	0
7acad5c77e640f8ad09d589ebe1b0f4a	0	0	0	0	0	0	0	0	0	0	0	0	0	0	0	0	0	0	0	0	22	0	0	0	0	0	0	0	0	0
1223dd9b9bbdbfcb15a998b36f1e5b7a	0	0	0	0	0	0	0	0	0	0	0	0	0	0	0	0	0	0	0	0	0	0	0	0	0	0	2	0	0	0
eac7ddbcb1af26c4db7b3b0ed4bfa04d	0	0	0	0	0	0	0	0	0	0	0	0	0	0	0	0	0	0	0	0	0	0	0	0	6	0	0	0	0	0
5a9e7ead3e3b77ad16224a6a81e1dbcb	0	0	0	0	0	0	0	0	0	0	0	0	0	0	0	0	0	0	0	0	0	0	0	0	0	0	4	0	0	0
841f3c6cde875c733d31c0e76e549c3b	0	0	0	0	0	6	0	0	0	0	0	0	0	0	0	0	0	0	0	0	0	0	0	0	0	0	0	0	0	0
995a74e87918336b905972e1e767bc2b	0	0	0	0	0	0	0	0	0	0	0	0	0	0	17	33	0	0	0	0	0	0	0	0	0	0	0	0	13	0
040faef6425268290aa9a0607ed54655	0	0	0	0	0	0	0	0	0	0	0	0	0	0	42	0	0	0	0	0	0	0	0	0	0	0	0	0	0	0
640c79f1fd212a7536d9ca50621d69df	25	0	0	68	30	17	0	0	28	0	0	0	0	0	0	0	0	0	0	0	0	0	0	0	0	0	0	0	0	0
cde10329fbd398f21af8172a38489cee	0	0	0	14	0	0	0	0	0	18	0	16	19	0	0	0	0	0	36	22	0	0	0	0	0	0	0	0	0	0
a38745e8df697572d771f8d4935c76ce	0	0	0	0	0	0	0	0	0	0	2	0	0	0	0	0	0	0	0	0	0	0	19	0	0	0	0	0	23	0
dae2a0fc5875d1fd187fce3dec4d89db	0	0	7	0	0	0	0	38	0	0	0	0	0	0	0	0	0	0	0	0	0	0	0	0	0	0	0	0	0	0
640bda325faac329afcdcf3ab021dfc4	0	0	0	0	0	0	0	0	0	0	0	0	0	0	0	0	0	0	0	20	0	0	0	0	0	0	0	0	0	0
94fd90d2c3f488c47beadf3d271a9180	0	0	0	0	0	0	0	0	0	0	0	0	0	2	0	0	0	0	0	0	0	0	0	0	0	0	0	0	0	0
c370dd1f1f8878f3c1464f3ce36fb4b4	0	0	0	0	0	0	0	0	0	0	0	0	0	0	0	8	0	0	0	0	0	0	0	0	8	6	0	0	0	0
634a8223e40b99157b9a8025e78d0bda	0	0	0	0	0	0	0	0	0	0	0	0	0	0	0	17	0	0	0	0	0	0	0	0	0	0	0	38	75	0
f84dd4dcd7e0dc6bee155a929b86fdfd	0	0	0	0	0	0	0	0	0	0	0	0	0	21	0	0	0	0	0	0	0	0	0	0	0	0	0	0	0	0
459c4914a1a3d194b600add9f27bb5e5	0	0	0	0	0	0	0	0	0	0	0	5	0	0	0	0	0	0	0	0	0	0	0	0	0	0	0	0	0	0
964b62c1291a31a7305d1abd7d2d40cd	0	0	0	0	0	0	0	0	0	0	4	0	0	0	0	0	0	0	0	0	0	0	0	0	0	0	0	0	0	0
9117551e44e12d1b836227c33a65d847	0	0	0	0	0	0	0	0	0	0	0	0	0	0	0	2	0	0	0	0	0	0	0	0	0	0	0	0	0	0
4330fd6f7119a11285b93dafc4f63f7d	0	0	0	0	0	0	0	0	0	0	0	0	0	0	0	0	0	0	0	0	0	0	0	33	25	69	29	0	0	0
2dbea346c2c3128cd61b6980845dd646	0	0	0	0	0	0	0	0	0	0	0	6	0	0	0	0	0	0	0	0	0	0	0	0	0	0	0	0	0	0
7b1120a95fb3f8e421434206473e1eb7	0	0	0	0	0	0	0	0	0	0	0	0	0	0	40	0	0	0	0	0	0	0	0	0	0	0	0	0	0	0
6d2ab7602e96f04d1088274ab1d27dca	0	0	0	0	0	0	0	0	0	2	0	0	0	0	0	0	0	0	0	0	0	0	0	0	0	0	0	0	0	0
35e791331e22a90707e632391c8b075f	0	7	0	0	0	16	0	0	0	0	0	0	0	0	0	0	0	0	0	0	0	0	0	0	0	0	0	0	0	0
09ebe2ba52fe918308fef3c9721940c7	0	0	0	0	0	0	0	0	0	0	0	0	0	0	0	0	0	0	0	0	0	0	0	0	0	0	0	0	12	0
f68f9d27abc68a97adfe402cb7e4c394	0	0	0	0	0	0	0	0	0	0	0	0	2	0	0	0	0	0	0	0	0	0	0	0	0	0	0	0	0	0
b596f16a1aa7e06662d22655d3c30f79	0	0	0	0	0	0	7	0	0	0	0	17	8	0	0	23	0	0	0	17	0	0	0	0	0	10	0	0	30	0
a7d74d21936d05edb335c13a5941bc17	0	0	0	0	5	0	0	0	0	0	0	0	0	13	0	0	0	0	0	0	0	0	0	0	0	0	0	0	0	0
42bc7ffdd9bc3d913b339b7023b4e786	0	0	0	0	0	0	0	0	0	0	0	0	0	0	0	0	0	0	0	0	0	2	0	0	0	5	0	0	0	0
7b996e406f4babd8952d080debec5332	0	0	0	0	0	0	0	0	0	0	0	0	0	0	0	0	0	7	0	0	0	0	0	0	0	0	0	0	0	0
5e9742ad62867428002db212fc325ef8	0	0	0	0	0	0	0	0	0	0	0	0	0	0	0	0	0	0	0	0	13	0	0	0	0	0	0	0	0	0
8bbe0d009fbcbcf992d5a6ee0a6ffab4	0	0	0	0	0	0	0	0	0	0	12	0	0	0	0	0	0	0	0	0	0	0	0	0	0	0	0	0	0	0
621971bf7fba7c06d14e0ef4184fa2b0	10	0	0	0	0	0	0	0	0	0	0	0	0	0	0	0	0	0	0	0	0	0	0	0	0	0	0	0	0	0
725df96f365d35e7d96679344025fd98	0	7	0	0	0	0	0	0	0	0	0	0	0	0	0	0	0	0	0	0	0	0	0	0	0	0	0	0	0	0
faf30d3288f16b15b53397da47515d84	14	0	0	0	24	13	0	0	0	6	0	0	0	0	0	0	0	0	0	0	0	0	0	0	0	6	0	0	0	0
3d9b0152c06ab056619186b11477ace5	0	0	0	0	0	0	0	0	0	0	9	0	0	0	0	0	0	0	0	0	0	0	0	0	0	0	0	0	0	0
ac95966a49ae0ded7648042f5150714d	0	0	0	0	8	0	0	0	0	0	0	0	0	0	0	0	0	0	0	0	0	0	0	0	0	0	0	0	0	0
c8d269bb5523b52f172eaa6daecc9f4f	0	0	0	0	0	0	0	0	0	0	0	0	0	0	0	0	2	0	0	0	0	0	0	0	0	0	0	0	0	0
56a796a7ef80818a68bf31b9a2462593	0	0	0	0	0	0	0	0	0	0	0	0	0	0	0	32	0	8	0	0	0	0	0	0	0	0	0	0	0	0
dc65535234e5c4229b90e3a209537138	0	3	0	0	0	0	0	0	0	0	0	0	0	0	0	0	0	0	0	0	0	0	0	0	0	0	0	0	0	0
767a677d6c0430794695e02ed07a2555	0	0	0	0	0	0	0	0	0	0	0	0	0	0	0	0	0	0	0	0	0	0	0	0	0	0	0	0	66	0
9f00dc9c1ee156d82a0046f327747121	0	0	0	0	0	0	0	0	4	0	0	0	0	0	0	0	0	0	0	0	0	0	0	0	0	0	0	0	0	0
15c931e1f69474d56d9027cf4e7c3bf9	0	0	0	0	0	0	0	0	0	0	0	0	0	0	0	0	0	0	4	0	0	0	0	0	0	0	0	0	0	0
3a8b7c72ca86dc5b6824b8b918332c86	0	7	0	13	51	0	0	9	0	0	0	0	0	0	0	48	65	10	33	26	21	4	0	14	0	10	13	0	0	0
599d1e64bbdb4705476b5dfe81511ad8	0	0	69	0	0	0	0	0	0	0	0	0	0	0	0	0	0	0	0	0	0	0	0	0	0	0	0	0	0	0
6f331a207a85c7ebca7b11beea3f6c20	0	0	0	0	0	0	0	0	0	0	0	0	0	0	0	0	0	0	0	0	0	0	0	0	0	0	2	0	0	0
8ba962a610aae21ab9a4b5c8a4de72d8	0	0	0	0	0	0	0	0	0	0	7	0	0	0	0	0	0	0	0	0	0	0	0	0	0	0	0	0	0	0
b3f30a9658bd05c1ef71c3efd600118c	0	0	0	0	0	0	131	21	0	0	0	0	0	0	0	0	0	0	0	0	0	0	0	0	0	0	0	0	0	0
1a32372ea438e452482410dbed00777b	0	0	0	0	0	0	0	0	0	0	0	0	0	0	0	0	0	0	0	7	0	0	0	0	0	0	0	0	0	0
58f07dcb06725a58cc3fe6b0124c083d	0	0	0	0	0	0	0	0	0	0	0	0	0	0	2	0	0	0	0	0	0	0	0	0	0	0	0	0	0	0
30e3d5fee49f060fd1cbfde2ad50bf81	0	11	56	0	0	0	121	516	38	44	43	41	51	0	85	28	0	78	77	36	14	373	17	358	125	164	34	21	25	41
0ba35bea559711675dd1890e03b66d0c	0	0	0	0	0	0	0	0	0	0	0	0	0	0	0	0	0	0	0	0	0	0	0	0	12	0	0	0	0	0
493873c8b27d034b24a1b429835ebe42	0	0	0	0	0	0	0	0	0	0	0	0	0	0	0	4	0	0	0	0	0	0	0	0	0	0	0	0	0	0
8bbcbcf28cfe542149dc0bd5b32ce781	0	0	0	0	0	0	0	0	0	0	0	0	0	0	0	0	0	0	0	0	0	0	0	0	0	0	0	3	0	0
f38d2a144de16f17803519b17aac3f8a	0	0	0	0	0	14	0	0	0	0	0	0	0	0	0	0	0	0	0	0	0	0	0	0	0	0	0	0	0	0
0c2994c3ccd79e95c6e59de5c62e5ddc	0	0	0	0	0	0	0	0	0	0	0	0	0	0	0	0	0	6	0	0	0	0	0	0	0	0	0	0	0	0
0e81bd05bdae5b8ae79579e7013d7ef9	0	0	0	0	0	0	20	21	0	0	44	163	51	34	17	87	130	35	48	25	0	0	0	0	22	0	0	0	0	0
275787c1bab3c799a097e24088078e15	0	0	0	0	0	0	0	0	0	7	0	0	0	0	0	0	0	0	0	0	0	0	0	0	0	0	0	0	0	0
f2af82618fa615148c5a3cea24d9c1fc	0	0	0	0	0	0	0	0	0	0	0	0	0	0	0	0	0	0	0	0	4	0	0	0	0	0	0	0	0	0
c543c34da3e13823c6bb10464b71e8a1	0	0	0	0	0	0	0	0	0	0	0	0	25	0	0	57	0	0	0	0	0	0	0	0	0	0	0	0	0	0
80ea8bec0163c5adf20f60dd7d2aa2e7	0	0	0	0	0	0	0	0	0	0	0	15	0	0	0	24	0	0	0	0	0	0	0	0	0	0	0	0	0	0
b84c606585eaeadfaf28863d9310f846	0	0	0	0	0	0	0	0	0	0	0	0	0	0	21	0	0	0	0	0	0	0	0	0	0	0	0	0	0	0
bdf1d02f896364d6eedbf6b29f940515	0	0	0	0	0	0	0	0	0	0	0	0	8	0	0	0	0	0	0	0	0	0	0	0	0	0	0	0	0	0
cc6340d132fda38c833312cef2901d0d	0	0	0	0	0	0	0	0	0	0	0	0	0	0	198	34	0	0	0	0	0	0	0	0	0	0	0	0	0	0
63f11a758415751a98448bea304b2e99	0	0	0	0	0	0	0	0	0	0	0	0	18	0	0	0	0	0	0	0	0	0	0	0	0	0	0	0	0	0
fc8f0901e871db322fda767c01af5634	0	0	0	0	0	0	0	0	0	3	0	0	0	0	0	0	0	0	0	0	0	0	0	0	0	0	0	0	0	0
8337b0283122815bcb8110c189b4b157	0	0	0	0	0	0	0	0	0	0	0	0	0	0	0	0	6	0	0	0	0	0	0	0	0	0	0	0	0	0
6bb971c08e6ce33fccd0fbe58d3bfb0d	0	0	0	0	0	0	0	0	0	0	0	0	0	0	0	0	0	0	0	0	2	0	0	0	0	0	0	0	0	0
76dd19d1286f5875c6dc1d984427d311	0	0	0	0	4	0	0	0	0	0	0	0	0	0	0	0	0	0	0	0	0	0	0	0	0	0	0	0	0	0
95e082ab0317b8e640b8a7d4a9b82e51	0	0	0	3	3	0	0	0	0	0	0	0	0	0	0	0	0	0	0	0	0	0	0	0	0	0	0	0	0	0
9db8fe2c99d882704904d04f5a4f6c23	0	0	0	0	0	0	0	0	0	0	0	0	0	18	0	0	0	0	0	0	0	0	0	0	0	0	0	0	0	0
17b6b3bfeb4607161cad8e38c57a30ac	0	0	24	0	0	0	0	0	0	0	0	0	0	0	0	0	0	0	0	0	0	0	0	0	0	0	0	0	0	0
4167deced4c273abda929c8077b8eb17	0	0	0	0	0	0	0	0	0	0	0	0	0	0	0	0	0	0	0	0	0	0	0	8	0	0	6	17	0	0
f0db8e8116124f0bd163378c71094215	0	0	0	0	0	0	0	0	0	0	0	0	0	0	0	0	0	0	0	0	0	0	0	0	0	0	0	0	2	0
004c12a3f9831254ed43e2c580095095	0	0	0	0	0	0	0	0	0	0	0	0	0	0	0	0	0	0	7	0	0	0	0	0	0	0	0	0	0	0
de9f0909cf31c1e266bc9747cb110645	0	6	0	0	0	0	0	0	0	0	0	0	0	0	0	0	0	0	0	0	0	6	0	0	0	0	0	0	0	0
e6a6d27748c0e40080558d397c71c81c	0	0	0	0	0	0	0	0	0	0	0	0	0	0	16	0	0	0	0	0	0	0	0	0	0	0	0	0	0	0
0a5a4bcb9723333ff57c9d4bdf462dae	0	7	0	10	29	0	0	0	30	0	0	0	0	0	0	0	0	0	0	0	0	0	0	0	0	0	0	0	0	0
c4860d20bb2859846c6ff95ce38c3994	0	0	0	0	0	0	0	0	0	0	0	0	0	0	0	0	0	0	0	7	0	0	0	0	0	0	0	0	0	0
c6c92aceb677998f6ff5746d85a105dc	0	0	0	0	0	0	0	0	0	0	0	0	0	0	0	0	0	0	0	0	0	0	0	0	0	22	0	0	0	0
d9042bf8774e20fa7c21bb23d479d742	0	0	0	0	0	0	0	0	0	0	0	0	0	0	0	0	3	0	0	0	0	0	0	0	0	0	0	0	0	0
4c35beb45ffc9c649689f7ec6fede8b4	0	0	60	0	0	0	0	0	0	0	0	0	0	0	0	0	0	0	0	0	0	0	0	0	0	0	0	0	0	0
fb4f6ea3fa1c019d154386076e47415e	0	0	0	0	0	0	27	0	0	0	0	0	0	0	0	0	0	0	0	0	26	0	0	0	34	0	0	34	0	45
549db5078760db3a5fd36f26f9851134	52	31	732	42	53	0	67	68	42	43	94	79	46	0	27	31	93	40	46	0	242	415	56	190	118	101	63	109	117	560
5c048d963a82042043a76c13c634af41	0	0	11	0	0	0	0	0	0	0	0	0	0	0	0	0	0	0	0	0	0	0	0	0	0	0	0	0	0	0
708bd2e8dea73d364d74c044688525fc	0	0	0	0	0	0	0	15	0	0	0	474	0	0	0	0	73	0	0	0	0	0	0	0	0	0	0	0	0	0
02b147d3ec11edd94ddd492d6cd5e73c	4	0	0	0	0	0	0	0	0	0	0	0	0	0	0	0	0	0	0	0	0	0	0	0	0	0	0	0	0	0
351852f59ee08fe1feab19a54b8f2357	0	84	18	90	158	86	0	0	39	16	0	0	0	0	0	0	0	0	0	0	0	0	0	0	0	30	0	0	0	0
94d92d1471c9c7f368d0b7546cf57d36	0	0	0	0	0	0	0	0	0	0	23	0	13	0	0	46	0	0	0	0	0	0	0	0	11	0	0	0	0	0
3e5413c0f732b3179ef5c51774c18e70	0	0	0	0	0	0	8	0	0	0	0	0	0	0	0	0	0	0	0	0	0	0	0	0	0	0	0	0	0	0
a2666fe78fda981dcdcc0fe298b9f981	0	0	0	0	0	0	0	0	0	0	0	0	0	0	8	0	0	0	0	0	0	0	0	0	0	0	0	0	0	0
4ac7a0f00d1ebe98b6660f017fd6dd8a	0	0	0	0	0	0	0	0	0	0	0	0	0	5	0	0	6	0	0	0	0	0	0	0	0	0	0	0	0	0
9dedae15d8e86aa09b6a77812c311c39	0	0	0	0	257	0	0	0	0	0	0	0	7	0	0	0	0	0	0	0	0	0	0	0	0	0	0	0	0	0
db0a1b95f1f3e65e4b03ad3500004956	0	0	0	0	0	31	0	0	0	0	0	0	0	0	0	0	0	0	0	0	0	0	0	0	0	0	0	0	0	0
d62d034dddf7d7e75826c5908eb09d4d	0	0	0	0	0	0	0	0	0	0	15	56	0	21	0	45	58	0	36	0	0	0	0	0	18	0	0	0	47	0
f2e1ec03d22e71cb10c4b05d0f5530e7	0	0	0	0	0	0	27	0	0	57	0	0	303	0	0	0	0	0	20	0	0	0	0	0	14	12	0	0	0	0
39e878d310709c573b88ea7a8d5307c9	0	0	11	30	0	0	90	10	19	63	253	259	358	174	135	802	1027	2348	302	190	24	11	0	0	24	12	0	0	0	24
1331ec4cd3961552b318705a6e7d5330	0	0	0	0	0	0	0	0	0	0	0	0	0	0	0	0	0	0	11	0	0	0	0	0	15	9	16	0	38	0
ba99274e9aacc8b6483006ef2b74f40d	0	0	0	0	0	0	0	0	0	0	0	0	0	0	0	13	0	0	0	0	0	0	0	0	0	0	0	0	0	0
9b26677edffe45be6aed1917bd9bf68c	0	0	0	0	0	0	66	8	0	0	0	0	0	0	0	0	0	0	0	0	0	0	0	0	0	0	0	0	0	0
d732f8823ce70a446c4789eb7123f146	0	0	0	0	11	0	0	0	0	0	0	0	0	0	0	0	0	0	0	0	0	0	0	0	0	0	0	0	0	0
8059451d9ccf09565cad9ba9b77357f9	0	0	0	0	0	53	0	0	0	0	0	0	0	0	0	0	0	0	0	0	0	0	0	0	0	0	0	0	0	0
7ae06867049093fef5d71bbdb6ddc46c	0	0	0	0	0	0	0	0	0	0	0	0	0	0	0	0	0	0	0	0	0	92	0	0	0	0	0	0	0	0
01f9e932d6bc0b29da62335b9dc75980	0	0	0	0	0	0	0	0	0	0	0	0	0	0	0	0	0	0	12	0	0	0	0	0	0	0	0	0	0	0
6a8656433acaee8492c7662911131160	0	0	0	0	0	0	0	0	0	0	0	0	0	0	0	0	0	0	0	0	2	0	0	0	0	0	0	0	0	0
8127118103b8ed7c0faaeebc9ea95d52	0	0	0	0	0	0	50	0	0	0	0	108	92	76	0	56	0	14	0	14	0	0	0	0	0	0	0	0	0	0
0b3cd308d81871e6ebef99dd7eb1506c	0	0	0	0	0	0	0	0	0	0	0	0	0	0	0	0	0	0	0	0	0	0	0	0	0	0	8	21	0	2
4535c2aa539f1ffc17b6ea36761352cd	0	0	0	0	0	0	0	0	0	0	0	0	4	0	0	0	0	0	0	0	0	0	0	0	0	0	0	0	0	0
32a08c204435796068becdd92511ebf4	0	0	0	0	0	3	0	0	0	0	0	0	0	0	0	0	0	0	0	0	0	0	0	0	0	0	0	0	0	0
e54971d67966fa7354397e263ccf48fe	18	0	0	0	10	19	0	0	0	0	0	0	0	0	0	0	0	0	0	0	0	0	0	0	0	0	0	0	0	0
e71c61cd7eba69b522a524b7e25155bc	0	0	0	0	0	0	0	0	0	0	0	0	0	16	0	0	12	0	0	15	0	0	0	0	0	0	0	0	0	0
ede63b3153aa769f69ade330c1e66386	0	0	0	0	0	0	0	0	0	12	0	0	0	0	0	0	0	0	0	0	0	0	0	0	0	0	0	0	0	0
3cf2f23e7016582ad1b72db5662a4bcc	0	0	0	0	0	0	0	0	0	0	0	0	0	0	20	0	0	0	0	0	0	0	0	0	0	0	0	0	0	0
64c09071b28f19213b4919323c45c1fb	0	0	0	0	0	0	0	0	0	0	0	0	0	0	0	0	0	0	0	0	0	4	0	0	0	0	0	0	0	0
cb1606163318a48f1154186135be3589	0	34	0	0	0	0	0	0	0	0	0	0	0	0	0	0	0	0	0	0	0	0	0	0	0	0	0	0	0	0
3f38d5c231512a44d2ae1e5576ae362a	0	0	0	0	0	0	0	0	0	0	0	0	0	22	0	0	0	0	10	0	0	0	0	0	0	0	0	0	0	0
cd786762248991ceac3faeaffffc8ed9	0	0	0	0	0	0	0	0	0	0	0	0	2	0	0	0	0	0	0	0	0	0	0	0	0	0	0	0	0	0
4a19faa7ae24f610d36c31fb30d4345b	0	0	0	0	0	0	0	0	0	0	0	0	0	0	0	0	0	0	0	0	0	0	0	0	0	0	0	0	6	0
95fefe7c46947feb8518e8a017c02b86	0	0	0	0	0	0	0	0	23	0	0	0	0	0	0	0	0	0	0	0	13	0	0	0	0	14	14	29	19	280
8df281ba0f0a9efc6582de6ce2defa6a	0	0	0	0	0	0	0	0	0	0	0	0	5	0	0	0	0	0	0	0	0	0	0	0	0	37	22	0	7	0
aaa16c7f465ad49f4c191abea24809b1	0	0	0	8	22	0	0	0	0	0	0	0	0	0	0	0	0	0	0	0	0	0	0	0	0	0	0	0	0	0
b9dccc83f3816b16dfcd3916c9134958	0	0	0	0	15	0	0	0	0	0	0	0	0	0	0	0	0	0	0	0	0	0	0	0	0	0	0	0	0	0
3df602101bfb2be1bacf9aab0d984dcd	0	0	0	0	0	0	0	0	0	0	65	29	52	50	0	66	67	122	0	30	0	0	0	14	18	0	22	0	27	0
105a7f5f2b325e4edfccb5a2c8bfcc89	0	0	0	0	0	33	0	20	0	0	0	0	0	0	0	0	0	0	0	0	0	0	0	0	0	0	0	0	0	0
dd665a08c44859e0733fe4eba47cdb1f	0	0	0	0	0	4	0	0	0	0	0	0	0	0	0	0	0	0	0	0	0	0	0	0	0	0	0	0	0	0
865422b53fd4c13933c9ed4f6795218a	0	0	0	0	0	0	0	0	0	0	21	57	0	0	33	9	138	0	0	0	0	0	0	0	0	0	0	0	0	0
fdc21b023aa0c2ec42d6dc683b36b415	13	13	0	0	11	22	0	0	0	35	0	0	0	0	0	0	0	0	0	0	0	0	0	0	0	0	0	0	0	0
17bab0976460b728a353a946e2e53c8f	0	33	0	48	39	0	0	0	38	0	0	0	0	0	0	0	0	0	0	0	0	0	0	0	0	0	0	0	0	0
c169093d9dbf70853bd61bc4ca421ca0	0	0	0	0	0	0	0	0	0	0	0	0	0	0	0	0	0	24	0	0	0	0	0	0	0	0	0	0	0	0
4933e9f40ee9984fb3a24e82d5671402	0	0	0	0	0	0	0	0	0	0	0	0	0	0	0	0	0	0	0	0	0	0	10	0	0	0	0	0	0	0
7b2b9ccaec47bbaf4d74eb0f1ddfd465	0	17	0	0	0	0	0	0	0	0	0	0	0	0	0	0	0	0	0	0	0	0	0	0	0	0	0	0	0	0
bfa0bd121d3500c15a80e4500d4ca68d	0	0	0	0	0	0	0	0	0	0	19	0	0	0	0	0	0	0	0	0	0	0	0	0	0	0	0	0	0	0
ec8f4047a1e3a98d0db25a4b0e080696	0	0	0	0	0	0	0	0	0	11	0	0	0	0	0	0	0	0	0	0	0	0	0	0	0	0	0	0	0	0
b8eb8e4a3fd3402e6d893320cb286897	0	0	0	0	0	0	0	0	0	0	0	0	0	0	0	0	0	0	0	0	0	0	0	0	0	0	0	0	22	0
d770f18a6e01d407eac2b6d81e3d360c	0	0	0	0	0	0	0	0	0	0	0	0	0	0	0	0	0	0	0	6	0	0	0	0	0	0	0	0	0	0
1c47391b108d7b9b8090e0c916866c79	0	0	0	0	0	0	0	0	0	0	0	0	15	0	0	0	0	0	0	0	0	0	0	0	0	0	0	0	0	0
f6cb70f46ecc5c0595c9d3f516cc0df1	0	0	0	0	0	0	0	0	0	0	9	0	0	0	0	0	0	0	0	0	0	0	0	0	0	0	0	0	0	0
89506369628861d7f8b88fc86f6ce26f	0	40	0	0	0	0	0	0	40	42	0	0	0	0	0	0	0	0	0	0	0	0	0	0	0	0	0	0	0	0
771718252b2a20f84c4b468ccd2ff81b	0	0	0	0	42	0	0	0	0	0	0	0	0	0	0	0	0	0	0	0	0	0	0	0	0	0	0	0	0	0
a3ab101d31313d157b308081eac3f3bd	0	0	0	0	0	0	0	0	0	0	0	0	0	0	0	0	0	0	0	0	5	0	0	0	0	0	0	0	0	0
84a4a1c09c2d76ccde1cac378cf93aea	0	0	0	0	0	0	0	0	0	0	2	0	0	0	0	0	0	0	0	0	0	0	0	0	0	0	0	0	0	0
bee35f61b830f90d234661f834d7083b	0	0	0	0	0	0	0	17	0	0	0	9	0	0	0	0	0	0	0	0	0	0	0	0	0	0	0	0	0	0
390b47448e65b83626f634a68538d3dc	0	0	0	0	0	0	0	0	0	0	0	0	11	0	13	0	10	8	0	0	0	0	0	0	0	0	0	0	0	0
73bbd15fcd5007629af2622cb655fca5	55	260	0	90	0	35	0	0	0	0	0	0	0	0	0	0	0	0	0	0	0	0	0	0	0	0	0	0	15	0
91893263c247ad6cbfeee183067198a4	0	0	0	0	0	0	0	0	0	0	0	0	0	0	0	0	0	0	0	0	0	0	0	8	17	26	0	0	0	0
d27f9c8757eabc4f7a1960f2a0b136cc	44	218	0	392	91	0	166	89	284	123	0	0	0	0	222	0	0	0	123	0	180	1336	227	95	142	157	268	432	321	101
68889394067f2926147b968ee0a07101	0	22	0	0	16	31	88	12	0	17	59	0	0	0	0	0	0	0	0	0	0	0	0	0	0	0	0	0	0	0
f661fc6bcb0abe927947440c60e4a7c8	0	0	0	0	0	0	0	0	0	0	0	0	15	0	0	0	0	0	0	0	0	0	0	0	0	0	0	0	0	0
8cc46b396b532a7e81c9ea0e73913293	0	0	0	0	0	0	0	3	0	0	0	0	0	0	0	0	0	0	0	0	0	0	0	0	0	0	0	0	0	0
7edf032c7c4b160c751d8ef9f95c4609	0	0	0	0	0	0	0	0	0	0	0	0	0	0	0	0	0	0	7	0	0	0	0	0	0	0	0	0	0	0
6dd44176e8ade7d99397b15295a9d513	0	0	0	10	0	0	0	0	0	13	0	0	0	0	0	0	0	0	0	7	142	8	0	16	23	9	0	27	14	62
667f224a5ff311063877a26814dcb4d1	0	0	0	0	0	0	0	0	0	0	0	0	0	0	0	0	5	0	0	0	0	0	0	0	0	0	0	0	0	0
55012a9bcaef0effd727facc617d3cee	0	0	0	0	0	0	0	0	0	0	4	0	0	0	0	0	0	0	0	0	0	0	0	0	0	0	0	0	0	0
d7c6b83e23410decde987ea9fcf8255b	0	0	0	0	0	0	0	0	0	0	0	0	0	26	0	0	0	3	70	23	0	0	0	0	43	0	0	5	0	0
f825883307ac423933199decce2bac32	0	0	0	0	0	0	0	0	0	0	0	0	0	0	0	0	0	0	0	0	0	0	0	0	0	0	0	0	0	3
070be5f7f399a48028666dfa52afc2f7	0	2	0	0	0	0	0	0	0	0	0	0	0	0	0	0	0	0	0	0	0	0	0	0	0	0	0	0	0	0
9fc631c82279226407ec836b22932865	0	0	0	0	0	0	0	0	0	0	0	0	24	0	0	0	0	0	0	0	0	0	0	0	0	0	0	0	0	0
22f10ac0f32617dd92a1d780bfa4f456	0	0	0	0	0	0	0	0	0	0	0	0	0	0	0	28	0	0	0	0	0	0	0	0	0	0	0	0	0	0
c82463bc2a68c73aec51beeee93cf7b5	0	0	0	0	0	0	0	0	0	0	0	0	0	0	0	0	0	0	0	0	0	0	0	0	0	0	0	0	0	64
b0b774ab0b6ac87d78a994fe6c228c15	0	0	0	0	0	0	0	0	0	0	0	0	0	0	0	0	0	0	0	0	2	0	0	0	0	0	0	0	0	0
d98cf9040f122df758d6b4b6ccf7e285	0	0	0	0	0	0	0	0	0	0	0	0	35	0	0	0	0	0	0	0	0	0	0	0	0	0	0	0	0	0
c7100409d9859a9fe638751042b75d08	0	0	0	0	0	0	0	0	0	0	0	0	0	0	2	0	0	0	0	0	0	0	0	0	0	0	0	0	0	0
835768ba5621fb4e4015ffbd65264707	0	0	0	0	0	0	0	0	0	0	0	3	0	0	0	0	0	0	0	0	0	0	0	0	0	0	0	0	0	0
dba6deb133bb79cec33d982c993ac7b8	0	0	0	0	0	0	0	10	0	0	0	0	0	0	0	0	0	0	0	0	0	0	0	0	0	0	0	0	0	0
14c86f50f8f2f0ae45aae53267817e35	0	0	0	11	0	3	0	0	0	0	0	0	0	0	12	69	58	181	83	26	0	0	0	0	0	0	0	0	0	0
6c2978834d48b23401e42cde43917327	0	0	0	0	0	0	0	0	103	8	0	0	0	0	0	0	0	0	0	0	0	0	0	0	0	0	0	0	0	0
a86a00b1e0903c9420c92dbe0bff5f62	0	0	0	0	0	0	0	0	0	0	0	0	0	0	0	0	0	0	0	0	0	0	0	0	4	0	0	0	0	0
fd605dc7977ccdf9a4cad46904ebc320	0	0	0	0	0	0	0	0	0	0	0	0	0	12	0	0	0	0	0	0	0	0	0	0	0	0	0	0	0	0
18f5f3e1da38059f9adb13c2f997b4d0	0	0	0	0	0	0	0	0	0	0	0	0	0	0	183	104	0	21	0	0	0	0	0	0	0	0	0	0	0	0
b531b377454c56da883cea0bc1aa3053	0	0	0	0	0	0	0	0	0	0	0	0	0	0	0	0	0	0	0	0	0	25	0	0	0	0	0	0	0	0
9ea43d0d3adef0d6e5095870a43007a4	0	0	0	0	0	0	0	6	0	0	0	0	0	0	0	0	0	0	0	0	0	0	0	0	0	0	0	0	0	0
5bb640b330556378cb3e6292fb92cce9	0	0	0	0	0	0	14	0	0	308	0	0	0	0	0	0	0	0	0	0	0	0	0	0	0	0	0	0	0	0
3fce2299d82b9f0af6c5cb2c8068c38b	0	0	2	0	0	0	0	0	0	0	0	0	0	0	0	0	0	0	0	0	0	0	0	0	0	0	0	0	0	0
986b701d7e9033b3e8711ce891f17af4	0	0	0	0	0	0	0	0	0	0	39	29	69	0	0	34	65	0	26	0	0	0	0	0	0	0	0	0	0	0
2ddd697b19c90663f34b952833128848	0	0	0	0	0	0	0	0	0	0	0	0	68	33	0	0	0	48	37	0	0	0	0	0	0	0	0	0	0	0
47a7ca6a1709a61ddbb5371b651be203	0	0	0	0	0	0	0	0	0	0	0	0	0	0	0	0	0	0	2	0	0	0	0	0	0	0	0	0	0	0
ca27d273f53d6720bae331c6000c4af2	0	0	0	0	0	0	0	0	0	0	0	0	0	0	0	0	0	0	0	0	0	0	0	2	0	0	0	0	0	0
bc74086060e5eb1fc74125d3fb5dab87	0	0	0	0	0	0	0	0	0	6	0	0	0	0	0	0	0	0	0	0	0	0	0	0	0	0	0	0	0	0
ce9bf915ef963ccb79d17bb14d31cf4f	0	14	0	0	0	0	0	0	29	0	0	0	0	0	0	0	0	0	0	0	0	0	0	0	0	0	0	0	0	0
211e8d4c56c848b1a9d76a8f1c79e69c	26	9	0	0	0	41	0	0	0	22	0	0	0	0	0	0	0	0	0	0	0	0	0	0	0	0	0	0	0	0
1a16012a8dec171a5312f3d11ffa3ae7	0	0	0	0	0	0	0	4	0	0	0	0	0	0	0	0	0	0	0	0	0	0	0	0	0	0	0	0	0	0
46e5656d4e25e316e06b795daea8748a	0	0	0	0	0	0	0	0	31	0	0	0	0	0	0	0	0	0	0	0	0	0	0	0	0	0	0	0	0	0
8f4ea84f18af6ca64378ff5b172b08a6	0	0	0	0	0	0	0	0	0	0	0	0	0	0	0	23	0	0	0	0	0	0	0	0	9	0	0	0	0	0
fdd30aa62cc9ea4c45676d40960f18fa	0	0	0	0	0	0	0	0	0	0	0	0	0	0	0	0	0	0	0	0	0	52	0	0	0	0	0	0	0	0
f96b67a2ca6bb96f1cce056d6022c25a	0	0	0	0	2	0	0	0	0	0	0	0	0	0	0	0	0	0	0	0	0	0	0	0	0	0	0	0	0	0
bbad1ed944ccb25a9869787176ec558e	0	0	0	0	0	0	6	0	0	0	10	16	0	0	0	10	0	0	0	0	0	0	0	0	0	0	0	0	0	0
560114136ed7eb69962b70dbf3a6b69b	0	0	0	13	0	0	0	0	0	0	0	0	0	0	0	0	0	0	0	0	0	0	0	0	0	0	0	0	0	0
440f7136bb65729bbca63e0a0c93caeb	0	0	0	0	0	0	15	0	0	0	0	0	0	0	0	0	0	0	0	0	0	0	0	0	0	0	0	0	0	0
a980e443c6912984b465ac97e2672e41	0	0	0	0	0	0	0	0	16	0	0	0	0	0	0	0	0	0	0	0	0	0	0	0	0	0	0	0	0	0
83e2f6ecc5958e4f86e4a3d045cfd552	0	0	0	0	0	0	0	0	0	0	0	0	0	0	0	0	0	0	0	0	0	0	0	0	0	0	0	0	20	0
df6b74747961b217623785d4a4d18ff1	0	0	0	0	0	0	0	0	0	0	0	0	0	0	0	16	0	0	0	0	0	0	0	0	0	0	0	0	0	0
c7ffc2361800e350f4d66be831828b09	0	0	0	0	0	0	0	0	0	0	0	0	0	0	0	0	0	0	0	0	0	0	0	0	34	0	0	0	26	0
561a8eea2dffc4b49f829dfbc03b26c4	0	0	0	22	23	0	0	0	0	0	0	0	0	0	0	0	0	0	0	0	0	0	0	0	0	0	0	0	0	0
10b6571b1c15d512a71e94aeaa5cf384	0	0	0	0	0	0	0	0	0	0	0	0	0	0	0	0	0	0	0	0	0	0	0	0	0	0	0	0	2	0
3076e01c01744325aaabc970578be7e7	0	0	0	0	0	0	0	0	0	0	6	0	0	0	0	0	0	0	0	0	0	0	0	0	0	0	0	0	0	0
c879eca6c9116ceedc7c2143dfa329df	13	0	0	29	0	0	0	0	19	0	0	0	0	0	0	0	0	37	28	0	0	131	0	12	0	14	17	16	0	23
a0a2bd151e983b32e355362fc151f8cb	0	0	0	0	0	0	0	0	0	0	0	0	0	0	0	0	0	0	0	0	0	0	0	0	0	0	0	0	0	2
d22508a7a05cd90dcdc68bb956a5aeee	0	0	0	0	14	0	23	0	0	22	0	0	39	0	0	0	0	0	0	0	0	0	9	0	38	331	191	16	80	0
bdc98be76314cd0bd483a542a808f46e	0	0	0	0	0	0	0	0	0	0	0	0	0	0	0	0	0	0	0	0	0	0	0	0	3	0	0	0	0	0
354a3a899f7770cc2fd8273fb3cbdf17	0	0	0	8	0	0	0	0	0	0	0	0	0	0	0	0	0	0	0	0	0	0	0	0	0	0	0	0	0	0
4d89d94ffed58583bf655d91b536f467	0	0	23	0	0	0	0	0	0	0	0	0	0	0	0	0	0	0	0	0	0	0	9	0	0	0	0	0	24	51
f4adc1c5e857a0ae06c71af37f603e33	56	0	11	37	19	67	85	46	26	30	42	63	495	112	24	30	23	19	51	40	0	15	0	35	10	18	0	0	18	0
7f9349cbb621d50692779cefea9703f2	0	0	0	0	0	0	0	0	0	0	0	0	0	0	40	38	0	0	0	0	0	0	0	0	0	0	0	0	0	0
d18392652d612f5f0af564a7af4ca833	0	0	0	0	0	0	0	0	0	8	0	0	0	0	0	0	0	0	0	27	0	0	0	0	0	0	0	0	0	0
a3020f86de6218152e1ad6b5f3bda831	0	0	0	0	0	0	0	0	0	0	0	0	0	0	0	0	0	0	0	0	0	0	0	0	0	0	2	0	0	0
d143e0c13f6381913238b9923fcbcce7	0	0	0	0	0	0	0	0	0	0	0	8	0	0	0	0	0	0	0	0	0	0	0	0	0	0	0	0	0	0
c3eff638ed9320b32b9f79f08e62ad77	0	0	0	0	0	0	0	0	0	0	0	0	0	0	0	0	0	0	0	0	0	0	0	0	0	0	0	0	0	10
d945d819d2014bc4eff8a6b31353a1da	0	0	0	0	0	0	0	0	0	0	0	0	0	0	0	0	0	0	0	0	0	0	0	0	0	0	3	0	0	0
1afe0082f02f46e8701c719fb34b7c3d	0	0	86	0	0	0	0	0	0	0	0	0	0	0	0	0	0	0	0	0	0	0	0	0	0	0	0	0	17	21
8568bda25fca38e7f9db2e2df73d3daf	0	0	0	0	0	0	0	0	0	0	33	151	0	0	0	134	277	224	0	83	0	0	0	0	0	0	0	0	0	0
6ccf84b3ef661ca2e48758734114f58c	0	0	0	0	32	30	45	0	0	0	0	0	50	0	0	0	0	18	99	0	0	1281	42	0	27	42	0	40	26	0
725f91aa342d1f78d0baee09efa30ae3	0	0	0	0	0	0	66	0	112	0	0	0	0	0	0	0	0	0	0	8	0	0	0	0	0	0	0	0	0	0
33f905499ddffee2d8661b6e842ae867	0	16	0	0	0	0	0	0	0	0	0	0	0	0	0	0	0	0	0	0	0	0	0	0	0	0	0	0	0	0
0ccccab3e408bed7a40741ed4f55445d	0	6	0	0	0	0	0	0	0	0	0	0	0	0	0	0	0	0	0	0	0	0	0	0	0	0	0	0	0	0
3cab2767beca3e6bfddfbdb161a7290c	0	0	0	0	0	0	0	0	0	0	0	17	0	0	0	0	0	0	0	0	0	0	0	0	0	0	0	0	0	0
c6881e4c743f2d6c60c38efdc309072f	24	0	0	0	0	27	0	0	0	0	0	0	0	0	0	0	0	0	0	0	0	0	0	0	0	16	0	0	0	0
1595c64e1aed7a5ccdfff6c7fb1f0327	0	0	0	0	0	0	0	0	0	0	28	0	0	0	0	0	0	0	0	0	0	0	0	0	0	0	0	0	0	0
1a1b0eb4ae45c328e863bf99a39eb567	0	0	0	0	0	0	0	0	0	0	0	5	0	0	0	0	0	0	0	0	0	0	0	0	0	0	0	0	0	0
b7682596df120dda5f8adf418d40f973	0	0	0	0	0	0	4	0	0	0	0	0	0	0	0	0	0	0	0	0	0	0	0	0	0	0	0	0	0	0
166c04c3dcdff742c8fa9df3c5c93839	0	0	0	0	0	0	0	0	0	7	0	64	21	0	14	0	14	9	0	9	0	0	0	0	0	0	0	0	0	0
a5eac6c2f2f59eb61a55bd5b93944035	0	2	0	1	0	8	6	0	4	7	0	21	0	0	0	0	0	0	0	0	0	0	0	0	0	26	0	0	0	0
84f667480f6f02285ff80da106ae9336	0	0	0	0	0	0	0	0	0	0	0	0	0	0	2	0	0	0	0	0	0	0	0	0	0	0	0	0	0	0
4892d51a328509474fc3edde5d1d6311	0	0	0	0	0	0	0	57	0	0	0	0	0	0	0	0	0	0	0	0	0	0	0	0	0	0	0	0	0	0
069910e39daf08e28b00d3989884fc62	0	0	0	0	0	0	0	0	2	0	19	0	0	0	0	0	0	0	0	0	0	0	0	0	0	0	0	0	0	0
69bd427e9d59f854ec052e24f67feb89	2	0	0	0	0	0	0	0	0	0	0	0	0	0	0	0	0	0	0	0	0	0	0	0	0	0	0	0	0	0
176048670143ebc77ffbcfe312fc4936	0	0	0	0	0	0	0	0	0	0	0	0	0	0	0	0	0	0	0	4	0	0	0	0	0	0	0	0	13	0
5c486fc7b311a82a91a507b0f4981bd7	0	0	0	0	22	0	0	0	0	0	0	0	0	0	0	0	0	0	0	0	0	0	0	0	0	0	0	0	0	0
8ab22435c0355b0da9a052710340e419	157	177	50	314	703	72	0	42	241	0	0	0	48	0	0	0	0	38	47	0	0	23	0	0	0	39	0	0	0	0
7d5e31fb4403ede00d878cbb764ae627	0	2	0	0	0	0	0	0	0	0	0	0	0	0	0	0	0	0	0	0	0	0	0	0	0	0	0	0	0	0
18faeee9de321c6e64883a2802ffb1c9	0	0	0	0	0	0	0	0	0	0	0	0	0	0	2	0	0	0	0	0	0	0	0	0	0	0	0	0	0	0
ef7ed5c71e2529a6364c5d583c3fe126	0	0	0	0	0	0	0	0	0	0	0	0	0	0	27	0	0	0	0	0	0	0	0	0	0	0	0	0	0	0
584cef975945f8028139f22403763a07	0	0	0	0	0	0	0	0	0	0	0	0	0	0	0	0	0	0	0	0	0	0	0	0	3	0	0	0	0	0
1e67d5303d316fed624580349dd7c685	0	0	0	0	0	0	0	0	0	0	0	0	0	0	0	0	0	0	0	0	0	0	0	0	0	0	0	30	0	0
b4b7720ef7053c58c2bb6e83832de60b	0	0	0	0	0	0	0	0	0	0	0	0	0	0	0	0	0	0	0	0	57	0	0	0	0	0	0	0	0	0
fe4194f0967b41d9147ed966a8199615	3	0	0	0	0	0	0	0	0	0	0	0	0	0	0	0	0	0	0	0	0	0	0	0	0	0	0	0	0	0
999a04c522080ca591343888e688f99d	0	0	0	0	0	0	0	0	0	0	21	0	0	0	0	0	0	0	0	0	0	0	0	0	0	0	0	0	0	0
f86c8908be3605aaabf86705e21c42b7	0	0	51	0	0	0	0	0	0	0	0	0	0	0	0	0	0	0	0	0	0	0	0	0	0	0	0	0	0	0
16975e565ac85020ea783df1dbc105ed	0	0	0	0	0	0	0	0	0	0	0	0	0	0	13	0	0	0	0	0	0	0	0	0	0	0	0	0	0	0
1decddaa749b2d07bb61ca7b449300ec	26	68	0	98	163	0	46	41	22	31	0	45	0	0	47	0	0	0	20	0	0	0	4	0	22	0	0	26	54	0
f1e987f5a3d20d4b35a7b2962c31bba6	0	0	0	0	0	0	0	0	4	0	30	0	7	0	0	0	32	6	9	4	0	0	0	0	0	0	0	0	0	0
ce8eab4785d53d7e3758292486d23113	0	0	0	0	0	0	0	0	0	0	0	0	34	0	0	0	0	0	0	0	0	0	0	0	0	0	0	0	0	0
5e42b1622f1fd2fb5ce94691a8ff0b90	0	20	0	0	0	0	0	0	0	0	0	0	0	0	0	0	0	0	0	0	0	0	0	0	0	0	0	0	0	0
fbe7bb09b6edc2920943d5270ab4e481	0	0	0	0	0	0	0	9	0	0	0	0	0	0	0	0	0	0	0	0	0	0	0	0	0	0	0	0	0	0
f48486ff460abeb9bd9a8b87a50ff2c5	0	0	0	0	0	0	0	0	0	0	0	0	0	0	0	0	0	0	0	0	0	0	0	0	20	0	0	0	0	0
ecf3d207d1a444bd4009db564693b975	0	0	171	0	0	0	0	0	0	0	0	0	0	0	0	3	0	0	8	0	0	0	0	0	0	0	0	0	0	0
ae9b3a56a4858cfb2ab36fcdb2ce1768	0	0	0	0	0	0	0	0	0	0	0	0	0	0	0	0	0	0	0	0	15	16	169	0	0	0	0	0	0	10
c221a2831e16247f356a25b2b7c14497	0	0	0	0	0	0	0	0	0	0	0	0	0	0	0	0	14	0	0	0	0	0	0	0	0	0	0	0	9	0
fb6bf6dbcd5b14f333553cff7990aee1	0	0	0	0	0	0	0	4	0	0	0	0	0	0	0	0	0	0	0	0	0	0	0	0	0	0	0	0	0	0
dd97de93ba6d8378984cbbb33b337593	0	0	0	0	0	0	0	0	0	0	0	0	0	0	0	0	3	0	0	0	0	0	0	0	0	0	0	0	0	0
e1787790ba9d5d845bb9f9261024e559	0	0	0	0	0	0	0	0	0	0	0	0	0	0	0	10	0	0	0	0	0	0	0	0	0	0	0	0	0	0
3072f106f03de5c2c4eda739eee4a3d2	0	0	0	0	0	0	0	0	0	0	0	0	0	0	0	0	0	0	0	0	0	0	7	0	0	0	0	0	20	0
285555527c2289080d84a84e5bb9e452	0	0	0	0	0	0	0	0	0	142	0	0	0	0	0	46	0	0	615	0	0	0	26	265	328	96	251	179	249	0
e0c89da6f6ec842a1497e8b3dabda3d4	0	0	0	0	0	0	0	0	0	0	0	0	0	0	0	0	0	0	0	0	0	130	56	0	0	22	0	0	0	0
7591367d2554230cf4eea41aa04b3b64	0	0	0	0	0	0	0	0	0	2	0	0	0	0	0	0	0	0	0	0	0	0	0	0	0	0	0	0	0	0
826bc88d93597b985bd7a2f89a23030a	0	0	0	0	0	0	0	0	7	0	0	0	0	0	0	0	0	0	0	0	0	0	0	0	0	0	0	0	0	0
5b0345d050d962a34eaec520b40d0b4f	0	0	0	0	0	0	0	0	0	0	0	0	0	0	0	0	0	0	0	0	0	10	0	0	0	0	0	0	0	0
682cd5368c366fb6f1ab877e859d8abb	0	0	0	0	0	0	0	0	0	0	0	0	0	0	0	0	0	0	0	0	0	0	0	0	4	0	0	0	12	0
98f89091946d1bb4ed00b78a0c26fde1	0	0	2	0	0	0	0	0	0	0	0	0	0	0	0	0	0	0	0	0	0	0	0	0	0	0	0	0	0	0
b06aa75a0eaf4c34b1981b6d6188d5fa	0	0	0	0	10	0	0	0	0	12	28	54	164	222	126	466	129	446	44	73	0	0	8	0	37	11	0	0	9	0
75558c4e238394d617551b4010db7ae6	0	0	0	0	0	0	0	0	0	0	0	0	0	0	4	0	0	0	0	0	0	0	0	0	0	0	0	0	0	0
32c4c84bf06deee1c9df1c0a3ffc12df	0	0	0	0	0	0	0	0	0	0	0	0	0	0	0	0	0	0	0	0	0	0	0	0	0	3	0	0	0	0
483033db3d3b8bf08927aa4da06e8d01	0	0	0	0	0	0	0	0	0	0	0	0	0	44	0	0	0	0	0	0	0	98	0	221	0	0	0	0	0	0
dacdeffba09afa2d5fb53f39abaf4326	0	0	0	0	0	0	0	0	0	0	0	16	0	0	0	0	0	0	0	0	0	0	0	0	0	0	0	0	0	0
b9da0ecb5313898860df69caa7ad72a0	0	0	0	0	0	0	0	0	0	0	0	0	0	0	0	0	0	0	0	0	2	0	0	0	0	0	0	0	0	0
9d24050b89ed599db8307f200161d8bb	0	0	0	0	0	0	0	0	0	0	10	0	0	0	0	0	0	0	0	0	0	0	0	0	0	0	0	0	0	0
7c546e18a69f61c8efb40620f828ba56	0	0	0	0	0	0	0	0	0	0	22	0	0	21	19	7	27	0	0	7	0	0	0	0	0	0	0	0	0	0
a96a413d1538c601fd28e90e5b1cad65	0	0	0	0	0	0	0	0	0	0	0	0	0	0	0	0	0	0	0	0	0	0	0	0	0	0	2	0	0	0
257955ab1d7372586eee85f1b3c5b73f	0	0	0	0	0	0	0	0	0	0	0	0	0	0	0	0	0	0	0	0	0	0	0	0	0	50	0	0	0	0
b0ec697b3166c6d8f00d2784520e4721	0	0	0	0	0	2	0	0	0	0	0	0	0	0	0	0	0	0	0	0	0	0	0	0	0	0	0	0	0	0
416f331dd4ce624b10d8fbe3dc18bda1	0	0	0	0	0	0	0	0	0	0	0	0	0	0	0	0	0	8	0	94	0	0	0	0	0	0	0	0	0	0
01c93986a418888837c518c35d961e95	0	0	0	0	0	0	0	0	0	0	0	0	0	0	0	0	0	0	0	0	0	0	0	0	0	0	0	0	8	0
89091215d94ad28894ad6f8fb3751963	0	0	0	108	0	0	0	0	0	0	0	0	0	0	0	0	0	0	0	0	0	0	0	0	0	0	0	0	0	0
353d9a8eaf5c14589a37163a9044f34e	0	0	0	0	0	0	0	0	0	0	0	0	0	0	0	0	0	0	0	0	0	0	0	0	0	0	2	0	0	0
c84d55758f54e733f16d450f353ee0e5	0	0	0	0	0	0	0	0	0	0	0	0	0	0	0	0	2	0	0	0	0	0	0	0	0	0	0	0	0	0
47b23b8db606a1ff7ca32936fca87b4b	0	0	0	0	37	216	35	0	0	20	0	0	46	323	0	0	0	0	53	402	157	518	6432	0	47	37	223	224	195	98
8a052641a72ac4f29dad546e0d412e28	0	0	0	0	0	0	0	0	0	0	0	0	0	0	0	0	0	2	0	0	0	0	0	0	0	0	0	0	0	0
80a3e6454631ff636318e6630765d85f	0	0	0	0	0	0	0	0	0	0	0	0	0	0	35	0	0	0	0	0	0	0	0	0	0	0	0	0	0	0
8f6ca82fb92240c09305779f343975ac	0	0	0	0	0	0	0	0	0	0	0	0	0	0	0	0	0	0	0	0	0	0	0	2	0	0	0	0	0	0
d117e27520915b02d6c27762900ce457	0	0	0	0	0	0	0	0	0	0	0	0	0	0	0	73	0	0	0	0	0	0	0	0	0	0	0	0	0	0
6d3b6f81f56783d565388dd68b4053a3	0	0	0	0	0	0	0	0	0	0	0	0	0	0	0	0	7	0	0	0	0	0	0	0	0	0	0	0	0	0
5c99dc65942cc5325a50a4c444b659db	0	0	0	0	0	0	0	0	0	0	0	0	0	0	0	0	0	0	0	0	0	9	0	0	0	0	20	0	0	0
d25761cfe516a77c96af7c7c623a5c3d	0	0	0	0	29	0	0	0	0	12	0	0	0	0	67	0	0	0	0	0	0	0	0	0	0	0	18	0	0	0
6e6a64e759bd01c26d0e3ec87788b36c	0	0	0	0	0	0	0	0	0	0	0	0	0	2	0	0	0	0	0	0	0	0	0	0	0	0	0	0	0	0
124503272c1dbf16c03e576820909c28	0	0	0	0	0	0	0	0	0	0	0	0	0	0	16	0	0	0	0	0	0	0	0	0	0	0	0	0	0	0
07e556f3f0fb78f46773c2fed1ff505d	0	0	0	0	0	0	0	0	0	0	0	0	0	0	0	0	0	0	0	7	0	0	0	0	0	0	0	0	0	0
ee60210148bf56778fded09347d2e626	0	0	0	0	0	0	0	0	0	0	12	0	0	0	0	0	0	0	0	0	0	0	0	0	0	0	0	0	18	0
5b90dc959c1c958012d2bbbde90df1fc	0	0	0	0	0	0	0	0	0	0	0	0	0	0	0	5	0	0	0	0	0	0	0	0	0	0	0	0	0	0
5de8a42932017d29ddede99d4a624bf2	0	0	0	0	0	0	0	0	0	0	0	0	0	0	0	0	8	0	0	0	0	0	0	0	0	0	0	0	0	0
a7bc35fe49eb24ffb01bb25daedaa92d	0	0	0	0	0	0	0	0	0	0	0	0	0	0	0	0	0	0	0	0	0	19	0	0	0	0	0	0	0	0
70e8d489bd5e3bf31537c29f7abf6f96	0	0	0	0	0	0	0	0	0	0	0	0	0	0	0	0	0	0	5	0	0	0	0	0	0	0	0	0	0	0
75efc341f2d201f89ad434a946466b58	0	0	0	0	0	0	7	0	0	0	0	0	0	0	0	0	0	0	0	0	0	0	0	0	0	0	0	0	0	0
b281b4b5929c965dc25904daac8e6344	18	0	0	0	0	0	0	22	0	0	0	0	0	0	0	0	0	0	0	0	0	0	0	0	0	0	0	0	0	0
d1b2c9de5b2fee2f92583ac3174a4ea9	2	0	0	0	0	0	0	0	0	0	0	0	0	0	0	0	0	0	0	0	0	0	0	0	0	0	0	0	0	0
1ce23b94b0bb3da6d151fab8a5941838	24	0	20	0	0	0	0	0	0	0	0	0	0	0	0	0	0	0	0	0	0	0	0	0	0	18	0	56	0	0
e0318b7cad80c7c2d0f669b519de0576	0	0	0	0	0	0	0	0	0	0	0	19	0	0	0	0	0	0	0	0	0	0	0	0	0	0	0	0	0	0
7735d6fc477dbf758c94e3d5b33816f6	0	0	0	0	0	0	2	0	0	0	0	0	0	0	0	0	0	0	0	0	0	0	0	0	0	0	0	0	0	0
847a97f026d55d4b52d0ce1965c6cc35	118	48	31	100	954	158	20	0	47	37	0	0	50	0	0	0	0	0	34	0	0	19	0	0	0	46	13	0	0	0
054a43b11cd11b6b477b27ceae3394d1	0	0	0	0	0	0	0	0	0	12	0	0	0	0	0	0	0	0	0	0	0	0	0	0	0	0	0	0	0	0
d0fffd4ba1a122524a9c533790c90775	0	0	0	0	0	0	0	0	0	0	0	0	0	0	0	0	0	0	0	0	0	0	0	0	0	9	0	0	0	0
9dfa2dd081135ccb5a6d1607854c8fc3	0	0	0	0	0	0	0	0	0	0	0	17	0	0	0	0	0	0	0	0	0	0	0	0	0	0	0	0	0	0
4a216d76c1d25e5e1fdbd82e14bad77f	0	0	0	0	0	0	0	0	0	0	0	0	0	0	0	0	0	0	0	0	0	0	0	143	0	0	0	0	0	0
ce5ef03bb4f90f5a902b16379abf9b41	0	0	0	0	0	6	0	0	0	0	0	0	0	0	0	0	0	0	0	0	0	0	0	0	0	0	0	0	0	0
1c8e1bb5b6c914ceb1a970876df355aa	0	0	0	11	0	0	0	0	8	0	0	0	0	0	0	0	0	0	0	0	0	0	0	0	0	0	0	0	0	0
1b63149cfaf4788bbe857594f3a9de07	0	0	0	0	0	0	0	0	0	0	0	0	0	0	0	18	0	0	0	27	0	0	0	0	0	0	0	0	0	0
5d29eecb1be055a49c8d11669f409999	166	80	0	90	303	148	224	205	88	143	97	507	291	239	111	78	215	418	88	205	0	36	0	0	0	57	49	0	0	0
a4e981e9e10d24fe3cbd5610e037abb5	0	0	0	0	0	0	0	0	0	0	0	0	0	0	0	0	10	0	0	0	0	0	0	0	0	0	0	0	0	0
2986373fadf70b565a6c3ab8c038bff4	0	0	0	0	0	0	0	0	0	0	0	0	0	0	0	25	0	0	0	0	0	0	0	0	0	0	0	0	0	0
c658e0169bc1d7c903d2363b2a289f70	0	0	0	0	38	0	0	0	0	0	0	0	0	0	0	0	0	0	0	0	0	0	0	0	0	0	0	0	0	0
ef0671794d0fd810088d52dd37ef13e2	0	0	0	0	0	0	0	0	0	0	0	0	0	0	0	0	0	0	40	0	0	0	0	48	0	45	0	289	15	28
a4ec7c859a0ab1c62b4ff011a2beec07	0	0	0	0	0	0	0	4	0	0	0	0	0	0	0	0	0	0	0	0	0	0	0	0	0	0	0	0	0	0
f9240ffb7251bd04cd09e614ba91cd33	0	0	0	0	0	0	0	0	0	0	0	0	0	0	59	0	0	0	0	0	0	0	0	0	0	0	0	0	0	0
16f2bd6a485cd63f7d5e2d94f1667e3f	0	0	0	0	0	0	0	0	0	0	0	0	0	0	0	0	0	0	0	0	0	0	0	0	2	0	0	0	0	0
ea264a12dd680904d0aa03c9b8d82e89	0	0	0	0	0	0	0	0	0	0	0	0	0	0	0	0	0	0	0	0	0	0	0	0	9	0	0	0	0	0
a79fef2087aa0396e6ddf9501e724e1d	0	0	0	0	0	0	0	0	0	0	0	0	0	0	0	0	0	0	0	0	0	0	0	0	4	0	0	0	21	0
36ad707fbcffc8a318e3087152a35c53	0	12	0	17	19	0	0	0	22	0	0	0	0	0	0	0	0	0	0	0	0	0	0	0	0	0	0	0	0	0
4cfb71b665f6143f9e5c15b844bb4edc	0	0	0	0	0	0	0	0	0	0	106	88	0	0	0	64	0	0	0	0	0	0	0	0	49	0	0	0	33	0
990a4955ea92e750a13f3df207368a4a	0	0	0	0	0	0	0	0	0	0	0	0	0	0	0	0	0	0	0	0	0	2	0	0	0	0	0	0	0	0
234083319772783c8893e88fd8e38efb	0	0	0	0	0	3	0	0	0	0	0	0	0	0	0	0	0	0	0	0	0	0	0	0	0	0	0	0	0	0
bbcfd955c815e08911b55b0f96c25023	0	0	0	0	0	0	0	0	0	0	0	0	0	0	0	0	0	0	0	0	0	0	0	0	0	0	2	0	0	0
35aac03658bdd121d5b7efcb75d3a761	0	0	94	0	0	0	0	17	0	0	0	0	0	0	0	0	0	0	0	0	0	0	0	0	0	0	0	0	0	1
399a2eec7b17dd6b3f28ceb46e7c3d0a	0	0	0	0	0	0	0	0	0	2	0	0	0	0	0	0	0	0	0	0	0	0	0	0	0	0	0	0	0	0
99a4ee639545374fd3c131c6e345bf88	0	0	0	0	0	0	0	0	0	0	0	0	0	0	0	0	0	0	0	0	0	0	0	0	0	20	14	0	0	0
d80884d162767d987e81ccd46c211814	0	0	0	0	0	0	0	0	0	0	0	0	0	10	0	0	0	0	0	0	0	0	0	0	0	0	0	0	0	0
355bc1ea9ddaae6ea3779b5f5f4201ff	0	0	0	0	0	0	0	11	0	0	0	0	0	0	0	0	0	0	0	6	0	0	0	0	0	0	0	0	0	36
37808e3ec32f3de4e95b05add425b4f6	0	0	0	0	0	0	0	0	0	0	0	0	0	0	0	0	0	0	17	0	0	0	0	0	0	0	0	0	0	0
d4ab4a979aedf8945c9cb41fea68de52	0	0	0	0	0	0	27	0	0	0	0	0	0	0	0	0	0	0	0	0	0	0	0	0	0	0	0	0	0	0
67b3a5455f0bfa717da852704b23521b	7	0	0	0	0	0	0	0	0	0	0	0	0	0	0	0	0	0	0	0	0	0	0	0	0	0	0	0	0	0
50de5aac986a613e5181d53e7d0743f8	0	0	0	0	0	0	0	0	0	0	0	0	0	0	0	123	37	34	0	44	0	0	0	0	0	0	0	0	0	0
a36059428d1bfa8d512661d930e9cd64	0	10	0	0	0	0	0	0	0	0	0	0	0	0	0	0	0	0	0	0	0	0	0	0	0	0	0	0	0	0
c94393e9195de23f14412d4639301d57	0	0	0	0	0	0	0	0	0	0	0	0	0	0	0	0	0	0	0	0	0	0	0	0	0	0	0	0	7	0
2d9b81628cdc828abbceaa68d1432f40	0	0	0	0	0	0	0	0	0	0	0	0	0	0	0	0	0	0	0	18	0	0	0	0	0	0	0	0	0	0
5f99b2f40052de6daa0b392eaa33b16b	0	0	0	0	0	0	0	0	0	0	0	0	0	3	0	0	0	0	0	0	0	0	0	0	0	0	0	0	0	0
0c271ecd41b88b7e5fb617dad6f790bd	0	0	0	0	0	0	0	0	0	0	0	0	0	0	0	13	0	11	0	0	0	0	0	0	0	0	0	0	0	0
e2a5606eebf1f9b43422a951b30c047e	0	0	0	0	0	0	0	0	0	0	0	0	0	0	0	0	0	0	0	0	0	0	0	0	0	0	6	0	0	0
a439f405e2cea4c628bc223a6fc4df49	0	0	0	0	0	0	0	0	203	0	0	0	0	0	0	0	0	0	0	0	0	0	0	0	0	0	0	0	0	0
838322502083b26ef3d6302175d79a9e	0	0	0	0	0	0	0	0	0	0	0	0	0	0	37	0	0	0	0	0	0	0	0	0	0	0	0	0	0	0
5dba59a71ebfa77152618851a40867d7	0	0	0	0	0	0	0	0	0	0	0	0	0	0	43	0	0	14	22	0	0	0	0	0	0	0	0	0	0	0
657ca12fa85efbe080533e9e59bb8bae	0	0	0	0	0	0	0	0	0	0	0	0	0	0	0	7	0	0	0	0	0	0	0	0	0	0	0	0	0	0
5482d78a351f4e749e60f2295f35873a	0	0	0	0	0	0	2	0	0	0	0	0	0	0	0	0	0	0	0	0	0	0	0	0	0	0	0	0	0	0
2512c7942be6e8418598596352a6f18e	0	0	0	0	0	0	0	0	0	0	0	0	0	0	0	0	0	0	0	0	0	0	0	19	0	0	0	0	0	0
6a9acf1a8b123b98e189860f97531b71	0	0	0	0	0	0	0	0	0	0	0	0	17	0	0	0	0	0	0	0	0	0	0	0	0	0	0	0	0	0
5dca724797d53cb8789b7b106fc53ded	0	0	0	0	0	0	0	0	0	0	0	0	6	0	0	0	0	0	0	0	0	0	0	0	0	0	0	0	0	0
7c05c429ed9ef186405e4fd64c98afd2	0	0	0	0	0	0	0	0	0	0	5	0	16	0	0	0	0	0	0	0	0	3	2	9	0	12	0	5	0	0
834475b0c4e005de6592c8e845bc0efb	0	0	0	0	0	0	0	0	0	0	0	0	0	0	0	0	0	2	0	0	0	0	0	0	0	0	0	0	0	0
4b540addbbfb5ce660ddd9ff1dc5a59b	0	0	0	0	0	0	0	0	0	0	0	0	0	0	0	0	0	16	0	0	0	0	0	0	0	0	0	0	0	0
42be7bc1bf42dbc675f5aa4da0d45107	0	0	0	0	0	18	0	0	0	0	0	0	0	0	0	0	0	0	0	0	0	0	0	0	0	0	0	0	0	0
87a49f43cf03a47a198eb3e5185118a6	0	0	0	0	0	0	0	0	0	0	2	0	0	0	0	0	0	0	0	0	0	0	0	0	0	0	0	0	0	0
2f42dfdfa4c2d32ba7891a4cc5513aa7	0	0	0	0	0	0	0	0	0	0	0	8	0	0	0	0	0	0	0	0	0	0	0	0	0	0	0	0	0	0
fb876fe41041ef1f488dd743b9b13f35	0	0	0	0	0	0	0	30	0	0	0	0	0	0	0	0	0	0	0	0	0	0	0	0	0	0	0	0	0	0
294234bd2bf90fad3393b3473d3063e0	0	0	0	0	0	0	0	0	0	0	0	0	0	0	0	0	0	0	5	0	0	0	0	0	0	0	0	0	0	0
1274aaff09f21025114849d1157d8a8d	0	0	0	0	0	0	0	0	0	0	28	0	0	0	0	0	0	0	0	0	0	0	0	0	0	0	0	0	0	0
5095bfb0703d0accf85142495191a43f	21	0	39	0	0	0	0	0	0	0	0	0	0	0	0	0	0	0	0	0	0	0	0	0	0	0	0	0	0	0
9d5417ce5096bd20955e2d1bf86daf25	0	0	0	0	0	0	0	0	3	0	0	0	0	0	0	0	0	0	0	0	0	0	0	0	0	0	0	0	0	0
06cb3d2e14a5be016e12bb87fccb4077	0	0	0	12	0	0	0	0	0	0	0	0	0	0	0	0	0	0	0	0	0	0	0	0	0	0	0	0	0	0
059a7369893efabb4d76f7b0fe35c0c5	0	0	0	0	0	0	0	0	0	0	0	0	0	5	0	0	0	0	0	0	0	0	0	0	0	0	0	0	0	0
827535c879e2f56dd53b505437c8c16a	0	0	0	0	0	0	0	0	0	0	0	0	0	0	0	7	0	0	0	0	0	0	0	0	0	0	0	0	0	0
e64658147736bb80af408a98f3b47207	0	0	63	6	0	0	8	4	0	8	6	0	0	0	0	9	20	26	0	0	0	0	0	0	0	0	0	0	0	0
617b0c841588cbae6388d169742c642c	0	0	0	0	0	0	0	0	0	0	0	0	0	0	0	0	0	0	0	0	0	0	0	0	0	0	4	0	0	0
11056c03a7365578def023b1cc912294	0	0	0	0	0	0	0	0	0	30	0	0	0	0	0	0	0	0	0	0	0	0	0	0	0	0	0	0	0	0
6988bcc56cfe62fffcc87b40cf595fec	0	0	0	0	0	0	0	0	0	0	0	0	0	0	0	16	0	0	0	0	0	0	0	0	0	0	0	0	0	0
15a1681b1f5ea698efaec18b7e6969dd	0	0	0	0	0	0	0	0	0	0	13	0	0	0	0	0	0	0	0	0	0	0	0	0	0	0	0	0	0	0
9f2bc9eba21fd23a4ccbab6610ae9c7e	0	0	0	11	0	0	0	0	0	0	18	0	0	0	0	85	0	0	0	0	0	0	0	44	46	55	40	0	129	0
0cc7053132d23ea95af8c8d560837e09	0	0	0	0	0	0	0	0	0	0	0	0	0	0	0	0	0	0	12	0	0	0	0	0	0	0	0	0	0	0
5a014a457cfd147849e1ecde21fd4f74	0	0	0	0	0	0	0	0	0	0	0	0	0	0	0	0	0	0	0	0	8	0	0	0	0	0	0	0	0	0
39ddad48eb237762e7903e76f5536c0f	0	0	0	0	0	0	0	0	0	0	0	0	0	0	0	0	0	0	0	0	0	0	0	0	0	0	2	0	0	0
c605566635eeb60296f74ec6973a8616	0	0	5	0	0	0	0	0	0	0	0	0	0	0	0	0	0	0	0	0	0	0	0	0	0	0	0	0	0	0
10aa240c428d9e14ff4bda52ff0809e1	0	0	0	0	0	0	0	0	0	0	0	0	0	0	0	0	0	0	0	0	0	0	0	0	0	0	6	0	0	0
148e5a43b189fe65bae6ab2bf5df2dd2	0	0	0	0	0	0	19	0	0	0	0	0	0	0	0	0	0	0	0	0	0	0	0	0	0	0	0	0	0	0
6a28767d1ff28408a0f081074230f162	0	0	0	0	0	0	0	0	0	0	0	0	0	0	0	0	0	0	0	0	0	0	0	15	0	0	10	0	0	0
42ee61135fd1f20791301941b6908038	0	0	0	0	0	0	0	0	0	0	0	0	0	0	0	0	0	0	268	0	0	0	0	146	169	0	0	0	0	0
5b87826daab24e8a1810d610d6a95fe4	0	0	0	0	0	0	0	0	0	0	0	0	0	0	19	0	0	0	0	0	0	0	0	0	0	0	0	0	0	0
3178107b916e38043f99efa55f7647e0	700	0	0	22	0	1151	14	0	57	546	0	19	0	38	0	0	0	28	0	69	0	0	0	0	14	0	0	0	0	0
9b844f4458a3be308498a34dcb4f3f9f	0	0	0	0	0	0	0	0	0	0	0	0	5	0	0	0	0	0	0	0	0	0	0	0	0	0	0	0	0	0
1fbc1c6d15aa48963bcf145b37220077	0	0	0	0	0	0	0	11	0	0	0	0	0	0	0	0	0	0	0	0	0	0	0	0	0	0	0	0	0	0
50cd35968da9794a0b0c1682614764be	0	0	0	0	0	0	0	0	0	0	0	0	0	0	0	0	0	0	0	0	0	0	0	0	0	29	0	0	0	0
e9f7836035df87c6f39ec31d7a6ea5eb	0	0	0	0	8	0	0	0	0	0	0	0	0	0	0	0	0	0	0	0	0	0	0	0	0	0	0	0	0	0
40a3042e60461c0d308e1dcf64e625d3	0	0	0	0	0	0	0	0	0	0	0	0	0	0	0	0	0	0	0	0	0	0	0	0	0	2	0	0	0	0
ffb055d1fcbf4040731986ae9b7d0e75	38	0	0	0	42	29	166	33	49	0	0	0	32	26	0	91	43	0	62	138	14	0	203	0	38	0	90	410	267	28
c79c4dd63a9542f9d7df90454d65c1e3	0	0	0	0	0	0	0	0	0	0	0	0	0	0	0	0	0	0	0	4	0	0	0	0	0	0	0	0	0	0
c48d9f3c4f26efc14464f70b5a0c47c2	0	0	0	0	0	13	0	0	0	0	0	0	0	0	0	0	0	0	0	0	0	0	0	0	0	0	0	0	0	0
ac45fbc8c9c791cb3e7a9baf1fffe75c	0	0	0	0	0	0	0	0	0	0	0	0	0	10	0	0	0	0	0	0	0	0	0	0	0	0	0	0	0	0
13412885992cae09687c32befbe36696	0	2	0	0	0	0	0	0	0	0	0	0	0	0	0	0	0	0	0	0	0	0	0	0	0	0	0	0	0	0
8a6d7d021b2501855392c5cae8144fb4	0	0	0	0	0	0	19	13	0	0	0	0	0	0	0	0	0	0	0	0	23	0	0	0	0	0	0	0	0	0
d55a8365d02f3e4e64e9f866dca97108	0	0	0	23	0	0	0	0	0	0	0	0	0	0	0	0	0	0	0	0	0	0	0	0	0	0	0	0	0	0
8b68c8b187cd776db5af431be4e4bbd4	0	0	0	0	0	0	0	0	0	0	0	0	0	0	0	0	0	0	0	0	0	0	0	0	0	0	4	0	0	0
478d0fe9e46ad88471a9f5a85c6b7bb5	0	0	0	11	0	0	0	0	0	0	0	0	0	0	0	0	0	0	0	0	0	0	0	0	0	0	0	0	0	0
c6d6f1dcb34f5e7b183dffec809f20a1	0	0	0	0	0	0	0	0	2	0	0	0	0	0	0	0	0	0	0	0	0	0	0	0	0	0	0	0	0	0
bb34b25401035c085ffbfbf94f387b6f	0	16	134	24	0	0	0	0	16	0	0	0	0	0	0	0	27	11	0	0	167	0	0	50	0	0	0	33	20	0
1df38e9bd03837eda924bb1c54d50fbf	177	142	122	143	97	129	327	277	443	182	592	230	352	165	550	275	499	245	295	254	0	213	0	562	39	275	0	418	175	324
3ce733683784b27bb351ebe6ade9c6db	0	0	0	0	0	0	0	0	0	0	0	3	0	0	0	0	0	0	0	0	0	0	0	0	3	0	0	0	0	0
ec118b3a714c864fe981ccc571647db4	0	0	0	0	0	0	0	0	0	0	0	0	4	36	0	0	4	0	0	43	0	0	0	0	0	0	0	0	0	0
8b2f02433c0f5ef1c767a8a4610ec4e8	17	15	0	0	0	0	0	0	0	33	0	0	0	0	0	0	0	0	0	0	0	0	0	0	0	0	0	0	0	0
d1c280c3a8405596915eb436432d2f89	0	0	0	0	0	0	0	0	0	0	0	0	0	0	0	0	0	0	0	0	0	0	0	0	6	0	0	0	0	0
070a9025a394510a575eca6e4b254dc6	0	10	0	0	0	0	0	0	0	0	0	0	0	0	0	0	0	0	0	0	0	0	0	0	0	0	0	0	0	0
93a3351a8dac23ae895fb43a8eecbaee	67	0	1629	60	454	50	0	0	84	0	76	0	0	0	0	0	94	0	0	0	0	0	0	0	0	0	0	0	0	0
839eb38ea3269b2f7923a9dcfa01586a	0	0	0	0	0	0	0	0	0	0	0	0	0	0	0	0	0	0	0	0	0	0	0	0	0	0	0	648	0	0
a9db46ca74e2893598529364fb6793c3	0	0	0	0	0	0	0	0	0	0	0	4	0	0	0	0	0	0	0	0	0	0	0	0	0	0	0	0	0	0
4819ceea9f257eb21cf639e1a2b16d02	130	187	181	173	211	139	0	62	192	134	52	0	0	0	0	0	31	0	0	0	0	43	0	0	82	0	0	12	67	0
487454995021d1c318c08c6b410dd39d	0	0	0	0	0	0	0	0	0	0	0	0	0	0	0	0	28	0	0	0	0	0	0	0	0	0	0	0	0	0
8e2d8163c29a112a53fd1aba95968fae	0	0	0	0	0	0	0	0	0	0	0	0	0	0	0	0	0	0	0	0	0	0	0	0	0	0	0	23	0	0
9285841dd2220e53824e360ff81d4d2b	0	0	0	0	0	0	0	0	0	19	60	530	0	0	0	0	0	6	0	14	11	0	0	0	0	0	52	0	0	0
d29dbed3f549c909746a7707f66dcd32	0	0	0	0	0	0	0	0	0	0	0	0	0	0	0	0	0	0	0	0	0	0	0	0	0	0	18	0	0	0
5e22771fa4d089e391ce4c464daab3d2	0	0	0	0	0	0	0	3	0	0	0	0	0	0	0	0	0	0	0	0	0	0	0	0	0	0	0	0	0	0
4c4564543ae3859d966f26acc24e8777	0	0	0	0	0	4	61	7	5	0	0	18	20	31	9	34	0	0	17	32	18	23	55	32	11	0	23	22	12	4
a4bd7951ccd16c0b9a0fdb2b5c1d104d	0	0	0	0	0	0	0	0	0	0	0	0	12	0	0	0	0	0	0	0	0	0	0	0	0	0	0	0	0	0
25a1e7e3fc52a086cac0eb96b702fbba	0	0	0	0	0	0	38	0	0	0	0	0	0	0	0	0	0	0	0	0	0	0	0	0	0	0	0	0	0	0
bf6557c6d22ffe1436e393054685848f	0	0	0	0	12	0	0	0	0	0	0	0	0	0	0	0	0	0	0	0	0	0	0	0	0	0	0	0	0	0
cec6557fe18e367ac6b0420c66e41555	0	0	0	0	0	0	0	0	0	0	0	23	0	0	0	0	0	0	0	0	0	0	0	0	0	0	0	0	0	0
71dc5f094f1e8af325720511aba0ef12	0	0	0	0	0	0	0	0	0	0	9	0	0	0	0	0	0	0	0	0	0	0	0	0	0	0	0	0	0	0
f5ec9bb4410ed873df38ab01570f9416	10	0	0	0	0	0	0	0	0	0	0	0	0	0	0	0	0	0	0	0	0	0	0	0	0	0	0	0	0	0
5dcd8baa16ba27b12af2ba1f1405a600	0	0	0	0	0	0	0	0	0	0	2	0	0	0	0	0	0	0	0	0	0	0	0	0	0	0	0	0	0	0
5db76145f0cd8691cc7017585bc84571	0	0	0	0	0	0	0	0	0	0	0	0	0	0	0	0	0	0	0	0	2	0	0	0	0	0	0	0	0	0
480a1ef0539fb34de4b33deb9a98be8f	0	0	0	0	0	0	0	0	0	0	0	0	0	0	0	0	0	0	0	12	0	0	0	0	0	0	0	0	0	0
f6688a5b588537adabf1d61f93e23f27	0	0	0	0	0	0	0	0	0	0	0	0	0	0	0	0	0	0	0	0	0	0	0	0	0	0	0	0	9	0
e6e0653f5fdde10500b0395937a81149	0	0	0	0	0	0	0	0	0	0	0	0	0	0	0	0	0	0	0	0	0	0	0	4	0	0	0	0	0	0
1dd1824b06d8968b3d25a2cc9045a2bc	0	0	0	0	0	0	0	0	0	0	49	0	0	0	0	0	0	0	0	0	0	0	0	0	0	0	0	0	0	0
6b8f943190e07a96e8b44a5a2217d6c5	0	0	26	0	0	0	0	21	0	0	0	0	0	0	0	0	0	0	24	0	0	0	0	0	0	0	0	0	0	0
b2cae61c71957ac05700b3e8859bb92d	0	0	0	0	0	0	0	0	0	0	0	0	0	0	0	0	0	0	0	41	0	267	372	0	0	0	0	0	0	0
111322c031955405739de5aca609e982	0	0	0	0	0	0	0	0	0	0	2	0	0	0	0	0	0	0	0	0	0	0	0	0	0	0	0	0	0	0
4f037c7ca699a1d28ce5f5de22026a79	0	0	0	0	0	0	0	2	0	0	0	10	18	0	0	12	0	0	0	0	0	0	0	0	0	0	0	0	0	0
4cdddfbfc9c22851f76b980ba4af2bd6	0	0	0	0	0	0	0	0	0	0	0	0	0	0	0	9	0	0	0	0	0	0	0	0	0	0	0	0	0	0
c6ac34debc756e0d91e74094034fe079	0	0	0	0	0	0	0	0	0	0	0	0	0	0	0	0	0	0	0	0	0	0	0	0	0	0	0	0	2	0
0d661fa8fea058ef4b5e6bc37fe17c33	0	0	0	2	0	0	0	0	0	0	0	0	0	0	0	0	0	0	0	34	0	0	0	0	0	0	0	0	0	0
69274b4e4bc20e636fe7ac00789c577b	2	0	0	0	0	0	0	0	0	0	0	0	0	0	0	0	0	0	0	0	0	0	0	0	0	0	0	0	0	0
55b7697f46867feca920cb3de93fdb43	0	0	0	0	0	3	30	0	0	3	0	12	0	31	0	15	0	0	0	0	0	0	0	0	0	0	0	0	0	0
7d9788e2f2b3e7950e39c04ba1557d56	0	0	0	0	0	0	0	0	0	0	0	0	0	0	0	0	0	0	0	0	0	0	0	7	20	0	0	0	8	0
ac76d3d05af4746fb4878fa94a1b48a5	0	0	0	0	0	0	0	0	0	0	0	0	0	0	0	0	0	0	0	0	0	0	0	0	0	0	0	8	0	0
f5dc2f10a843b9c83cc5078c53f0c468	0	0	2	0	0	0	0	0	0	0	0	0	0	0	0	0	37	0	0	0	0	0	0	0	0	0	0	0	0	0
b1e59c55fd5ed3083ac16a4328efb855	0	0	0	0	0	0	0	0	0	0	0	0	0	0	0	0	0	0	0	11	0	0	0	0	0	0	0	0	0	0
f7df3e4189e5036391edc0d6cb8d8d16	12	11	0	0	0	0	0	0	0	0	0	0	0	0	0	0	0	0	0	0	0	0	0	0	0	0	0	0	0	0
52de32172aa3151d8c84adb55bc16139	0	0	0	0	0	0	0	2	0	0	0	0	0	0	0	0	0	0	0	0	0	0	0	0	0	0	0	0	0	0
f690e1513299557feae1e52409b6d277	0	0	0	0	0	0	0	0	0	0	0	0	2	0	0	0	0	0	0	0	0	0	0	0	0	0	0	0	0	0
33021d9d440e41156021fc344f3b4755	0	0	0	0	0	0	0	2	0	0	0	0	0	0	0	0	0	0	0	0	0	0	0	0	0	0	0	0	0	0
8e10332dcdb9d1dac46d8d2662039ff3	0	0	0	0	0	0	0	0	0	0	0	0	0	0	29	0	0	0	0	0	0	0	0	0	0	0	0	0	0	0
d0d1c4bfddd97f66fa9fbde7887d5c58	0	0	0	3	0	0	0	0	0	0	0	0	0	0	0	0	0	0	0	0	0	0	0	0	0	0	0	0	0	0
f073daf2ce627772926ff334b5141bc8	0	0	0	0	0	0	0	8	0	0	0	0	0	0	0	0	0	0	0	0	0	0	0	0	0	0	0	0	0	0
28cfd985f6a90aa780f2c75cfa3a30c3	0	0	0	0	0	0	0	0	0	0	0	70	0	0	0	0	53	17	0	0	0	0	0	0	0	0	0	0	0	0
2832b673db384b95510df4eea3f5de60	0	0	0	0	0	0	0	0	0	0	5	0	0	0	0	0	0	0	0	0	0	0	0	0	0	0	0	0	0	0
65e1663ec12e8da97d7e6658f423babe	0	0	0	17	0	0	0	0	0	0	0	0	0	0	0	0	0	0	0	0	0	0	0	0	0	0	0	0	0	0
1f0bf4533ca2bb9c6a63556de1a0be0d	0	0	0	0	0	0	0	0	0	0	0	0	0	0	0	0	0	0	0	0	0	0	2	0	0	0	0	0	0	0
1026d4c4849041b6e2bb78fd32982d26	3	0	0	0	0	0	0	0	0	0	0	0	0	0	0	0	0	0	0	0	0	0	0	0	0	0	0	0	0	0
0c716b0cffea53357a78ab800750335b	0	0	0	0	0	0	0	0	0	0	0	0	0	4	0	0	0	0	0	0	0	0	0	0	0	0	0	0	0	0
f57a2482fc6c88f2dae6dea4d8ede060	0	0	0	0	0	0	0	0	0	0	0	0	0	0	27	35	0	0	0	7	0	0	0	0	0	0	0	0	0	0
f8a288565c2556c42e6b60ebeb734b2c	17	0	0	0	0	0	0	0	0	0	0	0	0	0	0	0	0	0	0	0	0	0	0	0	0	0	0	0	0	0
78ebd90e55fad20641ba2c234617d87c	0	0	0	0	0	0	0	0	0	0	0	0	0	0	0	0	0	0	0	0	0	19	0	0	0	0	0	0	0	0
433957dd72a6c80fd555dc4390a6e426	0	0	0	0	0	0	0	0	0	0	0	0	14	0	0	0	0	0	0	0	81	0	0	57	10	0	12	0	0	0
1a26fb1ed6df1c8a258139b1f0f9fa29	0	0	0	0	0	0	0	2	0	0	0	0	0	0	0	0	0	0	0	0	0	0	0	0	0	0	0	0	0	0
c291bfa40eae468a0fdaee5760cf79e0	0	0	0	0	0	0	0	0	0	0	0	0	0	21	0	0	0	0	0	0	0	0	0	0	0	0	0	0	0	0
3bcd91e8b711f3e2637d048a421a2b44	0	0	0	15	0	0	0	0	0	0	0	0	0	0	0	0	0	0	0	0	0	0	0	0	0	0	51	0	0	0
4f5fc2a6eae7dfc8aff54378e5f0fabc	0	0	0	0	0	0	0	0	0	0	0	0	0	0	0	0	0	0	0	0	0	10	0	0	0	0	26	0	0	0
0778fcf3883a3692d913258e6941dea3	0	0	0	45	0	0	0	0	0	0	0	0	0	0	0	0	0	0	0	0	0	0	0	14	0	0	0	0	0	0
7c5bc0f347a63d9756ce5ebfc303e987	0	12	0	0	0	0	0	0	0	0	10	0	0	0	0	0	0	0	0	0	0	0	0	0	0	0	0	0	0	0
c512ff3215029c1ab1add6b2ff730ff7	0	4	0	0	0	0	0	0	0	0	7	0	0	0	0	0	0	0	0	0	0	0	0	0	0	0	0	0	0	0
5b600356f787fbac1017a0384e1836d7	0	0	0	0	0	0	0	0	0	0	0	0	0	0	32	0	0	0	0	0	0	0	0	0	0	0	0	0	0	0
62fabfcf37c88b7f066072ae4b3436c2	71	35	55	611	103	54	78	42	53	98	165	107	121	84	235	103	61	88	93	66	12	68	0	45	82	99	39	44	65	104
214d896cecb3480d892e10f50de4e2e0	0	0	0	0	0	0	0	133	27	0	0	0	0	0	0	0	0	0	0	0	0	0	0	0	0	0	0	0	0	0
ba0aba3e07a37326804c2f34e4da2b91	0	0	0	0	0	0	0	0	0	0	18	0	0	0	0	0	0	0	0	0	0	0	0	0	0	0	0	0	0	0
68590312da5bfbdb85b0347d3b14e76e	0	0	0	0	0	0	0	31	0	0	0	0	0	0	0	0	0	0	0	0	0	0	0	0	0	0	0	0	0	0
707c61ba6e519687758277e959571527	0	0	0	0	0	0	0	0	0	0	12	0	0	0	0	0	0	0	0	0	0	0	0	0	0	0	0	0	0	0
3fd2a4f02d77cf9999916b74e95d3369	0	0	0	0	0	0	0	0	0	0	0	0	0	0	0	0	0	0	0	0	0	0	0	0	0	0	2	0	0	0
836b874215bc61e27131e3bf9f5373c2	0	0	0	0	0	0	0	6	0	0	0	0	0	0	0	0	0	0	0	0	0	0	0	0	0	0	0	0	0	0
9f55977e8f3434d4b05bba3e00fb7e65	0	0	0	0	0	0	0	0	0	0	0	0	0	0	0	0	0	5	0	0	0	0	0	0	0	0	0	0	0	0
e8be9865216aa49f6a2593f42f3b5605	0	0	0	0	0	0	0	0	0	0	0	0	0	0	0	0	0	0	0	0	0	0	0	0	0	0	0	0	18	0
6a4ea21fc205c55db58f955e0805a2dd	0	0	0	0	0	0	11	0	0	0	0	0	0	0	0	0	0	0	0	0	0	0	0	0	0	0	0	0	0	0
24ba8f3cdf3fce5756be80e24f26b54a	0	0	0	0	0	0	65	0	0	0	0	0	0	0	29	0	14	0	0	22	27	0	0	0	0	0	0	0	7	0
edaaf5db142aff6e67f15ead399ae16d	31	0	0	0	20	31	0	0	0	10	0	0	0	0	0	14	0	0	20	8	0	0	0	0	0	0	13	0	44	0
1d3cf6fa0f7f78f9469ced184e07c9d5	0	0	0	0	0	0	0	0	0	0	0	0	0	0	0	0	0	0	0	0	0	0	0	12	0	0	0	0	0	0
6bb2948736cb66939538cc27a357c5b7	0	0	0	0	0	0	0	0	0	0	0	0	0	0	0	0	0	0	0	0	0	0	0	0	9	0	0	0	0	0
618e0c4adbee2e32db219fd9aaa791b9	0	0	0	0	0	0	0	0	0	0	0	0	22	0	0	0	0	0	0	0	0	0	0	0	0	0	0	0	0	0
a00f530f8b01cfd41e79c142a2a45e49	0	0	0	0	0	0	0	0	0	0	0	0	0	0	2	0	0	0	0	0	0	0	0	0	0	0	0	0	0	0
edb09a1a4117cc8485aea4c60192ae78	0	0	0	0	0	0	2	0	0	0	0	0	0	0	0	0	0	0	0	0	0	0	0	0	0	0	0	0	0	0
0c70098efe886353c7ef965061c425ef	0	0	0	0	0	0	0	0	0	0	0	0	0	14	0	0	0	0	0	0	0	0	0	0	0	0	12	0	23	0
065197c12af1d39b6dabe90298707d02	0	0	0	0	0	0	0	0	0	0	0	0	0	0	0	0	0	0	0	0	0	0	0	0	0	0	0	0	6	0
b5333fe417da5752a49853769cca5d5f	0	0	0	0	0	80	0	0	0	77	0	0	0	0	0	0	0	0	0	0	0	44	0	0	0	0	0	0	0	0
b9c7aa7824991a218060bdff61ae5ab2	0	0	0	0	0	0	0	6	0	0	0	0	0	0	0	0	0	0	0	0	0	0	0	0	0	0	0	0	0	0
f3021674e5f09b64e423abbf9d4378c8	0	0	0	0	0	0	0	0	0	0	0	0	0	0	0	0	0	0	0	2	0	0	0	0	0	0	0	0	0	0
a138fff95fdef406e61e3b984258b61b	0	0	0	0	0	0	0	0	0	0	2	0	0	0	0	0	0	0	0	0	0	0	0	0	0	0	0	0	0	0
a85234cefa76f60fb96c2218f2a6f23b	0	0	0	0	0	0	0	0	0	0	0	7	0	0	0	0	0	0	0	0	0	0	0	0	0	0	0	0	0	0
0bcfc96811b6ecffab640cc06e06e8b3	0	0	0	0	0	0	0	0	0	0	47	0	0	0	0	259	1222	61	176	115	0	0	0	0	0	80	0	0	0	0
8223218cc4dea1d342ac2331bf0cae57	0	0	0	0	0	0	0	0	0	0	0	0	0	7	0	0	0	0	0	0	0	0	0	0	0	0	0	0	0	0
056eddef79b281498c293431020e2b97	0	0	0	0	0	12	0	18	8	14	0	0	0	0	0	0	0	0	0	0	0	0	0	0	0	0	0	0	0	0
054cfe71e17583243e6fd693761e4cb3	0	0	0	0	0	0	0	0	0	0	0	0	0	0	0	0	0	0	0	0	0	0	0	0	0	3	0	0	0	0
7ab4622e6016a3c1e643d7f7ea46943d	15	52	42	14	0	97	25	19	69	267	120	18	16	13	20	9	91	0	8	13	58	40	16	428	57	84	207	48	132	2431
e822f1580894baed2eb6e692068e0489	0	0	0	0	0	0	0	0	0	0	0	11	0	0	0	0	0	20	0	0	0	0	0	0	0	0	0	0	0	0
f6e0d29ff08a3a43812c3c2d575529ca	0	0	0	0	0	0	0	0	0	0	0	5	0	0	0	0	0	0	0	0	43	0	0	0	0	0	0	0	14	5
97e8060993e667f255b4458a27202830	0	0	0	0	0	0	0	0	0	0	0	0	0	0	0	0	0	0	0	0	0	0	0	0	12	0	0	0	0	0
68a533963182e6e850b8b85318d1b8cb	0	0	0	0	0	0	0	0	0	0	0	0	0	0	0	0	0	9	0	0	0	0	0	0	0	0	0	0	0	0
dc69c7ff9acaa8f5cd7cbf53228f09bc	0	0	0	0	0	0	0	0	0	0	0	0	0	0	2	0	0	0	0	0	0	0	0	0	0	0	0	0	0	0
02a6926198a1a59ac814634d0edabd20	0	0	0	0	0	0	0	0	0	0	0	0	0	4	0	0	0	0	0	0	0	0	0	2	0	0	0	0	0	0
fd1c57877b38cc061cf0cf23d551c92d	0	0	0	0	0	0	0	0	0	0	0	0	12	0	0	0	22	0	0	0	0	0	0	0	0	0	0	0	0	0
468ddc0f46a88a00ce30e0d58c27f544	0	0	0	0	0	0	0	0	0	0	0	0	0	0	0	0	0	0	0	0	12	0	0	0	0	0	0	0	0	61
9f5320406a15ab81fe86c609003e5af1	0	0	0	0	0	0	0	0	0	0	0	0	0	0	0	0	0	0	0	0	0	0	0	18	0	0	31	0	0	0
3b802a3c56a9e0de40984c08d68a2d32	0	0	0	0	0	16	0	0	0	0	0	0	0	0	0	0	0	0	0	0	0	0	0	0	0	0	0	0	0	0
d0fddc9d19b7ff34d05ae0d99d4b4fa8	0	0	0	0	0	0	0	0	0	0	0	0	0	0	0	4	0	0	0	0	0	0	0	0	0	0	0	0	0	0
b1cf7468afc82ef51a3f26244ab266c6	0	0	0	0	0	0	32	0	0	0	0	0	0	0	0	0	0	0	0	0	0	0	0	0	0	0	0	0	0	0
37f064702f59d86591ee9b1424498b31	0	0	0	0	0	0	0	0	0	0	0	5	0	0	0	0	0	0	0	0	0	0	0	0	0	0	0	0	0	0
60bb171dcbb20a92f263a734f8f7f635	0	0	0	0	0	0	0	0	0	0	26	0	0	0	0	0	0	0	0	0	0	0	0	0	0	0	0	0	0	0
0fbd14ce3c31eeb0c595eadc0ee5b6ed	0	11	0	0	8	0	7	0	0	0	0	0	0	0	0	0	0	0	0	0	0	0	0	0	0	0	0	0	0	0
1c86815877aacaaf2f39be6ec1875447	4	0	0	0	0	0	0	0	0	0	0	0	0	0	0	0	0	0	0	0	0	0	0	0	0	0	0	0	0	0
9a8612766219ae3df4b21e6e690eb409	0	0	0	0	0	0	0	0	0	0	0	0	0	0	0	4	0	0	0	0	0	0	0	0	0	0	0	0	0	0
937a7149551ff34708ac08b1279399e5	0	0	0	0	0	0	0	0	0	0	15	0	0	0	0	0	0	0	0	0	0	0	0	0	0	0	0	0	0	0
f4c499124c01a88d46cdc8a5beb28bb9	0	0	0	0	0	0	0	0	0	0	0	0	0	0	34	0	0	0	0	0	0	0	0	0	0	0	0	0	0	0
b9a1e9a89c5b216d41b6c4dc0611fe72	0	0	0	0	0	0	0	0	0	0	0	0	4	0	0	0	0	0	0	0	0	0	0	0	0	0	0	0	0	0
ce6121e728bce820ea65502d64474f93	0	0	0	0	43	0	0	0	0	0	0	0	0	0	0	0	0	0	0	0	0	0	0	0	0	0	0	0	0	0
41d3275379b46a12f36c1ca48ee2ee5f	0	0	0	0	0	0	0	0	0	0	0	0	0	0	0	0	0	0	0	0	0	0	0	0	0	0	0	0	29	0
687197907c36756d079f7151cf168eff	0	0	0	0	0	0	0	0	0	2	0	0	0	0	0	0	0	0	0	0	0	0	0	0	0	0	0	0	0	0
9d26ed04c9a0021de8be8c514a638024	0	0	0	0	0	0	0	0	0	0	0	0	0	0	0	0	0	0	0	0	0	4	0	0	11	0	0	0	0	0
9fd75e878d294365722b588377e24e38	0	0	0	0	0	0	0	0	0	0	0	0	0	0	7	0	0	0	0	0	0	0	0	0	0	0	0	0	0	0
0c46cfb30179e5f468c3f16ab2ab179c	0	0	0	0	0	0	0	0	0	0	0	0	0	0	0	0	0	4	0	0	0	0	0	0	0	0	0	0	0	0
e71fc4b8f26de456a628995523c3524f	0	0	0	0	0	0	0	0	0	0	0	0	0	0	0	0	0	0	11	0	0	0	0	0	0	0	0	0	0	0
f0fc1aa67f6ccb2a030802ffa9ab30b1	0	0	0	0	0	0	0	0	0	0	0	5	0	0	0	0	0	0	0	0	0	0	0	0	0	0	0	0	0	0
84782ab23d4084f04d4fecb83300d72a	0	0	0	0	0	0	0	0	0	0	0	0	0	0	0	0	0	0	0	0	0	0	0	0	3	0	0	0	0	0
105c144ee31ea0abe96ba262b203003c	9	0	0	5	32	0	0	0	0	0	0	0	0	0	0	0	0	0	0	0	0	0	0	0	0	0	0	0	0	0
9f0b5ab11637ba6942183e9f133d5a42	25	0	0	39	811	33	169	53	42	107	0	0	0	0	0	0	0	0	90	0	0	34	0	0	0	40	0	0	0	0
1854d5f839e686e7eccedbdd36553a4f	0	0	0	0	0	0	0	0	0	0	0	4	0	0	0	0	0	0	0	0	0	0	0	0	0	0	0	0	0	0
54e1b4287739d2e263fe7971a39666d9	0	0	0	0	0	0	0	0	0	0	0	0	23	0	0	0	0	0	0	0	0	0	0	0	0	0	0	0	0	0
f421c669c66d92e0bfa0066bf3b9e433	0	0	0	0	0	0	0	0	0	0	0	0	0	0	0	0	0	0	0	0	0	0	0	0	0	0	0	0	0	2
c40605dfaa327a1a6568d92e3e559a24	0	0	0	0	0	0	0	0	0	0	0	0	0	0	0	0	0	0	0	0	0	0	0	0	0	0	0	22	0	0
18397f12cca675947182725ac62e7b98	0	0	0	0	0	0	32	0	0	0	0	0	0	0	0	0	0	0	119	0	0	0	0	0	160	30	119	0	27	0
c63851db73af0a4d9353ad924e5382ba	0	0	147	0	0	0	0	0	0	0	0	0	0	0	0	0	0	0	0	0	0	0	0	0	0	0	0	0	0	0
21ab364ae7e92d8d6553d2a6d6c12e7f	0	0	0	0	0	0	0	0	0	0	0	0	0	15	0	0	0	0	0	0	0	0	0	0	0	0	0	0	0	0
db22310675ac6118afc5f9030bdac7d2	0	0	0	0	0	2	0	0	0	0	0	0	0	0	0	0	0	0	0	0	0	0	0	0	0	0	0	0	0	0
3901cf4086b4458eb424f0beda60ebed	0	0	0	0	0	0	0	0	0	0	22	0	0	0	0	0	0	0	23	0	0	0	0	0	8	0	0	0	0	0
593ab79480e1dcb5cb9b6119a9e38a20	0	0	0	0	0	0	0	0	0	0	0	0	0	0	0	0	0	6	0	0	0	0	0	0	0	0	0	0	0	0
a03dac46ec233f317275513baca91e2b	0	0	0	0	0	0	0	0	0	0	15	0	0	0	0	0	0	0	0	0	0	0	0	0	0	0	0	0	0	0
cbef5ddcc7ef5021cfc5ca777a515b82	0	0	0	0	0	0	0	0	0	0	0	6	0	0	0	0	0	0	0	0	0	0	0	0	0	0	0	0	0	0
a6b6b78617468f101a4475fe27508cf2	0	0	0	0	0	0	0	110	0	0	0	0	0	0	0	0	0	0	0	0	0	0	0	0	0	0	0	0	0	0
c99c22bcea510e678de73291b54d8d12	0	0	0	0	0	0	0	0	0	0	0	0	0	9	0	0	0	0	0	0	0	0	0	0	0	0	0	0	0	0
25379024103b713a0f1ada40bedabe67	0	0	0	0	0	0	0	0	0	0	0	0	0	0	0	0	0	0	32	0	0	0	0	0	0	0	0	0	0	0
a60a06375321bcbeb9831e31ad4527eb	0	0	0	0	0	0	0	0	0	0	0	7	0	0	0	0	0	0	0	0	0	0	0	0	0	0	0	0	0	0
0b80579b613ebb85fdb3306b3708e2ef	0	0	0	0	0	0	0	0	0	0	0	0	0	0	0	5	0	0	0	0	0	0	0	0	0	0	0	0	0	0
3996299dbf03b202603f57c799c0508f	0	0	0	0	0	0	0	0	0	0	0	6	0	0	10	0	5	0	0	0	0	0	0	0	0	0	0	0	0	0
8a35ab4d55214fac5248e66cae70894f	0	0	0	0	0	0	0	0	0	0	47	0	0	0	0	0	0	0	0	0	0	0	0	0	0	0	0	0	0	0
73f09dbe767df795e9d5bd369da21bd2	0	0	0	0	0	6	0	0	0	0	0	0	0	0	0	0	0	0	0	0	0	0	0	0	0	0	0	0	0	0
5d8e89bc0b606beb8dff7477d59b6cd4	0	0	0	0	0	0	0	0	0	17	0	0	0	0	0	0	0	0	0	0	0	0	0	0	0	0	0	0	0	0
0f191ccd75dcaf653a852867f0f56375	0	0	0	4	0	0	0	0	0	0	0	0	0	0	0	0	0	0	0	0	0	0	0	0	0	0	0	0	0	0
dd24edad229bf492fac883dd303a3ec5	0	0	0	0	0	0	0	0	0	0	0	0	0	0	0	0	2	0	0	0	0	0	0	0	0	0	0	0	0	0
9f5c45c76900e760e5917e6d09b8ba83	0	0	0	0	0	0	0	0	0	0	0	12	0	0	0	0	0	0	0	0	0	0	0	0	0	0	0	0	0	0
37f210b89a5595a796871eb756d3e245	0	0	0	0	0	0	0	0	0	0	0	0	0	0	0	0	0	0	0	0	0	0	0	9	0	0	0	0	0	0
6e071353f478d21b7af114e84d0117f1	0	0	0	0	0	0	0	0	9	0	0	0	0	0	0	0	0	0	0	0	0	0	0	0	0	0	0	0	0	0
c836fa5f2d7b43deff2f1b935c072e8c	0	0	0	0	0	0	0	9	13	14	0	0	0	60	0	0	0	0	0	78	0	0	0	0	40	44	1705	0	0	0
0284c5683aaf042558965f5ceb309734	0	0	0	0	0	0	0	11	0	12	21	19	8	0	0	0	0	0	0	20	0	16	0	26	12	38	209	19	27	22
fa01601b9ccc144ad1aef8540d0bba23	0	0	0	0	0	0	0	0	0	0	39	0	0	0	0	0	0	0	0	0	0	0	0	0	0	0	0	0	0	0
61e3584f51ecb6f91010570129be7c4a	0	0	0	2	0	0	0	0	0	0	0	0	0	0	0	0	0	0	0	0	0	0	0	0	0	0	0	0	0	0
fd9ce69636c4fc409e859826a3d0a3aa	7	52	0	0	17	29	24	0	20	0	0	0	0	0	0	0	0	0	0	0	0	0	0	0	0	0	0	0	0	0
c5422520f3a0cff2f035667bf6ec913f	0	0	0	0	31	0	0	0	0	0	0	0	0	0	0	0	0	0	0	0	0	0	0	0	0	0	0	0	0	0
1eee443f4966d86aea31e647a3d698ab	0	0	0	0	0	0	0	0	0	0	0	0	0	6	0	0	0	0	0	0	0	0	0	0	0	0	0	0	0	0
dd1c1f8eaaa98ba76478d2f727fe37d0	0	0	0	0	0	0	0	0	0	0	0	180	209	30	0	0	0	0	0	0	0	0	0	0	0	0	0	0	0	0
7dbda51e24a957772a1e1da3e332b984	0	0	0	0	0	0	0	0	0	0	0	0	3	0	0	0	0	0	0	0	0	0	0	0	0	0	0	0	0	0
c4cd66e2e8f7373d2473a841d9ba3a2a	65	33	0	14	0	9	77	50	0	21	47	672	175	275	168	91	0	21	23	24	16	0	34	2802	940	222	81	126	1546	22
196be3b3997c6a6defc6e7738eda52df	0	0	0	0	0	0	0	0	0	0	9	0	0	0	0	0	0	0	0	0	0	0	0	0	0	0	0	0	0	0
d577ac8325fb8c650c394ae6603e1a22	0	0	0	0	0	0	4	0	0	0	0	0	0	0	0	0	0	0	0	0	0	0	0	0	0	0	0	0	0	0
f7eae7f968b1d1f74b6aeedcdacb1a0d	0	0	0	0	0	0	0	0	0	0	0	0	0	0	44	0	0	0	0	0	0	47	0	0	0	0	0	0	0	0
59388bb4319f5104f8c4a5d0bc2e3cd6	0	0	0	0	0	0	0	0	0	0	0	0	0	0	0	0	0	0	0	0	0	0	0	2	0	0	0	0	0	0
876393ed1681e88b9ee23fad9dad33c3	0	0	0	12	0	0	0	0	0	0	0	0	0	0	0	0	0	0	0	0	0	0	0	0	0	0	0	0	0	0
b1465e721bea4cb5c044fac2008c01a9	0	0	0	0	0	0	0	0	0	0	0	0	0	0	0	0	0	0	0	6	0	0	0	0	0	0	0	0	0	0
09804f6869081487ec40d2cfc7d7eef9	0	0	32	0	0	0	134	54	40	24	0	0	0	0	0	0	0	0	0	22	0	0	0	0	0	0	0	0	0	0
c15f591686d8a715dcb8b04fac29fe1c	0	0	0	0	0	0	0	0	0	0	0	0	0	0	0	0	0	0	0	0	0	0	0	0	0	0	24	0	0	0
14a24c2510cc7d5a223df544a7fa79ac	0	0	0	0	0	0	0	0	0	0	0	0	0	0	0	0	0	0	0	0	0	0	0	0	0	0	0	38	0	0
48c2e3822bd05e50808967cbbd0b4213	0	0	147	0	0	0	0	0	70	0	0	0	0	0	0	0	0	0	0	0	0	0	0	0	13	0	0	26	0	13
4fbabb478ef150af3d82f522f889e443	0	0	0	0	0	54	0	0	0	342	0	0	0	0	0	0	0	0	0	0	0	0	0	323	142	99	134	59	116	0
8a261036ae94b8c0f1295664bd30f0fe	0	0	0	0	0	0	0	2	0	0	0	0	0	0	0	0	0	0	0	0	0	0	0	0	0	0	0	0	0	0
282a171343dc56b3d49f02215a7d9482	6	0	0	0	12	0	0	0	0	0	0	0	0	0	0	0	0	0	0	0	0	0	0	0	0	0	0	0	0	0
688b0debda50fadb267449dfe436dcd8	0	0	0	0	0	0	0	0	0	0	0	0	0	0	0	0	0	0	0	0	0	0	2	0	0	0	0	0	0	0
43a6d8194ae9c34ac9f84a37ef34ce43	0	0	0	0	0	0	0	0	0	0	0	0	0	0	31	0	0	0	0	0	0	0	0	0	0	0	0	0	0	0
7e408905e57834301bf4163f6aeb0576	13	0	0	0	0	0	0	0	0	0	0	0	0	0	0	0	0	0	0	0	0	0	0	0	0	13	0	0	0	0
60e9b36ebe64ea2a063b947c355a523c	0	0	0	0	0	0	6	0	0	0	0	0	0	0	0	0	0	0	0	0	0	0	0	0	0	0	0	0	0	0
21cecceaed83dc045b7a9978a12884f0	0	0	0	0	0	0	0	0	0	0	0	0	0	0	0	0	0	0	0	0	71	0	0	0	0	0	0	0	0	0
027a5eefc40298c221490fe99fef2a00	0	0	0	0	0	0	0	0	0	0	0	0	0	0	0	0	6	0	0	0	0	0	0	55	0	0	0	0	0	98
a9247e820a584ad57d7be9d410b78862	17	0	0	0	0	0	0	0	0	0	0	0	0	0	0	0	0	0	0	0	0	0	0	0	0	0	0	0	0	0
a5497028724b77523b35cc98bebd4832	0	0	0	0	0	0	0	0	0	0	0	0	0	0	0	0	0	0	0	0	0	0	4	0	0	0	0	0	0	0
1852e4cad21850d24220071af1b11231	0	0	0	0	0	0	0	0	0	0	0	0	0	0	0	0	0	0	0	0	0	0	0	0	0	0	0	81	29	52
e1cc7952321af372e445048726a8ec1b	0	0	0	0	0	0	0	0	0	0	0	0	0	0	0	0	0	0	6	0	0	0	0	0	0	0	0	0	0	0
fcd871d4b3a793b20b54aa78a19d9d1c	0	0	0	0	55	0	0	0	0	0	0	0	0	0	0	0	0	0	0	0	0	0	0	0	0	0	0	0	0	0
7a6fe77ffe857fceb3c20cadf32ed33b	0	5	0	0	0	0	0	0	0	0	0	0	0	0	0	0	0	0	0	0	0	0	0	0	0	0	0	0	0	0
83e4d5a781c4aae8e73085b82af2a74c	0	0	0	0	0	0	0	0	0	0	0	0	0	0	0	0	11	0	0	0	0	0	0	0	0	0	0	0	0	0
e497e608fbeeb0ab391644b31eedafc5	0	0	0	0	0	0	0	0	0	0	0	0	0	0	0	0	0	0	0	0	0	0	0	0	0	0	0	0	0	2
7a37e193ce55c08872937a1683c1da7c	0	0	0	0	0	0	0	0	0	0	0	0	0	0	0	2	0	0	0	0	0	0	0	0	0	0	0	0	0	0
93074e8acc1386df6cf7cfa8f66357ab	0	0	0	0	0	0	0	0	0	0	0	0	0	0	0	3	0	0	0	0	0	0	0	0	0	0	0	0	0	0
54a318ef92d65e2719043a32810a88e8	0	25	0	16	0	10	0	0	0	12	0	0	0	0	0	0	0	0	0	0	0	0	0	0	0	0	0	0	0	0
ca63921b9a112b2106a1a1052c1baf04	0	0	0	0	0	0	0	0	0	0	0	0	0	0	0	0	0	0	0	0	0	0	0	0	4	0	0	0	0	0
20a5277ba5818debf9277a7bfd46917a	0	0	0	0	0	0	0	0	0	0	0	12	0	31	0	0	0	10	0	0	0	0	0	0	0	0	0	0	0	0
a91fa79e5f584c1c3d45f0ee624f0798	0	0	0	0	0	0	0	0	0	0	0	0	0	0	0	0	0	0	0	0	0	0	0	0	0	0	0	10	16	0
99536232fbdce5e022d24efdbf3a4be1	0	0	0	0	0	0	0	0	0	0	0	0	0	0	0	0	0	0	0	0	0	3	0	0	0	0	0	0	0	0
a96e3ea47608ecfbb4d8ad68399983a1	0	0	24	0	0	0	0	0	14	0	0	0	0	0	0	0	0	0	0	0	0	0	0	0	0	0	0	0	0	0
9f7ae8bf3c1d4866614bc7adf7ea5bbd	0	16	0	0	0	12	15	22	29	18	59	71	0	58	0	41	110	43	28	31	0	25	0	47	123	49	0	29	72	27
e6990530891d828d063dae81e276405a	0	3	0	0	0	0	0	0	0	0	0	0	0	0	0	0	0	0	0	0	0	0	0	0	0	0	0	0	0	0
cd5600bc8dc80c3b067263fed7668f4b	0	0	0	0	6	0	0	0	0	0	0	0	0	0	0	0	0	0	0	0	0	0	0	0	0	0	0	0	0	0
7dec66d8786c3082e1a338435b5090c2	2	0	0	0	0	0	0	0	0	0	0	0	0	0	0	0	0	0	0	0	0	0	0	0	0	0	0	0	0	0
45eb2d377fe2728921a390d072b5f61d	0	0	0	0	0	0	0	0	0	0	0	0	0	0	0	0	0	6	0	0	0	0	0	0	0	0	0	0	0	0
b5f7e7307d68fdabc698ee35d0d2c4ff	0	5	0	0	0	0	0	0	0	0	0	0	0	0	0	0	0	0	0	0	0	0	0	0	0	0	0	0	0	0
2c0b4c7e23972e00471970931a3d7474	0	0	0	0	0	0	0	0	0	0	0	0	0	0	0	0	0	0	0	0	0	0	0	0	8	0	0	0	0	0
9d0ee545dfa42dc38abe5ebcbb608419	0	0	0	0	0	0	0	0	0	0	0	0	9	0	0	0	0	0	0	0	0	0	0	0	0	0	0	0	0	0
dd98d5e5761f750e2ccd16e57b886d6a	0	14	0	0	0	0	0	0	0	0	0	0	0	0	0	0	0	0	0	0	0	0	0	0	0	0	0	0	0	0
92f37831a67d3c708e427e70f2082adf	0	0	0	0	0	0	0	0	0	0	12	24	0	0	0	0	0	0	0	12	0	0	0	0	0	0	0	0	0	0
da482311a94de493e683bf48e6fb3422	0	0	0	0	0	0	0	0	0	0	42	0	0	0	0	0	0	0	0	0	0	0	0	0	0	0	0	0	0	0
34810e0c69b86bc83c984d00b8722b32	0	2	0	0	0	0	0	0	0	0	0	0	0	0	0	0	0	0	0	0	0	0	0	0	0	0	0	0	0	0
4fa0abe5f5e6cfc354ed29c93f645551	0	0	0	0	0	0	0	0	0	0	0	0	0	0	0	10	0	0	0	0	0	0	0	0	0	0	0	0	0	0
eb5098c49d0d2e2a33a9322c55dc8deb	0	0	0	0	0	0	0	0	0	0	0	0	0	0	0	0	0	0	0	0	0	108	0	0	0	0	0	0	0	43
d067d9bbf1ab0f8bfec3775d3bd2e8d9	0	0	0	0	0	0	0	0	0	0	35	0	58	0	0	69	0	0	0	0	0	0	0	0	0	0	0	0	23	0
b9e8cb658d0d8fbfcf20b409202bebb1	0	0	7	0	0	0	0	37	0	0	0	0	0	0	0	0	0	0	0	0	0	0	0	0	0	0	0	0	0	0
700aa47c8e802a655164cfa07d8a9f99	336	341	211	227	592	186	455	216	594	267	1308	668	1151	1925	2727	1162	600	554	1129	952	63	141	90	308	362	647	681	246	610	139
dde78665fdfbb1a5efdce3891d5576af	0	0	0	0	0	0	1	0	0	0	0	0	0	0	0	0	0	0	0	0	0	0	0	0	0	0	0	0	0	0
a10174644f78ab01bf83eac774e4ac1b	0	0	0	0	0	0	0	2	0	0	0	0	0	0	0	0	0	0	0	0	0	0	0	0	0	0	0	0	0	0
1c828247b1415ea4575594374c78f962	0	0	0	0	0	0	0	0	0	0	0	0	0	0	0	0	0	0	0	0	0	0	0	0	0	38	0	0	0	0
b0c0bc6678e69cf5380b152509ceb512	22	0	0	0	0	0	0	0	0	0	0	0	0	0	0	0	0	0	0	0	0	0	0	0	0	0	0	0	0	0
4a5b69dd86a69dc5658e51d018f52a64	0	0	0	0	0	0	0	0	0	0	0	0	0	0	0	0	0	0	0	3	0	0	0	0	0	0	0	0	0	0
2f69b4f63b753b14a74c0746978b335e	0	0	0	0	0	0	4	0	0	0	0	0	0	15	0	0	0	0	0	0	0	0	0	0	0	0	0	0	0	0
f6ee1a31ce8b2156d5ee21fd9e376a1b	0	0	0	0	0	0	0	0	0	0	0	0	5	0	0	0	0	0	0	0	0	0	0	0	0	0	0	0	0	0
9bc7f71847d348ab27bb2bbf95d4f09f	0	0	0	0	0	0	0	0	0	0	0	0	0	0	0	0	0	0	0	0	0	0	0	0	0	0	0	0	0	2
427534333df96994c53278925d0ff0bc	0	0	0	0	0	0	0	0	0	0	7	0	0	0	0	0	0	0	0	0	0	0	0	0	0	0	0	0	0	0
006653eb9b51dd5fe3cf742f7cf42553	0	0	0	0	0	0	0	0	0	0	0	0	0	0	0	0	0	0	0	33	0	0	0	0	0	0	0	0	0	0
b3d496386ce15fbdf063b6874df10cdd	0	0	0	0	0	0	0	0	0	0	0	0	0	0	0	0	0	0	0	0	0	0	16	0	0	0	0	0	0	18
2ed74538f6506835a40a06bf46850daf	0	0	0	0	0	0	0	0	0	27	0	0	0	0	0	0	0	0	0	0	0	0	0	0	0	0	0	0	0	0
bb06c8751df0ac2ffb9486bf9467b41f	0	0	0	0	0	0	0	0	0	0	0	0	10	0	0	0	0	0	0	0	0	0	0	0	0	0	0	0	0	0
5328b410f575ebed3e3cfaa9da4c0090	0	0	0	0	0	0	0	0	0	0	0	0	44	0	0	11	0	0	0	0	0	0	0	0	0	0	0	0	0	0
54da38af3c9b232d1c2e51b42978ed00	0	0	0	0	0	0	0	0	8	0	0	0	0	0	0	0	0	0	0	11	0	0	0	0	0	0	339	0	0	0
692a3cfeda22b029b37b98f4cef2d287	0	0	0	0	0	0	0	0	0	3	3	46	31	38	0	0	0	13	6	0	0	0	0	5	9	9	9	0	14	0
5d9505e14ca0f7c336db41bd5bb3e8d7	0	0	0	0	0	0	0	0	0	0	0	0	0	0	0	0	0	3	0	0	0	0	0	0	0	0	0	0	0	0
ef6b5428bf8431d463f2e33143cfdf15	0	0	0	5	0	0	0	0	0	0	0	0	0	0	0	0	0	0	0	0	0	0	0	0	0	0	0	0	0	0
b363e98f8089bcb5b44a210e392a270e	0	0	0	0	0	0	53	0	0	0	0	0	0	0	0	38	27	17	15	0	105	0	0	0	0	0	0	0	0	0
e462db58e5ec1e2451745686069a705e	0	0	0	0	0	0	0	0	0	0	0	0	0	0	0	0	0	0	0	0	0	0	0	0	0	9	0	0	0	0
0536d9661c5865d1c764be7c1e4694b8	0	0	0	0	0	0	0	0	0	0	0	0	0	0	0	0	0	0	0	0	0	0	0	0	0	0	0	13	0	0
98ae2b83f80886b43ce34609b4de2de3	0	0	0	0	0	15	0	0	0	0	0	0	0	0	0	0	0	0	0	0	0	0	0	0	0	0	0	0	0	0
411866b2999d674c0cc77a54e7e75858	0	0	0	0	0	0	0	0	0	0	0	0	0	0	0	0	10	0	0	0	0	0	0	0	0	0	0	0	0	0
722d089672a25132c6aedef0dcf79691	0	0	0	0	0	0	0	0	0	0	8	0	0	0	0	0	0	0	0	0	0	0	0	0	0	0	0	0	0	0
cdbc9805c66234c91acb5388c5ada2fc	0	0	0	14	0	0	0	0	6	0	0	8	0	0	0	0	0	13	0	0	101	0	0	16	0	10	0	0	0	51
debabd7ed2b978b3e82267f7cc7327ea	0	0	0	0	0	0	0	0	0	0	0	0	5	0	0	0	0	0	0	0	0	0	0	0	0	0	0	0	0	0
2a118652495ce4572bbded256e0c25e0	0	0	0	0	12	0	0	0	0	0	0	0	0	0	0	0	0	0	0	0	0	0	0	0	0	0	0	0	0	0
7282cfd41187687dc3c8db4feb8da806	0	0	0	0	0	0	9	0	0	0	0	0	0	0	0	0	0	0	0	0	0	0	0	0	0	0	0	0	0	0
b6ac31b201bb9b81e5ce5e497fa8df57	0	0	0	0	0	0	0	0	0	0	0	0	0	0	0	0	0	0	0	0	0	17	0	0	0	0	0	0	0	0
b155d40222055b21ff2c8dad45ff130f	0	0	0	7	0	0	0	0	0	0	0	0	0	0	0	0	0	0	0	0	0	0	0	0	0	0	0	0	0	0
cdc91e46f9f3b6b3acf0cab123f33546	36	16	0	22	0	13	0	0	0	19	0	0	0	0	0	0	0	0	0	0	0	0	0	0	0	0	0	0	0	0
92898e2e7203d3b0c313863d7851a8d0	0	0	0	0	0	0	0	0	0	0	0	6	0	0	0	0	0	0	0	0	0	0	0	0	0	0	0	0	0	0
cc75ddc62fca9a0f7d8ee30761234f6b	214	61	0	54	52	139	0	20	0	14	0	0	0	0	0	0	0	0	0	0	0	0	0	0	0	0	0	25	0	0
b3236311c1befbd696c68239597da264	0	0	0	0	0	0	0	0	23	0	0	0	0	0	0	0	0	0	0	0	0	0	0	0	0	0	0	0	0	0
74097c5e715e76c8bc89cc685299c3e2	0	0	0	0	0	0	0	0	0	0	0	0	0	0	679	64	0	0	0	51	0	0	0	26	0	0	0	0	0	0
fa0e84c5497a6622b259e5e9d010f44a	0	0	0	0	0	9	0	0	0	0	0	0	0	0	0	0	0	0	0	0	0	0	0	0	0	0	0	0	0	0
3fc8805a2c0715203d4016af2f5f341d	0	0	0	0	0	0	0	0	0	0	0	0	0	0	0	3	0	0	0	0	0	0	0	0	0	0	0	0	0	0
cda2f22e0cabc42916f4935a897c6571	0	0	0	0	0	0	0	0	0	0	0	5	0	0	0	0	0	0	0	0	0	0	0	0	0	0	0	0	0	0
fe6b961177d1850002253786b93b8109	0	0	0	0	0	0	0	0	0	0	0	0	16	0	0	0	0	0	0	0	0	0	0	0	0	0	0	0	0	0
d966a57dc33b8321716ca05597d4350e	0	0	0	0	0	0	0	0	0	0	0	0	0	0	0	0	0	0	0	0	0	0	0	0	0	0	0	0	0	4
b45c5fccff5f204209ce688ebc29a99c	0	0	0	0	0	0	0	0	0	0	0	0	0	0	0	0	0	0	0	0	0	0	0	0	0	0	0	0	0	32
71f5cf02abe6f0c3d96f8613e6bfda88	0	0	285	35	0	0	0	0	19	0	0	0	0	0	0	0	0	0	0	0	0	0	0	0	0	0	0	65	0	0
0724ff31f50ed7d5da0baec741d9d050	0	0	0	0	0	0	0	0	0	0	0	0	0	0	0	0	0	0	0	0	0	0	0	0	0	0	0	0	3	0
1f5e8d2361b6f5a66c0c31176a37b264	0	0	0	0	0	0	0	0	0	0	0	13	5	3	0	0	0	0	0	0	0	0	0	0	0	0	0	0	0	0
273702d5d0988f284b544d0ec6ab9630	0	0	0	0	0	0	0	6	0	0	0	0	0	0	0	0	0	0	0	0	0	0	0	0	0	0	0	0	0	0
ad65334d07a607e151996eb5e3d7dd9e	14	45	0	24	59	25	0	16	0	0	0	0	0	0	0	0	0	0	0	0	0	0	0	0	0	0	0	0	0	0
52b72c81b3a1ee2565e527447d56f34e	0	0	0	0	0	0	0	0	0	0	10	5	0	0	0	0	0	0	0	0	0	0	0	0	0	0	0	0	14	0
4c9a6699b73d286ad9a9b5589cb4da5a	0	0	0	0	0	0	0	8	0	0	0	0	0	0	33	0	0	0	8	0	0	0	0	0	0	0	0	0	0	0
45e450cebbdfcc2a3b4623f0c519dd97	0	0	0	0	0	0	0	0	0	0	28	0	0	0	0	0	41	0	0	0	0	0	0	0	0	0	0	0	0	0
291b526c5665a206c6058d5aeeeb0090	0	0	0	0	0	0	0	0	0	0	0	0	0	0	0	0	0	0	2	0	0	0	0	0	0	0	0	0	0	0
15491e7909ee3fb78dd9fd0f22da6fa9	0	0	0	0	0	0	0	0	0	0	0	0	0	0	0	0	0	0	0	0	0	0	0	0	0	0	0	0	0	3
e803bae5d71469c86c1a10f3afd19ffb	0	0	0	0	0	0	0	0	0	0	0	0	0	0	27	0	0	0	0	0	0	0	0	0	0	0	0	0	0	0
4738af0e01e3b73d0b7c1e32e7114c95	0	0	0	0	0	27	0	0	0	27	0	0	0	0	0	0	0	0	0	0	0	0	0	0	0	0	4	0	0	0
7eaff1b18b03d80dc9dbbccf391b1d31	0	0	0	0	0	0	33	0	0	39	0	0	0	0	16	0	0	0	0	0	0	0	0	0	0	0	0	0	0	0
26a0f5254e08bc66f7cad7b4f165249e	0	0	0	0	0	0	0	0	0	0	0	0	0	0	0	0	0	0	2	0	0	0	0	0	0	0	0	0	0	0
d20290bd8e1731d0f500ffb6c60da2b4	0	0	0	0	0	0	0	0	0	0	17	3	0	0	0	0	0	0	0	0	0	0	0	0	0	0	0	0	0	0
0111e4b6d3e3961e13b8d6386782eb78	0	4	0	0	0	0	0	0	0	0	0	0	0	0	0	0	0	0	0	0	0	0	0	0	0	0	0	0	0	0
484c11e7441ad23161fe48c9feb4a549	0	0	0	0	0	24	0	0	0	0	0	0	0	0	0	0	0	0	0	0	0	0	0	0	0	0	0	0	0	0
42c02d9efce980d819d05c396ed1c37e	0	0	0	0	0	0	0	0	0	0	0	0	0	0	0	0	0	0	0	0	0	0	2	0	0	0	0	0	0	0
d24663736b93571a09d7f7ee2c446702	0	0	0	0	0	0	0	0	0	0	0	0	0	0	0	0	0	0	0	0	0	2	0	0	0	0	0	0	0	0
5a0d5762067346ecb4d303e4cabd1330	0	0	0	0	0	0	0	0	0	0	0	0	0	0	0	0	0	0	0	0	0	5	0	0	0	0	0	0	0	0
ae2da013701b003ecf2db8574dbfb776	0	0	0	0	0	0	0	0	0	0	0	7	0	0	53	0	0	0	0	0	0	0	0	0	0	0	0	0	0	0
d12fbdec305883e4f65a8f5ea3036ff4	0	0	0	0	0	0	0	0	0	0	0	0	18	0	0	0	0	0	0	0	0	0	0	0	0	0	0	0	0	0
778078eebdf0cc3fb84300be2506ef3c	0	0	0	0	0	0	0	0	0	0	0	0	0	0	0	0	0	0	0	0	0	0	0	0	0	0	2	0	0	0
af868fd80c26af37b55c3c5090efa6e4	0	0	0	0	0	0	0	0	0	0	0	0	0	2	0	0	0	0	0	0	0	0	0	0	0	0	0	0	0	0
2b8d93bb5221b80b09347789548f5610	0	0	0	0	0	0	0	0	0	0	0	0	0	0	6	0	0	0	0	0	0	0	0	0	0	0	0	0	0	0
cbe35c72a64f8c59249569735a50d93b	0	0	0	0	0	0	0	0	0	0	0	0	0	0	0	0	0	0	0	0	0	0	0	0	0	0	0	12	0	0
85e6bee25159eef56c1b7a48147d9b93	0	0	0	0	0	0	0	0	0	0	0	0	0	0	0	17	0	23	0	0	0	0	0	0	0	0	0	0	0	0
13616305499bd4266dd36baf9ffd6597	0	0	0	0	0	0	0	0	0	0	0	0	0	0	0	11	0	0	0	0	0	0	0	0	0	0	0	0	0	0
65e7c2fc3fe6e35596ab117f241b4c5b	0	0	0	0	0	0	3	0	0	0	0	0	0	0	0	0	0	0	0	0	0	0	0	0	0	0	0	0	0	0
f06d1bf559347b3e9e33e12d0e64b319	0	0	0	0	0	0	0	0	0	0	0	0	0	0	0	0	3	0	0	0	0	0	0	0	0	0	0	0	0	0
743aae3503c4b0e5fc3bcdbeefc95e28	0	8	0	0	0	15	0	0	0	0	0	0	0	0	0	0	0	0	0	0	0	0	0	0	0	0	0	0	0	54
52beb7ab7443eef6cefc7457f1645039	0	0	182	0	0	0	0	0	20	0	0	0	0	0	0	0	0	0	0	0	0	0	0	0	0	0	0	0	0	0
7fdf7c08de6ab59db5d975d55a41a314	0	0	2	0	0	0	0	0	0	0	0	0	0	0	0	0	0	0	0	0	0	0	0	0	0	0	0	0	0	0
cba9477199928fbdd63de378a4e93140	4	5	0	0	0	0	0	0	0	0	0	0	0	0	0	0	0	0	0	0	0	0	0	0	0	0	0	0	0	0
73a2904989e424990a5e1d3ebbb61488	0	0	0	0	0	0	0	0	0	0	0	0	4	0	0	0	0	0	0	0	0	0	0	0	0	0	0	0	0	0
105f6ca0387684c268be655a03239dcc	0	0	36	0	0	0	0	0	0	0	0	0	0	0	0	0	0	0	0	0	0	0	0	0	0	0	0	0	0	0
bd717f08d687c181ac81a7cdb88dadf9	0	0	0	0	0	0	10	0	0	0	27	0	0	0	0	0	0	0	0	0	0	0	0	0	0	0	0	0	0	0
f24a4f961d0b1c08637658485ee1a80b	0	0	0	0	0	0	0	0	0	0	0	0	0	0	0	0	0	0	0	0	2	0	0	0	0	0	0	0	0	0
f4ef074461ac6b42548b07c1f9bf0d48	0	0	0	0	0	0	0	0	0	0	0	0	0	0	0	0	11	0	0	0	0	0	0	0	0	0	0	0	0	0
3b022217f8305483b7c9a16249b46ba7	0	0	0	0	0	0	4	0	7	0	0	0	0	0	0	0	0	0	0	0	0	0	0	0	0	0	0	0	0	0
1ca63c39247147782a075d8f6341f450	0	0	0	0	0	0	0	0	0	0	0	14	0	0	0	0	0	0	0	0	0	0	0	0	0	0	0	0	0	0
0c5bfdf15c4e1b7b91426738824f1e90	0	5	0	0	0	0	0	0	2	0	0	0	0	0	0	0	0	0	0	0	0	0	0	0	0	0	0	0	0	0
b38c26e9d3fadc0f09407bd4a8e4ab3a	0	0	0	0	0	0	0	0	0	0	0	0	0	0	0	20	0	0	0	0	0	0	0	0	0	0	0	0	0	0
0b097f64905e2828ba938cc5761ed443	15	0	0	9	0	0	0	0	0	0	0	0	0	0	0	0	0	0	0	0	0	0	0	0	0	0	0	0	0	0
9370f570fea744bc4360ea7b96ade6ff	0	0	0	0	0	0	0	0	18	0	183	31	56	10	0	10	28	21	24	19	13	32	8	79	108	69	53	51	123	0
9c2e3da872b0ccf2d8f66a970583435e	0	0	0	0	0	0	0	0	0	0	0	0	0	0	0	0	4	0	0	0	0	0	0	0	0	0	0	0	0	2
59230203a9fca1e836db4a884cee9ea1	2	0	0	0	0	0	0	0	0	0	0	0	0	0	0	0	0	0	0	0	0	0	0	0	0	0	0	0	0	0
6cdcd7fcc93a7bc3c05c044e800d66d4	0	0	0	0	0	0	0	0	0	0	0	0	0	0	0	0	0	0	0	0	0	2	0	0	0	0	0	0	0	0
0dd46213c08d4369edb70fa1e2256078	0	0	0	0	0	0	0	0	0	0	0	0	0	0	0	0	0	0	0	0	0	0	0	0	5	0	0	0	0	0
2412b9c769f1183aef11b99d7f5c43cb	40	27	12	19	67	0	0	48	29	0	0	0	0	0	0	0	0	0	0	0	0	0	0	0	0	0	0	0	0	0
9f3c5da152680d26e99ac2c76234d033	42	0	0	0	0	0	0	0	0	0	0	0	0	0	0	0	0	0	0	0	0	0	0	0	0	0	0	0	0	0
6380ee792c7768339c775c7a615e69ff	0	0	0	0	0	0	0	0	0	0	0	0	0	0	2	0	0	0	0	0	0	0	0	0	0	0	0	0	0	0
e804092e6a63f349c4c0d1d9d3e43bca	0	0	0	0	0	0	0	0	0	0	0	0	0	0	0	0	0	0	0	0	0	0	0	0	0	0	0	0	7	0
2436da4db2ed38fd19f05962eecac705	0	0	0	0	0	0	0	0	0	0	0	2	0	0	0	0	0	0	0	0	0	0	0	0	0	0	0	0	0	0
21f123007c7dfd5cf8d7facccc907d7f	0	0	0	0	0	0	0	0	0	0	0	0	0	0	0	0	6	0	0	0	0	0	0	0	0	0	0	0	0	0
f864e4dc4947291095a6c30fee094ef5	0	0	0	0	0	0	0	2	0	0	0	0	0	0	0	0	0	0	0	0	0	0	0	0	0	0	0	0	0	0
7b750ad7a50778946e6b2e382ee36b46	0	0	0	0	0	0	0	0	0	0	0	0	0	0	0	0	0	0	0	0	0	0	0	0	27	7	0	0	0	0
98d294f47d1b8afeac3790da9f4223e3	2	0	0	0	0	0	0	0	0	0	0	0	0	0	0	0	0	0	0	0	0	0	0	0	0	0	0	0	0	0
dd689f17281dc42818ece35e50888df5	0	0	0	0	0	0	0	0	0	0	10	0	0	0	0	0	0	0	0	0	0	0	0	0	0	0	0	0	0	0
ba3265854a143caf1274a6225daa0005	0	0	0	0	0	0	0	0	0	0	0	0	0	0	0	0	0	0	0	0	0	0	0	0	0	0	0	0	0	4
3a110d326d3a07776ff48d17b43485ca	0	0	0	0	0	0	0	0	0	2	0	0	0	0	0	0	0	0	0	0	0	0	0	0	0	0	0	0	0	0
f93d63de06defa06eb00bfe3a8467e3f	0	0	0	0	0	0	44	0	0	0	0	0	0	0	0	0	0	0	0	0	0	0	0	0	0	0	2	0	0	0
61ad27144167f47de46cb7d50eae0a6e	0	0	0	0	0	0	0	0	41	0	0	0	0	0	0	0	0	0	0	28	0	0	0	0	0	0	0	0	0	0
77098a6032ccdfbba19dca6c317f86fa	0	0	0	0	0	0	0	0	0	0	0	0	0	0	0	0	0	0	6	0	0	0	0	0	0	0	0	0	0	0
56ce843206fbd94ad2993fb5dcdcc366	0	0	0	0	0	0	0	9	0	0	0	0	0	0	0	0	0	0	0	0	0	0	0	0	0	0	0	0	0	0
2a3e4a5f8a8f29ab51f8c2fb1f65b1d7	0	0	0	2	0	0	0	0	0	0	0	0	0	0	0	0	0	0	0	0	0	0	0	0	0	0	0	0	0	0
5ec7f51cb9e8ebfa2437daa4dacd4a47	0	0	0	0	0	0	0	0	20	0	0	0	0	0	0	0	0	0	0	0	0	0	0	0	0	0	0	0	0	0
ac0ff7f71a1f4030bc617bc98d8e0696	0	28	0	12	24	43	0	0	20	0	0	0	0	0	0	0	0	0	0	0	0	0	0	0	0	0	0	0	0	0
24edae3ba68e35d59b27693a1116fced	0	0	0	0	0	0	0	0	0	0	2	0	0	0	0	0	0	0	0	0	0	0	0	0	0	0	0	0	0	0
bab44e68dde4f32893f2dbee37c1d33f	0	0	0	0	0	0	0	0	0	0	0	0	0	11	0	0	0	0	0	0	0	0	0	0	0	0	0	0	0	0
c7653357a8d9b02a11193f7ebf47b2fa	0	0	0	0	16	0	0	0	0	0	0	0	65	0	0	0	0	0	0	20	0	216	0	0	44	350	0	129	41	34
90dbc634c81f9e7d8a3355bd35f6924b	0	0	0	0	0	0	0	0	0	0	11	0	0	0	0	0	0	0	0	0	0	0	0	0	0	0	0	0	0	0
797f6a13a75fdc171b25fdab66cfe299	0	0	0	0	0	0	0	0	0	0	0	0	0	0	0	0	6	0	0	0	0	0	0	0	0	0	0	0	0	0
d6c997c982b54b3b24a97b4e6ac9234c	0	0	0	0	7	0	0	0	0	0	0	0	0	0	0	0	0	0	0	0	0	0	0	0	0	0	0	0	0	0
78da78d9a1904a5500e4b6af56b9f1c1	0	0	0	0	0	0	0	0	0	2	0	0	0	0	0	0	0	0	0	0	0	0	0	0	0	0	0	0	0	0
31eb012d68a631c56666878499bbd16f	0	0	0	0	0	0	0	0	0	0	3	0	0	0	0	0	0	0	0	0	0	0	0	0	0	0	0	0	0	0
46773d206466e18b20448b74d19b1ef6	0	0	0	0	0	0	0	4	0	0	0	0	0	0	0	0	0	0	0	0	0	0	0	0	0	0	0	0	0	0
46acfb9d520fc73f7f434d3b7d71b67e	0	0	33	0	0	0	0	0	0	0	0	0	0	0	0	0	0	0	10	0	0	0	0	0	0	0	0	0	0	0
d70ba84dc27d19b755ab339911a092cc	0	0	0	0	0	0	0	0	0	0	13	0	0	0	0	29	55	67	0	0	0	0	0	10	15	0	0	0	94	0
0140beb2c32d2277fe153eb84e8c3bbc	0	0	0	0	0	0	0	0	0	0	0	0	4	0	0	0	0	0	0	0	0	0	0	0	0	0	0	0	0	0
3739fd338aab5429aee277bebe1fe5ac	0	0	0	0	0	0	0	0	0	0	0	6	0	0	0	0	0	0	0	0	0	0	0	0	0	0	0	0	0	0
098c09698fc06e370ad9f0ba1904a384	13	27	0	0	0	104	0	0	0	193	0	0	0	0	0	0	0	0	0	0	0	0	0	0	0	0	0	0	0	0
bd9a3d4f56faa4d05d48a777abf92c5c	0	0	0	0	0	0	0	0	0	0	33	0	0	0	0	0	0	31	0	0	0	0	0	0	0	0	0	0	0	0
aa31858174fbdca36b1f5fb311635b7e	0	0	0	0	0	5	0	0	0	0	0	0	0	0	0	0	0	0	0	0	0	0	0	0	0	0	0	0	0	0
accc7e0d850f7cdd3efe991689044138	0	0	0	0	0	0	0	0	0	0	0	0	0	0	0	0	0	0	0	0	0	0	0	0	2	0	0	0	0	0
e9c618f03deac0f4bda97f48d373969f	0	0	0	0	0	0	0	0	0	31	0	0	0	0	0	0	0	0	0	0	0	0	0	0	0	0	0	0	0	0
a03175ca12f8d040386a829703a45ca6	0	0	0	0	0	0	0	0	0	0	0	0	0	0	0	0	0	0	0	0	0	0	0	35	9	33	0	0	0	0
0e4eb37ad461416865499b82e17f01e7	0	0	0	0	0	0	0	0	0	0	0	0	0	0	0	29	0	0	0	0	0	0	0	0	0	0	0	0	0	0
2703990b68342de4c85850320e17c471	0	0	0	0	0	0	0	0	0	0	0	0	0	0	0	0	0	0	0	0	0	0	0	0	0	22	0	0	0	0
d27cfdac34c1d78a477dd5a8e7d76b19	0	0	0	9	0	0	0	0	0	0	0	0	0	0	0	0	0	0	0	0	0	0	0	0	0	0	0	0	0	0
81ebdd18f4954556b2a7d50ef8701c04	0	0	0	0	19	0	0	0	0	0	23	22	1724	27	0	0	0	0	0	0	0	35	0	14	17	30	0	0	0	0
e455a06ad6ec9ab05c8260d16520347c	0	0	0	0	0	0	0	0	3	0	0	0	0	0	0	0	0	0	0	0	0	0	0	0	0	0	0	0	0	0
5a13a9469fd19c4055a87daecedcf8d8	0	0	0	0	0	0	0	0	0	0	0	0	0	0	19	0	0	0	0	0	0	0	0	0	0	0	0	0	0	0
40c4eb6c49c923858fe894aa9969cf26	0	0	0	0	0	0	0	0	0	0	0	11	0	20	46	0	0	0	18	0	0	0	0	0	0	0	0	0	0	0
42479549a7c001f3895b727792c239cc	43	55	47	502	172	0	0	87	89	92	0	0	0	0	0	0	0	33	0	0	17	0	0	0	0	0	0	0	0	0
fd031423db5f385d89492211d5012a6d	0	0	0	0	0	0	0	0	0	0	5	0	0	0	0	0	0	0	0	0	0	0	0	0	0	0	0	0	0	0
4edfc1789d1789d27084f70351a689fd	0	0	0	0	0	0	0	0	0	0	0	0	0	0	0	0	0	0	0	0	0	0	0	0	0	11	0	0	0	0
babc4a4b88d35cd5f28d69ea0b36d747	0	0	0	0	0	0	0	0	0	0	0	0	0	0	0	0	0	0	0	0	0	0	0	0	12	0	0	0	0	0
eede662e67379211f11c08fd7a8af8aa	0	0	0	0	0	0	0	0	0	0	0	0	0	0	37	0	0	0	0	0	0	0	0	0	0	0	0	0	0	0
c421d1db2e97eb6db827067634f989ce	0	0	0	0	0	0	0	0	0	0	2	0	0	0	0	0	0	0	0	0	0	0	0	0	0	0	0	0	0	0
1a4761a99f66baefddf55f81c65f53fd	0	0	0	0	0	0	0	0	0	0	11	0	0	0	0	0	0	0	0	0	0	0	0	0	0	0	0	0	0	0
137027e8f6b76c3fa93fd5751af5e387	5	0	0	0	0	0	0	0	0	0	0	0	0	0	0	0	0	0	0	0	0	0	0	0	0	0	0	0	0	0
93b221e19280c2d56f2cd78158c2b9fc	0	0	0	0	0	0	9	0	22	0	0	26	0	0	0	0	0	0	0	0	0	68	0	0	83	62	0	143	100	187
475a02946a928e47b03e13a29c3661ba	0	0	0	0	0	0	0	0	0	0	0	0	8	0	0	0	0	0	0	0	0	0	0	0	0	0	0	0	0	0
1fc28e4adcb11231543e8e5096845e12	0	0	0	0	0	0	0	0	0	0	0	65	0	0	0	0	0	0	0	0	0	0	0	0	0	0	0	0	0	0
a94171dc0078dbc62e1215f8614c03e3	0	0	0	0	0	0	2	0	0	0	0	0	0	0	0	0	0	0	0	0	0	0	0	0	0	0	0	0	0	0
91150c401e6ad1fcdc4e1ac7af787843	0	0	0	18	0	0	0	0	0	0	0	0	0	0	0	0	0	0	0	0	0	0	0	0	0	0	0	0	0	0
b360bdd4c6aff3fdd3dcfcf017eced74	0	0	0	0	0	0	0	0	0	0	21	0	0	0	0	0	0	0	0	0	0	0	0	0	0	0	0	0	0	0
fc641eecb2c19bc1ad430a785a37570d	0	0	0	0	0	0	0	0	0	0	0	16	0	28	211	0	0	0	0	27	0	0	27	0	0	0	0	127	29	147
8b416e5d9853bd9f05c5ac1401ef85e7	0	0	0	0	0	0	0	0	0	0	0	0	0	0	0	0	0	0	0	0	0	0	0	0	0	0	0	0	0	4
e7a5f681172f5d32ce53c1d3343fd6a2	0	0	0	0	0	0	0	0	0	0	0	0	0	0	0	0	0	0	0	0	0	0	0	26	0	0	0	0	0	0
c87843e446184cf5d3fa28aef330c910	20	0	11	51	24	44	0	27	0	95	27	25	0	59	0	0	0	28	28	0	0	0	0	0	47	27	0	0	28	0
e9dd6671461d129f976414408655e3ef	0	5	0	0	0	0	0	0	0	0	0	7	0	0	100	0	0	0	26	0	0	0	0	0	0	0	0	0	14	0
1c6893fc9fa0329f69456959e80b57bc	0	0	10	0	0	0	0	0	0	0	16	0	0	0	0	0	0	0	0	0	0	0	0	0	0	0	0	0	0	0
d620913ee7a853f340174535c78b1a4e	0	0	0	0	0	0	0	0	0	0	0	0	0	0	0	0	0	0	0	0	0	0	3	0	0	0	0	0	0	0
ac6fc0ebac32a63a356565abda8ab687	0	0	0	0	0	0	0	0	0	0	8	0	0	0	0	0	0	0	0	0	0	0	0	0	0	0	0	0	0	0
29087564d27a27a455f5fc9fe172edbd	0	0	0	7	0	0	0	0	0	0	0	0	0	0	0	0	0	0	0	0	0	0	0	0	0	0	0	0	0	0
6f873fb9f743e4f9112874622189f9e4	0	0	0	0	0	0	0	0	0	0	0	0	0	0	0	0	0	0	0	0	0	0	0	0	2	0	0	0	0	0
968b792c75e697616312e041b22dd3fa	0	0	0	0	0	0	0	0	0	0	0	0	0	12	0	0	0	0	0	0	0	0	0	0	0	0	0	0	0	0
8c0f7573074dfe0eb0664b09e2fbce4f	35	338	0	63	127	64	0	226	0	36	0	0	0	0	0	17	0	0	0	0	0	0	0	0	35	0	0	0	30	0
c42f3eb29d8fff66c5a4e942e7a4ed91	0	0	0	0	0	0	0	0	0	0	0	0	0	0	0	0	0	0	0	0	0	0	0	0	13	0	49	0	27	0
6fcb3300a893db9097905052163d5d53	0	0	0	0	0	0	0	0	0	47	0	0	0	0	0	0	0	0	0	0	0	0	0	0	0	0	0	0	0	0
703db00c36a2b4154804b2ddc39b4f98	0	0	0	0	0	0	0	0	0	0	0	0	0	0	0	0	0	0	0	0	0	0	0	0	0	0	0	8	0	0
445990ce2e66231479809463720be6f1	0	0	0	0	0	0	0	0	0	0	0	0	0	0	0	0	0	0	15	0	0	0	0	0	0	0	0	0	0	0
1b20faa1c720ce928ff0378d660782fe	0	0	0	3	0	0	0	0	0	0	0	0	0	0	0	0	0	0	0	0	0	0	0	0	0	0	0	0	0	0
05258e40418bb01af3ee2cd4b27607ca	0	0	0	0	0	0	0	0	0	0	0	0	0	0	0	0	0	0	0	7	0	0	0	0	0	0	0	0	0	0
8cef2257a15b2f8ab860578a2d5db5cd	0	79	0	0	0	0	0	0	109	56	0	0	17	0	0	16	0	0	0	0	0	0	0	0	0	0	0	0	0	0
5b2eb3cab24a4a45f2f6ee9b13f1b4fa	0	0	0	0	9	0	0	0	0	0	0	0	0	0	0	0	0	0	0	0	0	0	0	0	0	0	0	0	0	0
2a995d8004c662943b49d4fc74f5b2d7	0	0	0	0	0	0	0	0	0	0	0	0	0	0	0	0	3	0	0	0	0	0	0	0	0	0	0	0	0	0
31cf9df4aae808e6c0ed27a16e98ce60	0	0	0	0	49	0	0	0	0	0	0	0	0	0	0	0	0	0	0	0	0	0	0	0	0	0	0	0	0	0
3d32a674402b8d54c24ad0ecd07581c1	0	0	0	0	0	0	0	0	0	0	0	0	0	0	0	5	0	0	0	64	0	0	0	0	0	0	0	0	0	0
e661a5283a4f1c5458860810878fc70c	0	0	0	0	0	0	0	0	0	0	20	0	0	0	0	0	0	0	0	0	0	0	0	0	0	0	0	0	0	0
bb60b24162d45a3c5b880161aa3bf424	0	0	0	0	0	0	0	0	0	0	22	15	15	58	14	44	82	35	32	145	0	0	0	119	14	454	52	0	146	0
bee8552d2aa52602d7827980c8410876	0	0	0	0	0	0	0	0	0	0	0	11	0	0	0	0	0	0	0	0	0	0	0	0	0	0	0	0	0	0
e72f84c5e9674d60c72626e9999d6eea	0	0	0	0	0	0	0	0	0	0	0	0	0	0	0	0	0	0	0	0	0	0	0	0	0	0	0	0	0	7
8d079eb97acfa5d788a4f4bd78c88606	0	0	14	0	0	0	0	0	0	0	0	0	0	0	0	0	0	0	0	0	0	0	0	0	0	0	0	0	0	0
42b93bae477ba5fb2f89eb5f51d0ad25	0	0	0	0	0	0	0	0	0	0	0	0	0	0	0	7	0	0	0	0	0	0	0	0	0	0	0	0	0	0
4e4266781d4b37a1fc1a02bacaa0c447	0	7	111	0	0	14	0	150	18	0	0	0	0	0	0	14	0	0	0	0	0	0	0	0	0	0	0	0	0	0
6504a6c9eb50e05ca2d09da49b4f41e1	0	0	0	0	0	0	0	0	0	0	0	13	0	0	0	0	0	0	0	0	0	0	0	0	0	0	0	0	0	0
360d51bc589b9327631a6da9df3be2ce	0	0	0	3	0	0	0	0	0	0	0	0	0	0	0	0	0	0	0	0	0	0	0	0	0	0	0	0	0	0
7bf75090e6b48fceb3397bc990b67667	37	82	27	61	214	108	146	621	186	158	285	329	488	496	214	562	605	807	234	1220	52	116	65	148	216	2320	2085	62	988	53
012284a1464bfe0e46636b7c12c1dfeb	0	0	0	0	0	0	0	0	0	0	0	0	0	0	0	0	0	0	0	0	0	0	0	16	0	0	0	0	0	0
2b52a543ad0cfec975e33c6ac19a4ccd	0	0	129	0	0	0	0	0	26	23	0	0	0	0	0	10	0	0	0	24	0	45	0	40	54	54	24	0	23	152
90b72b27b124514014c37afba488d1d5	0	0	0	0	0	0	0	0	0	0	0	0	0	0	0	0	0	0	5	0	0	0	0	0	0	0	0	0	0	0
82ef23a976b8f79d13bc6c5ca722d513	0	0	0	0	0	0	0	0	0	0	0	0	0	0	0	0	0	0	0	0	0	0	19	0	0	0	0	0	0	0
d4ae373c6df536fe31609e689cde6052	0	0	0	0	0	0	0	2	0	0	0	0	0	0	0	0	0	0	0	0	0	0	0	0	0	0	0	0	0	0
dda4e1ff23ccd79de71ff351d8b67039	0	0	0	0	0	0	0	0	0	0	0	0	0	0	0	0	0	0	0	0	0	17	0	0	0	0	0	0	0	0
d9c50546cea69d2a652a71e5f5ef30ad	0	0	0	0	0	0	8	0	14	0	3	0	0	0	0	0	0	0	0	0	0	0	0	0	0	0	0	0	0	0
a96ea427f2036ec2f7d7a3c025bc3fca	0	0	0	0	0	0	0	0	0	0	0	0	0	0	0	25	13	0	8	0	0	0	0	0	7	0	0	0	0	0
a3917b52be660ff3d80038d97104a43e	0	0	0	0	0	0	0	0	0	0	0	0	0	0	23	0	0	0	0	0	0	0	0	0	0	0	0	0	0	0
5df7942e013a76d7be2d7ffa3406455e	0	10	0	0	0	0	0	0	0	6	0	0	0	0	0	0	0	0	0	0	0	0	0	0	0	0	0	0	0	0
c380854ee0db30cb190368f3cc5ff359	0	0	0	0	0	0	0	0	0	0	0	0	0	0	0	0	0	0	5	0	0	0	0	0	0	0	0	0	0	0
8a23407f2d459fd6bd1efbb083717874	0	0	0	0	0	0	6	0	0	0	0	0	0	0	0	0	23	0	15	0	0	0	0	0	0	0	0	0	0	0
ef242d417f870ef38248253385d2e239	0	0	0	0	0	0	0	0	0	0	0	0	0	0	2	0	0	0	0	0	0	0	0	0	0	0	0	0	0	0
c6ce3fc858981045134a7690936a2b8a	0	0	0	0	0	0	0	0	0	0	19	0	0	0	0	0	7	0	0	0	0	0	0	0	0	0	0	0	0	0
7bf4c826644b4965eff98d81d07965bd	0	0	0	0	0	0	0	0	0	0	0	0	0	0	0	0	0	0	0	2	0	0	0	0	0	0	0	0	0	0
f409e3df93983dcf833de277eaeb6680	0	0	0	0	0	0	0	0	0	0	0	0	0	0	0	0	0	0	14	0	0	0	0	0	0	0	0	0	0	0
bba20d111f2bad0c4185b7b97a6f9660	0	0	0	0	0	0	0	0	0	2	0	0	0	0	0	0	0	0	0	0	0	0	0	0	0	0	0	0	0	0
459ef7212d6e8afed5d561a16681bf8e	0	0	0	0	0	5	0	0	0	0	0	0	0	0	0	0	0	0	0	0	0	0	0	0	0	0	0	0	0	0
62cbbe513132bb026f968147e800bafb	0	0	0	0	0	0	0	0	0	0	0	0	0	0	0	0	0	0	13	0	0	0	0	0	0	0	0	0	0	0
dd2edec5421323885e105ef74bda13c4	0	0	0	0	0	0	0	12	0	0	0	0	0	0	0	0	0	0	0	0	0	0	0	0	0	0	0	0	0	0
18d4d28d59be108f8444612208158c8a	0	0	0	0	0	0	0	0	0	0	5	0	0	0	0	0	0	0	0	0	0	0	0	0	0	0	0	0	0	0
979970941b28f2f011bdc14248d9e0f2	0	0	0	0	0	0	32	11	0	0	0	15	0	0	0	0	0	19	18	0	0	0	0	0	0	5	0	0	0	0
71b1a96cc5f6ff7c220cf03d4d9c895e	0	0	0	50	0	0	50	0	0	0	0	0	0	0	0	0	0	0	0	0	0	0	0	0	0	0	0	0	0	0
88351a5cf508a4f82147c00d113a4f18	0	0	0	0	0	0	0	0	0	0	0	0	0	0	0	0	0	0	0	0	0	0	0	0	0	0	3	0	0	0
a1dadeb761f38b4b19e16eedee8645f3	0	0	0	0	0	0	0	0	0	0	0	0	0	0	0	0	0	0	0	0	3	0	0	0	0	0	0	0	0	0
e15a9d59361646c9f3ebc7001c3ed742	0	0	0	0	0	0	0	0	0	0	0	0	0	0	0	24	0	0	0	0	0	0	0	0	24	0	8	0	0	0
7ace44c9220764207b5e5610d2ac9772	0	0	0	0	0	0	0	19	0	17	0	0	0	0	0	0	0	0	0	0	0	8	0	0	16	22	0	0	0	0
38dfb219afd9318ce65d7e9bd0914272	117	16	0	12	22	172	120	39	16	15	0	0	0	0	0	0	0	0	0	0	0	0	0	0	0	0	0	0	0	0
794543063774c73c5e6a88120f55d79f	0	0	0	0	0	0	0	0	0	0	0	0	0	0	0	0	0	0	0	6	0	0	0	0	0	0	0	0	0	0
32bc55894928700f03771ace9e36ab95	0	0	0	0	0	0	0	10	0	0	0	0	0	0	0	0	0	0	0	0	0	0	0	0	0	0	0	0	0	0
bfe3e3a92f426eb9ba822d46493247a2	0	0	0	0	0	0	0	0	0	0	14	0	0	0	0	0	0	0	0	0	0	0	0	0	0	0	0	0	0	0
ea59fd318911259ee2b830f9ccf2176b	0	0	0	0	0	0	0	0	0	0	0	0	30	0	0	0	0	0	0	0	0	0	0	0	0	0	0	0	0	0
36b253daa3d51d7f2c902e604aea57cd	0	0	0	0	0	0	0	0	0	0	0	0	0	0	0	0	0	0	0	3	0	0	0	0	0	0	0	0	0	0
79ee58c46d5b1564df16ed4cc7d07e02	0	0	0	0	0	0	0	0	0	0	7	0	0	0	0	0	0	0	0	0	0	0	0	0	0	0	0	0	0	0
35a5428a45852e13084f8630481b3b73	0	0	11	0	0	0	0	0	0	0	0	0	0	0	0	0	0	0	0	0	0	0	0	0	0	0	0	0	0	0
d4ff6d791349e1ee03b179b0c193453a	0	0	0	0	0	0	9	0	0	0	0	0	0	0	0	0	0	0	0	0	0	0	0	0	0	0	0	0	0	0
4eedc023d64a09f54c5617f00cb3ad26	0	0	0	0	0	0	2	0	0	0	0	0	0	0	0	0	0	0	0	0	0	0	0	0	0	0	0	0	0	0
d12e35be110c887ba6ef4a94828133e3	0	0	0	0	0	0	0	0	0	0	0	0	0	0	0	0	0	0	0	9	0	0	0	0	0	0	0	0	0	0
0a365949ecdec9d54a3ebcd5bea9c87d	0	0	0	0	0	0	0	0	0	0	0	0	0	0	0	0	0	0	0	0	0	0	0	0	0	0	0	0	75	0
b4cd41d593fa95e6c837106b8cde2302	0	0	0	0	0	0	0	0	0	0	0	0	0	0	0	0	0	0	0	0	0	0	0	0	0	0	5	0	0	0
166c24f09939730dbc91b0b888814bae	0	0	0	0	0	0	0	0	0	0	0	18	0	31	0	0	0	0	0	0	0	0	0	0	0	0	0	0	0	0
2b33acc66147b049ca4357222a69d32f	0	0	0	0	0	0	0	0	0	0	0	0	0	0	0	0	0	0	0	0	0	6	0	0	0	0	0	0	0	0
f2b13f0be16fee52b478402676131d1b	0	0	0	0	0	0	8	0	0	0	18	5	0	0	0	0	0	0	0	0	0	0	0	0	0	0	0	0	0	0
1c58affe5eb5bbf2d4d46ea9e1119d12	0	0	0	0	0	0	0	0	0	0	0	27	0	0	0	0	48	61	42	0	0	0	0	0	0	0	0	0	0	0
21a0410f6de8cf111097a98d7fa58ab2	0	0	0	0	0	0	0	0	0	0	0	0	0	0	0	0	0	0	0	0	0	0	0	0	0	0	0	0	13	0
f873f394f8b713d1d0d5b92583915603	0	0	0	0	0	0	0	0	0	0	0	0	0	0	0	0	0	0	0	0	0	0	0	0	21	0	0	0	0	0
c63488963dddd1b2b8bce18a3bd2038b	0	0	0	0	0	0	0	0	0	0	0	0	0	0	0	0	0	0	0	0	0	0	0	0	0	0	0	0	4	0
35ce4b3bcad6565e13eb851d84befef1	0	0	0	0	16	0	0	0	0	0	0	0	0	0	0	0	0	0	0	0	0	0	0	0	0	0	0	0	0	0
fa87961d59690a1a30ec037ae5429c09	0	0	0	0	0	0	0	0	0	0	0	0	0	0	0	0	0	2	0	0	0	0	0	0	0	0	0	0	0	0
be59b6def2463f661a381d11db5293b5	12	0	0	0	0	0	0	0	0	0	7	0	0	0	0	0	0	0	0	0	0	0	0	0	17	0	13	0	0	0
292a14d428426af2cf3620aea073725b	0	0	0	0	0	0	0	0	0	0	0	3	0	0	0	0	0	0	0	0	0	0	0	0	0	0	0	0	0	0
d445ea18a223d8551e30932710fad946	5	0	0	0	0	0	0	0	0	0	0	0	0	0	0	0	0	0	0	0	0	0	0	0	0	0	0	0	0	0
1c8b2d74f97001641797405132fe1189	0	0	0	0	0	0	0	0	0	0	0	0	0	26	0	0	0	0	0	0	0	0	0	0	0	0	0	0	0	0
200377204ee16a0a086c75316ca0f28c	0	0	0	0	0	0	0	0	0	0	0	0	10	0	0	0	0	0	0	0	0	0	0	0	7	0	0	0	0	0
4732323d2209db5a2efdc11baff0db77	0	0	0	0	0	0	0	0	0	0	0	14	0	0	0	0	0	0	0	0	0	0	0	0	0	0	0	0	0	0
723b54603b439b18d42c8764cdae59b0	0	0	0	0	0	0	0	0	0	0	0	0	0	0	0	0	0	0	0	0	0	0	0	0	0	11	0	0	0	0
7f1497c4d060cb914a12c9e42d62e28c	0	0	0	0	0	0	0	0	2	0	0	0	0	0	0	0	0	0	0	0	0	0	0	0	0	0	0	0	0	0
4545e3251efad4bc36663697edb00b2b	12	0	0	0	0	0	0	0	0	0	0	0	0	0	0	0	0	0	0	0	0	0	0	0	0	0	0	0	0	0
523bbc5d9672219dcc81dd01571361d0	0	0	0	0	20	0	0	0	0	0	0	0	47	0	0	0	0	0	119	0	15	1258	0	0	0	49	0	20	13	21
841f47f2f316a3f1be1e0ba0a206b345	23	0	0	0	21	0	0	0	0	0	0	0	0	0	0	0	0	0	0	0	0	0	0	0	0	0	0	0	0	0
dfbd44187ec134b86766b03294fa04a0	0	0	0	0	0	0	0	0	0	0	0	0	24	0	0	0	0	0	0	0	0	0	0	0	0	0	0	0	0	0
a87cd4f7b467d7c1973e93e8b98d3e3a	0	0	0	0	0	0	0	0	0	0	0	0	0	37	0	0	0	0	0	0	0	0	0	0	0	0	0	0	0	0
eac3e470f92298e269636240105e7bf9	0	0	0	0	0	0	0	0	0	0	0	0	0	0	0	0	0	0	0	7	0	0	0	0	0	0	0	0	0	0
d98f3ddbf98547971622563ead319476	0	0	0	0	0	0	0	0	0	0	8	0	0	0	0	0	0	0	0	0	0	0	0	0	0	0	0	0	0	0
f2102103923e5faea1ec59bcdd4bf6de	0	0	0	0	0	0	0	0	0	0	0	0	0	0	0	0	0	0	0	0	0	0	2	0	0	0	0	0	0	0
846cf25e7106703c2cce40547350f8be	0	42	0	0	0	0	0	0	0	0	0	0	0	0	0	0	0	0	0	0	0	0	0	0	0	0	0	0	0	0
6faf00eb7c597ffb3b2a3398b97e302f	0	0	0	0	0	0	3	0	0	0	0	0	0	0	0	0	0	0	0	0	0	0	0	0	0	0	0	0	0	0
fa1a396e06f184990d5e8d8e176b41b2	0	0	0	0	0	0	0	0	0	0	0	0	0	3	0	0	0	0	0	0	0	0	0	0	0	0	0	0	0	0
f7762bad6361fbd87817bf7cd5c3620a	0	0	0	0	0	0	0	0	0	0	0	0	0	0	0	0	0	0	0	0	0	0	0	0	0	0	0	28	0	0
7a0896366934f590fbe919665cbfefc9	0	0	0	0	0	0	0	0	0	0	6	0	0	0	0	0	0	0	0	0	0	0	0	0	0	0	0	0	0	0
392d0d59a99900c16ef9c649c382708e	0	0	0	0	0	0	0	0	0	0	0	0	0	0	0	0	0	25	0	0	0	0	0	0	0	0	0	0	0	0
3b6584a0edfc7d324e9e9a2f4991646d	0	0	0	0	0	0	0	0	0	0	2	0	0	0	0	0	0	0	0	0	0	0	0	0	0	0	0	0	0	0
26995b0bbee02d9e58e9c0c8f30bb183	0	0	0	0	0	0	0	0	0	0	0	0	0	0	0	0	0	6	0	0	0	0	0	0	0	0	0	0	0	0
8b5bf44ae2c77a5500904fab5a47f59d	0	0	0	0	0	0	24	0	0	0	0	0	0	0	0	0	0	0	0	0	0	0	0	0	0	0	0	0	0	0
81bbd7d0811e33eb0dcbee481689f882	40	0	0	0	0	28	0	0	0	0	0	0	0	0	0	0	0	0	0	0	0	0	0	0	0	0	0	0	0	0
33b3ad7cb435cd427d01dd93ac306bd6	0	0	0	0	10	0	0	0	0	0	0	0	0	0	0	0	0	0	0	0	0	0	0	0	0	0	0	0	0	0
75f300bebf70a440dd115e4b8c9179ac	0	0	0	0	0	0	0	2	0	0	0	0	0	0	0	0	0	0	0	0	0	0	0	0	0	0	0	0	0	0
e84d06b198388759595be3fc359d84af	0	0	0	0	0	0	0	3	2	0	0	0	0	0	0	0	0	0	0	0	0	0	0	0	0	0	0	0	0	0
747bc3a3432855969d953e4de4ea923e	0	0	0	0	0	0	0	0	0	0	0	0	0	0	0	0	0	0	0	0	0	0	0	0	0	0	0	0	0	21
b209d6211315f35f6d0685f1cf8f236c	0	0	0	0	0	0	0	0	30	0	0	0	0	0	0	0	0	0	0	0	0	0	0	0	0	0	0	0	0	0
321c75814b8bb0f78f02576b17e012a6	0	0	0	0	0	0	0	0	0	0	0	0	8	0	0	0	0	0	0	0	0	0	0	0	0	0	0	0	0	0
4285710a9a9284a612064a6b427ee27f	0	0	14	0	0	0	0	0	0	0	0	0	0	0	0	0	0	0	0	0	0	0	0	0	0	0	0	0	0	0
ab3954c5e5fb3b8c0a16efca7a6ee838	0	0	0	0	0	0	0	2	0	0	0	0	0	0	0	0	0	0	0	0	0	0	0	0	0	0	0	0	0	0
6c6e2df7ce15af06ca9190bb8723793f	0	0	0	0	0	0	0	0	0	0	0	0	0	0	0	2	0	0	0	0	0	0	0	0	0	0	0	0	0	0
846e9914720c5819ef046dec99ac6436	0	0	0	8	0	0	0	0	0	0	0	0	0	0	0	0	0	0	0	0	0	0	0	0	0	0	0	0	0	0
828cef613c45f9433a7534e43dadce21	0	0	0	0	0	0	0	0	0	0	0	0	0	0	0	0	0	0	0	0	0	0	0	0	0	0	0	0	7	0
e00e6975d597e199d7a2f8c9200b261a	0	0	0	0	0	0	0	0	0	0	0	11	0	0	0	0	0	0	0	0	0	0	0	0	0	0	0	0	0	0
fdbbd7f7acea20df22470c53770011ec	0	0	0	0	0	2	0	0	0	0	0	0	0	0	0	0	0	0	0	0	0	0	0	0	0	0	0	0	0	0
9eb244ed344eb1b0d8e9cc7a07343911	0	0	0	0	0	0	0	0	0	2	0	0	0	0	0	0	0	0	0	0	0	0	0	0	0	0	0	0	0	0
05c4c84248eb5b32a38bede74e22638f	0	0	0	0	0	0	0	0	0	0	2	0	0	0	0	0	0	0	0	0	0	0	0	0	0	0	0	0	0	0
a1fceb8264d16a91a567777eef95455d	0	0	0	0	0	0	0	0	0	0	0	0	0	0	0	0	0	0	0	0	0	0	0	2	0	0	0	0	0	0
7d046eef93e11edc158c14e09fd25ae8	0	0	0	0	0	0	0	0	0	0	2	0	0	0	0	0	0	0	0	0	0	0	0	0	0	0	0	0	0	0
4909fd7be360c7a9b77637156345f544	0	0	0	0	0	0	0	0	0	0	0	0	0	0	0	0	0	0	0	0	0	0	0	0	0	0	0	0	13	0
b82cf2f1bfd3a869ec30e43b5d891dc6	0	0	0	0	0	0	0	0	0	0	0	0	0	0	0	0	0	0	0	0	0	0	0	0	0	0	0	0	0	3
8320bfcb293ec1252aa351a83eb4f829	0	0	28	0	0	0	0	0	0	0	0	0	0	0	0	0	0	0	0	0	0	0	0	0	0	0	0	0	0	0
50e30bef525dfc5f1cbb06e8af0e8371	0	0	0	0	0	0	0	0	0	0	12	0	0	0	0	0	0	0	0	0	0	0	0	0	0	0	0	0	0	0
6f74cf7f5849be523cdd311d84cd90c0	0	0	0	0	0	0	0	0	0	0	0	0	0	0	17	0	0	0	0	0	0	0	0	0	0	0	0	0	0	0
202c0e3c35e1afb79a2d1cffe5decbc6	0	0	0	0	0	0	0	0	0	0	66	0	0	119	0	24	38	0	0	0	0	0	0	0	0	0	0	0	0	0
65e9bef3e65691895e6bd97a7e2222cd	0	0	0	3	7	0	0	0	0	0	0	0	0	0	0	0	0	0	0	0	0	0	0	0	0	0	0	0	0	0
83f34277325797ec5defdf96ffb17079	0	0	0	0	0	0	0	0	0	0	0	9	0	0	0	0	0	0	0	0	0	0	0	0	0	0	0	0	0	0
f7ea5b49c88200440e14a9ec3646ee83	0	0	0	0	0	0	0	0	0	0	57	0	0	0	0	0	0	0	0	0	0	0	0	0	0	0	0	0	0	0
1f2be6056ce9f62754e53a0e30b94c3c	0	0	0	0	0	0	0	0	0	0	0	0	0	0	0	0	0	0	0	0	0	0	0	0	0	0	0	0	0	141
ae0e08e24e6e1f1bc8f338c5d9551cbc	0	0	0	0	0	0	0	0	0	0	0	11	0	0	0	0	13	10	4	10	0	0	0	0	0	0	0	0	0	0
fabaa165fa4bc3cc6a5bd5da8689af2c	0	0	0	5	0	0	0	0	0	0	0	0	0	0	0	0	0	0	0	0	0	0	0	0	0	0	0	0	0	0
da3e985ae4474a02c441c748d546a287	5	0	0	0	0	0	0	0	0	0	0	0	0	0	0	0	0	0	0	0	0	0	0	0	0	0	0	0	0	0
70763e34b371f50d7905165083fd50b2	0	0	0	0	0	0	0	0	0	0	0	0	0	0	0	0	0	0	0	0	0	0	0	28	10	0	0	0	0	0
796bd75a8d2a89cbd55068aaf5f3f018	0	0	0	0	0	0	0	0	0	0	0	0	0	0	0	0	0	0	0	0	0	0	0	0	0	0	7	0	0	0
a24bf445c0d13265a19f86cd0ee5c62d	0	0	0	0	0	0	0	0	0	0	0	0	0	0	0	4	0	0	0	0	0	0	0	0	0	0	0	0	0	0
f8a1241344bb06d2395d079fc5cca592	27	0	0	17	0	0	0	0	0	0	0	0	0	0	0	0	0	0	0	0	0	0	0	0	0	0	0	0	0	0
8d484ed9d39412b01ae35ccea278e4f3	0	0	0	0	0	0	0	0	0	0	0	0	0	0	0	0	0	0	0	0	0	0	0	0	0	0	4	0	0	0
f758000a7fd01cc76eceb8d6d2bcbab6	0	0	0	0	0	0	7	28	0	0	8	0	0	0	0	32	11	0	28	0	0	0	0	0	7	0	0	0	49	0
0a038090f9ca95340c35df6fca239fb6	0	0	0	0	0	0	0	0	0	0	0	0	0	0	0	0	0	0	13	0	0	0	0	0	0	0	0	0	0	0
305e78f4f7fcefcd74ab9ebb56fee007	0	0	0	0	0	0	0	0	0	0	0	47	0	12	0	6	0	0	23	5	0	0	0	0	0	0	0	0	0	0
2fb655f457ab38baa551b6fbfaa9f9b5	0	0	0	0	0	0	0	0	0	0	0	0	0	0	12	0	0	0	0	0	0	0	0	0	0	0	0	0	0	0
5698b19291953338b0a9a6e37caee1e7	28	0	0	0	14	22	0	0	0	0	0	0	0	0	0	0	0	0	0	0	0	0	0	0	0	0	0	0	0	0
1822eb5c1c55c1a234d65bf40f939e11	0	0	0	0	0	0	45	0	0	0	25	0	0	0	61	0	0	0	0	0	0	0	0	663	0	0	628	59	853	0
f583b0e149d13f57e6191fab8e297cdf	0	0	0	0	0	0	0	0	0	0	0	0	2	0	0	0	0	0	0	0	0	0	0	0	0	0	0	0	0	0
afafd257957d6da0a1ffa45e5d404af1	0	0	0	0	0	0	0	0	0	0	0	0	0	0	0	0	0	0	0	0	0	0	0	0	0	0	0	0	0	2
2ddf9c08e567f7718bc753f1f11bd937	6	0	0	7	0	0	0	0	0	0	0	0	0	0	0	0	0	0	0	0	0	0	0	0	0	0	0	0	0	0
9514ccb2e710efb294a267690da265fd	0	0	0	0	0	0	0	0	0	0	2	0	0	0	0	0	0	0	0	0	0	0	0	0	0	0	0	0	0	0
30373cb4d3d47051055afa97d4029c4e	0	0	0	0	0	0	0	0	0	6	0	0	0	0	0	0	0	0	0	0	0	0	0	0	0	0	0	0	0	0
a59a8b7386803d77e6f700fd366045c4	0	0	0	0	0	0	0	0	0	0	0	0	0	14	0	0	0	0	0	0	0	0	0	0	0	0	0	0	0	0
ca63c196e0593e53a039ce49884cabc8	0	0	0	0	0	0	0	0	0	0	4	0	0	0	0	0	0	0	0	0	0	0	0	0	14	0	14	0	0	0
2be6a29b02e142f4fc160d34ecac7c0e	0	0	3	0	0	0	0	0	0	0	0	0	0	0	0	0	0	0	0	0	0	0	0	0	0	0	0	0	0	0
3185da2865c29eb33ca90be6402a1c47	0	5	0	0	0	0	0	0	0	0	0	0	0	0	0	0	0	0	0	0	0	0	0	0	0	0	0	0	0	0
068e4b5b8a3fe89253135632bab1f9cd	0	0	0	0	0	0	0	0	0	0	0	0	0	0	0	0	0	0	2	0	0	0	0	0	0	0	0	0	0	0
a3d769bdb17bab153fb55527b61257c0	0	0	32	0	0	0	0	0	0	0	0	0	0	0	0	0	0	0	0	0	0	0	0	0	0	0	0	0	0	0
22d0d4c812561b7920266cc4cd819d4a	0	0	0	0	0	0	0	0	0	0	0	0	0	0	0	0	0	0	4	0	0	0	0	0	0	0	0	0	0	0
9ff939ea296f1a6f251667e8d8cba09b	69	0	0	0	0	0	0	0	0	0	0	0	8	0	0	5	0	0	0	0	0	0	0	0	0	0	0	0	0	0
704826d8b83fa1b6ab9d8f519c423a26	0	0	0	0	0	0	0	0	29	0	42	0	0	0	17	0	42	0	0	0	11	94	18	0	0	0	0	218	0	803
96953d77540c1de9132304b7a759183a	18	0	0	0	0	0	0	0	0	0	0	0	0	0	0	0	0	0	0	0	0	0	0	0	0	0	0	0	0	0
bded9e7f5491b42d6218f31192ad6a9f	0	0	0	0	0	0	0	0	0	0	0	0	0	7	0	0	0	0	0	0	0	0	0	0	0	0	0	0	0	0
2d02aedaa9753374bdb3f421ebd97fd2	25	56	0	85	200	0	245	233	208	28	0	0	0	0	6	0	0	0	0	0	0	0	0	0	0	0	0	0	0	0
f7c9d53c6c6d1b8a2a30b985633cffce	0	0	0	0	0	0	0	0	0	0	0	0	0	10	0	0	12	0	0	0	0	0	0	0	0	0	0	0	0	0
8657ef18123a71f330ce95e8f0f1e539	0	0	0	0	0	0	0	0	0	0	16	0	0	0	0	0	0	0	0	0	0	0	0	11	0	0	0	0	0	104
fba5b2bb5c1d341ec3364a929fbb412f	0	0	0	0	0	0	0	0	0	0	0	0	0	0	0	0	0	25	0	59	0	0	0	0	0	0	0	0	0	0
4280d11f66a4e685b1d2c91ee9fcb9ae	0	0	0	0	0	0	0	0	0	0	0	93	0	0	0	0	0	0	0	0	0	0	0	0	0	0	0	0	0	0
cd9273bf4c85dc5a8d7f004d1310430e	225	126	37	186	143	96	0	226	121	32	0	0	0	0	0	0	0	0	0	0	0	0	0	0	0	0	0	0	0	0
a14762878b7063b96abb2b488edc5e58	0	0	0	0	0	0	0	0	0	0	0	0	0	0	0	0	0	0	0	0	0	0	0	0	0	0	2	0	0	0
97f7dced8227805141e77e10ac5a4b44	0	0	0	0	0	0	0	0	0	0	0	0	0	0	0	0	0	0	5	0	0	0	0	0	0	0	0	0	0	0
cd3001dce1bd8b30076c8cb01413c9cd	0	0	0	4	0	0	0	0	0	5	18	0	0	22	0	0	117	188	0	0	0	0	0	0	0	0	0	0	0	6
2a4d680aadea9a3faa82db947775cb14	0	0	0	0	0	0	0	0	0	4	0	0	0	0	0	0	0	0	0	0	0	0	0	0	0	0	0	0	0	0
24525a26a86f53d0be5ea1b7ce857d17	0	0	0	0	0	0	0	0	0	0	0	0	0	0	0	0	0	0	0	116	0	0	0	0	0	0	0	0	0	0
320129ea615cf75599088c58fff0fd0c	0	0	0	0	0	0	2	0	0	0	0	0	0	0	0	0	0	0	0	0	0	0	0	0	0	0	0	0	0	0
4c142c58bf5ea93340bec6aa09c5fecc	0	0	0	0	0	0	15	0	0	0	0	0	0	0	0	0	0	0	0	0	0	0	0	0	0	0	0	0	0	0
304e771083b215b6cf38e311b6025b76	0	0	0	0	0	75	0	0	0	0	0	0	0	0	0	0	0	0	0	0	0	0	0	0	0	0	0	0	0	0
44b0957c8a4ff50647adf7456ef0ef18	0	0	0	0	0	0	0	0	0	0	0	0	0	0	0	4	0	0	0	0	0	0	0	0	0	0	0	0	0	0
022e741fe576e58150f44582c8cc3034	0	7	0	0	0	0	0	0	0	0	0	0	15	0	0	0	0	16	66	9	14	11	5	21	25	26	0	0	52	0
a6f92e719a0724c516700505935d35fb	0	34	0	0	0	14	22	43	111	98	85	24	49	0	13	0	0	17	13	0	0	0	0	0	0	12	0	0	0	0
ab424be65956bc7ecfa2b7b21c796914	0	0	0	0	0	0	0	0	0	0	154	35	67	0	34	42	47	31	0	69	0	0	0	36	39	0	31	0	9	36
1b37f1433e895b3b1c98d1cf65fdb95c	0	0	0	0	0	0	0	0	6	0	0	0	0	0	0	0	0	0	0	0	0	0	0	0	0	0	0	0	0	0
666c05ca2796cd4e7e323cc35de9e184	0	0	0	0	0	0	0	0	0	0	0	0	0	0	0	0	0	2	0	0	0	0	0	0	0	0	0	0	0	0
a8f68f17d5baeaf6edf99390cd8ddb68	0	0	0	0	0	15	0	0	0	0	0	0	0	0	0	0	0	0	0	0	0	0	0	0	0	0	0	0	0	0
ac46e71e224736f74a46b6958084c0c1	0	0	7	0	0	188	0	0	0	0	0	0	0	0	0	0	0	0	0	0	0	0	0	0	0	0	0	0	0	0
9cb84157e032cc639a9ee29ec76e8cba	13	0	20	26	0	0	0	0	6	0	0	0	5	0	0	0	0	0	0	0	0	0	0	0	0	0	0	0	0	0
2171b55ed926e6558f19b4a5cf12c210	0	0	0	0	0	4	0	0	0	0	0	0	0	0	0	0	0	0	0	0	0	0	0	0	0	0	0	0	0	0
bf9928adcfd3de317cafe11fda530978	0	0	0	0	0	0	0	0	2	0	0	0	0	0	0	0	0	0	0	0	0	0	0	0	0	0	0	0	0	0
aa925bc5b7249a67cc9dc572681c01ba	0	0	0	0	0	28	0	0	0	0	0	0	0	0	0	0	0	0	0	0	0	0	0	0	0	0	0	0	0	0
d02235b10bc9f212ca4d66a8b336e49b	0	0	0	0	0	0	0	0	0	0	0	0	0	0	81	0	0	0	0	0	0	0	0	0	0	0	0	0	0	0
27431fe2aada31a4e2f3578a4af6a725	0	0	0	0	0	5	0	10	0	15	0	0	0	0	0	0	0	0	0	0	0	0	0	0	0	0	256	0	0	0
3b42ad98153c0d86e979dbfd2baa7341	0	0	0	0	0	10	0	0	0	0	0	0	0	0	0	0	0	0	0	0	0	0	0	0	0	0	0	0	0	0
bbbc13c58c6419544b3e5ffe6e5611fc	0	26	0	0	29	32	0	0	31	0	0	0	0	0	0	0	0	0	0	0	0	35	0	0	0	0	0	0	0	23
9b99fb273aff805d96d233ad32095ead	0	0	0	0	0	0	0	0	0	0	0	0	0	0	20	0	0	0	6	0	0	0	0	0	0	0	0	0	0	0
dec6452fedcf9adadbe9b1c7e78a2aa4	0	0	0	0	0	0	0	0	0	0	0	0	0	0	0	0	0	0	0	0	0	0	0	0	0	0	0	0	31	176
5d10de19f6b7ef09dfd38b4146a7ed62	0	0	0	0	0	0	0	0	0	0	0	0	0	0	0	0	0	0	0	0	0	2	0	0	0	0	0	0	0	0
908910dbdf3376bf602ee8f54c8fe853	0	0	0	0	3	0	0	0	0	0	0	0	0	0	0	0	0	0	0	0	0	0	0	0	0	0	0	0	0	0
ad56de2bacb4ed67601bfffac2dff088	0	0	0	0	0	18	37	0	0	16	0	0	0	0	0	0	0	0	0	0	0	0	0	0	0	0	0	0	0	0
e1c59ef098c218d86b806b78e04674e9	0	0	0	0	0	0	0	0	0	0	0	0	0	0	0	0	0	0	0	0	0	0	0	0	0	0	0	0	0	17
036716afd8d748efe6e69076757d3087	0	0	0	0	0	0	0	0	0	0	0	0	0	0	0	0	0	0	0	0	0	0	0	0	4	0	0	0	0	0
9a181bf16c1e77e679311e3577c5e42d	0	0	2	0	0	0	0	0	0	0	0	0	0	0	0	0	0	0	0	0	0	0	0	0	0	0	0	0	0	0
0d843e853ccf0fd033b785e4b8542dce	0	0	0	0	0	0	0	0	0	0	0	0	0	0	0	11	0	0	0	0	0	0	0	0	0	0	0	0	0	0
a19d38be9db7d0305f634c48d6b7777b	0	44	0	45	139	47	0	30	0	0	0	0	0	0	0	0	0	0	0	0	0	0	0	0	0	0	0	0	0	0
4eaf60727b348b4a159ea67e33378d3f	0	0	0	0	0	0	0	0	0	0	0	0	14	0	0	0	0	0	0	0	0	0	0	0	0	0	0	0	0	0
c9f9dcda7be8c67b61890f7e7bc74c98	0	0	0	0	0	0	0	0	0	0	0	0	0	0	0	0	0	0	0	0	0	0	0	0	2	0	0	0	0	0
