FeatureID	Kingdom	Phylum	Class	Order	Family	Genus	Species	Confidence
1eee443f4966d86aea31e647a3d698ab	Bacteria	Bacteroidota	Bacteroidia	Bacteroidales	Bacteroidaceae	Bacteroides	Unclassified	0.999957264
53c7c8e4b059373828142e09f2becf45	Bacteria	Bacteroidota	Bacteroidia	Bacteroidales	Bacteroidaceae	Bacteroides	Unclassified	0.999956091
c1bdb6cfe0f8c80c8b2701da956e8220	Bacteria	Bacteroidota	SJA-28	SJA-28	SJA-28	SJA-28	Unclassified	0.999864177
cfc40b9be8f08eac608fd977b9a414a5	Bacteria	Myxococcota	Myxococcia	Myxococcales	Myxococcaceae	P3OB-42	Unclassified	0.988618652
b36f7af7da60fad1573f81dd4a2dc069	Bacteria	Actinobacteriota	Actinobacteria	Propionibacteriales	Nocardioidaceae	Nocardioides	Unclassified	0.884192871
47e2638d5d9a7f944a0b1646b55eb371	Bacteria	Bacteroidota	Bacteroidia	Bacteroidales	Bacteroidaceae	Bacteroides	Bacteroides_vulgatus	0.940607484
b138626bc0e098ec38e60dae478503ff	Bacteria	Bacteroidota	Bacteroidia	Cytophagales	NA	Unclassified	Unclassified	0.993144123
0c1bf635de82008c99cef99901ed45b1	Bacteria	Chloroflexi	Chloroflexia	Chloroflexales	Herpetosiphonaceae	Herpetosiphon	Unclassified	0.997952955
e703d43e7375ab5fb56e319f38e160ed	Bacteria	Proteobacteria	Alphaproteobacteria	Rickettsiales	Rickettsiales	Candidatus_Jidaibacter	metagenome	0.927703887
83721c2b73f4ac9edf042775ec30616e	Bacteria	Bdellovibrionota	Bdellovibrionia	Bdellovibrionales	Bdellovibrionaceae	Bdellovibrio	uncultured_bacterium	0.716240579
4d1ceefb941fc0ac80a78c96a8639c71	Bacteria	Proteobacteria	Gammaproteobacteria	Xanthomonadales	Xanthomonadaceae	Stenotrophomonas	Unclassified	0.87773995
81872086bba54419b25b0f2de2648fe6	Bacteria	Bacteroidota	Kapabacteria	Kapabacteriales	Kapabacteriales	Kapabacteriales	Unclassified	0.997846045
3968874d5c637ce1bfcf72555d87e27a	Bacteria	Bacteroidota	Bacteroidia	Sphingobacteriales	Sphingobacteriaceae	Sphingobacterium	Unclassified	0.87798126
2b8d93bb5221b80b09347789548f5610	Bacteria	Bacteroidota	Bacteroidia	Chitinophagales	Chitinophagaceae	Lacibacter	Unclassified	0.999470295
433ec87abd485e62307740d2eb8ae962	Bacteria	Bacteroidota	Bacteroidia	Chitinophagales	uncultured	Unclassified	Unclassified	0.865793243
da43363a1866e833cc03f923755e6fca	Bacteria	Bacteroidota	Bacteroidia	Sphingobacteriales	AKYH767	AKYH767	uncultured_bacterium	0.869056016
8e936443b3b1374032481c819eb4664b	Bacteria	Acidobacteriota	Acidobacteriae	Bryobacterales	Bryobacteraceae	Bryobacter	Unclassified	0.999402808
52e9073346f2ecedc1d9e0a1907ec74f	Bacteria	Acidobacteriota	Acidobacteriae	Bryobacterales	Bryobacteraceae	Bryobacter	Unclassified	0.993302626
bf9928adcfd3de317cafe11fda530978	Bacteria	Gemmatimonadota	Gemmatimonadetes	Gemmatimonadales	Gemmatimonadaceae	Unclassified	Unclassified	0.926539558
0140beb2c32d2277fe153eb84e8c3bbc	Bacteria	Proteobacteria	Alphaproteobacteria	Rhizobiales	Rhizobiaceae	Unclassified	Unclassified	0.999723434
c53a9d467ce75b48604de4231b068045	Bacteria	Acidobacteriota	Acidobacteriae	Solibacterales	Solibacteraceae	Candidatus_Solibacter	uncultured_eubacterium	0.708203808
0f3d2750045513097bf1b27a14483e66	Bacteria	Proteobacteria	Gammaproteobacteria	Burkholderiales	Rhodocyclaceae	Unclassified	Unclassified	0.854094896
11a9ef87323891d1fbdaa5c15acb6203	Bacteria	Proteobacteria	Gammaproteobacteria	Burkholderiales	Rhodocyclaceae	Unclassified	Unclassified	0.975238725
7325d02fb83a261b41d91c3e0b1a88f7	Bacteria	Bacteroidota	Bacteroidia	Chitinophagales	Saprospiraceae	Unclassified	Unclassified	0.985524891
f368774ff93e2faedf5bbd7b652204ac	Bacteria	Bacteroidota	Bacteroidia	Chitinophagales	Saprospiraceae	Unclassified	Unclassified	0.999525131
2fb8d8d466700d440d20a030b23c297b	Bacteria	Nitrospirota	Nitrospiria	Nitrospirales	Nitrospiraceae	Nitrospira	uncultured_soil	0.942459859
5d8ecee0e7981e0a8945d1f15868ad12	Bacteria	Armatimonadota	Fimbriimonadia	Fimbriimonadales	Fimbriimonadaceae	Fimbriimonadaceae	Unclassified	0.999414037
a60c2aa6348ce9fb3582a0e658bce619	Bacteria	NA	NA	NA	NA	Unclassified	Unclassified	0.999919071
2c9680646922f14e32fca93852bb1cba	Bacteria	Proteobacteria	Gammaproteobacteria	Nitrosococcales	Methylophagaceae	Methylophaga	Unclassified	0.985563318
6ef2f5d7178fba14dda1b4b73bd871ff	Bacteria	Proteobacteria	Gammaproteobacteria	Burkholderiales	Comamonadaceae	Unclassified	Unclassified	0.970222692
8456da2f1e61dfb1ea67772c2cb71667	Bacteria	Proteobacteria	Gammaproteobacteria	Burkholderiales	Comamonadaceae	Unclassified	Unclassified	0.999777849
1907cf55e30e9c1adc69ebeecb8a0e55	Bacteria	Proteobacteria	Gammaproteobacteria	Burkholderiales	Comamonadaceae	Unclassified	Unclassified	0.999955274
97365bfb77f29ecde6eb806db5cb29b3	Bacteria	Proteobacteria	Gammaproteobacteria	Burkholderiales	Nitrosomonadaceae	Ellin6067	Unclassified	0.994507992
eb5f784296c1c61f34b78e878a1d48ec	Bacteria	Proteobacteria	Gammaproteobacteria	Burkholderiales	Comamonadaceae	Unclassified	Unclassified	0.991626653
6acae35ce532425b8bcd720a7b6f7b27	Bacteria	Proteobacteria	Gammaproteobacteria	Burkholderiales	Rhodocyclaceae	Thauera	Unclassified	0.980567601
eecac5ffd00ba9a93f8286149852e330	Bacteria	NA	NA	NA	NA	Unclassified	Unclassified	0.999997167
d420c5eba9610e54bcd16438999958e9	Bacteria	Bacteroidota	Bacteroidia	Sphingobacteriales	NS11-12_marine_group	NS11-12_marine_group	metagenome	0.950833292
5b89c6fd594ea5e6e02eedc0f6c84233	Bacteria	Proteobacteria	Gammaproteobacteria	NA	NA	Unclassified	Unclassified	0.941021624
9a6e4de00f6d3735063961d6cd04db8c	Bacteria	Actinobacteriota	Rubrobacteria	Rubrobacterales	Rubrobacteriaceae	Rubrobacter	uncultured_Rubrobacter	0.718054227
f2af82618fa615148c5a3cea24d9c1fc	Bacteria	Bdellovibrionota	Bdellovibrionia	Bacteriovoracales	Bacteriovoracaceae	Peredibacter	Unclassified	0.999977429
9ab3818011a4e485e20a55a41fc49951	Bacteria	Chloroflexi	Chloroflexia	Chloroflexales	Roseiflexaceae	Kouleothrix	Unclassified	0.954765627
eef688d4b579774acd47036b62f7bf89	Bacteria	Proteobacteria	Alphaproteobacteria	Rhizobiales	NA	Unclassified	Unclassified	0.821489811
8359b062159b9cce2b3cadda739fe94a	Bacteria	Proteobacteria	Alphaproteobacteria	Rhizobiales	Beijerinckiaceae	Methylobacterium-Methylorubrum	Unclassified	0.99999898
b84c606585eaeadfaf28863d9310f846	Bacteria	Proteobacteria	Alphaproteobacteria	Rhizobiales	Beijerinckiaceae	Methylobacterium-Methylorubrum	Unclassified	0.993249766
a7248cc0f6bff651c135f63ba1799722	Bacteria	Firmicutes	Bacilli	Paenibacillales	Paenibacillaceae	Paenibacillus	Unclassified	0.974197397
0015497af0d851913561aaac22047c96	Bacteria	NA	NA	NA	NA	Unclassified	Unclassified	0.999999975
59952e5c7d20641dbe355c64a3fe2115	Bacteria	Proteobacteria	Gammaproteobacteria	Oceanospirillales	Alcanivoracaceae	Ketobacter	uncultured_soil	0.946657375
84ff0f53de3ed77527d4b77bd6e863be	Bacteria	Myxococcota	Polyangia	Haliangiales	Haliangiaceae	Haliangium	Unclassified	0.998602632
466355e2ac6a24aedd27c5cdd9d3603a	Bacteria	Proteobacteria	Alphaproteobacteria	Azospirillales	Azospirillaceae	Skermanella	Unclassified	0.999358704
a1c62d328edd7316f4a132e24ed5ca57	Bacteria	Myxococcota	Polyangia	Haliangiales	Haliangiaceae	Haliangium	Unclassified	0.999981781
10f303e733565f86d059e45c9e89b41c	Bacteria	Myxococcota	Polyangia	Polyangiales	BIrii41	BIrii41	uncultured_bacterium	0.862751338
84782ab23d4084f04d4fecb83300d72a	Bacteria	Myxococcota	Polyangia	Haliangiales	Haliangiaceae	Haliangium	Unclassified	0.998823269
0be1be40e23bfab1397fc527f44aeca6	Bacteria	Myxococcota	Polyangia	Haliangiales	Haliangiaceae	Haliangium	uncultured_Myxococcales	0.951552856
88937ce1da27ed83cea1e3da697056b2	Bacteria	Firmicutes	Desulfitobacteriia	Desulfitobacteriales	Desulfitobacteriaceae	Desulfosporosinus	Unclassified	0.709853842
2ac8f9084300068f2a803021153735fb	Bacteria	Actinobacteriota	Thermoleophilia	Gaiellales	uncultured	Unclassified	Unclassified	0.957140677
8236409ba42fc72021ed66f989030507	Bacteria	Firmicutes	NA	NA	NA	Unclassified	Unclassified	0.775856001
ed6f88cea8eb80b72618a618e2222ce9	Bacteria	Abditibacteriota	Abditibacteria	Abditibacteriales	Abditibacteriaceae	Abditibacterium	bacterium	0.957418626
d49f0048437aa290c1429625890863f4	Bacteria	Firmicutes	NA	NA	NA	Unclassified	Unclassified	0.999284512
35a5428a45852e13084f8630481b3b73	Bacteria	Armatimonadota	Armatimonadia	Armatimonadales	Armatimonadales	Armatimonadales	Unclassified	0.99984102
45cfbec96ab331b182e6037a41ab01d0	Bacteria	Proteobacteria	Alphaproteobacteria	Sphingomonadales	Sphingomonadaceae	Sphingomonas	metagenome	0.896917411
a6009a422a0b35abb6a0e40e0a464ec3	Bacteria	Bacteroidota	Bacteroidia	Bacteroidetes_VC2.1_Bac22	Bacteroidetes_VC2.1_Bac22	Bacteroidetes_VC2.1_Bac22	metagenome	0.999088405
98525652cf0f9c9c3fd8f54f2c7bbca3	Bacteria	Patescibacteria	NA	NA	NA	Unclassified	Unclassified	0.73163319
1a1b0eb4ae45c328e863bf99a39eb567	Bacteria	NA	NA	NA	NA	Unclassified	Unclassified	0.99999735
cec02d2b3a3dfd126c12bef06d6ac1e8	Bacteria	Chloroflexi	Chloroflexia	Chloroflexales	Chloroflexaceae	Chloronema	Unclassified	0.720080442
c89924480382c232cb240660cfceead0	Bacteria	SAR324_clade(Marine_group_B)	SAR324_clade(Marine_group_B)	SAR324_clade(Marine_group_B)	SAR324_clade(Marine_group_B)	SAR324_clade(Marine_group_B)	Unclassified	0.941455432
080fb2db7ddf0108533dc9d4d3493ff2	Bacteria	Bacteroidota	Bacteroidia	Flavobacteriales	Flavobacteriaceae	Flavobacterium	Flavobacteriia_bacterium	0.996793206
5e669f3096c14c1de55bc3a8b9658aaf	Bacteria	Bacteroidota	Bacteroidia	Flavobacteriales	Flavobacteriaceae	Unclassified	Unclassified	0.999904814
9ef9e6e6db2fdc448ea82478e7dadcb0	Bacteria	Cyanobacteria	Cyanobacteriia	Chloroplast	Chloroplast	Chloroplast	Unclassified	0.731109317
48e3d2b25c775ebdfb6b7da5e87fc75b	Bacteria	Bacteroidota	Bacteroidia	Flavobacteriales	Flavobacteriaceae	Flavobacterium	Unclassified	0.976279661
92be6e90fc987ce20c1fc8faa0146a76	Bacteria	Bacteroidota	Bacteroidia	Flavobacteriales	Flavobacteriaceae	Flavobacterium	Unclassified	0.951619719
ef4792ff53ecf050724c691030484c4e	Bacteria	Proteobacteria	Alphaproteobacteria	Rhizobiales	Hyphomicrobiaceae	Hyphomicrobium	Unclassified	0.998442823
0111e4b6d3e3961e13b8d6386782eb78	Bacteria	Actinobacteriota	Thermoleophilia	Gaiellales	uncultured	Unclassified	bacterium_Ellin6517	0.999200033
72a4005d936ddd7a749e1a027232dbd6	Bacteria	Actinobacteriota	Thermoleophilia	Gaiellales	uncultured	Unclassified	Unclassified	0.986992684
34c3e9f2f1290f195c76ca949770c46f	Bacteria	Chloroflexi	Chloroflexia	Chloroflexales	Roseiflexaceae	Unclassified	uncultured_bacterium	0.881723425
9bc7f71847d348ab27bb2bbf95d4f09f	Bacteria	Actinobacteriota	Thermoleophilia	Gaiellales	uncultured	Unclassified	Unclassified	0.992767964
040bcf93e517b88838126ffd085987ad	Bacteria	Actinobacteriota	Thermoleophilia	Gaiellales	uncultured	Unclassified	Gaiella_sp.	0.826909529
63d80571ce227231e264fb0d146fffb5	Bacteria	Actinobacteriota	Thermoleophilia	Solirubrobacterales	NA	Unclassified	Unclassified	0.995960222
d7166b921003bca8042465b6f9c6be1f	Bacteria	Actinobacteriota	Thermoleophilia	Gaiellales	uncultured	Unclassified	Unclassified	0.969081107
bb60328fe40cdda8eae2bcd581fbc980	Bacteria	Chloroflexi	TK10	TK10	TK10	TK10	uncultured_bacterium	0.92569781
6e071353f478d21b7af114e84d0117f1	Bacteria	Actinobacteriota	Actinobacteria	Nitriliruptorales	Nitriliruptoraceae	Nitriliruptor	Unclassified	0.807788415
0ad5b16eacf5b37c0bde4644be1f7284	Bacteria	Bdellovibrionota	Oligoflexia	Silvanigrellales	Silvanigrellaceae	Unclassified	uncultured_bacterium	0.932344861
2d02866022748fa9719e52b69b024585	Bacteria	Chloroflexi	Anaerolineae	Ardenticatenales	Ardenticatenaceae	Unclassified	unidentified_marine	0.988915746
7d0e59b24be2bba3b30ff8b581129dcb	Bacteria	Proteobacteria	Gammaproteobacteria	NA	NA	Unclassified	Unclassified	0.98513738
59388bb4319f5104f8c4a5d0bc2e3cd6	Bacteria	Actinobacteriota	Actinobacteria	Streptomycetales	Streptomycetaceae	Streptomyces	Unclassified	0.998131552
c5c76c341a9c3fb119141e6d01300703	Bacteria	Chloroflexi	Chloroflexia	Kallotenuales	AKIW781	AKIW781	uncultured_bacterium	0.93400159
5a15e052e0a46035c6fd52fb38609898	Bacteria	Bdellovibrionota	Bdellovibrionia	Bacteriovoracales	Bacteriovoracaceae	Peredibacter	Unclassified	0.749585557
3d33df7276b3edca7b896482d468d82a	Bacteria	Actinobacteriota	Acidimicrobiia	Microtrichales	NA	Unclassified	Unclassified	0.923793295
4e5354e75f0da576e42824e35294fddc	Bacteria	Actinobacteriota	Actinobacteria	Corynebacteriales	Mycobacteriaceae	Mycobacterium	Unclassified	0.999891904
eb38559b2c099c21b387965636b29b1c	Bacteria	NA	NA	NA	NA	Unclassified	Unclassified	0.999999568
deb79c7d554a794337ddbf44d9a9d00c	Bacteria	Proteobacteria	Gammaproteobacteria	Enterobacterales	NA	Unclassified	Unclassified	0.998107222
07fb844a457a2663d5b0db341a46aa0f	Bacteria	Actinobacteriota	Acidimicrobiia	Microtrichales	NA	Unclassified	Unclassified	0.927780458
b9438caf913118ad12aaaff85da89e31	Bacteria	Actinobacteriota	Acidimicrobiia	Microtrichales	Ilumatobacteraceae	Unclassified	uncultured_Acidimicrobiaceae	0.813843264
a70f3777e5bac5d374c4a398d2941c23	Bacteria	Actinobacteriota	Acidimicrobiia	IMCC26256	IMCC26256	IMCC26256	uncultured_Ferrimicrobium	0.97463921
87fa76a4feca413b335cd56cec561a83	Bacteria	Actinobacteriota	Actinobacteria	NA	NA	Unclassified	Unclassified	0.881182098
f3021674e5f09b64e423abbf9d4378c8	Bacteria	NB1-j	NB1-j	NB1-j	NB1-j	NB1-j	uncultured_Desulfoglaeba	0.96545166
86895209b652068e5cfdce317a46d966	Bacteria	Bacteroidota	Bacteroidia	Flavobacteriales	Crocinitomicaceae	Fluviicola	Bacteroidetes_bacterium	0.908170414
5b0f9c2fccedbbf1acf9a278695d3764	Bacteria	Bdellovibrionota	Bdellovibrionia	Bdellovibrionales	Bdellovibrionaceae	Bdellovibrio	Unclassified	0.988606607
b7cc59cbf3a24442b0216ccb34edd44b	Bacteria	Bdellovibrionota	Bdellovibrionia	Bdellovibrionales	Bdellovibrionaceae	Bdellovibrio	Unclassified	0.994919363
7b996e406f4babd8952d080debec5332	Bacteria	NA	NA	NA	NA	Unclassified	Unclassified	0.999999214
92fb74272331620ad593c8984de2f0da	Bacteria	Proteobacteria	Alphaproteobacteria	Micropepsales	Micropepsaceae	Micropepsis	uncultured_bacterium	0.974743524
ca27d273f53d6720bae331c6000c4af2	Bacteria	NA	NA	NA	NA	Unclassified	Unclassified	0.999999869
3acc2d43acb98c07633e551727f3a196	Bacteria	Bacteroidota	Bacteroidia	Sphingobacteriales	NA	Unclassified	Unclassified	0.8633917
26b0246bcf952a65055a575fcb5e1e11	Bacteria	Proteobacteria	Gammaproteobacteria	Burkholderiales	Methylophilaceae	Unclassified	Unclassified	0.999586725
4c598f92804ecb257c3a85947589a157	Bacteria	Chloroflexi	NA	NA	NA	Unclassified	Unclassified	0.97255728
94e13e88d728444cfa11cff1c0ef1dc3	Bacteria	Chloroflexi	Chloroflexia	Chloroflexales	Roseiflexaceae	Unclassified	uncultured_bacterium	0.904244865
e98b9a075091c0d1b1b03ebaf360a222	Bacteria	Bdellovibrionota	Oligoflexia	0319-6G20	0319-6G20	0319-6G20	Unclassified	0.801514179
bfe6b20bc141cd87fabd69024716bf32	Bacteria	Proteobacteria	Gammaproteobacteria	NA	NA	Unclassified	Unclassified	0.972041649
2fd1ad86dd2542a9e4c5755677620bbf	Bacteria	Chloroflexi	TK10	TK10	TK10	TK10	metagenome	0.70133666
cac538b87f008bb361aa62890f88eb88	Bacteria	Chloroflexi	TK10	TK10	TK10	TK10	Unclassified	0.999979749
b41461d7dcac9b588a28035219a0a690	Bacteria	Proteobacteria	Alphaproteobacteria	NA	NA	Unclassified	Unclassified	0.997547769
f9b3149c6a07e2c4c3f6fcac5d745192	Bacteria	Proteobacteria	Alphaproteobacteria	NA	NA	Unclassified	Unclassified	0.992747694
2b7c31e02477902b180e45c3e69e71ec	Bacteria	Myxococcota	Polyangia	Polyangiales	Sandaracinaceae	Unclassified	uncultured_bacterium	0.72844149
0c862f08e58edabd2e566a17c3405fe4	Bacteria	Proteobacteria	Alphaproteobacteria	Rickettsiales	SM2D12	SM2D12	uncultured_bacterium	0.722752263
d8647d210c15238a56c4e63958f3b881	Bacteria	Proteobacteria	Alphaproteobacteria	Reyranellales	Reyranellaceae	Unclassified	Unclassified	0.987322977
78f2b597022f153f45b2ade1e0b8dd67	Bacteria	Proteobacteria	Alphaproteobacteria	Rickettsiales	Rickettsiaceae	Unclassified	uncultured_Alphaproteobacteria	0.819805582
1c85f1cdab073472705b98abb6c7bd43	Bacteria	SAR324_clade(Marine_group_B)	SAR324_clade(Marine_group_B)	SAR324_clade(Marine_group_B)	SAR324_clade(Marine_group_B)	SAR324_clade(Marine_group_B)	Unclassified	0.766027501
a0d471073400304b1f31f6a2ae0fc7f5	Bacteria	Bacteroidota	Bacteroidia	Flavobacteriales	Flavobacteriaceae	Capnocytophaga	Capnocytophaga_leadbetteri	0.70235259
90797ee8ec5de32232c6366c3ce20d3c	Bacteria	Bdellovibrionota	Oligoflexia	0319-6G20	0319-6G20	0319-6G20	marine_metagenome	0.97050472
d89676679ecd5a3ef3c7b9f778d2a654	Bacteria	Bdellovibrionota	Oligoflexia	0319-6G20	0319-6G20	0319-6G20	Unclassified	0.987310448
2ada9f41cd56dfaf1e116fb2866a0687	Bacteria	Bdellovibrionota	Oligoflexia	0319-6G20	0319-6G20	0319-6G20	Unclassified	0.999789956
66d2715481c97d0fbf95d9a7b4a70fe8	Bacteria	Bdellovibrionota	Oligoflexia	053A03-B-DI-P58	053A03-B-DI-P58	053A03-B-DI-P58	Unclassified	0.995502056
20e1328769e722e1a199530d4500a457	Bacteria	Acidobacteriota	Thermoanaerobaculia	Thermoanaerobaculales	Thermoanaerobaculaceae	Subgroup_10	Unclassified	0.999172592
a5af6e21b5179b90f664e258ce636362	Bacteria	Acidobacteriota	Thermoanaerobaculia	Thermoanaerobaculales	Thermoanaerobaculaceae	Subgroup_10	metagenome	0.999584551
50aba2c05f7c8a2eb90725621289fbf4	Bacteria	Proteobacteria	Gammaproteobacteria	Arenicellales	Arenicellaceae	Unclassified	uncultured_prokaryote	0.972318152
2a3e4a5f8a8f29ab51f8c2fb1f65b1d7	Bacteria	Bacteroidota	Bacteroidia	Sphingobacteriales	NS11-12_marine_group	NS11-12_marine_group	uncultured_soil	0.98040205
783db81644984c758f37e5c6c41f1056	Bacteria	NB1-j	NB1-j	NB1-j	NB1-j	NB1-j	uncultured_Desulfuromonadaceae	0.999643759
3fce2299d82b9f0af6c5cb2c8068c38b	Bacteria	Actinobacteriota	Actinobacteria	NA	NA	Unclassified	Unclassified	0.963771997
7e1a560b5a45a372f7b67afbc7c2dfbd	Bacteria	NA	NA	NA	NA	Unclassified	Unclassified	0.999999427
31fd2d9d107ec3abe582592f47e15b2b	Bacteria	Bacteroidota	Bacteroidia	Sphingobacteriales	env.OPS_17	env.OPS_17	Unclassified	0.836270253
0725b4153b1f88f5c46de2d3e6e72fa6	Bacteria	Proteobacteria	Alphaproteobacteria	Rickettsiales	Mitochondria	Mitochondria	Unclassified	0.813490529
1e7c61d84e47ec066f2b21a5e059c4bb	Bacteria	Bdellovibrionota	Bdellovibrionia	Bdellovibrionales	Bdellovibrionaceae	Bdellovibrio	uncultured_bacterium	0.914639717
d7a62d84a25fd0fea54f5c864607bcf8	Bacteria	Bacteroidota	Bacteroidia	Sphingobacteriales	AKYH767	AKYH767	metagenome	0.806602118
f92e7bfa75914658a0cf733ad5d923a4	Bacteria	Bacteroidota	Bacteroidia	Cytophagales	Spirosomaceae	Dyadobacter	Dyadobacter_alkalitolerans	0.821351252
dca5cc39b449352c29c13d4217b1e9c4	Bacteria	Proteobacteria	Alphaproteobacteria	NA	NA	Unclassified	Unclassified	0.866400154
15d1b14303234a508259c387789793bc	Bacteria	Actinobacteriota	Actinobacteria	Nitriliruptorales	Nitriliruptoraceae	Unclassified	Unclassified	0.994772577
26dc9efb98e10734b91e591713ff98c3	Bacteria	Firmicutes	Bacilli	Bacillales	Bacillaceae	Bacillus	Unclassified	0.762348055
a62d12a72211f7c8d3ef386f64cccc91	Bacteria	Actinobacteriota	Actinobacteria	Micrococcales	NA	Unclassified	Unclassified	0.746500851
93aa9a1dc8c4bb946bbf39db87b324ea	Bacteria	Proteobacteria	Alphaproteobacteria	Rhizobiales	Rhizobiaceae	Unclassified	Unclassified	0.892152156
a10b42c7f54bc6b90d7c2d8d8e99d439	Bacteria	NA	NA	NA	NA	Unclassified	Unclassified	0.999999374
8bbcbcf28cfe542149dc0bd5b32ce781	Bacteria	Proteobacteria	Alphaproteobacteria	NA	NA	Unclassified	Unclassified	0.733802385
0cc7053132d23ea95af8c8d560837e09	Bacteria	Bacteroidota	Bacteroidia	Flavobacteriales	Flavobacteriaceae	Unclassified	Unclassified	0.986810961
155808af5aa965b73c40a34cec458ae7	Bacteria	NA	NA	NA	NA	Unclassified	Unclassified	0.999999766
8241944610122bf168362ef998b6f210	Bacteria	Dependentiae	Babeliae	Babeliales	NA	Unclassified	Unclassified	0.973472116
c9f823dcef3d8e46f197fb7d4258655c	Bacteria	Verrucomicrobiota	Verrucomicrobiae	Pedosphaerales	Pedosphaeraceae	Unclassified	Unclassified	0.986893061
ffae7d75c58d762b4a4cf9623e8836b9	Bacteria	Proteobacteria	Alphaproteobacteria	Micavibrionales	uncultured	Unclassified	Unclassified	0.749183138
e16a31fdaa54dbddce981d4137952ec1	Bacteria	Bacteroidota	Bacteroidia	Flavobacteriales	Flavobacteriaceae	Unclassified	Unclassified	0.996571304
3eabbdfa545cc7e94d38e2852e15bd4f	Bacteria	Myxococcota	Polyangia	Polyangiales	Sandaracinaceae	Unclassified	Unclassified	0.792816272
34d6e453c54bc84db6ddf5f102bde6fb	Bacteria	Acidobacteriota	Thermoanaerobaculia	Thermoanaerobaculales	Thermoanaerobaculaceae	Subgroup_10	Unclassified	0.988233054
9443b0d5fafe988cacbce7b99a5f1d0c	Bacteria	NA	NA	NA	NA	Unclassified	Unclassified	0.999968753
a5424cfdf0cb47bfd4b811d2a196bc8b	Bacteria	Actinobacteriota	Thermoleophilia	Solirubrobacterales	67-14	67-14	uncultured_soil	0.885671932
399a2eec7b17dd6b3f28ceb46e7c3d0a	Bacteria	NA	NA	NA	NA	Unclassified	Unclassified	0.99999982
4fcb6cd30205c1d9614b5b843a448f30	Bacteria	Bacteroidota	Bacteroidia	Flavobacteriales	Weeksellaceae	Chryseobacterium	Unclassified	0.860430833
db4eaef3119e70d2476dc7f82e1f649f	Bacteria	Armatimonadota	Fimbriimonadia	Fimbriimonadales	Fimbriimonadaceae	Fimbriimonadaceae	uncultured_bacterium	0.857017998
a00f530f8b01cfd41e79c142a2a45e49	Bacteria	Myxococcota	Polyangia	Haliangiales	Haliangiaceae	Haliangium	Unclassified	0.792929334
947d8596188e0ea3d11709a151a1dd26	Bacteria	Actinobacteriota	Thermoleophilia	Solirubrobacterales	Solirubrobacteraceae	Solirubrobacter	Unclassified	0.799437979
daed61883c2dba4d8d2014294d942caa	Bacteria	Bacteroidota	Bacteroidia	Cytophagales	Microscillaceae	Unclassified	Unclassified	0.985901493
08186b1fa6aac1d85be5279c1fa5cf37	Bacteria	Proteobacteria	Gammaproteobacteria	Enterobacterales	NA	Unclassified	Unclassified	0.921835979
808fb84fcb05a6ce1298de73c06ed836	Bacteria	Myxococcota	Polyangia	Nannocystales	Nannocystaceae	Nannocystis	Unclassified	0.9984301
665ea141e96b0046fa5764b9cc795a7b	Bacteria	Actinobacteriota	Actinobacteria	Micrococcales	Intrasporangiaceae	Phycicoccus	Unclassified	0.998714073
7202aa89e4d12f0a79c7c2e7484db136	Bacteria	Actinobacteriota	Actinobacteria	Micrococcales	Microbacteriaceae	Curtobacterium	Unclassified	0.999335062
f39152a365035e503c830691abe16ffe	Bacteria	Planctomycetota	Phycisphaerae	Phycisphaerales	Phycisphaeraceae	SM1A02	Unclassified	0.995677006
0ccccab3e408bed7a40741ed4f55445d	Bacteria	Actinobacteriota	Acidimicrobiia	Microtrichales	Ilumatobacteraceae	Ilumatobacter	Unclassified	0.891159824
52de32172aa3151d8c84adb55bc16139	Bacteria	Actinobacteriota	Actinobacteria	NA	NA	Unclassified	Unclassified	0.920563637
af90c31501958684af2a44df05cf8e24	Bacteria	Acidobacteriota	Acidobacteriae	Acidobacteriales	uncultured	Unclassified	Unclassified	0.996535562
7d8092bbfa25da3ad54d98a3c7120e56	Bacteria	Actinobacteriota	MB-A2-108	MB-A2-108	MB-A2-108	MB-A2-108	uncultured_bacterium	0.939668249
b0ed8d7b1b7afe9dbdf4ab3ee27e5b49	Bacteria	Cyanobacteria	Sericytochromatia	Sericytochromatia	Sericytochromatia	Sericytochromatia	Unclassified	0.999354712
6aa6f3b0078030db2530192c6d39c039	Bacteria	Bacteroidota	Bacteroidia	Sphingobacteriales	NA	Unclassified	Unclassified	0.953601238
e2543d028f6ec820fe16f2c4cda55635	Bacteria	Bacteroidota	Bacteroidia	Chitinophagales	uncultured	Unclassified	Unclassified	0.955334273
f09d4b168b51e0ba103c4e1254f4abef	Bacteria	Proteobacteria	Alphaproteobacteria	Rickettsiales	Mitochondria	Mitochondria	Unclassified	0.83301786
657ca12fa85efbe080533e9e59bb8bae	Bacteria	NB1-j	NB1-j	NB1-j	NB1-j	NB1-j	uncultured_Myxococcales	0.999719115
50f3db2bed7f87a21eb47dc88465b6ae	Bacteria	Verrucomicrobiota	Verrucomicrobiae	Verrucomicrobiales	Rubritaleaceae	Luteolibacter	Unclassified	0.997428566
3ba0cf8ced9c75084438b57629bf3c35	Bacteria	Elusimicrobiota	Lineage_IIa	Lineage_IIa	Lineage_IIa	Lineage_IIa	Unclassified	0.999994525
1adfc15f08bdcdc0a47b54239ee8f974	Bacteria	Actinobacteriota	Rubrobacteria	Rubrobacterales	Rubrobacteriaceae	Rubrobacter	Unclassified	0.999999968
46eaed8cad048c824c1088eee06d2f15	Bacteria	Planctomycetota	Planctomycetes	Pirellulales	Pirellulaceae	Pirellula	Unclassified	0.942607497
413bfb36286f822dd3e6a56b69a6560e	Bacteria	Verrucomicrobiota	Verrucomicrobiae	Pedosphaerales	Pedosphaeraceae	Ellin516	Unclassified	0.994983197
9e524f3f99d95bc2c44bb03605d92568	Bacteria	Actinobacteriota	MB-A2-108	MB-A2-108	MB-A2-108	MB-A2-108	Unclassified	0.999994477
f6fb4fde0eba11875f93d6f2bdf677ce	Bacteria	Actinobacteriota	MB-A2-108	MB-A2-108	MB-A2-108	MB-A2-108	Unclassified	0.999996847
fc7e1f5850598bf3d75590e45da60cb8	Bacteria	Patescibacteria	Dojkabacteria	Dojkabacteria	Dojkabacteria	Dojkabacteria	uncultured_bacterium	0.929703203
4b826b1c86691bbe5560998f0e61ab00	Bacteria	Verrucomicrobiota	Verrucomicrobiae	Pedosphaerales	Pedosphaeraceae	Pedosphaeraceae	Unclassified	0.990296087
3b802a3c56a9e0de40984c08d68a2d32	Bacteria	Verrucomicrobiota	Verrucomicrobiae	Pedosphaerales	Pedosphaeraceae	Unclassified	Unclassified	0.999999672
e92179b684ca4685d4a5a69115368b9b	Bacteria	Verrucomicrobiota	Verrucomicrobiae	Chthoniobacterales	Chthoniobacteraceae	Chthoniobacter	Unclassified	0.996003801
0ff96fe2c3c59529aa249885a585f12f	Bacteria	Planctomycetota	Planctomycetes	Gemmatales	Gemmataceae	Fimbriiglobus	uncultured_Gemmata	0.85039848
3a699bdf2dfeb3ebf0f3cbe386fe317f	Bacteria	NA	NA	NA	NA	Unclassified	Unclassified	0.999999645
3fe6c10bead488a4d01a1b839ff851ab	Bacteria	Proteobacteria	Alphaproteobacteria	Sphingomonadales	Sphingomonadaceae	Novosphingobium	Unclassified	0.975010131
5a014a457cfd147849e1ecde21fd4f74	Bacteria	Chloroflexi	Chloroflexia	Chloroflexales	Herpetosiphonaceae	Herpetosiphon	uncultured_bacterium	0.999504572
eb4c576cff15e7cbbf8843fe85afd708	Bacteria	Gemmatimonadota	S0134_terrestrial_group	S0134_terrestrial_group	S0134_terrestrial_group	S0134_terrestrial_group	uncultured_Gemmatimonadetes	0.780582694
dc864cedefaa261cc34f7eb4b717c92d	Bacteria	Proteobacteria	Alphaproteobacteria	Rhizobiales	Methylopilaceae	Unclassified	Unclassified	0.706751422
b8333711e1e41126d6492cef6a943540	Bacteria	Bacteroidota	Bacteroidia	Chitinophagales	Chitinophagaceae	Unclassified	Unclassified	0.901973364
3bc3116dbacb7163c6639f49cdd90445	Bacteria	Proteobacteria	Gammaproteobacteria	Burkholderiales	Comamonadaceae	Unclassified	Unclassified	0.808363576
47c5f11156fc9e8aad81f25da0440b72	Bacteria	Myxococcota	Polyangia	Polyangiales	Sandaracinaceae	Sandaracinus	Unclassified	0.899753006
ca269235356b47a0a340a1877c02879a	Bacteria	NA	NA	NA	NA	Unclassified	Unclassified	0.999991605
64df67097a46b814735461c9e23c1764	Bacteria	Proteobacteria	Gammaproteobacteria	Xanthomonadales	Xanthomonadaceae	Unclassified	Unclassified	0.772636162
42c02d9efce980d819d05c396ed1c37e	Bacteria	Verrucomicrobiota	Verrucomicrobiae	Pedosphaerales	Pedosphaeraceae	Pedosphaeraceae	Unclassified	0.950883393
9121da927739d263194dfcbd7055f62a	Bacteria	Firmicutes	Bacilli	Paenibacillales	Paenibacillaceae	Paenibacillus	Unclassified	0.975116452
31e0ecacaa4f6a314a441aa490872b21	Bacteria	NA	NA	NA	NA	Unclassified	Unclassified	0.999999891
b214dbba5415fbc03341fab57b5c6bb8	Bacteria	Bacteroidota	Bacteroidia	Bacteroidales	Bacteroidaceae	Bacteroides	Unclassified	0.999965264
1f0bf4533ca2bb9c6a63556de1a0be0d	Bacteria	Armatimonadota	Fimbriimonadia	Fimbriimonadales	Fimbriimonadaceae	Fimbriimonadaceae	uncultured_microorganism	0.999024804
94fd90d2c3f488c47beadf3d271a9180	Bacteria	Proteobacteria	NA	NA	NA	Unclassified	Unclassified	0.840267401
666c05ca2796cd4e7e323cc35de9e184	Bacteria	Proteobacteria	Alphaproteobacteria	Rickettsiales	SM2D12	SM2D12	metagenome	0.757674926
1a2994ad4a41ba8f38d4231a2554badb	Bacteria	Bacteroidota	Bacteroidia	Bacteroidales	Bacteroidaceae	Bacteroides	Bacteroides_fragilis	0.796844064
176048670143ebc77ffbcfe312fc4936	Bacteria	Bacteroidota	Bacteroidia	Bacteroidales	Bacteroidaceae	Bacteroides	Bacteroides_fragilis	0.837077579
af7c40752fa78dfa6237c996f52bc298	Bacteria	Bacteroidota	Bacteroidia	Bacteroidales	Bacteroidaceae	Bacteroides	Bacteroides_fragilis	0.82093336
9b28542a090d8743f81bd214fb6b3bf7	Bacteria	Bacteroidota	Bacteroidia	Bacteroidales	Bacteroidaceae	Bacteroides	Bacteroides_fragilis	0.79469287
3326f6e0eacf14f189d544bf267a953b	Bacteria	Bacteroidota	Bacteroidia	Bacteroidales	Bacteroidaceae	Bacteroides	Unclassified	0.999956848
57fae7a246d03caf0ce7b8adaa7d0e0f	Bacteria	Bacteroidota	Bacteroidia	Bacteroidales	Bacteroidaceae	Bacteroides	Bacteroides_graminisolvens	0.962332866
98f1b562288af4283c176fec738806ef	Bacteria	Bacteroidota	Bacteroidia	Bacteroidales	Bacteroidaceae	Bacteroides	Unclassified	0.999959772
242d0c5279766f0afd3171ee44a164bb	Bacteria	Bacteroidota	Kapabacteria	Kapabacteriales	Kapabacteriales	Kapabacteriales	uncultured_bacterium	0.976000345
506add8cf9d2240e50f200b2eff4b360	Bacteria	Bacteroidota	Kapabacteria	Kapabacteriales	Kapabacteriales	Kapabacteriales	uncultured_bacterium	0.868047709
4d97eea596d1d630424721a9ad8ccb48	Bacteria	Bacteroidota	Kapabacteria	Kapabacteriales	Kapabacteriales	Kapabacteriales	uncultured_bacterium	0.950721507
860ef0fb1f0dfe7b13e37169dfa79305	Bacteria	Bacteroidota	SJA-28	SJA-28	SJA-28	SJA-28	metagenome	0.961000952
9b844f4458a3be308498a34dcb4f3f9f	Bacteria	Deinococcota	Deinococci	Deinococcales	Deinococcaceae	Deinococcus	Deinococcus_roseus	0.813455729
bb334f0e375b203625932383747e017a	Bacteria	Deinococcota	Deinococci	Deinococcales	Deinococcaceae	Deinococcus	Deinococcus_roseus	0.847121119
558b4de11125b2479cc668cbe2737c3a	Bacteria	Deinococcota	Deinococci	Deinococcales	Trueperaceae	Truepera	uncultured_Deinococcales	0.787299891
cfc310dfe81f42982cf19a684ede151c	Bacteria	Deinococcota	Deinococci	Deinococcales	Trueperaceae	Truepera	uncultured_Deinococcales	0.822404412
4ddf8c0124a6594da8286bc1d594cc2f	Bacteria	Deinococcota	Deinococci	Deinococcales	Trueperaceae	Truepera	uncultured_Deinococcales	0.745300616
ea69797e8c5aac34716e0ea43ca7dde8	Bacteria	Acidobacteriota	Acidobacteriae	Bryobacterales	Bryobacteraceae	Bryobacter	Unclassified	0.854415337
115b648ead88894c368e924bea5d4477	Bacteria	Deinococcota	Deinococci	Deinococcales	Deinococcaceae	Deinococcus	Unclassified	0.997711829
a6b731d99dca0ef7c8ad344e176cabeb	Bacteria	Deinococcota	Deinococci	Deinococcales	Deinococcaceae	Deinococcus	Deinococcus_humi	0.850162729
e0c2711325bc029315dbee1c0269b12c	Bacteria	Deinococcota	Deinococci	Deinococcales	Deinococcaceae	Deinococcus	Deinococcus_radioresistens	0.955119456
cfc363d3b8c8f1c1da0f9409ee61696c	Bacteria	Proteobacteria	Alphaproteobacteria	Rhodobacterales	Rhodobacteraceae	Ruegeria	Unclassified	0.728428363
a41fb6488318f749e739276b34631373	Bacteria	Proteobacteria	Alphaproteobacteria	Rhizobiales	Rhizobiaceae	Unclassified	Unclassified	0.966645097
ebe42fb2aea56a81c646b655d4d74fe0	Bacteria	Proteobacteria	Alphaproteobacteria	Rickettsiales	SM2D12	SM2D12	uncultured_bacterium	0.912976591
e6b3f81f258590e79378f9fd669bcaf1	Bacteria	Proteobacteria	Alphaproteobacteria	Caulobacterales	Hyphomonadaceae	Hyphomonas	Hyphomonas_polymorpha	0.85574472
a248cbca07a0a229ab02b200d3115c96	Bacteria	Firmicutes	Bacilli	Lactobacillales	Leuconostocaceae	Weissella	Unclassified	0.998784226
f0e333b5c27fcf0e356567bb69e4b08d	Bacteria	Firmicutes	Bacilli	Lactobacillales	Leuconostocaceae	Weissella	Weissella_viridescens	0.927077732
6252dbf06cc1e2d6a7c37ab7000a1b61	Bacteria	Firmicutes	Bacilli	Lactobacillales	Leuconostocaceae	Weissella	Unclassified	0.997903579
9aedbc8d39a576499235278feaa66581	Bacteria	Bacteroidota	Bacteroidia	Flavobacteriales	NS9_marine_group	NS9_marine_group	uncultured_Bacteroidetes	0.904174633
baec4186765ee0a8508f4824894dc371	Bacteria	Bacteroidota	Bacteroidia	Flavobacteriales	NS9_marine_group	NS9_marine_group	uncultured_Bacteroidetes	0.892136561
12193ff9d36f49488216dd0a75c78712	Bacteria	Firmicutes	Clostridia	Oscillospirales	Ruminococcaceae	Faecalibacterium	Unclassified	0.998975739
0f4bf37bb97fd888f3442d3d46923711	Bacteria	Firmicutes	Clostridia	Clostridia_UCG-014	Clostridia_UCG-014	Clostridia_UCG-014	Unclassified	0.999573195
4355bf27386f8dc80808aea062f7d371	Bacteria	Bacteroidota	Bacteroidia	Chitinophagales	uncultured	Unclassified	metagenome	0.891052517
39ddad48eb237762e7903e76f5536c0f	Bacteria	Bacteroidota	Bacteroidia	Chitinophagales	uncultured	Unclassified	metagenome	0.878007295
0fcd723f2d8384ba665b6f31f913e804	Bacteria	Bacteroidota	Bacteroidia	Chitinophagales	uncultured	Unclassified	Unclassified	0.958755494
69c08808a2a6f369b23dcfa413dd0695	Bacteria	Bdellovibrionota	Bdellovibrionia	Bdellovibrionales	Bdellovibrionaceae	Bdellovibrio	Unclassified	0.998576916
a4e9414242f682d794884cad8f0bb118	Bacteria	Bdellovibrionota	Bdellovibrionia	Bdellovibrionales	Bdellovibrionaceae	Bdellovibrio	Unclassified	0.999534674
f224c54a3a58d8256b1bd0e4709f6db2	Bacteria	Bdellovibrionota	Bdellovibrionia	Bdellovibrionales	Bdellovibrionaceae	Bdellovibrio	uncultured_bacterium	0.865544169
177725f4e1073d057174afb61599e418	Bacteria	Bdellovibrionota	Bdellovibrionia	Bdellovibrionales	Bdellovibrionaceae	Bdellovibrio	uncultured_soil	0.965148613
c6c46c827233d0065e04b59db279a994	Bacteria	Myxococcota	Polyangia	Polyangiales	Polyangiaceae	Pajaroellobacter	uncultured_bacterium	0.925718585
e1cc7952321af372e445048726a8ec1b	Bacteria	Proteobacteria	Alphaproteobacteria	NA	NA	Unclassified	Unclassified	0.981694629
fa0e84c5497a6622b259e5e9d010f44a	Bacteria	Proteobacteria	Alphaproteobacteria	NA	NA	Unclassified	Unclassified	0.988951318
dc95a84df5571d7ac5f1dc5589f60353	Bacteria	Proteobacteria	Alphaproteobacteria	NA	NA	Unclassified	Unclassified	0.975441935
a8f68f17d5baeaf6edf99390cd8ddb68	Bacteria	Proteobacteria	Alphaproteobacteria	NA	NA	Unclassified	Unclassified	0.980089783
46546bc1a0a7f536c2c220671e5ad9c5	Bacteria	Proteobacteria	Alphaproteobacteria	NA	NA	Unclassified	Unclassified	0.971368952
7c4b91ac033e9f4c78e37359f4d1840b	Bacteria	Proteobacteria	Alphaproteobacteria	Micavibrionales	NA	Unclassified	Unclassified	0.701401149
7fb35c795e20ec7fc5c6c008bc5f0cfb	Bacteria	Proteobacteria	Alphaproteobacteria	NA	NA	Unclassified	Unclassified	0.961881215
accc7e0d850f7cdd3efe991689044138	Bacteria	Proteobacteria	Alphaproteobacteria	NA	NA	Unclassified	Unclassified	0.993268461
88a2cec79cb4bbf86bd3cbef505695a6	Bacteria	Bacteroidota	Bacteroidia	Sphingobacteriales	env.OPS_17	env.OPS_17	Unclassified	0.819083897
91150c401e6ad1fcdc4e1ac7af787843	Bacteria	Actinobacteriota	Acidimicrobiia	Microtrichales	Microtrichaceae	IMCC26207	Unclassified	0.99952404
907a69601c568c4cddd71a6bbba29b97	Bacteria	Actinobacteriota	Acidimicrobiia	Microtrichales	Microtrichaceae	IMCC26207	Unclassified	0.999767361
0a27112ffe61394d802a8e802f10dfe6	Bacteria	Actinobacteriota	Acidimicrobiia	Microtrichales	Microtrichaceae	IMCC26207	Unclassified	0.999698375
242e3061f34db2435809dd96f4d55e8d	Bacteria	Actinobacteriota	Acidimicrobiia	Microtrichales	Microtrichaceae	IMCC26207	Unclassified	0.999645555
014bc4b96c7dd82fac8c94c0c5386187	Bacteria	Actinobacteriota	Actinobacteria	Propionibacteriales	Nocardioidaceae	Nocardioides	Nocardioides_albus	0.826817774
fcb5d47f0cbd7581e7d2c2af5e580e77	Bacteria	Actinobacteriota	Actinobacteria	Propionibacteriales	Nocardioidaceae	Nocardioides	Unclassified	0.999358552
ef4d1007270be6a848cccc51ae6f8181	Bacteria	Actinobacteriota	Actinobacteria	Propionibacteriales	Nocardioidaceae	Nocardioides	Nocardioides_aquaticus	0.990346579
5a2858fb2f20390d7cb5511ed2cbab8d	Bacteria	Actinobacteriota	Actinobacteria	Propionibacteriales	Nocardioidaceae	Nocardioides	Unclassified	0.964919994
bd60fcff3348683ebcf5fdaa9eb30e84	Bacteria	Actinobacteriota	Actinobacteria	Propionibacteriales	Nocardioidaceae	Nocardioides	Unclassified	0.996075378
6bd5ea11b6e5531b19c2b22a4416ebda	Bacteria	Actinobacteriota	Actinobacteria	Propionibacteriales	Nocardioidaceae	Nocardioides	Unclassified	0.998952835
5ff3c520350e2ece91089971b2044d3c	Bacteria	Actinobacteriota	Actinobacteria	Propionibacteriales	Nocardioidaceae	Nocardioides	Unclassified	0.998803157
8de067e21b7ad32eeead38413b51b92e	Bacteria	Actinobacteriota	Actinobacteria	Propionibacteriales	Nocardioidaceae	Nocardioides	Unclassified	0.999210532
57915ea800805a7d8978415fb0633fce	Bacteria	Actinobacteriota	Actinobacteria	Propionibacteriales	Nocardioidaceae	Nocardioides	Unclassified	0.998485989
7e12d52c43a06c643446e228e62499e2	Bacteria	Actinobacteriota	Actinobacteria	Propionibacteriales	Nocardioidaceae	Nocardioides	Unclassified	0.99805021
42ac640b5efce675c3295c0390573ca5	Bacteria	Actinobacteriota	Actinobacteria	Propionibacteriales	Nocardioidaceae	Nocardioides	Unclassified	0.99851522
1881c11fed228a5df623914169577b2b	Bacteria	Actinobacteriota	Actinobacteria	Propionibacteriales	Nocardioidaceae	Nocardioides	Unclassified	0.998437874
86f24d7ae91b1e6a191951ea866db92e	Bacteria	Actinobacteriota	Actinobacteria	Propionibacteriales	Nocardioidaceae	Nocardioides	Unclassified	0.998132569
3967eb3dbd153e15d255bb4a1ea27103	Bacteria	Actinobacteriota	Actinobacteria	Propionibacteriales	Nocardioidaceae	Nocardioides	Nocardioides_tritolerans	0.990114678
903c688c14b95246f2efb08400b057ae	Bacteria	Actinobacteriota	Actinobacteria	Propionibacteriales	Nocardioidaceae	Marmoricola	Unclassified	0.984226763
79625658d540df88b67cefa2ad78dd46	Bacteria	Actinobacteriota	Actinobacteria	Propionibacteriales	Nocardioidaceae	Marmoricola	Unclassified	0.995992971
e733c140b82aa3c8ceea2c872a34fb47	Bacteria	Actinobacteriota	Actinobacteria	Propionibacteriales	Nocardioidaceae	Marmoricola	Unclassified	0.998380831
fc15ff351fd31892ba2b9317b92fa62c	Bacteria	Actinobacteriota	Actinobacteria	Propionibacteriales	Nocardioidaceae	Marmoricola	Unclassified	0.998462118
80844a0cac90c508aa9fe482021ab4f6	Bacteria	Actinobacteriota	Actinobacteria	Propionibacteriales	Nocardioidaceae	Marmoricola	Unclassified	0.998252527
537a7f2c2c86ac079699e63fbedb9636	Bacteria	Actinobacteriota	Actinobacteria	Propionibacteriales	Nocardioidaceae	Marmoricola	Unclassified	0.996198242
e5d7fc4c16db7d952f556744a8b2644b	Bacteria	Actinobacteriota	Actinobacteria	Propionibacteriales	Nocardioidaceae	Marmoricola	Unclassified	0.997972786
85f298312f34e8879476b26ffc20924a	Bacteria	Actinobacteriota	Actinobacteria	Propionibacteriales	Nocardioidaceae	Marmoricola	Unclassified	0.997980034
a0aed79945d42ede762868f3bc9cd249	Bacteria	Actinobacteriota	Actinobacteria	Propionibacteriales	Nocardioidaceae	Marmoricola	Unclassified	0.997845478
c6f7f98808437c100c1d2bb85058f137	Bacteria	Actinobacteriota	Actinobacteria	Propionibacteriales	Nocardioidaceae	Marmoricola	Unclassified	0.999156136
9c7f58207468205fb7ee4b4587e1d660	Bacteria	Actinobacteriota	Actinobacteria	Propionibacteriales	Nocardioidaceae	Nocardioides	Unclassified	0.935762742
ccb471ecab9ea27a95d4962b3bb7b2a4	Bacteria	Actinobacteriota	Actinobacteria	Propionibacteriales	Nocardioidaceae	Marmoricola	Unclassified	0.995459703
9a6f77c435c9aac0ba0c0ce3ee7fe0f1	Bacteria	Actinobacteriota	Actinobacteria	Propionibacteriales	Nocardioidaceae	Marmoricola	Unclassified	0.99354079
c03f26418d4fb058d1a49655fbf35113	Bacteria	Actinobacteriota	Actinobacteria	Propionibacteriales	Nocardioidaceae	Nocardioides	Unclassified	0.831004916
5095bfb0703d0accf85142495191a43f	Bacteria	Actinobacteriota	Actinobacteria	Propionibacteriales	Nocardioidaceae	Marmoricola	Unclassified	0.933845185
e6de3659e6d195ab5e911cb67ab28374	Bacteria	Actinobacteriota	Actinobacteria	Propionibacteriales	Nocardioidaceae	Nocardioides	Unclassified	0.995629635
6a9acf1a8b123b98e189860f97531b71	Bacteria	Actinobacteriota	Actinobacteria	Propionibacteriales	Nocardioidaceae	Nocardioides	Unclassified	0.910005353
f8fe202bd900ab15279454981e173e5a	Bacteria	Actinobacteriota	Actinobacteria	Propionibacteriales	Nocardioidaceae	Nocardioides	Unclassified	0.837682192
c55d9eb7d53a95e97c240f7850ce4890	Bacteria	Actinobacteriota	Actinobacteria	Propionibacteriales	Nocardioidaceae	Nocardioides	Unclassified	0.883286309
6cce312df87e471b83bdf4b9d5a1714d	Bacteria	Actinobacteriota	Actinobacteria	Propionibacteriales	Nocardioidaceae	Marmoricola	Unclassified	0.963223352
0d3e021cf5badc521f8cdca0adbc8736	Bacteria	Actinobacteriota	Actinobacteria	Propionibacteriales	Nocardioidaceae	Marmoricola	Unclassified	0.959912239
056eddef79b281498c293431020e2b97	Bacteria	Actinobacteriota	Actinobacteria	Propionibacteriales	Nocardioidaceae	Marmoricola	Unclassified	0.972565174
894fc8409304e03b47623d9012aa7eab	Bacteria	Actinobacteriota	Actinobacteria	Propionibacteriales	Nocardioidaceae	Nocardioides	Marmoricola_sp.	0.789834202
a723c46a8003dfafa3b1cfbc01c7ae59	Bacteria	Actinobacteriota	Actinobacteria	Propionibacteriales	Nocardioidaceae	Nocardioides	Marmoricola_sp.	0.938578924
a59a8b7386803d77e6f700fd366045c4	Bacteria	Actinobacteriota	Actinobacteria	Propionibacteriales	Nocardioidaceae	Nocardioides	Unclassified	0.947841904
999d4f3d1ec3e3822ec69e19a06e7abe	Bacteria	Actinobacteriota	Actinobacteria	Propionibacteriales	Nocardioidaceae	Nocardioides	Unclassified	0.981817379
eaa14872e1812725ad7719d48735af72	Bacteria	Actinobacteriota	Actinobacteria	Propionibacteriales	Nocardioidaceae	Nocardioides	Unclassified	0.996884057
eb7fbca7c558ab5e2a9e69e3732cb617	Bacteria	Actinobacteriota	Actinobacteria	Propionibacteriales	Nocardioidaceae	Nocardioides	Unclassified	0.998853197
1afe0082f02f46e8701c719fb34b7c3d	Bacteria	Actinobacteriota	Actinobacteria	Propionibacteriales	Nocardioidaceae	Nocardioides	Unclassified	0.998354091
9f7ae8bf3c1d4866614bc7adf7ea5bbd	Bacteria	Actinobacteriota	Actinobacteria	Propionibacteriales	Nocardioidaceae	Nocardioides	Unclassified	0.992978556
c33bbab5b737b28c957f7cebb6a9d117	Bacteria	Actinobacteriota	Actinobacteria	Propionibacteriales	Nocardioidaceae	Nocardioides	Unclassified	0.988247542
2847500862b151dc286ee994b6cd8e13	Bacteria	Actinobacteriota	Actinobacteria	Propionibacteriales	Nocardioidaceae	Nocardioides	Nocardioides_agariphilus	0.70881742700000006
4b82318c40c90849033bf9e5841f6e75	Bacteria	Actinobacteriota	Actinobacteria	Propionibacteriales	Nocardioidaceae	Nocardioides	Nocardioides_albus	0.759714691
c584665fa1c78a382630740efa0a7480	Bacteria	Actinobacteriota	Actinobacteria	Propionibacteriales	Nocardioidaceae	Nocardioides	Unclassified	0.997705474
3eba762dfe4b135a71e68ce17f02ca01	Bacteria	Actinobacteriota	Actinobacteria	Propionibacteriales	Nocardioidaceae	Nocardioides	Unclassified	0.999257361
6fc483988101fb74476e5fd6d0b7a8a1	Bacteria	Actinobacteriota	Actinobacteria	Propionibacteriales	Nocardioidaceae	Nocardioides	Unclassified	0.996966118
d8dc6394f675a696184d217d59e3c83c	Bacteria	Actinobacteriota	Actinobacteria	Propionibacteriales	Nocardioidaceae	Nocardioides	Unclassified	0.996514909
c27fa088993eaa52ea4ff30b744cf12d	Bacteria	Actinobacteriota	Actinobacteria	Propionibacteriales	Nocardioidaceae	Nocardioides	Unclassified	0.914773928
713a37c90c615ef64e15c433510ba38a	Bacteria	Actinobacteriota	Actinobacteria	Propionibacteriales	Nocardioidaceae	Nocardioides	Unclassified	0.935381073
bc37ee8dec99592461ca1af68d34ab02	Bacteria	Actinobacteriota	Actinobacteria	Propionibacteriales	Nocardioidaceae	Nocardioides	Unclassified	0.894102795
767a677d6c0430794695e02ed07a2555	Bacteria	Actinobacteriota	Actinobacteria	Propionibacteriales	Nocardioidaceae	Nocardioides	Unclassified	0.995833584
91534272cb7716cdc79c557cc3e3ee14	Bacteria	Actinobacteriota	Actinobacteria	Propionibacteriales	Nocardioidaceae	Nocardioides	Nocardioides_bigeumensis	0.97475331
54a318ef92d65e2719043a32810a88e8	Bacteria	Actinobacteriota	Actinobacteria	Propionibacteriales	Nocardioidaceae	Nocardioides	Unclassified	0.988008624
19b1bf65d528b4265d01107c075f6b25	Bacteria	Actinobacteriota	Actinobacteria	Propionibacteriales	Nocardioidaceae	Nocardioides	Unclassified	0.984813715
eda824049ca6e57f76f3a8a23b698585	Bacteria	Actinobacteriota	Actinobacteria	Propionibacteriales	Nocardioidaceae	Nocardioides	Unclassified	0.869960882
6e3cb163765765487de67c7228b6da9e	Bacteria	Actinobacteriota	Actinobacteria	Propionibacteriales	Nocardioidaceae	Nocardioides	Unclassified	0.915203355
0d61d1ef51c84204fae2a07d6e0939f2	Bacteria	Actinobacteriota	Actinobacteria	Propionibacteriales	Nocardioidaceae	Nocardioides	Unclassified	0.99374239
44e754a6fd4bf930df5cee8aedfe014b	Bacteria	Actinobacteriota	Actinobacteria	Propionibacteriales	Nocardioidaceae	Nocardioides	Unclassified	0.988849915
9ff939ea296f1a6f251667e8d8cba09b	Bacteria	Actinobacteriota	Actinobacteria	Propionibacteriales	Nocardioidaceae	Nocardioides	Unclassified	0.994116604
99df726c045365ca14f90982fe56d0a5	Bacteria	Actinobacteriota	Actinobacteria	Propionibacteriales	Nocardioidaceae	Nocardioides	Unclassified	0.979630509
5b396d3f029eeba79a91ced91931360d	Bacteria	Actinobacteriota	Actinobacteria	Propionibacteriales	Nocardioidaceae	Nocardioides	Unclassified	0.99475984
1881245813f3d64abc7d95c1100ce3fa	Bacteria	Actinobacteriota	Actinobacteria	Propionibacteriales	Nocardioidaceae	Nocardioides	Unclassified	0.995740223
d6079572ecee3ec6dd8a94353a11fac4	Bacteria	Actinobacteriota	Actinobacteria	Propionibacteriales	Nocardioidaceae	Nocardioides	Unclassified	0.997952919
7abfe27b3c31b277d2d5f4e7aff84459	Bacteria	Actinobacteriota	Actinobacteria	Propionibacteriales	Nocardioidaceae	Nocardioides	Unclassified	0.994545961
b3b3abbb72ea340b953414f26150221b	Bacteria	Actinobacteriota	Actinobacteria	Propionibacteriales	Nocardioidaceae	Nocardioides	Unclassified	0.996663175
aa30d45031cdfd68264a32363c2649c9	Bacteria	Actinobacteriota	Actinobacteria	Propionibacteriales	Nocardioidaceae	Nocardioides	Unclassified	0.999057757
659a700d7123de3eb7e9c2a5e354b417	Bacteria	Actinobacteriota	Actinobacteria	Propionibacteriales	Nocardioidaceae	Nocardioides	Unclassified	0.98067392900000006
35c2f4b4d76a52a2d33ff1599b37c282	Bacteria	Actinobacteriota	Actinobacteria	Propionibacteriales	Nocardioidaceae	Nocardioides	Unclassified	0.984934723
8a9bd94592a2ae53aff7091a6b37c37d	Bacteria	Actinobacteriota	Actinobacteria	Propionibacteriales	Nocardioidaceae	Nocardioides	Unclassified	0.969943968
04bcd43c66af0c2ebfee302f6426a899	Bacteria	Actinobacteriota	Actinobacteria	Propionibacteriales	Nocardioidaceae	Nocardioides	Unclassified	0.994372961
f5851a8b44230a289058db650a88bf19	Bacteria	Actinobacteriota	Actinobacteria	Propionibacteriales	Nocardioidaceae	Nocardioides	Unclassified	0.994419909
38e58abec7fbef230dbdd0579ed63931	Bacteria	Actinobacteriota	Actinobacteria	Propionibacteriales	Nocardioidaceae	Nocardioides	Unclassified	0.997969387
e3b31025b11724ba15f2132c871fa388	Bacteria	Actinobacteriota	Actinobacteria	Propionibacteriales	Nocardioidaceae	Nocardioides	Unclassified	0.994221018
1c828247b1415ea4575594374c78f962	Bacteria	Actinobacteriota	Actinobacteria	Propionibacteriales	Nocardioidaceae	Nocardioides	Unclassified	0.995116205
22ecf945a71bccbe32d6dfbb195648f5	Bacteria	Actinobacteriota	Actinobacteria	Propionibacteriales	Nocardioidaceae	Nocardioides	Unclassified	0.989371082
6a0eaf667ad630abe825d44f14c076bd	Bacteria	Actinobacteriota	Actinobacteria	Propionibacteriales	Nocardioidaceae	Nocardioides	Unclassified	0.98746884
a8d69a47d7075371fc952560b34af1db	Bacteria	Actinobacteriota	Actinobacteria	Propionibacteriales	Nocardioidaceae	Nocardioides	Unclassified	0.994991663
093522a1db254792f7e6da22962ee12a	Bacteria	Actinobacteriota	Actinobacteria	Propionibacteriales	Nocardioidaceae	Nocardioides	Unclassified	0.99489274
61dfac5d1794722f0d343d68c2055ba7	Bacteria	Actinobacteriota	Actinobacteria	Propionibacteriales	Nocardioidaceae	Nocardioides	Nocardioides_szechwanensis	0.846258844
46166d91d5ab4272400c525975993dea	Bacteria	Actinobacteriota	Actinobacteria	Propionibacteriales	Nocardioidaceae	Nocardioides	Nocardioides_szechwanensis	0.991436408
054de69ddd6003e7a361ab4ecb72eaf8	Bacteria	Actinobacteriota	Actinobacteria	Propionibacteriales	Nocardioidaceae	Nocardioides	Nocardioides_szechwanensis	0.89228217
e8be9865216aa49f6a2593f42f3b5605	Bacteria	Actinobacteriota	Actinobacteria	Propionibacteriales	Nocardioidaceae	Nocardioides	Unclassified	0.991031041
157f760d2f26c1f79e45ff12a816f1a8	Bacteria	Actinobacteriota	Actinobacteria	Propionibacteriales	Nocardioidaceae	Nocardioides	Unclassified	0.98741542
72593bce0d60129686254a8f25e21035	Bacteria	Actinobacteriota	Actinobacteria	Propionibacteriales	Nocardioidaceae	Nocardioides	Unclassified	0.995158626
205e6037ca487f1974f902f598cd01a3	Bacteria	Actinobacteriota	Actinobacteria	Propionibacteriales	Nocardioidaceae	Nocardioides	Unclassified	0.996723697
63b7547168705946f6bb9e513b09d3b1	Bacteria	Actinobacteriota	Actinobacteria	Propionibacteriales	Nocardioidaceae	Nocardioides	Unclassified	0.996321118
0b607721092972a5757d5dc299bcabbd	Bacteria	Actinobacteriota	Actinobacteria	Propionibacteriales	Nocardioidaceae	Nocardioides	Unclassified	0.991041054
da01f6ebc25e006ad6eda33d356332f2	Bacteria	Actinobacteriota	Actinobacteria	Propionibacteriales	Nocardioidaceae	Nocardioides	Unclassified	0.999795649
3de07c6f837c032c7aa84ba6ace5ffaa	Bacteria	Actinobacteriota	Actinobacteria	Propionibacteriales	Nocardioidaceae	Nocardioides	Nocardioides_tritolerans	0.96873182
5d0fb5b624aff4742518b1a66968084c	Bacteria	Actinobacteriota	Actinobacteria	Propionibacteriales	Nocardioidaceae	Marmoricola	Marmoricola_aquaticus	0.744524353
fbe7bb09b6edc2920943d5270ab4e481	Bacteria	Actinobacteriota	Actinobacteria	Propionibacteriales	Nocardioidaceae	Nocardioides	Unclassified	0.944386503
6e910c274cf3bbed967e374f7a5f0c1c	Bacteria	Actinobacteriota	Actinobacteria	Propionibacteriales	Nocardioidaceae	Nocardioides	Unclassified	0.92054333
bbbc13c58c6419544b3e5ffe6e5611fc	Bacteria	Actinobacteriota	Actinobacteria	Propionibacteriales	Nocardioidaceae	Nocardioides	Unclassified	0.99924138
41517560f5d548d8e8fb71176bcbf1bc	Bacteria	Actinobacteriota	Actinobacteria	Propionibacteriales	Nocardioidaceae	Nocardioides	Unclassified	0.998035124
bcd6ec88f03c732d52b869f9b077ce7d	Bacteria	Actinobacteriota	Actinobacteria	Propionibacteriales	Nocardioidaceae	Nocardioides	Unclassified	0.999313932
9514ccb2e710efb294a267690da265fd	Bacteria	Actinobacteriota	Actinobacteria	Propionibacteriales	Nocardioidaceae	Nocardioides	Unclassified	0.998945872
42ee61135fd1f20791301941b6908038	Bacteria	Actinobacteriota	Actinobacteria	Propionibacteriales	Nocardioidaceae	Nocardioides	Unclassified	0.999219253
5f26e285d0ef9f23ffdae48762b5bcbc	Bacteria	Actinobacteriota	Actinobacteria	Propionibacteriales	Nocardioidaceae	Nocardioides	Unclassified	0.99839415
377abf86e5c9ae69a974d7a15d7b6f6c	Bacteria	Actinobacteriota	Actinobacteria	Propionibacteriales	Nocardioidaceae	Nocardioides	Unclassified	0.953557864
644e137ffbd68e934c795f28992b0747	Bacteria	Actinobacteriota	Actinobacteria	Propionibacteriales	Nocardioidaceae	Nocardioides	Unclassified	0.966882628
52beb7ab7443eef6cefc7457f1645039	Bacteria	Actinobacteriota	Actinobacteria	Propionibacteriales	Nocardioidaceae	Nocardioides	Unclassified	0.978337204
e803bae5d71469c86c1a10f3afd19ffb	Bacteria	Actinobacteriota	Actinobacteria	Propionibacteriales	Nocardioidaceae	Nocardioides	Unclassified	0.961708737
91593a993d30571b14a6c0f347900812	Bacteria	Actinobacteriota	Actinobacteria	Propionibacteriales	Nocardioidaceae	Nocardioides	Unclassified	0.913172025
cbac1acb8abb76db2d44264306e90258	Bacteria	Actinobacteriota	Actinobacteria	Propionibacteriales	Nocardioidaceae	Nocardioides	Unclassified	0.991707545
d62d034dddf7d7e75826c5908eb09d4d	Bacteria	Actinobacteriota	Actinobacteria	Propionibacteriales	Nocardioidaceae	Nocardioides	Unclassified	0.887168864
e1d4c30502f2f6fed7c7b6abb692756d	Bacteria	Actinobacteriota	Actinobacteria	Propionibacteriales	Nocardioidaceae	Nocardioides	Unclassified	0.998766329
064d4f08197380f8878d6755dfdbc349	Bacteria	Actinobacteriota	Actinobacteria	Propionibacteriales	Nocardioidaceae	Nocardioides	Unclassified	0.974379113
08767a747a7817d86bb70e4673360cc7	Bacteria	Actinobacteriota	Actinobacteria	Propionibacteriales	Nocardioidaceae	Nocardioides	Unclassified	0.994388609
65e1663ec12e8da97d7e6658f423babe	Bacteria	Actinobacteriota	Actinobacteria	Propionibacteriales	Nocardioidaceae	Nocardioides	Nocardioides_simplex	0.802463498
f1e45fdb86a73dcfe126db613eb50937	Bacteria	Actinobacteriota	Actinobacteria	NA	NA	Unclassified	Unclassified	0.962892265
18d4d28d59be108f8444612208158c8a	Bacteria	SAR324_clade(Marine_group_B)	SAR324_clade(Marine_group_B)	SAR324_clade(Marine_group_B)	SAR324_clade(Marine_group_B)	SAR324_clade(Marine_group_B)	Unclassified	0.739232383
cba9477199928fbdd63de378a4e93140	Bacteria	Bacteroidota	Bacteroidia	Bacteroidales	Bacteroidaceae	Bacteroides	Bacteroides_vulgatus	0.763877458
49fdb33ab4bde5f494043d30c9baff65	Bacteria	Firmicutes	Clostridia	Clostridia	Hungateiclostridiaceae	Unclassified	Unclassified	0.825840089
56bc3315fae10dbd727cd97048bd7481	Bacteria	Firmicutes	Clostridia	Christensenellales	Christensenellaceae	Christensenellaceae_R-7_group	Unclassified	0.999809655
9c99ab7d50bcdd50ae1fbd3e18bf99fc	Bacteria	Firmicutes	Clostridia	Christensenellales	Christensenellaceae	Christensenellaceae_R-7_group	Unclassified	0.999812963
5e837c94abc05acf1a30dcb7cdb9a090	Bacteria	Acidobacteriota	Thermoanaerobaculia	Thermoanaerobaculales	Thermoanaerobaculaceae	Subgroup_10	Holophaga_sp.	0.999993377
f36bdf6d0c767dfa195e6189a3c71f13	Bacteria	Acidobacteriota	Thermoanaerobaculia	Thermoanaerobaculales	Thermoanaerobaculaceae	Subgroup_10	Holophaga_sp.	0.999640261
22cc37c023d5bf2884b9e37c878fd076	Bacteria	Acidobacteriota	Thermoanaerobaculia	Thermoanaerobaculales	Thermoanaerobaculaceae	Subgroup_10	Holophaga_sp.	0.999267335
5bb081943b4cf22536e754df3ea278ff	Bacteria	Firmicutes	Clostridia	Peptostreptococcales-Tissierellales	Peptostreptococcales-Tissierellales	Gottschalkia	uncultured_bacterium	0.999281638
ae9e1b67f2544584e742427d39d59e76	Bacteria	Firmicutes	Clostridia	Peptostreptococcales-Tissierellales	Peptostreptococcales-Tissierellales	Gottschalkia	uncultured_bacterium	0.998930719
05258e40418bb01af3ee2cd4b27607ca	Bacteria	Bacteroidota	Bacteroidia	Cytophagales	Microscillaceae	Unclassified	Unclassified	0.96068812
3fc8805a2c0715203d4016af2f5f341d	Bacteria	Bacteroidota	Bacteroidia	Cytophagales	Microscillaceae	Unclassified	Unclassified	0.987914502
d27cfdac34c1d78a477dd5a8e7d76b19	Bacteria	Bacteroidota	Bacteroidia	Cytophagales	Microscillaceae	Unclassified	Unclassified	0.99102771
98e2001ece7f5c4399c34dee75d8bf32	Bacteria	Bacteroidota	Bacteroidia	Cytophagales	Cytophagaceae	Sporocytophaga	metagenome	0.959401192
d9e8d856f08b34a0f4ba258e56522499	Bacteria	Bacteroidota	Bacteroidia	Cytophagales	Microscillaceae	Unclassified	Unclassified	0.99963566
1a2ab63665dc7813dae5ba0f452f0991	Bacteria	Bacteroidota	Bacteroidia	Cytophagales	NA	Unclassified	Unclassified	0.997696328
f7eb9cc1b53df770a61e7be4ff51e303	Bacteria	Bacteroidota	Bacteroidia	Cytophagales	NA	Unclassified	Unclassified	0.998012316
a5497028724b77523b35cc98bebd4832	Bacteria	Bacteroidota	Bacteroidia	Cytophagales	Cyclobacteriaceae	Unclassified	uncultured_Sphingobacteriales	0.807465224
8f8c0e1162d6cdcb8bd76bbca7ccdcc8	Bacteria	Bacteroidota	Bacteroidia	Cytophagales	Cyclobacteriaceae	Unclassified	Unclassified	0.746831015
349af0074e6d96d63e8e342515d69393	Bacteria	Bacteroidota	Bacteroidia	Cytophagales	Cyclobacteriaceae	Unclassified	Unclassified	0.803267792
1841eade132d2ee6581bb1034a9046d0	Bacteria	Bacteroidota	Bacteroidia	Cytophagales	Cyclobacteriaceae	Unclassified	uncultured_Sphingobacteriales	0.753799644
c244f9aadeba57f21bd7a48296a4e9dd	Bacteria	Bacteroidota	Bacteroidia	Cytophagales	NA	Unclassified	Unclassified	0.993317999
0b097f64905e2828ba938cc5761ed443	Bacteria	Bacteroidota	Bacteroidia	Cytophagales	Microscillaceae	Unclassified	Unclassified	0.913785195
57e3841457bd2a8d51bfe35d1c793f02	Bacteria	Bacteroidota	Bacteroidia	Sphingobacteriales	env.OPS_17	env.OPS_17	Unclassified	0.999917151
f3cdb04670a3087bf72fca1ed272f0d6	Bacteria	Bacteroidota	Bacteroidia	Sphingobacteriales	env.OPS_17	env.OPS_17	Unclassified	0.999881082
d3810bfe5f53512223877c7caa21184a	Bacteria	Bacteroidota	Bacteroidia	Sphingobacteriales	env.OPS_17	env.OPS_17	Unclassified	0.999553134
8bd4ef2182bb68dbb6d676a442da27bd	Bacteria	Bacteroidota	Bacteroidia	Sphingobacteriales	env.OPS_17	env.OPS_17	uncultured_Alistipes	0.831602449
5a7ff2e5d60a5b14c41ae5bdae0e6563	Bacteria	Bacteroidota	Bacteroidia	Sphingobacteriales	env.OPS_17	env.OPS_17	uncultured_Alistipes	0.972748875
5e670dd37ddf1bb4508715533213d491	Bacteria	Bacteroidota	Rhodothermia	Rhodothermales	Rhodothermaceae	Unclassified	Unclassified	0.968215639
bac325f1fa5ab6675ed0fefaf2575518	Bacteria	Bacteroidota	Bacteroidia	Cytophagales	Microscillaceae	Ohtaekwangia	Unclassified	0.723668575
9ef0324e6a3270c39f03130360b20209	Bacteria	Bacteroidota	Bacteroidia	Cytophagales	Microscillaceae	Unclassified	Unclassified	0.967138541
defe79bce0fe32c0809431cd540dfd46	Bacteria	Bacteroidota	Bacteroidia	Cytophagales	Microscillaceae	Unclassified	Unclassified	0.939869195
9cfa563d92c0823d668501fd11843d19	Bacteria	Bacteroidota	Bacteroidia	Cytophagales	Microscillaceae	Unclassified	Unclassified	0.949891436
4feb1bde41818cc03f5e49a91ccfe51d	Bacteria	Bacteroidota	Bacteroidia	Cytophagales	Microscillaceae	Unclassified	Unclassified	0.964436298
9ba6caace05ae9479e8c4b89074ac73d	Bacteria	Bacteroidota	Bacteroidia	Cytophagales	Microscillaceae	Unclassified	Unclassified	0.908133141
8b470df2eefcc888e012339ba36ea08d	Bacteria	Bacteroidota	Bacteroidia	Cytophagales	Microscillaceae	Unclassified	uncultured_Flexibacteraceae	0.892599727
eac97d57d67c82274635e6caf49555bf	Bacteria	Bacteroidota	Bacteroidia	Cytophagales	Microscillaceae	Unclassified	Unclassified	0.990285857
20a5277ba5818debf9277a7bfd46917a	Bacteria	Bacteroidota	Bacteroidia	Cytophagales	Microscillaceae	Unclassified	Unclassified	0.98806416
4895e763fe8259a5b7adec3038136f07	Bacteria	Bacteroidota	Bacteroidia	Cytophagales	Microscillaceae	Unclassified	Unclassified	0.999998539
830fa98a926dc1bafce3750929afd04d	Bacteria	Bacteroidota	Bacteroidia	Cytophagales	Microscillaceae	Ohtaekwangia	Unclassified	0.956987308
d2200a31bdd3d6dc2d2a9539a4d77003	Bacteria	Bacteroidota	Bacteroidia	Cytophagales	Microscillaceae	Unclassified	Unclassified	0.966270373
8231f58f20a311f5a36ae4b9c5f0241d	Bacteria	Bacteroidota	Bacteroidia	Cytophagales	Microscillaceae	Unclassified	Unclassified	0.99999175
deff52080e8001dd65cb7042473509a8	Bacteria	Bacteroidota	Bacteroidia	Cytophagales	Microscillaceae	Ohtaekwangia	Unclassified	0.909821949
0de1bbb9f66405dec12989223ea994c2	Bacteria	Bacteroidota	Bacteroidia	Cytophagales	Microscillaceae	Ohtaekwangia	Unclassified	0.953974251
638d3d04abcd8bb6076d34280e6a9ad7	Bacteria	Bacteroidota	Bacteroidia	Cytophagales	Microscillaceae	Unclassified	Unclassified	0.935779114
4280d11f66a4e685b1d2c91ee9fcb9ae	Bacteria	Bacteroidota	Bacteroidia	Cytophagales	Microscillaceae	Ohtaekwangia	uncultured_bacterium	0.709181151
04920c953bce5863ec62bbd83c25b55c	Bacteria	Bacteroidota	Bacteroidia	Cytophagales	Microscillaceae	Ohtaekwangia	Unclassified	0.919978123
eccb81eb7bb22fa886b8bd00c4349425	Bacteria	Bacteroidota	Bacteroidia	Cytophagales	Microscillaceae	Ohtaekwangia	Unclassified	0.905228499
fba5b2bb5c1d341ec3364a929fbb412f	Bacteria	Bacteroidota	Bacteroidia	Cytophagales	Microscillaceae	Ohtaekwangia	uncultured_bacterium	0.744920628
b57aa5cb5fe24479350b59508e814839	Bacteria	Bacteroidota	Bacteroidia	Cytophagales	Microscillaceae	Ohtaekwangia	uncultured_bacterium	0.811014586
06e441abd0ad284274078ffe607d23c4	Bacteria	Bacteroidota	Bacteroidia	Cytophagales	Microscillaceae	Ohtaekwangia	uncultured_bacterium	0.734732558
f48486ff460abeb9bd9a8b87a50ff2c5	Bacteria	Bacteroidota	Bacteroidia	Cytophagales	Microscillaceae	Ohtaekwangia	Unclassified	0.847819169
ecc045934603e992b51154bf8ad2b041	Bacteria	Bacteroidota	Bacteroidia	Cytophagales	Microscillaceae	Ohtaekwangia	Unclassified	0.714084743
5beba15e01abfc4221ee3883bcf5aff2	Bacteria	Bacteroidota	Bacteroidia	Cytophagales	Microscillaceae	Unclassified	Unclassified	0.999960848
db4e778ec2a24c481bd31b4892b4c306	Bacteria	Bacteroidota	Bacteroidia	Cytophagales	Microscillaceae	Chryseolinea	Unclassified	0.857611006
e6fada9bd46d3f2455534e05f8fac179	Bacteria	Bacteroidota	Bacteroidia	Cytophagales	Microscillaceae	Unclassified	Unclassified	0.999904041
4f7736e611a0e58ca9ba04aba668feb2	Bacteria	Bacteroidota	Bacteroidia	Cytophagales	Microscillaceae	Unclassified	Unclassified	0.886125626
105c144ee31ea0abe96ba262b203003c	Bacteria	Bacteroidota	Bacteroidia	Cytophagales	Microscillaceae	Ohtaekwangia	Unclassified	0.897840725
8e7e4bcc32044d3645b83b652eac741c	Bacteria	Bacteroidota	Bacteroidia	Cytophagales	Microscillaceae	Ohtaekwangia	Unclassified	0.939399998
3d55e01cf4710065cd6371f3c35d5585	Bacteria	Bacteroidota	Bacteroidia	Cytophagales	Microscillaceae	Unclassified	Unclassified	0.999901715
3bc0d8d3a997e4b9e0347e3e7fd12209	Bacteria	Bacteroidota	Bacteroidia	Cytophagales	Microscillaceae	Unclassified	Unclassified	0.951405845
2f69b4f63b753b14a74c0746978b335e	Bacteria	Bacteroidota	Bacteroidia	Cytophagales	Microscillaceae	Unclassified	Unclassified	0.999914755
aa8c73ab14fdeb4d69d6f44e8e164241	Bacteria	Bacteroidota	Bacteroidia	Cytophagales	Microscillaceae	Unclassified	Unclassified	0.999993301
ca0e78df08586d005df3403d940d4b11	Bacteria	Bacteroidota	Bacteroidia	Cytophagales	Microscillaceae	Chryseolinea	Unclassified	0.862281424
22c9c27d80bb2deb338ca7d8be74d006	Bacteria	Bacteroidota	Bacteroidia	Cytophagales	Microscillaceae	Unclassified	Unclassified	0.999989147
f1610b637f0003b9bfb64dc28c2fed3f	Bacteria	Bacteroidota	Bacteroidia	Cytophagales	Microscillaceae	Chryseolinea	uncultured_Sphingobacteriales	0.700870901
9134c3e79d20b7f7e262d550a416aec9	Bacteria	Bacteroidota	Bacteroidia	Cytophagales	Microscillaceae	Unclassified	Unclassified	0.887755579
154797035d8f233c90d5460e1eb3f381	Bacteria	Bacteroidota	Bacteroidia	Cytophagales	Microscillaceae	Unclassified	uncultured_Algoriphagus	0.972516525
11842ab86e2afc4414da5778f7f409f5	Bacteria	Bacteroidota	Bacteroidia	Cytophagales	Microscillaceae	Unclassified	uncultured_Algoriphagus	0.992546317
4f541bc705380c71d39dae4ae9414c83	Bacteria	Bacteroidota	Bacteroidia	Cytophagales	Microscillaceae	Unclassified	uncultured_Algoriphagus	0.870543646
76ecd2a01293dbb6c10defc2af7e1fa6	Bacteria	Bacteroidota	Bacteroidia	Cytophagales	Microscillaceae	Unclassified	Unclassified	0.956592769
46fec08edd5dd0a9cc39aaf8d4b59065	Bacteria	Bacteroidota	Bacteroidia	Cytophagales	Microscillaceae	Unclassified	Unclassified	0.999733193
abab49634021c77c5af26335c500b034	Bacteria	Bacteroidota	Bacteroidia	Cytophagales	Microscillaceae	Unclassified	Unclassified	0.99984106
83e4d5a781c4aae8e73085b82af2a74c	Bacteria	Bacteroidota	Bacteroidia	Cytophagales	Microscillaceae	Unclassified	Unclassified	0.999736263
a9ed249ed07b76aecc4711338a5b1836	Bacteria	Bacteroidota	Bacteroidia	Cytophagales	Microscillaceae	Unclassified	uncultured_Ohtaekwangia	0.798291063
be89279a1b5d3775fc6ab0e5d34711d9	Bacteria	Bacteroidota	Bacteroidia	Cytophagales	Microscillaceae	Unclassified	Unclassified	0.938184789
84a7f03f0817f8ccae14c728ed8d8133	Bacteria	Bacteroidota	Bacteroidia	Cytophagales	Microscillaceae	Unclassified	Unclassified	0.721803456
a6cdaef44c0474590daad9fa1ed1f18e	Bacteria	Bacteroidota	Bacteroidia	Cytophagales	Microscillaceae	Unclassified	Unclassified	0.831679071
66283597730512839826cb7907f7c3ea	Bacteria	Bacteroidota	Bacteroidia	Cytophagales	Microscillaceae	Unclassified	Unclassified	0.858916293
5c048d963a82042043a76c13c634af41	Bacteria	Bacteroidota	Bacteroidia	Cytophagales	Microscillaceae	Unclassified	Unclassified	0.999970055
3dd80a8d0273a785522994958a3fb521	Bacteria	Bacteroidota	Bacteroidia	Cytophagales	Microscillaceae	Ohtaekwangia	Unclassified	0.708116587
a7a6232b88568f861b7ebd9321b13293	Bacteria	Bacteroidota	Bacteroidia	Cytophagales	Microscillaceae	Ohtaekwangia	Unclassified	0.955821418
2be6a29b02e142f4fc160d34ecac7c0e	Bacteria	Bacteroidota	Bacteroidia	Cytophagales	Microscillaceae	Ohtaekwangia	Unclassified	0.805366671
1b605872f8f640a5d1159352197d2e5f	Bacteria	Bacteroidota	Bacteroidia	Cytophagales	Microscillaceae	Ohtaekwangia	metagenome	0.843858815
e38e7aa7ab91ae8c15a6ecdf0634dc30	Bacteria	Bacteroidota	Bacteroidia	Cytophagales	Microscillaceae	Ohtaekwangia	metagenome	0.867816066
cec3012a5e0f779f9306fe4a8f582b05	Bacteria	Bacteroidota	Bacteroidia	Cytophagales	Microscillaceae	Ohtaekwangia	metagenome	0.863881234
dc404695adeb7a3482c8d9adf41dd2d0	Bacteria	Bacteroidota	Bacteroidia	Cytophagales	Microscillaceae	Ohtaekwangia	metagenome	0.870372246
446851edd5be722af3de7032e2a6291e	Bacteria	Bacteroidota	Bacteroidia	Cytophagales	Microscillaceae	Ohtaekwangia	metagenome	0.920068174
b60132a491a4588e2a182149119d0bb6	Bacteria	Bacteroidota	Bacteroidia	Cytophagales	Microscillaceae	Ohtaekwangia	Unclassified	0.902891721
e02d44d89455f44f1dd3ebd4299e1f25	Bacteria	Bacteroidota	Bacteroidia	Cytophagales	Microscillaceae	Ohtaekwangia	Unclassified	0.952418495
99d7698af56faf92dc4d35a38b7b98f2	Bacteria	Bacteroidota	Bacteroidia	Cytophagales	Microscillaceae	Ohtaekwangia	Unclassified	0.818420081
4640b48137f5231db78c59208f87345e	Bacteria	Bacteroidota	Bacteroidia	Cytophagales	Microscillaceae	Ohtaekwangia	Unclassified	0.914440342
e5444061d0b995066378f57b1e6842fb	Bacteria	Bacteroidota	Bacteroidia	Cytophagales	Microscillaceae	Unclassified	Unclassified	0.999505325
5e2cc96f344d34e0176d6667121fc7fc	Bacteria	Bacteroidota	Bacteroidia	Cytophagales	Microscillaceae	Ohtaekwangia	Bacteroidetes_bacterium	0.877311751
1fbc1c6d15aa48963bcf145b37220077	Bacteria	Bacteroidota	Bacteroidia	Cytophagales	Microscillaceae	Ohtaekwangia	Unclassified	0.790860504
c97c9dd45c1c81992d7b910b4f6aa045	Bacteria	Bacteroidota	Bacteroidia	Cytophagales	Microscillaceae	Ohtaekwangia	Unclassified	0.964606488
2b8350093c3e148913967659e66cfa8a	Bacteria	Bacteroidota	Bacteroidia	Cytophagales	Microscillaceae	Ohtaekwangia	Unclassified	0.965806425
ed7df195572c9bc3e3928603940598dc	Bacteria	Bacteroidota	Bacteroidia	Cytophagales	Microscillaceae	Unclassified	Unclassified	0.999954752
b206a6e840d76ca9e67737874e936f39	Bacteria	Bacteroidota	Bacteroidia	Cytophagales	Microscillaceae	Ohtaekwangia	Unclassified	0.982308508
c7100409d9859a9fe638751042b75d08	Bacteria	Bacteroidota	Bacteroidia	Sphingobacteriales	env.OPS_17	env.OPS_17	Unclassified	0.875472015
ff7feb7d4bb7a17121b2e6e1c4b01a89	Bacteria	Bacteroidota	Bacteroidia	Cytophagales	Microscillaceae	Ohtaekwangia	Unclassified	0.923186357
5a9e7ead3e3b77ad16224a6a81e1dbcb	Bacteria	Bacteroidota	Bacteroidia	Cytophagales	Microscillaceae	Unclassified	Unclassified	0.999925386
b18c6c1e2dce4f894826125338cf491c	Bacteria	Bacteroidota	Bacteroidia	Cytophagales	Microscillaceae	Unclassified	Unclassified	0.999867053
e13c372668e22e79cf5f1546e79d81b2	Bacteria	Bacteroidota	Bacteroidia	Cytophagales	Microscillaceae	Ohtaekwangia	Unclassified	0.782324182
64262b126abfd4c50918f810dc3d126d	Bacteria	Bacteroidota	Bacteroidia	Cytophagales	Microscillaceae	Unclassified	Unclassified	0.999824013
96024326b3172cd18da66a657f7fb1ca	Bacteria	Bacteroidota	Bacteroidia	Sphingobacteriales	env.OPS_17	env.OPS_17	Unclassified	0.9876272
a3917b52be660ff3d80038d97104a43e	Bacteria	Bacteroidota	Bacteroidia	Cytophagales	Microscillaceae	Ohtaekwangia	Unclassified	0.890983968
85b5a66fb12d0a5f67dc8df307ce5ff7	Bacteria	Actinobacteriota	Actinobacteria	Micrococcales	Microbacteriaceae	Mycetocola	Unclassified	0.96736211
cd786762248991ceac3faeaffffc8ed9	Bacteria	Bacteroidota	Bacteroidia	Cytophagales	Microscillaceae	Unclassified	Unclassified	0.728656602
674eb125963555cb2249f1177e29c222	Bacteria	Actinobacteriota	Actinobacteria	Micrococcales	Microbacteriaceae	Microbacterium	Unclassified	0.993056037
016328e647305f37d6b6ffca28ba8d7d	Bacteria	Actinobacteriota	Actinobacteria	Micrococcales	Microbacteriaceae	Microbacterium	Unclassified	0.999910271
354a0a4c788e27119c9d59abe19f377d	Bacteria	Actinobacteriota	Actinobacteria	Micrococcales	Microbacteriaceae	Microbacterium	Unclassified	0.999369944
d3072edf294f025a5f51c38d57ca33e5	Bacteria	Actinobacteriota	Actinobacteria	Micrococcales	Microbacteriaceae	Microbacterium	Unclassified	0.998896939
17b05866884f140b0ac61ed6732dee22	Bacteria	Actinobacteriota	Actinobacteria	Micrococcales	Microbacteriaceae	Microbacterium	Unclassified	0.997712294
1c8d707f2a76461ae8a6591ea4bc6b8a	Bacteria	Actinobacteriota	Actinobacteria	Micrococcales	Microbacteriaceae	Microbacterium	Unclassified	0.9962272
25bffc52a91b51e4f7fb945d11df8a82	Bacteria	Actinobacteriota	Actinobacteria	Micrococcales	Microbacteriaceae	Microbacterium	Microbacterium_paludicola	0.742234264
2428881a963075f56882e35d019cc330	Bacteria	Actinobacteriota	Actinobacteria	Micrococcales	Microbacteriaceae	Microbacterium	Microbacterium_halotolerans	0.852901159
5e42b1622f1fd2fb5ce94691a8ff0b90	Bacteria	Actinobacteriota	Actinobacteria	Micrococcales	Microbacteriaceae	Microbacterium	Unclassified	0.995673533
f59ba1b046f6e68645d3e77f62042391	Bacteria	Abditibacteriota	Abditibacteria	Abditibacteriales	Abditibacteriaceae	Abditibacterium	uncultured_bacterium	0.904429037
f7ce9d1944f0afe2e2634c869a5c69f5	Bacteria	Actinobacteriota	Actinobacteria	Micrococcales	Microbacteriaceae	Microbacterium	Unclassified	0.999947312
d32cbcad46b9379aaf2b56e893908256	Bacteria	Actinobacteriota	Actinobacteria	Micrococcales	Microbacteriaceae	Microbacterium	Unclassified	0.999908742
273d1e0c3beef4486186a675d524db88	Bacteria	Actinobacteriota	Actinobacteria	Micrococcales	Microbacteriaceae	Microbacterium	Unclassified	0.999861862
1d4ba37fb9256e91495eda0349c8ff65	Bacteria	Actinobacteriota	Actinobacteria	Micrococcales	Microbacteriaceae	Microbacterium	Unclassified	0.99996845
d481e22edc226bd3c204738ee9375f50	Bacteria	Actinobacteriota	Actinobacteria	Micrococcales	Microbacteriaceae	Microbacterium	Unclassified	0.999414314
6fcb3300a893db9097905052163d5d53	Bacteria	Actinobacteriota	Actinobacteria	Micrococcales	Microbacteriaceae	Microbacterium	Unclassified	0.999361847
9b26677edffe45be6aed1917bd9bf68c	Bacteria	Actinobacteriota	Actinobacteria	Micrococcales	Microbacteriaceae	Microbacterium	Unclassified	0.999157771
4ed1e0d3b5114de513a4d8684877a150	Bacteria	Actinobacteriota	Actinobacteria	Micrococcales	Microbacteriaceae	Microbacterium	Unclassified	0.999771213
6762c089237ce48281d4c8d9a872cc4e	Bacteria	Actinobacteriota	Actinobacteria	Micrococcales	Microbacteriaceae	Microbacterium	Unclassified	0.999892092
9d95e79683992a03f5870a6c2781f443	Bacteria	Actinobacteriota	Actinobacteria	Micrococcales	Microbacteriaceae	Microbacterium	Unclassified	0.999882997
b01f1bb0e5b91e7ae0710a13c94e103e	Bacteria	Actinobacteriota	Actinobacteria	Micrococcales	Microbacteriaceae	Microbacterium	Unclassified	0.999855072
dd1c1f8eaaa98ba76478d2f727fe37d0	Bacteria	Actinobacteriota	Actinobacteria	Micrococcales	Microbacteriaceae	Microbacterium	Unclassified	0.999803916
49b4b5bbb33ff8511eed5cf344e85da6	Bacteria	Actinobacteriota	Actinobacteria	Micrococcales	Microbacteriaceae	Microbacterium	Microbacterium_arborescens	0.701408906
77ed37da53837f2a667462c4373eab44	Bacteria	Verrucomicrobiota	Kiritimatiellae	WCHB1-41	WCHB1-41	WCHB1-41	Unclassified	0.704860101
ce614f44e4a1f6555f723053f77ec460	Bacteria	Actinobacteriota	Actinobacteria	Micrococcales	Microbacteriaceae	Microbacterium	Unclassified	0.999741702
1dd178baa90a15118c7034208717ae9a	Bacteria	Actinobacteriota	Actinobacteria	Micrococcales	Microbacteriaceae	Microbacterium	Unclassified	0.999970346
e0f37758e0a8295e5069af13d24e86b8	Bacteria	Actinobacteriota	Actinobacteria	Micrococcales	Microbacteriaceae	Microbacterium	Unclassified	0.999988535
b385946b80219af7019186e6bbb51220	Bacteria	Actinobacteriota	Actinobacteria	Micrococcales	Microbacteriaceae	Microbacterium	Unclassified	0.999913628
a3762f90920d3a7f6b5562339aca80dd	Bacteria	Actinobacteriota	Actinobacteria	Micrococcales	Microbacteriaceae	Microbacterium	Unclassified	0.999896328
bbe88c7d1828c79de507eb0938969e76	Bacteria	Actinobacteriota	Actinobacteria	Micrococcales	Microbacteriaceae	Microbacterium	Unclassified	0.999982396
c93d22f2625047cead6bc31f77151b87	Bacteria	Actinobacteriota	Actinobacteria	Micrococcales	Microbacteriaceae	Microbacterium	Unclassified	0.999972894
394f50332820e8d838a7b1435486b5bd	Bacteria	Actinobacteriota	Actinobacteria	Micrococcales	Microbacteriaceae	Microbacterium	Unclassified	0.999953224
d7044a364e92b917a070e6d25463ec48	Bacteria	Actinobacteriota	Actinobacteria	Micrococcales	Microbacteriaceae	Microbacterium	Unclassified	0.999932764
3cc098b3297717ef3708fdac54d080cf	Bacteria	Actinobacteriota	Actinobacteria	Micrococcales	Microbacteriaceae	Microbacterium	Unclassified	0.999974084
bb0b057a52ec63a2cdbf70ff696cd31d	Bacteria	Actinobacteriota	Actinobacteria	Micrococcales	Microbacteriaceae	Plantibacter	Unclassified	0.935970071
cf3385c4720773c6832a0705c0fe0954	Bacteria	Bacteroidota	Bacteroidia	Bacteroidales	Muribaculaceae	Muribaculaceae	uncultured_bacterium	0.858609582
97f7dced8227805141e77e10ac5a4b44	Bacteria	Bacteroidota	Bacteroidia	Bacteroidales	Muribaculaceae	Muribaculaceae	Unclassified	0.990889382
d770f18a6e01d407eac2b6d81e3d360c	Bacteria	Bacteroidota	Bacteroidia	Bacteroidales	Muribaculaceae	Muribaculaceae	uncultured_bacterium	0.891152659
f93d63de06defa06eb00bfe3a8467e3f	Bacteria	Bacteroidota	Bacteroidia	Bacteroidales	Paludibacteraceae	Paludibacter	uncultured_Bacteroidetes	0.848479475
43da2c61033716e466731be5388863d4	Bacteria	Bacteroidota	Bacteroidia	Bacteroidales	Paludibacteraceae	Paludibacter	uncultured_bacterium	0.75434358
7f1b011542e406296612cc0157492905	Bacteria	Bacteroidota	Bacteroidia	Bacteroidales	Paludibacteraceae	Paludibacter	Unclassified	0.926949172
3eeaa2a2d04f5023e36e4ce395be3504	Bacteria	Bacteroidota	Bacteroidia	Bacteroidales	Paludibacteraceae	Paludibacter	uncultured_bacterium	0.749255768
87abffe893ec8efc170c45eb8a2ff5f6	Bacteria	Bacteroidota	Bacteroidia	Bacteroidales	Muribaculaceae	Muribaculaceae	uncultured_bacterium	0.816321958
f7182c7aabf70882096a997b8d4ee7df	Bacteria	Bacteroidota	Bacteroidia	Bacteroidales	Muribaculaceae	Muribaculaceae	uncultured_bacterium	0.853484202
01c2f37c6f22af784c7f72b72abcf0a0	Bacteria	Bacteroidota	Bacteroidia	Bacteroidales	Muribaculaceae	Muribaculaceae	uncultured_bacterium	0.932146445
88056fc3305fa9805f4d84cb896acbeb	Bacteria	Proteobacteria	Alphaproteobacteria	NA	NA	Unclassified	Unclassified	0.746713165
45f9bee5f75c276d1a3d9dbdcb11ce2a	Bacteria	Bacteroidota	Bacteroidia	Bacteroidales	Porphyromonadaceae	Porphyromonas	Unclassified	0.999998991
d06c7851934c0069fa8c46879211b233	Bacteria	Bacteroidota	Bacteroidia	Bacteroidales	Tannerellaceae	Parabacteroides	Unclassified	0.999978623
993fc6c301db91ffe2c0655703d091f9	Bacteria	Chloroflexi	Chloroflexia	Chloroflexales	Herpetosiphonaceae	Herpetosiphon	uncultured_bacterium	0.999459292
b7c01da95e7d79e613b816f3148adcf7	Bacteria	Chloroflexi	Chloroflexia	Chloroflexales	Herpetosiphonaceae	Herpetosiphon	uncultured_bacterium	0.999393796
a78aabcb54a0103b907ad7c6bbf4452f	Bacteria	Chloroflexi	Chloroflexia	Chloroflexales	Herpetosiphonaceae	Herpetosiphon	uncultured_bacterium	0.999274042
a53ec4c1616da35d7cb9b63b7be291c6	Bacteria	Chloroflexi	Chloroflexia	Chloroflexales	Herpetosiphonaceae	Herpetosiphon	uncultured_bacterium	0.999538574
33021d9d440e41156021fc344f3b4755	Bacteria	Chloroflexi	Chloroflexia	Chloroflexales	Herpetosiphonaceae	Herpetosiphon	uncultured_bacterium	0.998101111
ee1d96f6d695187a8e1ed8c784122d4a	Bacteria	Chloroflexi	Chloroflexia	Chloroflexales	Herpetosiphonaceae	Herpetosiphon	uncultured_bacterium	0.998711379
812aad66dbae9e0a2c208a1c7be3a469	Bacteria	NA	NA	NA	NA	Unclassified	Unclassified	0.999979428
d93da38ea6c2dc4d3765eda11246cda1	Bacteria	Chloroflexi	Chloroflexia	Chloroflexales	Herpetosiphonaceae	Herpetosiphon	uncultured_bacterium	0.999934988
54e2f0a1d45143eda54c2ac8fcbfb955	Bacteria	Chloroflexi	Chloroflexia	Chloroflexales	Herpetosiphonaceae	Herpetosiphon	Unclassified	0.999999996
29bcf5f7378aa0d33fd1db938b758c05	Bacteria	Chloroflexi	Chloroflexia	Chloroflexales	Herpetosiphonaceae	Herpetosiphon	Unclassified	0.997873949
305e78f4f7fcefcd74ab9ebb56fee007	Bacteria	Chloroflexi	Chloroflexia	Chloroflexales	Herpetosiphonaceae	Herpetosiphon	Unclassified	0.998130177
a03175ca12f8d040386a829703a45ca6	Bacteria	Chloroflexi	Chloroflexia	Chloroflexales	Herpetosiphonaceae	Herpetosiphon	Unclassified	0.99809157
bbf4190f6a0bc08136c357a59c113062	Bacteria	Chloroflexi	Ktedonobacteria	C0119	C0119	C0119	uncultured_bacterium	0.95863008
969df4700be7875cc1e9b39c6bef8db0	Bacteria	Proteobacteria	Alphaproteobacteria	Rhizobiales	Rhizobiaceae	Allorhizobium-Neorhizobium-Pararhizobium-Rhizobium	Unclassified	0.993347874
36e9a0d24103ff0877325802ee16972c	Bacteria	Proteobacteria	Gammaproteobacteria	R7C24	R7C24	R7C24	Unclassified	0.859342656
cb0abfcf849bb556ed31ffad99acc162	Bacteria	Proteobacteria	Gammaproteobacteria	PLTA13	PLTA13	PLTA13	metagenome	0.982156957
f1ef9d7122fbd2ad258ccc123a0c1a64	Bacteria	Proteobacteria	Gammaproteobacteria	PLTA13	PLTA13	PLTA13	metagenome	0.981534746
3d1bb30bb3aeef7f8cb1ed373383b535	Bacteria	Proteobacteria	Gammaproteobacteria	Gammaproteobacteria_Incertae_Sedis	Unknown_Family	Acidibacter	uncultured_Pseudomonadales	0.938059684
2aa63a5cbe7ab1e6a0d8ea8b2a22c21c	Bacteria	Proteobacteria	Gammaproteobacteria	R7C24	R7C24	R7C24	uncultured_bacterium	0.837130057
f08832e8f32e9860c2f44211893af037	Bacteria	Proteobacteria	Gammaproteobacteria	R7C24	R7C24	R7C24	uncultured_bacterium	0.739673461
0a5a4bcb9723333ff57c9d4bdf462dae	Bacteria	Proteobacteria	Gammaproteobacteria	R7C24	R7C24	R7C24	Unclassified	0.993281468
098b9b20a25bf74f1b1c9c8800d21397	Bacteria	Proteobacteria	Gammaproteobacteria	R7C24	R7C24	R7C24	Unclassified	0.993755867
371c36d989dd5fb9c50cd7370094b861	Bacteria	Proteobacteria	Gammaproteobacteria	R7C24	R7C24	R7C24	Unclassified	0.99764288
997efb0251454de16fc2ed540485a92a	Bacteria	Proteobacteria	Gammaproteobacteria	R7C24	R7C24	R7C24	Unclassified	0.994327516
145fd68e4d9daed3f438a39b2ee492aa	Bacteria	Proteobacteria	Gammaproteobacteria	R7C24	R7C24	R7C24	metagenome	0.727326868
ca18d2e4a8486ba106f003dd04c14a37	Bacteria	Gemmatimonadota	Gemmatimonadetes	Gemmatimonadales	Gemmatimonadaceae	Unclassified	Unclassified	0.879536252
9f402adf530cee6fe705ddb76717b72b	Bacteria	Proteobacteria	Gammaproteobacteria	R7C24	R7C24	R7C24	Unclassified	0.994819977
f7c9d53c6c6d1b8a2a30b985633cffce	Bacteria	Proteobacteria	Gammaproteobacteria	R7C24	R7C24	R7C24	Unclassified	0.99837731
a0d35804e66c1f22b00adc663ba3b6cd	Bacteria	Proteobacteria	Gammaproteobacteria	R7C24	R7C24	R7C24	Unclassified	0.997595976
7c70ef291d67ac1a0f32594084145837	Bacteria	Proteobacteria	Gammaproteobacteria	R7C24	R7C24	R7C24	uncultured_bacterium	0.732876454
16a8dab4b90e16a2eda8d25b9e3c9bd5	Bacteria	Proteobacteria	Gammaproteobacteria	Steroidobacterales	Steroidobacteraceae	Unclassified	Unclassified	0.951959823
8a23407f2d459fd6bd1efbb083717874	Bacteria	Proteobacteria	Gammaproteobacteria	Steroidobacterales	Steroidobacteraceae	Unclassified	Unclassified	0.87254614
f357e2f0642600c773c8414ac7024164	Bacteria	Proteobacteria	Gammaproteobacteria	Steroidobacterales	Steroidobacteraceae	Unclassified	metagenome	0.889351969
bb60b24162d45a3c5b880161aa3bf424	Bacteria	Proteobacteria	Gammaproteobacteria	Steroidobacterales	Steroidobacteraceae	Steroidobacter	Unclassified	0.794879798
239ef823e6a1e802f6de3a8bcbaf7e56	Bacteria	Proteobacteria	Gammaproteobacteria	Gammaproteobacteria_Incertae_Sedis	Unknown_Family	Acidibacter	Unclassified	0.99960375
79b64503e9d76c66daf0b999ec29cf5c	Bacteria	Proteobacteria	Gammaproteobacteria	Gammaproteobacteria_Incertae_Sedis	Unknown_Family	Acidibacter	Unclassified	0.9896431
c1ad54c5897acf99bacc13b8e8787496	Bacteria	Proteobacteria	Gammaproteobacteria	Gammaproteobacteria_Incertae_Sedis	Unknown_Family	Acidibacter	Unclassified	0.956588251
4aa5873f3623ebcfb0f94736da220d92	Bacteria	Proteobacteria	Gammaproteobacteria	NA	NA	Unclassified	Unclassified	0.99996163
09ae3cd4f451ebbf2ab8479e1a9706eb	Bacteria	Proteobacteria	Gammaproteobacteria	NA	NA	Unclassified	Unclassified	0.999976403
443046027e829b6060e4f1fc484a1e08	Bacteria	Proteobacteria	Gammaproteobacteria	Gammaproteobacteria_Incertae_Sedis	Unknown_Family	Acidibacter	Unclassified	0.900052022
172566acf0fc901818f04464aab002f5	Bacteria	Proteobacteria	Gammaproteobacteria	Gammaproteobacteria_Incertae_Sedis	Unknown_Family	Acidibacter	metagenome	0.755037507
8f4ea84f18af6ca64378ff5b172b08a6	Bacteria	Proteobacteria	Gammaproteobacteria	Gammaproteobacteria_Incertae_Sedis	Unknown_Family	Acidibacter	Unclassified	0.931898423
76dd0a672e2f38aba6b9a2acea564a52	Bacteria	Proteobacteria	Gammaproteobacteria	Gammaproteobacteria_Incertae_Sedis	Unknown_Family	Acidibacter	Unclassified	0.940470616
e40c71a9bab2310d6e8e914e4eef98ad	Bacteria	Proteobacteria	Gammaproteobacteria	Gammaproteobacteria_Incertae_Sedis	Unknown_Family	Acidibacter	Unclassified	0.947383207
881bb95a487c6da820c650afec82c115	Bacteria	Proteobacteria	Gammaproteobacteria	Gammaproteobacteria_Incertae_Sedis	Unknown_Family	Acidibacter	metagenome	0.790417662
c99e640c6183648217b093707b485727	Bacteria	Proteobacteria	Gammaproteobacteria	Gammaproteobacteria_Incertae_Sedis	Unknown_Family	Acidibacter	metagenome	0.793966914
d31d83d33b879c4caa72f02215a0c628	Bacteria	Proteobacteria	Gammaproteobacteria	NA	NA	Unclassified	Unclassified	0.999749174
34f048272b0b3ecd4b1f793bcbb6c5eb	Bacteria	Proteobacteria	Gammaproteobacteria	Gammaproteobacteria_Incertae_Sedis	Unknown_Family	Acidibacter	Unclassified	0.964985586
2483bccc051275c4f069728f42e5bbbe	Bacteria	NA	NA	NA	NA	Unclassified	Unclassified	0.999998612
f7fc7a02a3aa40c41e4bbe367e3ce50c	Bacteria	Proteobacteria	Gammaproteobacteria	Steroidobacterales	Steroidobacteraceae	Steroidobacter	Unclassified	0.862822737
068bf9723e82f753322c15fd4906b12b	Bacteria	Proteobacteria	Gammaproteobacteria	Steroidobacterales	Steroidobacteraceae	Steroidobacter	Unclassified	0.888486396
990a4955ea92e750a13f3df207368a4a	Bacteria	Proteobacteria	Gammaproteobacteria	NA	NA	Unclassified	Unclassified	0.865004674
aa070dc01c8634fdb804cb218a6234cd	Bacteria	Proteobacteria	Gammaproteobacteria	Steroidobacterales	Steroidobacteraceae	Unclassified	Unclassified	0.969084706
e48333a5bdc8c334892fa357ecc6ab9a	Bacteria	Proteobacteria	Gammaproteobacteria	Steroidobacterales	Steroidobacteraceae	Unclassified	Unclassified	0.786216509
29e77abe849b65dd2704429940eabaae	Bacteria	Proteobacteria	Gammaproteobacteria	Steroidobacterales	Steroidobacteraceae	Unclassified	Unclassified	0.760555154
7dde72300ec6f4f0204dddecf2935aab	Bacteria	Proteobacteria	Gammaproteobacteria	Steroidobacterales	Steroidobacteraceae	Steroidobacter	Unclassified	0.838758808
cec6557fe18e367ac6b0420c66e41555	Bacteria	Proteobacteria	Gammaproteobacteria	Steroidobacterales	Steroidobacteraceae	Steroidobacter	Unclassified	0.763687049
32ec54a50bb7470cc337be0fbf6e4a6d	Bacteria	Proteobacteria	Gammaproteobacteria	Steroidobacterales	Steroidobacteraceae	Steroidobacter	Unclassified	0.778692185
5513b4f525a0e7d06bb1ab117ccffd09	Bacteria	Proteobacteria	Gammaproteobacteria	Steroidobacterales	Steroidobacteraceae	Steroidobacter	Unclassified	0.891893879
4b215ff36ac3d8654e3e4a5853559b03	Bacteria	Proteobacteria	Gammaproteobacteria	Steroidobacterales	Steroidobacteraceae	Steroidobacter	Unclassified	0.849691142
4d1ce01f22af1714f6fe22cc2d7f0a43	Bacteria	Proteobacteria	Gammaproteobacteria	Steroidobacterales	Steroidobacteraceae	Steroidobacter	Unclassified	0.740325358
bf5295ebdfb4bb8955b8742ab1a54f0c	Bacteria	Proteobacteria	Gammaproteobacteria	Steroidobacterales	Steroidobacteraceae	Steroidobacter	Unclassified	0.825160416
b98dc8839c750c98cd453cbf4b557146	Bacteria	Proteobacteria	Gammaproteobacteria	Steroidobacterales	Steroidobacteraceae	Steroidobacter	Unclassified	0.87765008
73bbd15fcd5007629af2622cb655fca5	Bacteria	Proteobacteria	Gammaproteobacteria	Steroidobacterales	Steroidobacteraceae	Steroidobacter	Unclassified	0.78360023
9bf9fa8e47c03684dbc60750e615490f	Bacteria	Proteobacteria	Gammaproteobacteria	Steroidobacterales	Steroidobacteraceae	Steroidobacter	Unclassified	0.791536102
66ce96bc1f4cf5bb16048d5814f07722	Bacteria	Proteobacteria	Gammaproteobacteria	Steroidobacterales	Steroidobacteraceae	Steroidobacter	Unclassified	0.788001979
502c7000f944688104ac9819b209dd37	Bacteria	Proteobacteria	Gammaproteobacteria	Steroidobacterales	Steroidobacteraceae	Steroidobacter	Unclassified	0.926209376
c9d6197a09e835cd187154d5484987c2	Bacteria	Proteobacteria	Gammaproteobacteria	Steroidobacterales	Steroidobacteraceae	Steroidobacter	Unclassified	0.942715068
67af119d8738e0d2db494a64f643bdc5	Bacteria	Proteobacteria	Gammaproteobacteria	Steroidobacterales	Steroidobacteraceae	Steroidobacter	Unclassified	0.750997145
9a6654cfbb4fc1d372ce00098125e800	Bacteria	Proteobacteria	Gammaproteobacteria	Steroidobacterales	Steroidobacteraceae	Unclassified	Unclassified	0.994403653
adc1a9f4f43799aa92fa3ebfcc3d1d8f	Bacteria	Proteobacteria	Gammaproteobacteria	Pseudomonadales	Pseudomonadaceae	Pseudomonas	Unclassified	0.998245136
26995b0bbee02d9e58e9c0c8f30bb183	Bacteria	Desulfobacterota	uncultured	uncultured	uncultured	Unclassified	uncultured_Desulfuromonadales	0.995103512
205339294261b9f66cd328b72f937cfe	Bacteria	Desulfobacterota	uncultured	uncultured	uncultured	Unclassified	Unclassified	0.988276032
7443200bf1d5f447406e372d39930e65	Bacteria	Desulfobacterota	uncultured	uncultured	uncultured	Unclassified	uncultured_Desulfuromonadales	0.985451519
8f05c2e91c527e1f165a40848af9ca02	Bacteria	Desulfobacterota	uncultured	uncultured	uncultured	Unclassified	uncultured_Desulfuromonadales	0.816267417
459ef7212d6e8afed5d561a16681bf8e	Bacteria	Desulfobacterota	uncultured	uncultured	uncultured	Unclassified	Unclassified	0.991035378
7ace44c9220764207b5e5610d2ac9772	Bacteria	Proteobacteria	Gammaproteobacteria	Gammaproteobacteria_Incertae_Sedis	Unknown_Family	Acidibacter	metagenome	0.738799715
403aa535e8da713c96ad148ad9940504	Bacteria	Proteobacteria	Gammaproteobacteria	Gammaproteobacteria_Incertae_Sedis	Unknown_Family	Acidibacter	Unclassified	0.955712696
2f7b9c645d26ea9e225c2a38de3048b3	Bacteria	Proteobacteria	Gammaproteobacteria	Gammaproteobacteria_Incertae_Sedis	Unknown_Family	Acidibacter	Unclassified	0.965460788
295150d9b1c90f0138deb5c98426c6b7	Bacteria	Proteobacteria	Gammaproteobacteria	Gammaproteobacteria_Incertae_Sedis	Unknown_Family	Acidibacter	Unclassified	0.884810816
c6cecad39707f816ee55421ad01d3f21	Bacteria	Proteobacteria	Gammaproteobacteria	Gammaproteobacteria_Incertae_Sedis	Unknown_Family	Acidibacter	uncultured_proteobacterium	0.893229229
b9a8de214e406143b017b639ae19b169	Bacteria	Proteobacteria	Gammaproteobacteria	Gammaproteobacteria_Incertae_Sedis	Unknown_Family	Acidibacter	uncultured_proteobacterium	0.907056895
f8a1241344bb06d2395d079fc5cca592	Bacteria	Proteobacteria	Gammaproteobacteria	Gammaproteobacteria_Incertae_Sedis	Unknown_Family	Acidibacter	Unclassified	0.996963926
8568bda25fca38e7f9db2e2df73d3daf	Bacteria	Proteobacteria	Gammaproteobacteria	Gammaproteobacteria_Incertae_Sedis	Unknown_Family	Acidibacter	uncultured_proteobacterium	0.710035785
5928cb65d0438579ef5f9b084230ef68	Bacteria	Proteobacteria	Gammaproteobacteria	Gammaproteobacteria_Incertae_Sedis	Unknown_Family	Acidibacter	Unclassified	0.989472871
7c28f34d6ae2db645d71f40abddb510e	Bacteria	Proteobacteria	Gammaproteobacteria	Gammaproteobacteria_Incertae_Sedis	Unknown_Family	Acidibacter	uncultured_proteobacterium	0.716479658
8ee0dd7801b0439ffaffa495cbe64465	Bacteria	Proteobacteria	Gammaproteobacteria	Gammaproteobacteria_Incertae_Sedis	Unknown_Family	Acidibacter	uncultured_proteobacterium	0.743471537
04497c87c2242fb315386bb1d77def35	Bacteria	NA	NA	NA	NA	Unclassified	Unclassified	1
8210895903efde28294bac7fbf409b82	Bacteria	Proteobacteria	Gammaproteobacteria	Gammaproteobacteria_Incertae_Sedis	Unknown_Family	Acidibacter	uncultured_proteobacterium	0.707041074
6f4a31d1785f5acd1c0da553e8d2e4fc	Bacteria	Patescibacteria	Saccharimonadia	Saccharimonadales	Saccharimonadales	Saccharimonadales	Unclassified	0.759366217
071828f47541ff4e3ee345ebf5c52948	Bacteria	Proteobacteria	Gammaproteobacteria	R7C24	R7C24	R7C24	Unclassified	0.950507154
036843cf748e94118d67400036a5c64e	Bacteria	SAR324_clade(Marine_group_B)	SAR324_clade(Marine_group_B)	SAR324_clade(Marine_group_B)	SAR324_clade(Marine_group_B)	SAR324_clade(Marine_group_B)	Unclassified	0.91611934
9bb25eb076831d24f8f6a97adccdfde2	Bacteria	Proteobacteria	Alphaproteobacteria	Rickettsiales	SM2D12	SM2D12	Unclassified	0.862708899
8e41bc15fb993b42fff184a0a06a15f2	Bacteria	NA	NA	NA	NA	Unclassified	Unclassified	0.999998826
c810002dae8f148621f0f4305ed78589	Bacteria	NA	NA	NA	NA	Unclassified	Unclassified	0.999999325
cf39cccc0c4383550841db82dad9749f	Bacteria	Bacteroidota	Bacteroidia	Cytophagales	Cytophagaceae	Cytophaga	uncultured_bacterium	0.851383798
7ecc774648bb2b00669ef3532605cbda	Bacteria	Bacteroidota	Bacteroidia	Cytophagales	Cytophagaceae	Cytophaga	uncultured_bacterium	0.928960495
80507649d0c36fcf5d9ccb762cd2f3de	Bacteria	Bdellovibrionota	Bdellovibrionia	Bdellovibrionales	Bdellovibrionaceae	Bdellovibrio	uncultured_bacterium	0.804024782
71eeb6a98b68da1e4b6d44534b2406be	Bacteria	Bdellovibrionota	Bdellovibrionia	Bdellovibrionales	Bdellovibrionaceae	Bdellovibrio	Unclassified	0.999987983
8790e4611f562711764924d661637c2a	Bacteria	Bdellovibrionota	Bdellovibrionia	Bdellovibrionales	Bdellovibrionaceae	Bdellovibrio	Unclassified	0.999156188
93ef2464c407da2de7e7aae99c7fa0b7	Bacteria	Bdellovibrionota	Bdellovibrionia	Bdellovibrionales	Bdellovibrionaceae	Bdellovibrio	Unclassified	0.998444027
57fedd5ca66c001f6c56f96faaf44262	Bacteria	Bdellovibrionota	Bdellovibrionia	Bdellovibrionales	Bdellovibrionaceae	Bdellovibrio	uncultured_bacterium	0.710269736
4ea72b5564ef0d65cc84cbc6936bfe8f	Bacteria	Bdellovibrionota	Bdellovibrionia	Bdellovibrionales	Bdellovibrionaceae	Bdellovibrio	uncultured_bacterium	0.753967471
50c76a4b1afe7baad719d15c8ed84f36	Bacteria	Bdellovibrionota	Bdellovibrionia	Bdellovibrionales	Bdellovibrionaceae	Bdellovibrio	Unclassified	0.998975566
7a1bc1404e19dede916f3db8b4047919	Bacteria	Bdellovibrionota	Bdellovibrionia	Bdellovibrionales	Bdellovibrionaceae	Bdellovibrio	Unclassified	0.999802915
c63c3640513721a1d6dd1478a02fb387	Bacteria	Bdellovibrionota	Bdellovibrionia	Bdellovibrionales	Bdellovibrionaceae	Bdellovibrio	Unclassified	0.999816596
4a49636fef5af7ea44345fa8a938c91f	Bacteria	Bdellovibrionota	Bdellovibrionia	Bdellovibrionales	Bdellovibrionaceae	Bdellovibrio	Unclassified	0.999740783
f87bae11014b5a11ea96fb04a2bb4e2d	Bacteria	Bdellovibrionota	Bdellovibrionia	Bdellovibrionales	Bdellovibrionaceae	Bdellovibrio	Unclassified	0.996393552
2d4512ad813688c0ef855784552add1d	Bacteria	Bdellovibrionota	Bdellovibrionia	Bdellovibrionales	Bdellovibrionaceae	Bdellovibrio	uncultured_bacterium	0.888716209
ddabe0a5360c1a3688cf0b1f57004705	Bacteria	Chloroflexi	Anaerolineae	NA	NA	Unclassified	Unclassified	0.781829103
03e8ebaee830d02e62c3443cb791ae92	Bacteria	Myxococcota	Polyangia	Haliangiales	Haliangiaceae	Haliangium	uncultured_Myxococcales	0.870159126
caff48c0e14befff95fb2a24e70296b0	Bacteria	Planctomycetota	Phycisphaerae	Phycisphaerales	Phycisphaeraceae	SM1A02	metagenome	0.967797853
45d8c1277a107801740931065f6446df	Bacteria	Proteobacteria	Alphaproteobacteria	Micavibrionales	uncultured	Unclassified	uncultured_bacterium	0.952283753
49ebee289524678d1505494e55795a6a	Bacteria	Proteobacteria	Alphaproteobacteria	Micavibrionales	uncultured	Unclassified	uncultured_bacterium	0.7887071
b1fda2d2f8298f31171bc01bedd5f8c4	Bacteria	Proteobacteria	Gammaproteobacteria	Burkholderiales	Burkholderiaceae	Cupriavidus	Unclassified	0.981564179
23136a1e00f074336831b314020b4766	Bacteria	Proteobacteria	Alphaproteobacteria	Rhizobiales	NA	Unclassified	Unclassified	0.996537217
851a838332986e932786ee030d032029	Bacteria	Proteobacteria	Alphaproteobacteria	Sphingomonadales	Sphingomonadaceae	Unclassified	Unclassified	0.922903026
61ac1bebaa6d320bbf0a6d5605b167ba	Bacteria	Proteobacteria	Gammaproteobacteria	Burkholderiales	SC-I-84	SC-I-84	Unclassified	0.99860626
75eceb6e4dad3f2c8a0e1692d8b5358e	Bacteria	Proteobacteria	Gammaproteobacteria	Burkholderiales	SC-I-84	SC-I-84	Unclassified	0.999259616
a8add293d093b6db3284b0dec0a8498d	Bacteria	Proteobacteria	Gammaproteobacteria	Burkholderiales	SC-I-84	SC-I-84	uncultured_Acidobacteria	0.820518371
56b51472a9966db5fce28a0a3989710f	Bacteria	Proteobacteria	Gammaproteobacteria	Burkholderiales	SC-I-84	SC-I-84	Unclassified	0.998604806
e00ef6c7cef2250b150d2cd70e8cb035	Bacteria	Planctomycetota	Pla4_lineage	Pla4_lineage	Pla4_lineage	Pla4_lineage	uncultured_bacterium	0.787286534
e53664e614f69795360aa6c7638c8c2d	Bacteria	Bacteroidota	Bacteroidia	Sphingobacteriales	Sphingobacteriaceae	Pedobacter	Unclassified	0.949682163
83ecadd02c251f3d04bbbba6c600397a	Bacteria	Bacteroidota	Bacteroidia	Sphingobacteriales	Sphingobacteriaceae	Pedobacter	Unclassified	0.979533035
42f4658173afc7b48ff4a8223fe335b3	Bacteria	Bacteroidota	Bacteroidia	Sphingobacteriales	Sphingobacteriaceae	Pedobacter	Unclassified	0.999743769
2fb655f457ab38baa551b6fbfaa9f9b5	Bacteria	SAR324_clade(Marine_group_B)	SAR324_clade(Marine_group_B)	SAR324_clade(Marine_group_B)	SAR324_clade(Marine_group_B)	SAR324_clade(Marine_group_B)	metagenome	0.892609675
e829129c8a513187cf00e8214e547ffa	Bacteria	Bacteroidota	Bacteroidia	Sphingobacteriales	NS11-12_marine_group	NS11-12_marine_group	Unclassified	0.999817993
eb14e4a9e476faa71d99d85d80e40442	Bacteria	Bacteroidota	Bacteroidia	Sphingobacteriales	Sphingobacteriaceae	Pedobacter	uncultured_Olivibacter	0.744080723
08de5595bab88ef4a6db171b6a41575b	Bacteria	Bacteroidota	Bacteroidia	Sphingobacteriales	Sphingobacteriaceae	Pedobacter	uncultured_Olivibacter	0.761550561
6f873fb9f743e4f9112874622189f9e4	Bacteria	Acidobacteriota	Acidobacteriae	Bryobacterales	Bryobacteraceae	Bryobacter	Unclassified	0.880636334
dd24edad229bf492fac883dd303a3ec5	Bacteria	Bacteroidota	Bacteroidia	Sphingobacteriales	Sphingobacteriaceae	Pedobacter	Unclassified	0.907907017
a551d07fd03cbd79cad0efcdba6b2415	Bacteria	Bacteroidota	Kapabacteria	Kapabacteriales	Kapabacteriales	Kapabacteriales	Unclassified	0.999199132
d3d53000290c786ae26b51b88ede0c58	Bacteria	Bacteroidota	Kapabacteria	Kapabacteriales	Kapabacteriales	Kapabacteriales	Unclassified	0.994057576
7634efded5d769f8cc035766b89ba935	Bacteria	Bacteroidota	Kapabacteria	Kapabacteriales	Kapabacteriales	Kapabacteriales	Unclassified	0.969590553
185ebaee4270c7e9cbc8b0d6d24e1abf	Bacteria	Bacteroidota	Kapabacteria	Kapabacteriales	Kapabacteriales	Kapabacteriales	Unclassified	0.998855925
d445ea18a223d8551e30932710fad946	Bacteria	Bacteroidota	Kapabacteria	Kapabacteriales	Kapabacteriales	Kapabacteriales	Unclassified	0.996735207
b597691f8c4243491a540d91e6b16b60	Bacteria	Proteobacteria	Gammaproteobacteria	Steroidobacterales	Steroidobacteraceae	Unclassified	Unclassified	0.995238335
459822097021ab46d1a01e106993e5b8	Bacteria	Proteobacteria	Gammaproteobacteria	Steroidobacterales	Steroidobacteraceae	Unclassified	Unclassified	0.997406496
8c9ae958d69b181c6b9317a77d9d7781	Bacteria	Proteobacteria	Gammaproteobacteria	Burkholderiales	Neisseriaceae	Unclassified	uncultured_bacterium	0.891573782
bfe3e3a92f426eb9ba822d46493247a2	Bacteria	Proteobacteria	Gammaproteobacteria	Burkholderiales	Nitrosomonadaceae	MND1	Unclassified	0.999593015
8d81e314da64084f7c60257ed324b7a5	Bacteria	Proteobacteria	Gammaproteobacteria	PLTA13	PLTA13	PLTA13	uncultured_gamma	0.810733368
9dc2ec349e66aea31bd1000b93c61679	Bacteria	Proteobacteria	Gammaproteobacteria	PLTA13	PLTA13	PLTA13	Unclassified	0.999805688
598985b0186ad51ccb1c8a7fada28d74	Bacteria	Proteobacteria	Gammaproteobacteria	PLTA13	PLTA13	PLTA13	Unclassified	0.99982205
640bda325faac329afcdcf3ab021dfc4	Bacteria	Proteobacteria	Gammaproteobacteria	PLTA13	PLTA13	PLTA13	Unclassified	0.999564173
4c8767e87ee85ce7f461dee59e257483	Bacteria	Proteobacteria	Gammaproteobacteria	PLTA13	PLTA13	PLTA13	uncultured_gamma	0.810425508
28ecedfa170355c45e84eb0f2d6e1c74	Bacteria	Proteobacteria	Gammaproteobacteria	PLTA13	PLTA13	PLTA13	uncultured_gamma	0.835831181
583f62d9d80f4c567761558052900744	Bacteria	Proteobacteria	Gammaproteobacteria	Steroidobacterales	Steroidobacteraceae	Unclassified	Unclassified	0.989840779
c5d487bed364ded9d0425728cf0c227d	Bacteria	Chloroflexi	JG30-KF-CM66	JG30-KF-CM66	JG30-KF-CM66	JG30-KF-CM66	uncultured_bacterium	0.84345246
73729971c3653e0989aef3e33735819e	Bacteria	NA	NA	NA	NA	Unclassified	Unclassified	0.999998119
f9d9054394493edf4ae77b479873304a	Bacteria	Proteobacteria	Alphaproteobacteria	Rickettsiales	Rickettsiales	Candidatus_Jidaibacter	metagenome	0.913115404
434283a05d51fc0a1882ca859f52202a	Bacteria	Proteobacteria	Alphaproteobacteria	Rickettsiales	Rickettsiales	Candidatus_Jidaibacter	Unclassified	0.855679674
7c0a76f38a27975fcf99924ef754992a	Bacteria	Proteobacteria	Alphaproteobacteria	Rickettsiales	Rickettsiales	Candidatus_Jidaibacter	uncultured_Acanthamoeba	0.998721901
0f9246c554ece9730a4d7d2569fb18a9	Bacteria	Proteobacteria	Alphaproteobacteria	Rickettsiales	Rickettsiales	Candidatus_Jidaibacter	metagenome	0.840793255
a80f8a969190d6f2522cd4f33f299fe2	Bacteria	Proteobacteria	Alphaproteobacteria	Paracaedibacterales	Paracaedibacteraceae	Unclassified	uncultured_prokaryote	0.743038756
5adf0d26b78bfdfd17e9f10435c3420b	Bacteria	Proteobacteria	Alphaproteobacteria	Paracaedibacterales	Paracaedibacteraceae	Unclassified	uncultured_prokaryote	0.985359012
07b5385c24390e99d8b770b8f67fcec6	Bacteria	Proteobacteria	Alphaproteobacteria	Paracaedibacterales	Paracaedibacteraceae	Unclassified	uncultured_prokaryote	0.98148091
946b204d1a6f5a807d537afb17e9e05c	Bacteria	Proteobacteria	Alphaproteobacteria	Paracaedibacterales	Paracaedibacteraceae	Unclassified	uncultured_prokaryote	0.996960725
1e8c5a6f3583ed22aabbad694eac5b96	Bacteria	NA	NA	NA	NA	Unclassified	Unclassified	0.999999896
717badd56a2dd60b65fbb001733f8d58	Bacteria	Proteobacteria	Alphaproteobacteria	Paracaedibacterales	Paracaedibacteraceae	Unclassified	uncultured_prokaryote	0.987600259
aab71a0547b2e552ce9169b8180227ac	Bacteria	Proteobacteria	Alphaproteobacteria	NA	NA	Unclassified	Unclassified	0.777588436
0e3416a11bd07b1c99c086aa7d138585	Bacteria	Proteobacteria	Alphaproteobacteria	Rickettsiales	SM1B06	SM1B06	Unclassified	0.705949755
da179331eccca1abb1711573df7f8a08	Bacteria	Bacteroidota	Bacteroidia	Sphingobacteriales	Sphingobacteriaceae	Pedobacter	Unclassified	0.802497816
87dc226203e7d13fc61f7b4b189d70f2	Bacteria	Bacteroidota	Bacteroidia	Sphingobacteriales	Sphingobacteriaceae	Sphingobacterium	Sphingobacterium_populi	0.928270267
8127118103b8ed7c0faaeebc9ea95d52	Bacteria	Bacteroidota	Bacteroidia	Sphingobacteriales	Sphingobacteriaceae	Sphingobacterium	Unclassified	0.849652488
86a594666fca6f1cce9aa9fa30f1feae	Bacteria	Bacteroidota	Bacteroidia	Sphingobacteriales	Sphingobacteriaceae	Sphingobacterium	Unclassified	0.875531358
60af068b17de7213ebe92202addeb9bb	Bacteria	Bacteroidota	Bacteroidia	Sphingobacteriales	Sphingobacteriaceae	Sphingobacterium	Sphingobacterium_corticis	0.748015862
ef2648f75e51252b411e3155519dfdac	Bacteria	Bacteroidota	Bacteroidia	Sphingobacteriales	Sphingobacteriaceae	Sphingobacterium	Unclassified	0.803124042
b7190788a69ab3a8a5d6a75f0f4f5a14	Bacteria	Bacteroidota	Bacteroidia	Sphingobacteriales	Sphingobacteriaceae	Sphingobacterium	Unclassified	0.739160208
6c36eb4de113b8c9c653bc613722c7d5	Bacteria	Bacteroidota	Bacteroidia	Sphingobacteriales	Sphingobacteriaceae	Sphingobacterium	Unclassified	0.793970852
32bd82b48502a1cba031f1e11ddae2aa	Bacteria	Bacteroidota	Bacteroidia	Sphingobacteriales	Sphingobacteriaceae	Sphingobacterium	Unclassified	0.773596652
475c91f32fcf910a569e8e35debbd88a	Bacteria	Bacteroidota	Bacteroidia	Sphingobacteriales	Sphingobacteriaceae	Sphingobacterium	Unclassified	0.999368112
f5d8756dcbef79edc89f750df13bfda4	Bacteria	Bacteroidota	Bacteroidia	Sphingobacteriales	Sphingobacteriaceae	Sphingobacterium	Unclassified	0.806345038
07e556f3f0fb78f46773c2fed1ff505d	Bacteria	Bacteroidota	Bacteroidia	Sphingobacteriales	Sphingobacteriaceae	Sphingobacterium	Unclassified	0.991939086
9bae4ebb308a0081594a5ff17c7023f3	Bacteria	Bacteroidota	Bacteroidia	Sphingobacteriales	Sphingobacteriaceae	Sphingobacterium	Sphingobacterium_canadense	0.719382309
9484222320fbd53663cdd1331d475b67	Bacteria	Bacteroidota	Bacteroidia	Sphingobacteriales	Sphingobacteriaceae	Sphingobacterium	Unclassified	0.998909567
5c24d96cc3c3c6663449fff73361d31f	Bacteria	Bacteroidota	Bacteroidia	Sphingobacteriales	Sphingobacteriaceae	Sphingobacterium	Unclassified	0.998962132
6f4d534a535bfb3b5dc4b61c80d5167a	Bacteria	Bacteroidota	Bacteroidia	Sphingobacteriales	Sphingobacteriaceae	Sphingobacterium	Unclassified	0.987599483
e9e0392e1273dd7cbff9c1fb84df5104	Bacteria	Bacteroidota	Bacteroidia	NA	NA	Unclassified	Unclassified	0.999276584
4ea0ce7d58bed0c545a7f574f8b77b93	Bacteria	Bacteroidota	Bacteroidia	Sphingobacteriales	Sphingobacteriaceae	Sphingobacterium	Sphingobacterium_spiritivorum	0.905404625
041cf0f99c37cb18d0f4a06219931b53	Bacteria	Bacteroidota	Bacteroidia	Sphingobacteriales	Sphingobacteriaceae	Sphingobacterium	Unclassified	0.994012413
4b4bb1fad2c8554a707e37dfaf00a352	Bacteria	Bacteroidota	Bacteroidia	Sphingobacteriales	Sphingobacteriaceae	Pedobacter	Pedobacter_agrisoli	0.79487757
7afadb7f3ae7ea452bf1b78622461e8a	Bacteria	Bacteroidota	Bacteroidia	Sphingobacteriales	Sphingobacteriaceae	Sphingobacterium	Unclassified	0.91239823
aa11d026fac6f941efc164879a800225	Bacteria	Bacteroidota	Bacteroidia	Sphingobacteriales	Sphingobacteriaceae	Sphingobacterium	Unclassified	0.924740316
2aa63c988ce767a2161f3a8e8b5c9161	Bacteria	Bacteroidota	Bacteroidia	Sphingobacteriales	Sphingobacteriaceae	Sphingobacterium	Unclassified	0.872762975
39678c9b629632923a5dc0b14b4d7535	Bacteria	Bacteroidota	Bacteroidia	Sphingobacteriales	AKYH767	AKYH767	uncultured_bacterium	0.918606676
c4223130bb3488514c4c5fcf18b57c37	Bacteria	SAR324_clade(Marine_group_B)	SAR324_clade(Marine_group_B)	SAR324_clade(Marine_group_B)	SAR324_clade(Marine_group_B)	SAR324_clade(Marine_group_B)	metagenome	0.860190726
e82dfa178ab0c8c50108482a475413aa	Bacteria	Proteobacteria	NA	NA	NA	Unclassified	Unclassified	0.926044166
8ec7f874ce184725f61e2379ad4f6157	Bacteria	Proteobacteria	Gammaproteobacteria	Burkholderiales	NA	Unclassified	Unclassified	0.99995136
d954b4b1cdcef00b501c1b452c706ca1	Bacteria	Proteobacteria	Gammaproteobacteria	Burkholderiales	NA	Unclassified	Unclassified	0.99959639
12fa9bb373b6d548419802a8fb0d2647	Bacteria	Proteobacteria	Gammaproteobacteria	Burkholderiales	Rhodocyclaceae	Uliginosibacterium	metagenome	0.856517655
2fddfabf8d06c0a3d98d97e4963b6301	Bacteria	Proteobacteria	Gammaproteobacteria	Burkholderiales	Rhodocyclaceae	Uliginosibacterium	uncultured_bacterium	0.752430827
5322709c1e11ecb55649d7ebf8f376f4	Bacteria	Bacteroidota	Bacteroidia	Chitinophagales	Chitinophagaceae	UTBCD1	Unclassified	0.700520202
134a97af1133f443ec73b4fd512c3eeb	Bacteria	Bacteroidota	Bacteroidia	Sphingobacteriales	AKYH767	AKYH767	metagenome	0.72823693
86575fe84381f75b363e705b8dca5633	Bacteria	Bacteroidota	Bacteroidia	Sphingobacteriales	AKYH767	AKYH767	metagenome	0.756923053
2749559c33e9bb3662dd207fadfc3202	Bacteria	Bacteroidota	Bacteroidia	Sphingobacteriales	Sphingobacteriaceae	Sphingobacteriaceae	metagenome	0.867362176
ed130f23a469429ed37af6008324ae48	Bacteria	Bacteroidota	Bacteroidia	Sphingobacteriales	AKYH767	AKYH767	Unclassified	0.999532764
7373b7956f32492bed22bac27b734f08	Bacteria	Bacteroidota	Bacteroidia	Sphingobacteriales	AKYH767	AKYH767	Unclassified	0.999415112
ba22373833ee493dcd746766e3b54660	Bacteria	Proteobacteria	Gammaproteobacteria	Xanthomonadales	Rhodanobacteraceae	Unclassified	uncultured_bacterium	0.952751237
fcd30457dc1e87a4104098a097055e2c	Bacteria	Proteobacteria	Gammaproteobacteria	Xanthomonadales	Rhodanobacteraceae	Unclassified	uncultured_bacterium	0.970105779
23b2d16d7c58eb535fef02c891034458	Bacteria	Proteobacteria	Gammaproteobacteria	Xanthomonadales	Rhodanobacteraceae	Unclassified	uncultured_bacterium	0.977421698
e0318b7cad80c7c2d0f669b519de0576	Bacteria	Proteobacteria	Gammaproteobacteria	Xanthomonadales	Rhodanobacteraceae	Unclassified	uncultured_bacterium	0.971355133
68fe6f29e2bd65c476c279ff0d61e2f2	Bacteria	Proteobacteria	Gammaproteobacteria	Xanthomonadales	Rhodanobacteraceae	Unclassified	uncultured_bacterium	0.813883293
366ae13f4fd85d58eba574e4f34a0bb3	Bacteria	Proteobacteria	Gammaproteobacteria	Xanthomonadales	Rhodanobacteraceae	Unclassified	uncultured_bacterium	0.982840939
94e6de8c6d465c367e5c15ae376518aa	Bacteria	Bacteroidota	Bacteroidia	Chitinophagales	uncultured	Unclassified	Unclassified	0.905413428
c6afd3c5a2b86a9c0777129826a52a39	Bacteria	Proteobacteria	Gammaproteobacteria	Burkholderiales	Nitrosomonadaceae	MND1	Unclassified	0.99994737
19e7544684229eaf209326e385763cf9	Bacteria	Proteobacteria	Gammaproteobacteria	Burkholderiales	Nitrosomonadaceae	MND1	Unclassified	0.99962907
c5c2974e2e8235b26754f2be93c9c665	Bacteria	Proteobacteria	Gammaproteobacteria	Burkholderiales	Nitrosomonadaceae	MND1	Unclassified	0.999971019
850a1dd5abdffd8ef3649853c356fafa	Bacteria	Proteobacteria	Gammaproteobacteria	Burkholderiales	Nitrosomonadaceae	MND1	Unclassified	0.999952018
8536af4bea37e66afaff4780a96f40e0	Bacteria	Proteobacteria	Gammaproteobacteria	Burkholderiales	Nitrosomonadaceae	MND1	Unclassified	0.999985943
115b3039db74279223c57083ac3abc9e	Bacteria	Proteobacteria	Gammaproteobacteria	Burkholderiales	Nitrosomonadaceae	MND1	Unclassified	0.999929216
80347216ea698142948c57dd0a460db7	Bacteria	Proteobacteria	Gammaproteobacteria	Burkholderiales	Nitrosomonadaceae	MND1	Unclassified	0.999913175
c67c728a9b65221c368e156ef49b6f32	Bacteria	Proteobacteria	Gammaproteobacteria	Burkholderiales	Nitrosomonadaceae	MND1	Unclassified	0.99988338
a016b350028a61aa734bd683c91a9733	Bacteria	Proteobacteria	Gammaproteobacteria	Burkholderiales	Nitrosomonadaceae	MND1	Unclassified	0.999797078
b27615d36231c0f54092b3b8ef4106a4	Bacteria	Proteobacteria	Gammaproteobacteria	Burkholderiales	Nitrosomonadaceae	MND1	Unclassified	0.999760462
acfed54df373d1feb493707f167894c8	Bacteria	Proteobacteria	Gammaproteobacteria	Burkholderiales	Nitrosomonadaceae	MND1	Unclassified	0.999679107
06699ff38327f333896a61bb066ab21d	Bacteria	Proteobacteria	Gammaproteobacteria	Burkholderiales	Nitrosomonadaceae	MND1	Unclassified	0.999677752
dcd4df48dd2bddc01e5df7e2e5bfcff1	Bacteria	Proteobacteria	Gammaproteobacteria	Burkholderiales	Nitrosomonadaceae	MND1	Unclassified	0.999968287
cce11a1a5c5d2f3df701e8be78e77ba5	Bacteria	Proteobacteria	Gammaproteobacteria	Burkholderiales	Nitrosomonadaceae	MND1	Unclassified	0.999682005
87135819bb2ad5675ff29e8c3ae88327	Bacteria	Proteobacteria	Gammaproteobacteria	Burkholderiales	Nitrosomonadaceae	MND1	Unclassified	0.999935258
c10b3774ea2c172227ae468397356664	Bacteria	Bacteroidota	Bacteroidia	Sphingobacteriales	Sphingobacteriaceae	Unclassified	Unclassified	0.999619348
799637c700067622c7b2e2be08c8708c	Bacteria	SAR324_clade(Marine_group_B)	SAR324_clade(Marine_group_B)	SAR324_clade(Marine_group_B)	SAR324_clade(Marine_group_B)	SAR324_clade(Marine_group_B)	Unclassified	0.991123116
ad5a14d165a0b80e0d71dd0281b593c5	Bacteria	Bacteroidota	Bacteroidia	Chitinophagales	Chitinophagaceae	Edaphobaculum	Unclassified	0.854777952
4e8a3b19651bdfd2a6d285617f104a5d	Bacteria	Bacteroidota	Bacteroidia	Chitinophagales	Chitinophagaceae	Edaphobaculum	Unclassified	0.979068588
6f60e080a80284398959819b3764cf74	Bacteria	Bacteroidota	Bacteroidia	Chitinophagales	Chitinophagaceae	Edaphobaculum	Unclassified	0.972250345
be400c70f12f3977db75e9c13254b137	Bacteria	Bacteroidota	Bacteroidia	Chitinophagales	Chitinophagaceae	Niastella	uncultured_bacterium	0.956380317
f825883307ac423933199decce2bac32	Bacteria	Bacteroidota	Bacteroidia	Chitinophagales	Chitinophagaceae	Edaphobaculum	Unclassified	0.984388444
aa925bc5b7249a67cc9dc572681c01ba	Bacteria	Bacteroidota	Bacteroidia	Chitinophagales	Chitinophagaceae	Edaphobaculum	Unclassified	0.987756801
360f15699a7c9b6252e431cd82e4cd8a	Bacteria	Bacteroidota	Bacteroidia	Chitinophagales	Chitinophagaceae	Edaphobaculum	Unclassified	0.99348681
cf2d4a3684b50bc5e0bae022f8b9f207	Bacteria	Bacteroidota	Bacteroidia	Chitinophagales	Chitinophagaceae	Edaphobaculum	Unclassified	0.992733319
fadff1199ff10d8178f16587b82697a9	Bacteria	Bacteroidota	Bacteroidia	Chitinophagales	Chitinophagaceae	Edaphobaculum	Unclassified	0.989407437
103157cc0a6254442a9cf661d3438d21	Bacteria	Bacteroidota	Bacteroidia	Chitinophagales	Chitinophagaceae	Niastella	uncultured_bacterium	0.893426789
06760ea4f07df012e938b80f2d41d468	Bacteria	Bacteroidota	Bacteroidia	Chitinophagales	Chitinophagaceae	Niastella	uncultured_bacterium	0.86352666
2d92610e49d67adc0792c047f52248af	Bacteria	Bacteroidota	Bacteroidia	Chitinophagales	Chitinophagaceae	Edaphobaculum	uncultured_soil	0.755034331
0650c79f4a196ef47a73aa2644b27656	Bacteria	Bacteroidota	Bacteroidia	Chitinophagales	Chitinophagaceae	Unclassified	Unclassified	0.977910348
48cdbe4254db3f2a929dfb5a85c30e4c	Bacteria	Bacteroidota	Bacteroidia	Chitinophagales	Chitinophagaceae	Edaphobaculum	Unclassified	0.964560001
c9fd00fd9d884c485a916e98bd7dafaa	Bacteria	Bacteroidota	Bacteroidia	Chitinophagales	Chitinophagaceae	Edaphobaculum	Unclassified	0.969485527
9406f23a32152c43873ffa4252aa1e84	Bacteria	Bacteroidota	Bacteroidia	Chitinophagales	Chitinophagaceae	Unclassified	Unclassified	0.99999595
f6a3b9b2cc8e42d57b046f6746f8bb8b	Bacteria	Bacteroidota	Bacteroidia	Chitinophagales	Chitinophagaceae	Lacibacter	Unclassified	0.999550428
319c5b0de31dc649aab0f1d8090457e9	Bacteria	Bacteroidota	Bacteroidia	Chitinophagales	Chitinophagaceae	Lacibacter	Unclassified	0.999610788
32a08c204435796068becdd92511ebf4	Bacteria	Bacteroidota	Bacteroidia	Chitinophagales	Chitinophagaceae	Unclassified	Unclassified	0.999993344
7a37e193ce55c08872937a1683c1da7c	Bacteria	Bacteroidota	Bacteroidia	Chitinophagales	Chitinophagaceae	Chitinophaga	Unclassified	0.995894099
ea9fb5a1e196ba6d0eded48c5a87803b	Bacteria	Bacteroidota	Bacteroidia	Chitinophagales	Chitinophagaceae	Chitinophaga	Unclassified	0.782147781
6a5b9be5bc085c3e02a659c3e9725cd3	Bacteria	Bacteroidota	Bacteroidia	Chitinophagales	Chitinophagaceae	Chitinophaga	Unclassified	0.995704734
c15f591686d8a715dcb8b04fac29fe1c	Bacteria	Bacteroidota	Bacteroidia	Chitinophagales	Chitinophagaceae	Unclassified	Unclassified	0.999909653
301d0d500589182298ca97f22e35a7d1	Bacteria	Bacteroidota	Bacteroidia	Chitinophagales	Chitinophagaceae	Parasegetibacter	uncultured_bacterium	0.810090242
3dba94a744cab53b41fc233b26fb6578	Bacteria	Bacteroidota	Bacteroidia	Chitinophagales	Chitinophagaceae	Edaphobaculum	Unclassified	0.993657886
e33acc50310a0e0559cef6dafd299c37	Bacteria	Bacteroidota	Bacteroidia	Chitinophagales	Chitinophagaceae	Unclassified	Unclassified	0.999991719
808d80c4a0aa209970d2e5b1ab366f87	Bacteria	Bacteroidota	Bacteroidia	Cytophagales	Hymenobacteraceae	Adhaeribacter	Unclassified	0.991658758
747bb183426978407b358ab0f0252734	Bacteria	Bacteroidota	Bacteroidia	Sphingobacteriales	AKYH767	AKYH767	uncultured_bacterium	0.792303161
f4502932c82caa898fc130afe6e0589d	Bacteria	Bacteroidota	Bacteroidia	Chitinophagales	Chitinophagaceae	Rurimicrobium	uncultured_bacterium	0.978310563
b4f94066e1b24c2d39a43dd40a136902	Bacteria	Bacteroidota	Bacteroidia	Chitinophagales	Chitinophagaceae	Rurimicrobium	uncultured_bacterium	0.902882195
f1f5c5ee73ffe6d4cf4f53d7910664e8	Bacteria	Bacteroidota	Bacteroidia	Chitinophagales	Chitinophagaceae	Rurimicrobium	uncultured_bacterium	0.906085907
019ecaf9bbf777399ee5e1dcc04c584f	Bacteria	Planctomycetota	Phycisphaerae	Phycisphaerales	Phycisphaeraceae	SM1A02	uncultured_Planctomycetaceae	0.904961961
9ff313b9015972d8f92cc1c6ba9be195	Bacteria	Planctomycetota	Phycisphaerae	Phycisphaerales	Phycisphaeraceae	SM1A02	uncultured_Planctomycetaceae	0.861596517
7fdf7c08de6ab59db5d975d55a41a314	Bacteria	Acidobacteriota	Acidobacteriae	Bryobacterales	Bryobacteraceae	Bryobacter	Unclassified	0.821425386
8ee92e7d6e3035493a09c41c487852b5	Bacteria	Acidobacteriota	Acidobacteriae	Bryobacterales	Bryobacteraceae	Bryobacter	Unclassified	0.975662926
d7e0d69d84e1bd173bc761c4b96625c0	Bacteria	Acidobacteriota	Acidobacteriae	Bryobacterales	Bryobacteraceae	Bryobacter	uncultured_prokaryote	0.987310937
f36ede72cf19be16201216a59c4271d6	Bacteria	Acidobacteriota	Acidobacteriae	Acidobacteriae	Acidobacteriae	Paludibaculum	metagenome	0.902686552
419efadda61f8e0a220b7251387497eb	Bacteria	Acidobacteriota	Acidobacteriae	Bryobacterales	Bryobacteraceae	Bryobacter	Unclassified	0.932938106
0e9a70bcbc81ee2aa9e29ba5c25afde7	Bacteria	Acidobacteriota	Acidobacteriae	Bryobacterales	Bryobacteraceae	Bryobacter	Unclassified	0.948428806
bca37d65da797ce2e2493de58a160e21	Bacteria	Acidobacteriota	Acidobacteriae	Bryobacterales	Bryobacteraceae	Bryobacter	Unclassified	0.957333129
207751c8d464905d84cb542940107601	Bacteria	Acidobacteriota	Acidobacteriae	Elev-16S-1166	Elev-16S-1166	Elev-16S-1166	Unclassified	0.988304334
3603718fd1817d14bff8625ff64e830d	Bacteria	Acidobacteriota	Acidobacteriae	Bryobacterales	Bryobacteraceae	Bryobacter	Unclassified	0.965982603
7c00eaa064ad1fdfc6c121db77019ce6	Bacteria	Acidobacteriota	Acidobacteriae	Bryobacterales	Bryobacteraceae	Bryobacter	Unclassified	0.919930039
ab3aeaa48370a6ead6708c9c3c85d990	Bacteria	Acidobacteriota	Acidobacteriae	Bryobacterales	Bryobacteraceae	Bryobacter	Unclassified	0.983012985
54516958459ae5084e4515f645027903	Bacteria	Acidobacteriota	Acidobacteriae	Bryobacterales	Bryobacteraceae	Bryobacter	uncultured_bacterium	0.707003102
877faa89dcd687ef401a7d49b8c1cc75	Bacteria	Acidobacteriota	Acidobacteriae	Bryobacterales	Bryobacteraceae	Bryobacter	Unclassified	0.971412265
63df1abc303b7ef05bc6b962b1c19079	Bacteria	Acidobacteriota	Acidobacteriae	Bryobacterales	Bryobacteraceae	Bryobacter	Unclassified	0.982135884
199f6d8a1f69f84b916bb34cdb4ea200	Bacteria	Acidobacteriota	Acidobacteriae	Bryobacterales	Bryobacteraceae	Bryobacter	Acidobacteria_bacterium	0.907577021
3de46050a8cf12e5f1dfc1b332f2d367	Bacteria	Acidobacteriota	Acidobacteriae	Bryobacterales	Bryobacteraceae	Bryobacter	Unclassified	0.993271127
55012a9bcaef0effd727facc617d3cee	Bacteria	Acidobacteriota	Acidobacteriae	Bryobacterales	Bryobacteraceae	Bryobacter	Unclassified	0.997016316
020f77b415c66929a7f9aca4f97c94d4	Bacteria	Acidobacteriota	Acidobacteriae	Bryobacterales	Bryobacteraceae	Bryobacter	Unclassified	0.994305488
6aade4efeae090c23b5f3c3fbd63c356	Bacteria	Acidobacteriota	Acidobacteriae	Bryobacterales	Bryobacteraceae	Bryobacter	Unclassified	0.995884895
a26309005207d90eb7b872fd5d8e5786	Bacteria	Acidobacteriota	Acidobacteriae	Bryobacterales	Bryobacteraceae	Bryobacter	uncultured_Acidobacterium	0.911693759
02968e16470b74ab0e78161fd2023f68	Bacteria	Acidobacteriota	Acidobacteriae	Bryobacterales	Bryobacteraceae	Bryobacter	Unclassified	0.95488021
4d85e714c27bb7431c5f6eb46306a719	Bacteria	Acidobacteriota	Acidobacteriae	Bryobacterales	Bryobacteraceae	Bryobacter	Unclassified	0.96779293
94f29009696bcb1d40617d1cd8d605d5	Bacteria	Acidobacteriota	Acidobacteriae	Bryobacterales	Bryobacteraceae	Bryobacter	Unclassified	0.947958525
5b47ae2c93044d44a5235e1eb4c7c201	Bacteria	Acidobacteriota	Acidobacteriae	Bryobacterales	Bryobacteraceae	Bryobacter	Unclassified	0.994073335
ccb610a16fda35b85cf616ef57644ed6	Bacteria	Acidobacteriota	Acidobacteriae	Bryobacterales	Bryobacteraceae	Bryobacter	Unclassified	0.985822569
9b954e750150892190e8d558f724b4e4	Bacteria	Acidobacteriota	Acidobacteriae	Bryobacterales	Bryobacteraceae	Bryobacter	uncultured_Solibacteraceae	0.875137812
5dca724797d53cb8789b7b106fc53ded	Bacteria	Acidobacteriota	Acidobacteriae	Bryobacterales	Bryobacteraceae	Bryobacter	Unclassified	0.939898763
d2ef8e0461b1b75aa75bb8f056598749	Bacteria	Acidobacteriota	Acidobacteriae	Bryobacterales	Bryobacteraceae	Bryobacter	Unclassified	0.990071597
8c51b8e07163ec0f8a052f0f1be661ad	Bacteria	Acidobacteriota	Acidobacteriae	Bryobacterales	Bryobacteraceae	Bryobacter	Unclassified	0.996959545
130bdb82a332d2b4734e2c12e4e5e541	Bacteria	Acidobacteriota	Acidobacteriae	Bryobacterales	Bryobacteraceae	Bryobacter	Unclassified	0.998949467
10933d33a176e67c7dd46fd5127d30c1	Bacteria	Acidobacteriota	Acidobacteriae	Bryobacterales	Bryobacteraceae	Bryobacter	Unclassified	0.986655403
4f744c44ce152a33355c4f1b326a40c5	Bacteria	Acidobacteriota	Acidobacteriae	Bryobacterales	Bryobacteraceae	Bryobacter	Unclassified	0.994508558
47317309f1e869f89193e1480a60e8cb	Bacteria	Acidobacteriota	Acidobacteriae	Bryobacterales	Bryobacteraceae	Bryobacter	Unclassified	0.996441047
3ac68ee0aaa1bfc04c2434ecc5d6df25	Bacteria	Acidobacteriota	Acidobacteriae	Bryobacterales	Bryobacteraceae	Bryobacter	uncultured_Acidobacterium	0.705157798
4cdddfbfc9c22851f76b980ba4af2bd6	Bacteria	Acidobacteriota	Acidobacteriae	Bryobacterales	Bryobacteraceae	Bryobacter	Unclassified	0.995170428
cf0bc78b5e61ee02936fdba1d7baac12	Bacteria	Acidobacteriota	Acidobacteriae	Bryobacterales	Bryobacteraceae	Bryobacter	Unclassified	0.982082721
f62018d8413fdffc870e72e06d4a26b2	Bacteria	Acidobacteriota	Acidobacteriae	Bryobacterales	Bryobacteraceae	Bryobacter	Unclassified	0.983792362
2db36f6fac2bbeb3bdeb4ece3c785c81	Bacteria	Acidobacteriota	Acidobacteriae	Bryobacterales	Bryobacteraceae	Bryobacter	Unclassified	0.978413898
b5ae222aba89530c6a13624a52855b20	Bacteria	Acidobacteriota	Acidobacteriae	Solibacterales	Solibacteraceae	Candidatus_Solibacter	Unclassified	0.983939053
d1cb5a1aca2efa11f0228f9900fdeb4e	Bacteria	Acidobacteriota	Acidobacteriae	Solibacterales	Solibacteraceae	Candidatus_Solibacter	Unclassified	0.759179528
2366f87c76e676397cea6a1a7451816e	Bacteria	Acidobacteriota	Acidobacteriae	Solibacterales	Solibacteraceae	Candidatus_Solibacter	Unclassified	0.999170893
379fc51ab4d39ca8e16a2edc93469657	Bacteria	Acidobacteriota	Acidobacteriae	Solibacterales	Solibacteraceae	Candidatus_Solibacter	Unclassified	0.999130621
6b68252f2615ddf882d90f3972a2b0df	Bacteria	Acidobacteriota	Acidobacteriae	Solibacterales	Solibacteraceae	Candidatus_Solibacter	Unclassified	0.999208685
fa211a5ef4ace85712cfbe54d37a04a4	Bacteria	Acidobacteriota	Acidobacteriae	Solibacterales	Solibacteraceae	Candidatus_Solibacter	Unclassified	0.998957
dcc7819c55d74bbd6b7fed24b78a33a1	Bacteria	Acidobacteriota	Acidobacteriae	Solibacterales	Solibacteraceae	Candidatus_Solibacter	Unclassified	0.998955346
86cd9ae389572661b823fcd91ce42073	Bacteria	Acidobacteriota	Acidobacteriae	Solibacterales	Solibacteraceae	Candidatus_Solibacter	Unclassified	0.999638152
2bf56aa811e9bba423b2fc213658c928	Bacteria	Acidobacteriota	Acidobacteriae	Solibacterales	Solibacteraceae	Candidatus_Solibacter	Unclassified	0.99234406
fd1953caf908fcac911c4cd8c0967fdb	Bacteria	Acidobacteriota	Acidobacteriae	Solibacterales	Solibacteraceae	Candidatus_Solibacter	Unclassified	0.993538128
584cef975945f8028139f22403763a07	Bacteria	Acidobacteriota	Acidobacteriae	Solibacterales	Solibacteraceae	Candidatus_Solibacter	Unclassified	0.999216769
dbe30f2f64a8981c86d512661da79aa1	Bacteria	Acidobacteriota	Acidobacteriae	Solibacterales	Solibacteraceae	Candidatus_Solibacter	Unclassified	0.981252348
06cb3d2e14a5be016e12bb87fccb4077	Bacteria	Acidobacteriota	Acidobacteriae	Solibacterales	Solibacteraceae	Candidatus_Solibacter	metagenome	0.882975584
ce5ef03bb4f90f5a902b16379abf9b41	Bacteria	Acidobacteriota	Acidobacteriae	Solibacterales	Solibacteraceae	Candidatus_Solibacter	Unclassified	0.9931466
9a212854332e9d1110d0274455c6cf25	Bacteria	Acidobacteriota	Acidobacteriae	Solibacterales	Solibacteraceae	Candidatus_Solibacter	Unclassified	0.996146646
86501097ea2b5b92a52e8af7e4320c1e	Bacteria	NA	NA	NA	NA	Unclassified	Unclassified	0.99999914
a2378a5a565721d84207df14a8f16958	Bacteria	Proteobacteria	Gammaproteobacteria	Burkholderiales	Rhodocyclaceae	Unclassified	Unclassified	0.99370284
ca0271204239b7f932e8b8a38286d6cd	Bacteria	Proteobacteria	Gammaproteobacteria	Burkholderiales	Rhodocyclaceae	Unclassified	Unclassified	0.819810933
782a47f22d2a0e37a8ca51398bd2ffc3	Bacteria	Proteobacteria	Gammaproteobacteria	Burkholderiales	Rhodocyclaceae	Unclassified	Unclassified	0.799626518
4a129cbbfdfce29e915909294b90da98	Bacteria	Proteobacteria	Gammaproteobacteria	Burkholderiales	Rhodocyclaceae	Unclassified	Unclassified	0.823243432
aea4295b73504ae02a48e5dec27e4880	Bacteria	Proteobacteria	Gammaproteobacteria	Burkholderiales	Rhodocyclaceae	Unclassified	Unclassified	0.849229994
3281ade134c164a5bbada2f48106bf97	Bacteria	Proteobacteria	Gammaproteobacteria	Burkholderiales	Rhodocyclaceae	Azoarcus	Unclassified	0.902711651
63ff1737f02bbd01dba0a1784f895abc	Bacteria	Proteobacteria	Gammaproteobacteria	Xanthomonadales	Xanthomonadaceae	Unclassified	Unclassified	0.958574164
58e1bf89f3eba93fe9bf8cf8384a8e08	Bacteria	Bacteroidota	Bacteroidia	Cytophagales	Microscillaceae	Unclassified	Unclassified	0.920197688
fed58aa42d294418f27a0d40e910aed8	Bacteria	Proteobacteria	Gammaproteobacteria	NA	NA	Unclassified	Unclassified	0.796882721
8aa7533739b8cea1e65c4acce1481559	Bacteria	Proteobacteria	Gammaproteobacteria	Burkholderiales	Rhodocyclaceae	Sulfuritalea	Unclassified	0.730170936
d777648846b311b04f335f121253c8b2	Bacteria	Proteobacteria	Gammaproteobacteria	Burkholderiales	Rhodocyclaceae	Unclassified	Unclassified	0.976472244
0b3edc7073ab084257dae91ac537436c	Bacteria	Proteobacteria	Gammaproteobacteria	Burkholderiales	Rhodocyclaceae	Sulfuritalea	Unclassified	0.729788015
51da17d6d2dd727a619aee80409a8da7	Bacteria	Proteobacteria	Gammaproteobacteria	Burkholderiales	Rhodocyclaceae	Unclassified	Unclassified	0.901970593
aa62bc6c1e09bf619c39919d4e99d942	Bacteria	Proteobacteria	Gammaproteobacteria	Burkholderiales	Rhodocyclaceae	Unclassified	Unclassified	0.991288023
19d99e833b22b80ee08e781039876cbe	Bacteria	Proteobacteria	Gammaproteobacteria	Burkholderiales	B1-7BS	B1-7BS	uncultured_bacterium	0.881982258
23ff8e07e2bfe3d4dfe027157807bac0	Bacteria	Proteobacteria	Gammaproteobacteria	Burkholderiales	B1-7BS	B1-7BS	uncultured_bacterium	0.865880331
b15e8759d65a86b59ff2ca334c294a1f	Bacteria	Proteobacteria	Gammaproteobacteria	Burkholderiales	B1-7BS	B1-7BS	Unclassified	0.978210502
a23b5df73d67c3615c2c8a7e6a26134d	Bacteria	Proteobacteria	Gammaproteobacteria	Xanthomonadales	Xanthomonadaceae	Lysobacter	Unclassified	0.944570913
8269f7fd6601d114377c322b18f54465	Bacteria	Proteobacteria	Gammaproteobacteria	Xanthomonadales	Xanthomonadaceae	Arenimonas	metagenome	0.834397566
350f3bb2aa63a92054fe15f83c3ef27b	Bacteria	Proteobacteria	Gammaproteobacteria	Xanthomonadales	Xanthomonadaceae	Arenimonas	metagenome	0.885481011
b6ecec7e71d53c85334dbb820ee919c2	Bacteria	Proteobacteria	Gammaproteobacteria	Xanthomonadales	Xanthomonadaceae	Unclassified	Unclassified	0.99286629
fbe145b9b79ca23e124c4866ea22cf06	Bacteria	Proteobacteria	Gammaproteobacteria	Xanthomonadales	Xanthomonadaceae	Arenimonas	Unclassified	0.932108297
c421d1db2e97eb6db827067634f989ce	Bacteria	Bdellovibrionota	Bdellovibrionia	Bdellovibrionales	Bdellovibrionaceae	Bdellovibrio	Unclassified	0.711564706
f6fba6675c240541cc2aba58b5d4f636	Bacteria	Proteobacteria	Gammaproteobacteria	Xanthomonadales	Xanthomonadaceae	Arenimonas	Unclassified	0.976092765
932d28ece513fa34a07c87e812ea2002	Bacteria	Proteobacteria	Gammaproteobacteria	Xanthomonadales	Xanthomonadaceae	Arenimonas	Arenimonas_oryziterrae	0.761869667
8b7b062ad6fd2043f4c353c3f02a003a	Bacteria	Proteobacteria	Gammaproteobacteria	Xanthomonadales	Xanthomonadaceae	Arenimonas	Unclassified	0.993513556
7d9788e2f2b3e7950e39c04ba1557d56	Bacteria	Proteobacteria	Gammaproteobacteria	Xanthomonadales	Xanthomonadaceae	Arenimonas	Unclassified	0.988328309
02f1ef52f3e15cff7f0511a6e4dafdec	Bacteria	Proteobacteria	Gammaproteobacteria	Xanthomonadales	Xanthomonadaceae	Unclassified	Unclassified	0.907536939
f7c47846806086fff8888db14221e99f	Bacteria	Proteobacteria	Gammaproteobacteria	Xanthomonadales	Xanthomonadaceae	Arenimonas	Unclassified	0.933507086
609f815250d3dd802ea110725b9f2754	Bacteria	Proteobacteria	Gammaproteobacteria	Xanthomonadales	Xanthomonadaceae	Arenimonas	Unclassified	0.963488349
646feaadf1b1da2006263be764a6912a	Bacteria	Proteobacteria	Gammaproteobacteria	Xanthomonadales	Xanthomonadaceae	Unclassified	Unclassified	0.801559008
c52cb1310d3d1ff23b21bdc405ca8e54	Bacteria	Proteobacteria	Gammaproteobacteria	Xanthomonadales	Xanthomonadaceae	Unclassified	Unclassified	0.89747971
a84e5de76ba1eba3e0224a51f0069af9	Bacteria	Proteobacteria	Gammaproteobacteria	Xanthomonadales	NA	Unclassified	Unclassified	0.999837286
c9746d96d50b3ff59229521d9a75f549	Bacteria	Proteobacteria	Gammaproteobacteria	Xanthomonadales	NA	Unclassified	Unclassified	0.999979376
85e6dc73ff5ee7160c471531d6b0c53e	Bacteria	Proteobacteria	Gammaproteobacteria	Xanthomonadales	Rhodanobacteraceae	Rhodanobacter	Unclassified	0.801789901
c9f9dcda7be8c67b61890f7e7bc74c98	Bacteria	Proteobacteria	Gammaproteobacteria	Xanthomonadales	Xanthomonadaceae	Arenimonas	Unclassified	0.76562557
952dc17c7efbaea744da9301f6efb1da	Bacteria	Proteobacteria	Gammaproteobacteria	Xanthomonadales	Xanthomonadaceae	Arenimonas	Unclassified	0.942064544
b26fdc852ba733bc775443da0f38a6a5	Bacteria	Proteobacteria	Gammaproteobacteria	Xanthomonadales	Xanthomonadaceae	Arenimonas	Unclassified	0.950134891
fe700b279c36ec5d6efacd4598943c2a	Bacteria	Proteobacteria	Gammaproteobacteria	Xanthomonadales	Xanthomonadaceae	Arenimonas	Unclassified	0.962363223
8aff4768717cc4cc7ef1da544f781858	Bacteria	Proteobacteria	Gammaproteobacteria	Xanthomonadales	Xanthomonadaceae	Arenimonas	Unclassified	0.991747971
2ab2fb63b65aa00b4ae7be04db9f637c	Bacteria	Proteobacteria	Gammaproteobacteria	Xanthomonadales	Xanthomonadaceae	Arenimonas	Unclassified	0.922819269
a364b06031ddafa9987c273ba8521dfb	Bacteria	Proteobacteria	Gammaproteobacteria	Xanthomonadales	Xanthomonadaceae	Arenimonas	Unclassified	0.979155423
c772e8a9befd27b2384b40334edd9c16	Bacteria	Proteobacteria	Gammaproteobacteria	Xanthomonadales	Xanthomonadaceae	Arenimonas	Unclassified	0.988317527
010598dc5f3c22ac0ce63906f032747f	Bacteria	Proteobacteria	Gammaproteobacteria	Xanthomonadales	Xanthomonadaceae	Arenimonas	Unclassified	0.899650948
7b28d95654102fce12d18f1417d7d258	Bacteria	Proteobacteria	Gammaproteobacteria	Xanthomonadales	Xanthomonadaceae	Arenimonas	Unclassified	0.973440723
5ec7f51cb9e8ebfa2437daa4dacd4a47	Bacteria	Proteobacteria	Gammaproteobacteria	Xanthomonadales	Xanthomonadaceae	Arenimonas	Unclassified	0.88579035800000006
196b86a72fcaafc98f57c138c9007b81	Bacteria	Proteobacteria	Gammaproteobacteria	Xanthomonadales	Xanthomonadaceae	Arenimonas	Unclassified	0.806333678
fccf84405c6e6503a77f3a29415f6cf3	Bacteria	Proteobacteria	Gammaproteobacteria	Xanthomonadales	Xanthomonadaceae	Arenimonas	Unclassified	0.942744618
e0c036f33a611e7ed6b366f13905dfa8	Bacteria	Proteobacteria	Gammaproteobacteria	Xanthomonadales	Xanthomonadaceae	Arenimonas	Unclassified	0.970176954
b209d6211315f35f6d0685f1cf8f236c	Bacteria	Proteobacteria	Gammaproteobacteria	Xanthomonadales	Xanthomonadaceae	Arenimonas	Unclassified	0.961046912
f3f88a6af131711b82c6c80ef081289b	Bacteria	Proteobacteria	Gammaproteobacteria	Xanthomonadales	Xanthomonadaceae	Arenimonas	Unclassified	0.988795677
e0b6ed5f4a828bcfc0ab8a8fcafe0e44	Bacteria	Proteobacteria	Gammaproteobacteria	Xanthomonadales	Rhodanobacteraceae	Ahniella	uncultured_bacterium	0.708259764
4d2d6934999ba38ceea0b2c8e334ac5b	Bacteria	Proteobacteria	Gammaproteobacteria	Xanthomonadales	Rhodanobacteraceae	Unclassified	Unclassified	0.825870001
2550bb590130c15afaf06c15b7ed2264	Bacteria	Proteobacteria	Gammaproteobacteria	Xanthomonadales	Rhodanobacteraceae	Dokdonella	Unclassified	0.937711058
92f5cb833ccd57bd1228dd6c917722be	Bacteria	Proteobacteria	Gammaproteobacteria	Xanthomonadales	Xanthomonadaceae	Arenimonas	Unclassified	0.990575884
f76b57ee6b176b38d05a03e832dd2d2a	Bacteria	Proteobacteria	Gammaproteobacteria	Xanthomonadales	Xanthomonadaceae	Arenimonas	Unclassified	0.995013109
85741c62d248576ca7939a763b86e863	Bacteria	Proteobacteria	Gammaproteobacteria	Xanthomonadales	Xanthomonadaceae	Arenimonas	Unclassified	0.99389553
b9e34ee3b1626f0a6ad55847e1472e1a	Bacteria	Proteobacteria	Gammaproteobacteria	Xanthomonadales	Rhodanobacteraceae	Dokdonella	Unclassified	0.844064429
9bb6b10215263984fae1260eb930b58e	Bacteria	Proteobacteria	Gammaproteobacteria	Xanthomonadales	Rhodanobacteraceae	Dokdonella	uncultured_Dokdonella	0.730319682
561a8eea2dffc4b49f829dfbc03b26c4	Bacteria	Proteobacteria	Gammaproteobacteria	Xanthomonadales	Rhodanobacteraceae	Dokdonella	Unclassified	0.941402134
d739a6bcb777c756cf5e6e075f57a8d4	Bacteria	Proteobacteria	Gammaproteobacteria	Xanthomonadales	Rhodanobacteraceae	Dokdonella	Unclassified	0.932295316
15fca5c9d7acc7c3d095b0dec7f77e38	Bacteria	Proteobacteria	Gammaproteobacteria	Xanthomonadales	Rhodanobacteraceae	Unclassified	Unclassified	0.713487014
25103c48e2290a67459f4258a76421ee	Bacteria	Proteobacteria	Gammaproteobacteria	Xanthomonadales	Rhodanobacteraceae	Unclassified	Unclassified	0.989271821
10e6833009c2bac3fe7b9727f5385836	Bacteria	Proteobacteria	Gammaproteobacteria	Xanthomonadales	Rhodanobacteraceae	Rhodanobacter	Unclassified	0.727941695
7dfbe0dead54a681d66b4236abbcf51a	Bacteria	Proteobacteria	Gammaproteobacteria	Xanthomonadales	Rhodanobacteraceae	Unclassified	Unclassified	0.972104007
b074eff03d58c19192d884c661d528f3	Bacteria	Proteobacteria	Gammaproteobacteria	Burkholderiales	Rhodocyclaceae	Unclassified	Unclassified	0.734708277
111322c031955405739de5aca609e982	Bacteria	Proteobacteria	Gammaproteobacteria	NA	NA	Unclassified	Unclassified	0.995786459
ee2c9d766cf774f7996b5b7951da5253	Bacteria	Patescibacteria	Saccharimonadia	Saccharimonadales	NA	Unclassified	Unclassified	0.993854503
38b158a9a23a8e07b422e4955b9d7243	Bacteria	Patescibacteria	Saccharimonadia	Saccharimonadales	Saccharimonadales	Saccharimonadales	Unclassified	0.979059345
5bcb1a57c85396c45d94337d4d04f6db	Bacteria	Proteobacteria	Gammaproteobacteria	Xanthomonadales	NA	Unclassified	Unclassified	0.944259743
4741a71337e6f0c7a756e902e1342ce2	Bacteria	Proteobacteria	Gammaproteobacteria	Xanthomonadales	Rhodanobacteraceae	Tahibacter	Unclassified	0.89949
69413ef51e9058b4cd5500e00f548b13	Bacteria	Proteobacteria	Gammaproteobacteria	Xanthomonadales	Rhodanobacteraceae	Tahibacter	Unclassified	0.972213121
c1387e56336141e8def1a6419066edec	Bacteria	Proteobacteria	Gammaproteobacteria	Xanthomonadales	Rhodanobacteraceae	Unclassified	Unclassified	0.988452309
c4687db91a8f37b8971041ff4bbc1cd5	Bacteria	Proteobacteria	Gammaproteobacteria	Xanthomonadales	NA	Unclassified	Unclassified	0.999611376
3ab0dd3f669fadf67f22dacf2b852f32	Bacteria	Proteobacteria	Gammaproteobacteria	Xanthomonadales	Rhodanobacteraceae	Tahibacter	Unclassified	0.833389833
61a7ab555d1c39b622000e5e71d8b42e	Bacteria	Proteobacteria	Gammaproteobacteria	Xanthomonadales	NA	Unclassified	Unclassified	0.999995497
0f4223a34f50eb3e104acf6873eab5a0	Bacteria	Proteobacteria	Gammaproteobacteria	Xanthomonadales	NA	Unclassified	Unclassified	0.999190315
6be4f4a5999cdec4e3133508848565f2	Bacteria	Proteobacteria	Gammaproteobacteria	Xanthomonadales	NA	Unclassified	Unclassified	0.998534628
ec383c1f0083ed5e004e56b1d4739ed8	Bacteria	Proteobacteria	Gammaproteobacteria	Xanthomonadales	NA	Unclassified	Unclassified	0.999977651
e8b2e471a2e47c1380e407df2e91bcaa	Bacteria	Proteobacteria	Gammaproteobacteria	Xanthomonadales	NA	Unclassified	Unclassified	0.999974889
4dca717f4181f8d4f02f47e051ca1d3f	Bacteria	Proteobacteria	Gammaproteobacteria	Xanthomonadales	Rhodanobacteraceae	Tahibacter	Unclassified	0.93857055
999f7f412e45735d080ce2cf4285372d	Bacteria	Proteobacteria	Gammaproteobacteria	Xanthomonadales	Rhodanobacteraceae	Tahibacter	Unclassified	0.800893452
11056c03a7365578def023b1cc912294	Bacteria	Proteobacteria	Gammaproteobacteria	Xanthomonadales	Rhodanobacteraceae	Tahibacter	Unclassified	0.83726139
9d6cc7762444b5647eedcac3e5a1873b	Bacteria	Proteobacteria	Alphaproteobacteria	Sphingomonadales	Sphingomonadaceae	Unclassified	Unclassified	0.994733671
980f1e3ac7f9583082dd39201aab632d	Bacteria	Proteobacteria	Gammaproteobacteria	Xanthomonadales	Xanthomonadaceae	Unclassified	Unclassified	0.998550952
28d05f52da27d1a171cc450fb579bd5f	Bacteria	Proteobacteria	Gammaproteobacteria	Xanthomonadales	Xanthomonadaceae	Unclassified	Unclassified	0.995537369
f033464f55d52a044f95cad726181b19	Bacteria	Proteobacteria	Gammaproteobacteria	Xanthomonadales	Xanthomonadaceae	Unclassified	Unclassified	0.983724013
c60fd441020c7a2f0867556f55720133	Bacteria	Proteobacteria	Gammaproteobacteria	Xanthomonadales	Xanthomonadaceae	Unclassified	Unclassified	0.997524825
b5ba7d6043090ddf01da9997184e767e	Bacteria	Proteobacteria	Gammaproteobacteria	Xanthomonadales	Xanthomonadaceae	Unclassified	Unclassified	0.995958165
55b7697f46867feca920cb3de93fdb43	Bacteria	Proteobacteria	Gammaproteobacteria	Xanthomonadales	Xanthomonadaceae	Unclassified	Unclassified	0.978640658
19fc548f8a54db009ccf975e30ad8c00	Bacteria	Proteobacteria	Gammaproteobacteria	Xanthomonadales	Xanthomonadaceae	Unclassified	Unclassified	0.994958178
9f0b5ab11637ba6942183e9f133d5a42	Bacteria	Proteobacteria	Gammaproteobacteria	Xanthomonadales	Xanthomonadaceae	Unclassified	Unclassified	0.998521109
412c6d2c39d6eaed708a7c398215677b	Bacteria	Proteobacteria	Gammaproteobacteria	Xanthomonadales	Xanthomonadaceae	Lysobacter	Unclassified	0.939352669
03e949dd175be53d539d84cee991ab2b	Bacteria	Proteobacteria	Gammaproteobacteria	Xanthomonadales	Xanthomonadaceae	Unclassified	Unclassified	0.976781763
875351cb702b896a58445b4ed8eb0d54	Bacteria	Proteobacteria	Gammaproteobacteria	Xanthomonadales	Rhodanobacteraceae	Unclassified	Unclassified	0.922788742
dd491a6daf3290d456c7665d2f7eab47	Bacteria	Proteobacteria	Gammaproteobacteria	Xanthomonadales	Xanthomonadaceae	Luteimonas	Unclassified	0.717540387
211e8d4c56c848b1a9d76a8f1c79e69c	Bacteria	Proteobacteria	Gammaproteobacteria	Xanthomonadales	Xanthomonadaceae	Unclassified	Unclassified	0.977200271
6681a8b60229953437b6db657b840afb	Bacteria	Proteobacteria	Gammaproteobacteria	Xanthomonadales	Xanthomonadaceae	Lysobacter	Lysobacter_bugurensis	0.773326251
cc74cf9e15273cd19323b386c1ed4230	Bacteria	Proteobacteria	Gammaproteobacteria	Xanthomonadales	Xanthomonadaceae	Unclassified	Unclassified	0.989109842
fadf56ef563c3b17c17f21565630430b	Bacteria	Proteobacteria	Gammaproteobacteria	Xanthomonadales	Xanthomonadaceae	Unclassified	Unclassified	0.994688626
a0d27685c840101fae1766bb4259ad59	Bacteria	Proteobacteria	Gammaproteobacteria	Xanthomonadales	Xanthomonadaceae	Unclassified	Unclassified	0.982900342
d0ce308ddfe8faf0ef5306bfc993104e	Bacteria	Proteobacteria	Gammaproteobacteria	Xanthomonadales	Xanthomonadaceae	Unclassified	Unclassified	0.98904145
ee010a051ff0f42db8986214ac65e6f2	Bacteria	Proteobacteria	Gammaproteobacteria	Xanthomonadales	Xanthomonadaceae	Unclassified	Unclassified	0.997945808
89dd960766685c08c78deb732d726af9	Bacteria	Proteobacteria	Gammaproteobacteria	Xanthomonadales	Xanthomonadaceae	Pseudoxanthomonas	Unclassified	0.87682334
2b041fbf90225e0285a3dca63edf797c	Bacteria	Proteobacteria	Gammaproteobacteria	Xanthomonadales	Xanthomonadaceae	Pseudoxanthomonas	Unclassified	0.745742016
35a3d6480d2d6ea1586f67b17563bc06	Bacteria	Proteobacteria	Gammaproteobacteria	Xanthomonadales	Xanthomonadaceae	Pseudoxanthomonas	Unclassified	0.872066514
e2751f45f44c010a540834d3e07133a4	Bacteria	Proteobacteria	Gammaproteobacteria	Xanthomonadales	Rhodanobacteraceae	Dokdonella	Unclassified	0.892842477
ba99274e9aacc8b6483006ef2b74f40d	Bacteria	Proteobacteria	Gammaproteobacteria	Xanthomonadales	Rhodanobacteraceae	Unclassified	Unclassified	0.907052483
f993c59eca319f1a71eceede0b76317e	Bacteria	Proteobacteria	Gammaproteobacteria	Xanthomonadales	Rhodanobacteraceae	Unclassified	Unclassified	0.762549528
2891f973467e7157ce88a7e30e776713	Bacteria	Proteobacteria	Gammaproteobacteria	Xanthomonadales	Rhodanobacteraceae	Unclassified	Unclassified	0.989685438
d5e6f3028be66f3a9b512224bf901f87	Bacteria	Proteobacteria	Gammaproteobacteria	Xanthomonadales	Rhodanobacteraceae	Unclassified	Unclassified	0.977707259
2143c1cc37cfc2933f124cb38e4cd6df	Bacteria	Proteobacteria	Gammaproteobacteria	Xanthomonadales	Rhodanobacteraceae	Unclassified	Unclassified	0.742969403
eae6faad7a902a994953dd4475116f0a	Bacteria	Proteobacteria	Gammaproteobacteria	Xanthomonadales	Rhodanobacteraceae	Unclassified	Unclassified	0.802398
16e3f89e6a8ecfd67c3ca456c4a87cf9	Bacteria	Proteobacteria	Gammaproteobacteria	Xanthomonadales	Rhodanobacteraceae	Unclassified	Unclassified	0.784872917
02ba8bf120e1815cad75b5e95660d74e	Bacteria	Proteobacteria	Gammaproteobacteria	Xanthomonadales	Rhodanobacteraceae	Unclassified	Unclassified	0.76566982
f8b07a7e48a69f3fcc49438c623b38c9	Bacteria	Proteobacteria	Gammaproteobacteria	Xanthomonadales	Rhodanobacteraceae	Unclassified	Unclassified	0.800163306
37f7fef9705bf9b33d867771311e2fe1	Bacteria	Proteobacteria	Gammaproteobacteria	Xanthomonadales	NA	Unclassified	Unclassified	0.998175363
f06d1bf559347b3e9e33e12d0e64b319	Bacteria	Abditibacteriota	Abditibacteria	Abditibacteriales	Abditibacteriaceae	Abditibacterium	Unclassified	0.806180446
d545212af6356d85f495cdc8cd2173a6	Bacteria	Proteobacteria	NA	NA	NA	Unclassified	Unclassified	0.819757723
f0a89af7be951f41907e70114aba9698	Bacteria	Proteobacteria	Gammaproteobacteria	Xanthomonadales	Xanthomonadaceae	Unclassified	Unclassified	0.995661884
9c0587ae917ea6ca3d5f75aebe679f48	Bacteria	Proteobacteria	Gammaproteobacteria	Xanthomonadales	Xanthomonadaceae	Unclassified	Unclassified	0.998569873
ce1146134e9fa52be92264c8c54ba21c	Bacteria	Proteobacteria	Gammaproteobacteria	Xanthomonadales	Xanthomonadaceae	Lysobacter	Unclassified	0.778943475
b45c5fccff5f204209ce688ebc29a99c	Bacteria	Proteobacteria	Gammaproteobacteria	Xanthomonadales	Xanthomonadaceae	Lysobacter	Unclassified	0.75415269
b4b86e33c9a4274a6040bd3bba39b3f1	Bacteria	Proteobacteria	Gammaproteobacteria	Xanthomonadales	Xanthomonadaceae	Lysobacter	Unclassified	0.783213879
f86812bd68df0082c6c490cc87e1c18f	Bacteria	Proteobacteria	Gammaproteobacteria	Xanthomonadales	Xanthomonadaceae	Lysobacter	Unclassified	0.707189692
cc925b13e3866b849404a9d95cf1380b	Bacteria	Proteobacteria	Gammaproteobacteria	Xanthomonadales	Xanthomonadaceae	Lysobacter	Unclassified	0.838828778
f5ce973f66109549581d3434aa7427fc	Bacteria	Proteobacteria	Gammaproteobacteria	Xanthomonadales	Xanthomonadaceae	Unclassified	Unclassified	0.998677699
1b31bdc15480418e7aeac114fad6eb70	Bacteria	Proteobacteria	Gammaproteobacteria	Xanthomonadales	Rhodanobacteraceae	Chujaibacter	Unclassified	0.999221858
b0729513653b2ce50c8953c79e823f20	Bacteria	Proteobacteria	Gammaproteobacteria	Xanthomonadales	Rhodanobacteraceae	Chujaibacter	Unclassified	0.998425504
532c233f0007cbcd68f2ca9e88bc5c59	Bacteria	Proteobacteria	Gammaproteobacteria	Xanthomonadales	Xanthomonadaceae	Unclassified	Unclassified	0.9961657
67c134f5d8029665bd68b78ebcbab143	Bacteria	Proteobacteria	Gammaproteobacteria	Xanthomonadales	Xanthomonadaceae	Unclassified	Unclassified	0.998472757
e08007b0c419cf8461c266bdceb83ec2	Bacteria	Proteobacteria	Gammaproteobacteria	Xanthomonadales	Xanthomonadaceae	Unclassified	Unclassified	0.998949031
199dc150a55f575403eb02051cfca664	Bacteria	Proteobacteria	Gammaproteobacteria	Xanthomonadales	Xanthomonadaceae	Unclassified	Unclassified	0.985482476
a39243c734a92a43a130914bc65ec8c2	Bacteria	Proteobacteria	Gammaproteobacteria	Xanthomonadales	Xanthomonadaceae	Unclassified	Unclassified	0.991613944
ae858435ba786c26eeb58b1dde0fb03f	Bacteria	Armatimonadota	Armatimonadia	Armatimonadales	Armatimonadales	Armatimonadales	uncultured_bacterium	0.739699363
4b6698f2e5107227052dc891c061721c	Bacteria	Proteobacteria	Gammaproteobacteria	Burkholderiales	Comamonadaceae	Unclassified	Unclassified	0.992210852
721657e1569f2eeb66d66f80ae0abba6	Bacteria	Proteobacteria	Gammaproteobacteria	Xanthomonadales	Xanthomonadaceae	Unclassified	Unclassified	0.991833603
a98a5c5c94a17bd22463be5fd59a5749	Bacteria	Proteobacteria	Gammaproteobacteria	Xanthomonadales	Xanthomonadaceae	Unclassified	Unclassified	0.999593521
a3753d2e607445dfcfbbe9e052e33d20	Bacteria	Proteobacteria	Gammaproteobacteria	Xanthomonadales	Xanthomonadaceae	Xanthomonas	Unclassified	0.787547035
88214772485d309726903d890c7a1321	Bacteria	Proteobacteria	Gammaproteobacteria	Xanthomonadales	Xanthomonadaceae	Lysobacter	Unclassified	0.853489255
2fbaa81465d66c2111ebb60b4a920541	Bacteria	Proteobacteria	Gammaproteobacteria	Xanthomonadales	Xanthomonadaceae	Lysobacter	Unclassified	0.723918615
4fbabb478ef150af3d82f522f889e443	Bacteria	Proteobacteria	Gammaproteobacteria	Xanthomonadales	Xanthomonadaceae	Unclassified	Unclassified	0.999425466
c577bbdc5ec858b8f8f413d0a3dba3bf	Bacteria	Proteobacteria	Gammaproteobacteria	Xanthomonadales	Xanthomonadaceae	Unclassified	Unclassified	0.986460925
b0b774ab0b6ac87d78a994fe6c228c15	Bacteria	NA	NA	NA	NA	Unclassified	Unclassified	0.999987399
1754790e818fa3a3a7d9dfc437592690	Bacteria	Proteobacteria	Gammaproteobacteria	Xanthomonadales	Xanthomonadaceae	Unclassified	Unclassified	0.794864922
2d5a687eebdb67a9914e5a3c80f4873e	Bacteria	Proteobacteria	Gammaproteobacteria	Xanthomonadales	Xanthomonadaceae	Stenotrophomonas	Unclassified	0.983006768
f95bf18c72d98847ab6dafcbe7a3fdf7	Bacteria	Proteobacteria	Gammaproteobacteria	Xanthomonadales	Xanthomonadaceae	Stenotrophomonas	Unclassified	0.974371778
469ac7194063cbbb2fb51256dafd7a96	Bacteria	Proteobacteria	Gammaproteobacteria	Xanthomonadales	Xanthomonadaceae	Unclassified	Unclassified	0.993116291
236f903b247100a80822e1678997e7fd	Bacteria	Proteobacteria	Gammaproteobacteria	Xanthomonadales	Xanthomonadaceae	Stenotrophomonas	Unclassified	0.940095208
93cad93584b8f983d36ae8310b8be3b3	Bacteria	Proteobacteria	Gammaproteobacteria	Xanthomonadales	Xanthomonadaceae	Unclassified	Unclassified	0.923665997
843e5147e5d19682c6ffca4ffdf2ed3b	Bacteria	Proteobacteria	Alphaproteobacteria	Rhizobiales	Rhizobiaceae	Allorhizobium-Neorhizobium-Pararhizobium-Rhizobium	Unclassified	0.907301887
cc0b1863b39a2599bc46e80d296a0af0	Bacteria	Proteobacteria	Gammaproteobacteria	Xanthomonadales	Xanthomonadaceae	Unclassified	Unclassified	0.989519607
747bc3a3432855969d953e4de4ea923e	Bacteria	Proteobacteria	Gammaproteobacteria	Xanthomonadales	Xanthomonadaceae	Unclassified	Unclassified	0.949188698
e3bf882dcc81a744cef30e96a5c85408	Bacteria	Proteobacteria	Gammaproteobacteria	Xanthomonadales	Xanthomonadaceae	Unclassified	Unclassified	0.999101949
353dab5c30267bb8695587419fd27fbe	Bacteria	Proteobacteria	Gammaproteobacteria	Xanthomonadales	Xanthomonadaceae	Stenotrophomonas	Unclassified	0.954740709
0960ea2c3d827f37ffdc334a63b8fe42	Bacteria	Proteobacteria	Gammaproteobacteria	Xanthomonadales	Xanthomonadaceae	Unclassified	Unclassified	0.998720605
4f859501096f760d4cdbd05e65ba1043	Bacteria	Proteobacteria	Gammaproteobacteria	Xanthomonadales	Xanthomonadaceae	Unclassified	Unclassified	0.999400855
486841084ab02c82e7bf22ad744e13fa	Bacteria	Proteobacteria	Gammaproteobacteria	Xanthomonadales	Xanthomonadaceae	Lysobacter	Unclassified	0.716296001
4742fa1da915ce7c366797b01810aff0	Bacteria	Proteobacteria	Gammaproteobacteria	Xanthomonadales	Xanthomonadaceae	Pseudoxanthomonas	Unclassified	0.804483144
8a11a4c87cc3d05a1bb83f74704283d6	Bacteria	Proteobacteria	Gammaproteobacteria	Xanthomonadales	Xanthomonadaceae	Unclassified	Unclassified	0.998939384
6a21ece9ef5ade64d124b5ba542ef551	Bacteria	Proteobacteria	Gammaproteobacteria	Xanthomonadales	Xanthomonadaceae	Lysobacter	Unclassified	0.79811635
93c52dd849e9cb9bdf8a4fb7555ba37c	Bacteria	Proteobacteria	Gammaproteobacteria	Xanthomonadales	Xanthomonadaceae	Unclassified	Unclassified	0.999630329
22f3236261ba6f108b0b36e3cf029371	Bacteria	Proteobacteria	Gammaproteobacteria	Xanthomonadales	Rhodanobacteraceae	Unclassified	Unclassified	0.998405695
bd693be4bb1493493b9df5e5983fe87a	Bacteria	Proteobacteria	Gammaproteobacteria	Xanthomonadales	Rhodanobacteraceae	Unclassified	Unclassified	0.997896878
110d7301aaf92ab7bf53d615357ec562	Bacteria	Proteobacteria	Gammaproteobacteria	Xanthomonadales	Rhodanobacteraceae	Unclassified	Unclassified	0.998964463
05275de8db2f6162fd8c7621f6a724d1	Bacteria	Proteobacteria	Gammaproteobacteria	Xanthomonadales	Rhodanobacteraceae	Unclassified	Unclassified	0.994881199
4330fd6f7119a11285b93dafc4f63f7d	Bacteria	Proteobacteria	Gammaproteobacteria	Xanthomonadales	Rhodanobacteraceae	Unclassified	Unclassified	0.933456148
34a2a4405d9733363960ae6ba782fdc0	Bacteria	Proteobacteria	Gammaproteobacteria	Xanthomonadales	Rhodanobacteraceae	Dyella	Unclassified	0.787230791
947d079bbe9495b5244904574202298b	Bacteria	Proteobacteria	Gammaproteobacteria	Xanthomonadales	Rhodanobacteraceae	Unclassified	Unclassified	0.963393376
35cf7176364900f1038527ea3ba51d89	Bacteria	Proteobacteria	Gammaproteobacteria	Xanthomonadales	Rhodanobacteraceae	Unclassified	Unclassified	0.962836083
61f61cb6233b983c70cb06e4fe17ae8c	Bacteria	Proteobacteria	Alphaproteobacteria	Tistrellales	Geminicoccaceae	Candidatus_Alysiosphaera	uncultured_bacterium	0.723135223
5dbee4e6073a15541afa9c92765f575c	Bacteria	Proteobacteria	Alphaproteobacteria	Tistrellales	Geminicoccaceae	Candidatus_Alysiosphaera	Unclassified	0.996416677
03a8b81c3f0b09e0e25e306ff468db6b	Bacteria	Acidobacteriota	Acidobacteriae	Solibacterales	Solibacteraceae	Candidatus_Solibacter	Unclassified	0.92767804
e7792323fb30521fe1b01ad190183cd6	Bacteria	Proteobacteria	Gammaproteobacteria	Xanthomonadales	Xanthomonadaceae	Arenimonas	Unclassified	0.991451286
1350a6d29b5fde8e1dbc0633a8bdc662	Bacteria	Proteobacteria	Gammaproteobacteria	Xanthomonadales	Rhodanobacteraceae	Unclassified	Unclassified	0.851910592
11cd0112855e9b1fbf3c502d64f03dd7	Bacteria	Proteobacteria	Gammaproteobacteria	Xanthomonadales	Rhodanobacteraceae	Unclassified	Unclassified	0.768000118
e53195dbcaef36bc567e7606550a5da6	Bacteria	Proteobacteria	Gammaproteobacteria	Xanthomonadales	Xanthomonadaceae	Arenimonas	Unclassified	0.880814375
cfbf29c6a57832d67670cb55c66c45a1	Bacteria	Proteobacteria	Gammaproteobacteria	Xanthomonadales	Xanthomonadaceae	Arenimonas	Unclassified	0.994989245
6b0ce0b046fa680a05d94606a9c02511	Bacteria	Proteobacteria	Gammaproteobacteria	Xanthomonadales	Xanthomonadaceae	Arenimonas	uncultured_gamma	0.700372223
4fc45ae64d32a9ef189ad8dc26d30920	Bacteria	Acidobacteriota	Acidobacteriae	NA	NA	Unclassified	Unclassified	0.999961777
8883136a228fc96f35ce8014a1702a2c	Bacteria	Proteobacteria	Alphaproteobacteria	Tistrellales	Geminicoccaceae	Unclassified	uncultured_bacterium	0.947944799
217733e442c6e685fb5c3895db518456	Bacteria	Proteobacteria	Alphaproteobacteria	Tistrellales	Geminicoccaceae	Unclassified	uncultured_bacterium	0.992676914
55908fc41272a05ccd6a3579440be2e6	Bacteria	Proteobacteria	Alphaproteobacteria	Tistrellales	Geminicoccaceae	Unclassified	uncultured_bacterium	0.99295618
8b73fe6b026a3b48c4a17939737935ce	Bacteria	Bacteroidota	Bacteroidia	Chitinophagales	Saprospiraceae	Unclassified	Unclassified	0.999995358
05d9c1db56afe6cb05386b7500f74270	Bacteria	Bacteroidota	Bacteroidia	Chitinophagales	Saprospiraceae	Unclassified	Unclassified	0.998010905
94ffb56f936cada36c573b0d7669b722	Bacteria	Bacteroidota	Bacteroidia	Chitinophagales	Saprospiraceae	Unclassified	uncultured_soil	0.866133182
1f7eab344f44803c14f9d8a57daa4236	Bacteria	Bacteroidota	Bacteroidia	Chitinophagales	Saprospiraceae	Unclassified	uncultured_soil	0.860029539
d1b2c9de5b2fee2f92583ac3174a4ea9	Bacteria	Bacteroidota	Bacteroidia	Chitinophagales	Saprospiraceae	Unclassified	uncultured_soil	0.816463173
f0b2d8455fc60dd58a3f1fc0accb38a7	Bacteria	Bacteroidota	Bacteroidia	Chitinophagales	Saprospiraceae	Unclassified	uncultured_soil	0.98875188
156f05f974abe0fc70d4d48ee009c792	Bacteria	Bacteroidota	Bacteroidia	Chitinophagales	Saprospiraceae	Phaeodactylibacter	Unclassified	0.815956045
1dd1824b06d8968b3d25a2cc9045a2bc	Bacteria	Bacteroidota	Bacteroidia	Chitinophagales	Saprospiraceae	Phaeodactylibacter	Unclassified	0.814131797
717c802b56b4fb96a563099c415f9514	Bacteria	Bacteroidota	Bacteroidia	Chitinophagales	Saprospiraceae	Unclassified	Unclassified	0.993404945
e95486e4cd59c14026396c870f7c724c	Bacteria	Bacteroidota	Bacteroidia	Chitinophagales	Saprospiraceae	Unclassified	Unclassified	0.71765793
a5ee55c40132e688eb7d7477fa71c499	Bacteria	Bacteroidota	Bacteroidia	Chitinophagales	Saprospiraceae	Unclassified	Unclassified	0.801159983
d750e6f8ff3187ed43cffbea08c506df	Bacteria	Bacteroidota	Bacteroidia	Chitinophagales	Saprospiraceae	Unclassified	Unclassified	0.968286714
d6f604ac2c1a4557e2acdc1814d722b2	Bacteria	Bacteroidota	Bacteroidia	Chitinophagales	Saprospiraceae	Unclassified	Unclassified	0.979502668
4e7e6d933a9feb2281c7945523919027	Bacteria	Bacteroidota	Bacteroidia	Chitinophagales	Saprospiraceae	Unclassified	Unclassified	0.978983253
2801dbf11f84b55c8e4c0a60b8c3a83c	Bacteria	Bacteroidota	Bacteroidia	Chitinophagales	Saprospiraceae	Unclassified	Unclassified	0.996998902
d29dbed3f549c909746a7707f66dcd32	Bacteria	Bacteroidota	Bacteroidia	Chitinophagales	Saprospiraceae	Unclassified	Unclassified	0.999543922
56a616e82c6a4b11d31d7ffc832bf5a2	Bacteria	Bacteroidota	Bacteroidia	Chitinophagales	Saprospiraceae	Unclassified	Unclassified	0.999466958
21f317a0803450fb2045d0e23df584c4	Bacteria	Bacteroidota	Bacteroidia	Chitinophagales	Saprospiraceae	Unclassified	Unclassified	0.999463916
df7a47e5aca4c514be71a0e078772825	Bacteria	Bacteroidota	Bacteroidia	Chitinophagales	Saprospiraceae	Unclassified	Unclassified	0.999006322
6e69ede86d097c2b714c8bb01a8f27b5	Bacteria	Bacteroidota	Bacteroidia	Chitinophagales	Saprospiraceae	Unclassified	Unclassified	0.998709369
04141b5bed6b3e6a297da9df680aafe1	Bacteria	Bacteroidota	Bacteroidia	Chitinophagales	Saprospiraceae	Unclassified	Unclassified	0.998898293
f1fc17307a525e674fe2bf0a670e43b4	Bacteria	Bacteroidota	Bacteroidia	Chitinophagales	Saprospiraceae	Unclassified	Unclassified	0.999234012
bfc432538b631b0e55eb09a376c4755c	Bacteria	Bacteroidota	Bacteroidia	Chitinophagales	Saprospiraceae	Unclassified	Unclassified	0.999228624
de9f88a1b4c79ba0e0392deaaf69446c	Bacteria	Bacteroidota	Bacteroidia	Chitinophagales	Saprospiraceae	Unclassified	Unclassified	0.999248947
79d5d8b360050e9a29650f1dc8ada4d0	Bacteria	Bacteroidota	Bacteroidia	Chitinophagales	Saprospiraceae	Unclassified	uncultured_soil	0.800700555
47359dac94ec00b84af5944eb0dcec2d	Bacteria	Bacteroidota	Bacteroidia	Chitinophagales	Saprospiraceae	Unclassified	Unclassified	0.973271901
35e124a855ed2acfcb0fc64d0037f0b9	Bacteria	Bacteroidota	Bacteroidia	Chitinophagales	Saprospiraceae	Unclassified	uncultured_Haliscomenobacter	0.745867148
398332a001354ab81494a71ce579f662	Bacteria	Nitrospirota	Nitrospiria	Nitrospirales	Nitrospiraceae	Nitrospira	Unclassified	0.999958277
40eca430147e725b5834011aee32ae68	Bacteria	Nitrospirota	Nitrospiria	Nitrospirales	Nitrospiraceae	Nitrospira	Unclassified	0.999561363
4bf97639a1f55d99a8dc993253a44851	Bacteria	Nitrospirota	Nitrospiria	Nitrospirales	Nitrospiraceae	Nitrospira	Unclassified	0.999701534
4207309e9e734a2c364aec13ef7e75e3	Bacteria	Nitrospirota	Nitrospiria	Nitrospirales	Nitrospiraceae	Nitrospira	Unclassified	0.99998761
069910e39daf08e28b00d3989884fc62	Bacteria	Nitrospirota	Nitrospiria	Nitrospirales	Nitrospiraceae	Nitrospira	uncultured_soil	0.944209646
e8a0006849b504811f4a8340dd04b77b	Bacteria	Nitrospirota	Nitrospiria	Nitrospirales	Nitrospiraceae	Nitrospira	uncultured_soil	0.892415435
3eb25b8921561c3e2747f58db277e14b	Bacteria	SAR324_clade(Marine_group_B)	SAR324_clade(Marine_group_B)	SAR324_clade(Marine_group_B)	SAR324_clade(Marine_group_B)	SAR324_clade(Marine_group_B)	Unclassified	0.985553393
92eeee8c5b505a12b8e82bd76bddab64	Bacteria	SAR324_clade(Marine_group_B)	SAR324_clade(Marine_group_B)	SAR324_clade(Marine_group_B)	SAR324_clade(Marine_group_B)	SAR324_clade(Marine_group_B)	metagenome	0.979358105
1b1f9312b56d6b77440f01b598320a15	Bacteria	Armatimonadota	Fimbriimonadia	Fimbriimonadales	Fimbriimonadaceae	Fimbriimonadaceae	uncultured_bacterium	0.756456194
99f2cdfebfc59a241b647e4e559d547f	Bacteria	SAR324_clade(Marine_group_B)	SAR324_clade(Marine_group_B)	SAR324_clade(Marine_group_B)	SAR324_clade(Marine_group_B)	SAR324_clade(Marine_group_B)	Unclassified	0.947718745
af2a51fcd99cfd7603bd83cc193e3439	Bacteria	Armatimonadota	Fimbriimonadia	Fimbriimonadales	Fimbriimonadaceae	Fimbriimonadaceae	Unclassified	0.988380971
2fdc8efdecc6cc344515d0606b7fb7a5	Bacteria	Armatimonadota	Fimbriimonadia	Fimbriimonadales	Fimbriimonadaceae	Fimbriimonadaceae	uncultured_bacterium	0.78504865
c9ff2141bca2db60a1fcbcf1f6d8b645	Bacteria	Armatimonadota	Fimbriimonadia	Fimbriimonadales	Fimbriimonadaceae	Fimbriimonadaceae	Unclassified	0.93809588
165ce84db83fb3602d8ec7491497a693	Bacteria	Armatimonadota	Fimbriimonadia	Fimbriimonadales	Fimbriimonadaceae	Fimbriimonadaceae	Unclassified	0.999187241
f0296d22ce49a5c8913c3a28415a2959	Bacteria	Armatimonadota	Fimbriimonadia	Fimbriimonadales	Fimbriimonadaceae	Fimbriimonadaceae	Unclassified	0.99719905
137027e8f6b76c3fa93fd5751af5e387	Bacteria	Armatimonadota	Fimbriimonadia	Fimbriimonadales	Fimbriimonadaceae	Fimbriimonadaceae	Unclassified	0.997626177
8df281ba0f0a9efc6582de6ce2defa6a	Bacteria	Armatimonadota	Fimbriimonadia	Fimbriimonadales	Fimbriimonadaceae	Fimbriimonadaceae	uncultured_microorganism	0.974436686
ecaf1d9203db145b59f3a9f8fe932957	Bacteria	Armatimonadota	Fimbriimonadia	Fimbriimonadales	Fimbriimonadaceae	Fimbriimonadaceae	uncultured_microorganism	0.996803259
f7c919a157fb77e64f4292d1e524514a	Bacteria	Armatimonadota	Fimbriimonadia	Fimbriimonadales	Fimbriimonadaceae	Fimbriimonadaceae	uncultured_microorganism	0.971235163
5938ca8fcac2e952e3213705d38099f1	Bacteria	Armatimonadota	Fimbriimonadia	Fimbriimonadales	Fimbriimonadaceae	Fimbriimonadaceae	metagenome	0.954706828
b8c23aa4babcc0c1199c3797435235cf	Bacteria	Armatimonadota	Fimbriimonadia	Fimbriimonadales	Fimbriimonadaceae	Fimbriimonadaceae	metagenome	0.996848385
3599dc9de28f55ba5e283b5f353354c4	Bacteria	Armatimonadota	Fimbriimonadia	Fimbriimonadales	Fimbriimonadaceae	Fimbriimonadaceae	Unclassified	0.749223543
c36ffdcf98b414931cee7584f2e65765	Bacteria	Armatimonadota	Fimbriimonadia	Fimbriimonadales	Fimbriimonadaceae	Fimbriimonadaceae	Unclassified	0.752887199
7125d24865f86d1fc3faba37c0e989dc	Bacteria	Armatimonadota	Fimbriimonadia	Fimbriimonadales	Fimbriimonadaceae	Fimbriimonadaceae	Unclassified	0.992258919
33bf270001897f9f3f3ce87c2ef3e547	Bacteria	SAR324_clade(Marine_group_B)	SAR324_clade(Marine_group_B)	SAR324_clade(Marine_group_B)	SAR324_clade(Marine_group_B)	SAR324_clade(Marine_group_B)	Unclassified	0.977220187
b867d61e972430d4e07e1b3a920347ee	Bacteria	SAR324_clade(Marine_group_B)	SAR324_clade(Marine_group_B)	SAR324_clade(Marine_group_B)	SAR324_clade(Marine_group_B)	SAR324_clade(Marine_group_B)	Unclassified	0.966410473
66d964821e20fea91f90591621536e68	Bacteria	Bacteroidota	Bacteroidia	Chitinophagales	Chitinophagaceae	Niastella	Unclassified	0.806797799
2d49d2e27111d371ef1e851dc974c75c	Bacteria	Bacteroidota	Bacteroidia	Chitinophagales	Chitinophagaceae	Niastella	Unclassified	0.891787951
8db98ee78534ec19240df283a914c5be	Bacteria	Bacteroidota	Bacteroidia	Chitinophagales	Chitinophagaceae	Niastella	Unclassified	0.741153049
5526d5098383b6657766e119de7245f9	Bacteria	Bacteroidota	Bacteroidia	Chitinophagales	Chitinophagaceae	Niastella	Unclassified	0.898913502
dc81d0b836848c2886bf57fb985411b5	Bacteria	Bacteroidota	Bacteroidia	Chitinophagales	Chitinophagaceae	Unclassified	Unclassified	0.999999911
da67619870bf16ce2f79f537dd790ca7	Bacteria	Bacteroidota	Bacteroidia	Chitinophagales	Chitinophagaceae	Niastella	Unclassified	0.920436592
0f2907ce3e963791d1069e0a403f98e4	Bacteria	Bacteroidota	Bacteroidia	Chitinophagales	Chitinophagaceae	Flavisolibacter	Unclassified	0.811392792
ef7c874ef87c973f0a6d9c69c7184591	Bacteria	Bacteroidota	Bacteroidia	Chitinophagales	Chitinophagaceae	Flavisolibacter	Unclassified	0.803298563
05030e12b2f24b1cc3627d8407fbad45	Bacteria	Bacteroidota	Bacteroidia	Chitinophagales	Chitinophagaceae	Unclassified	Unclassified	0.999999619
93e82f773f26aa6318b3a3373614abe4	Bacteria	Bacteroidota	Bacteroidia	Chitinophagales	Chitinophagaceae	Flavisolibacter	Unclassified	0.726279167
874d747c15aadf08abacb8e9d7f410cf	Bacteria	Bacteroidota	Bacteroidia	Chitinophagales	Chitinophagaceae	Ferruginibacter	Unclassified	0.812031592
295ddbf4ec04a570efc4c1ec8c9729db	Bacteria	Bacteroidota	Bacteroidia	Chitinophagales	Chitinophagaceae	Parasegetibacter	Parasegetibacter_luojiensis	0.895678623
7c6f30b9aec7329625051e1504f33943	Bacteria	Bacteroidota	Bacteroidia	Chitinophagales	Chitinophagaceae	Unclassified	Unclassified	0.70390275
8c1b59b99538b7e9096a6819c9d12439	Bacteria	Bacteroidota	Bacteroidia	Chitinophagales	Chitinophagaceae	Flavitalea	Unclassified	0.947782274
af7eff5b2dc8e9edb49576a4955b6a7b	Bacteria	Bacteroidota	Bacteroidia	Chitinophagales	Chitinophagaceae	Flavitalea	Unclassified	0.974401183
9b2b996b3ca0953babd1089161adf606	Bacteria	Bacteroidota	Bacteroidia	Chitinophagales	Chitinophagaceae	Flavitalea	Unclassified	0.967719616
ed404d9b94fe8ff6a78a88b85457e2b1	Bacteria	Bacteroidota	Bacteroidia	Chitinophagales	Chitinophagaceae	Pseudoflavitalea	Unclassified	0.951620793
114278ea052c6212f9acab55f439a326	Bacteria	Bacteroidota	Bacteroidia	Flavobacteriales	Weeksellaceae	Empedobacter	Wautersiella_falsenii	0.724508196
44c4629d396e00952c6b9be5a7bbd3f1	Bacteria	Planctomycetota	vadinHA49	vadinHA49	vadinHA49	vadinHA49	metagenome	0.9966469
459c4914a1a3d194b600add9f27bb5e5	Bacteria	Armatimonadota	Fimbriimonadia	Fimbriimonadales	Fimbriimonadaceae	Fimbriimonadaceae	Unclassified	0.873681451
07077f2fb1982c10c2dbd63bd8bcf51b	Bacteria	Proteobacteria	Gammaproteobacteria	Burkholderiales	A21b	A21b	Unclassified	0.998706101
d37a1625ea926cd41db37102f3994855	Bacteria	Myxococcota	bacteriap25	bacteriap25	bacteriap25	bacteriap25	metagenome	0.969239791
81c6fa97e28bbb663c5cdb2e784510ce	Bacteria	Myxococcota	bacteriap25	bacteriap25	bacteriap25	bacteriap25	metagenome	0.991122256
46ed7eb9c0c782ba8775d9b2a7fb32a7	Bacteria	Myxococcota	bacteriap25	bacteriap25	bacteriap25	bacteriap25	metagenome	0.993060317
a1de9ea34bfa0aad82d32b4ffefb6621	Bacteria	Myxococcota	bacteriap25	bacteriap25	bacteriap25	bacteriap25	metagenome	0.982864023
7dde1e6dc106089f7d1f94d0f721a7ee	Bacteria	Nitrospirota	Nitrospiria	Nitrospirales	Nitrospiraceae	Nitrospira	Unclassified	0.999996485
97188f90386df15221bda79f13ae2783	Bacteria	Nitrospirota	Nitrospiria	Nitrospirales	Nitrospiraceae	Nitrospira	Unclassified	0.999999333
7d02cb39f468378e00f55ea2c9cca2e7	Bacteria	Proteobacteria	Gammaproteobacteria	Burkholderiales	Hydrogenophilaceae	Hydrogenophilus	Unclassified	0.999996192
debabd7ed2b978b3e82267f7cc7327ea	Bacteria	Proteobacteria	Alphaproteobacteria	Rickettsiales	SM2D12	SM2D12	Unclassified	0.94549269
7fe5da856e67e2e51c90b53a0ecdb85d	Bacteria	Proteobacteria	Alphaproteobacteria	Rickettsiales	SM2D12	SM2D12	Unclassified	0.972653945
36c6147e18a0d7ae1113af3debc28bdf	Bacteria	Bacteroidota	Bacteroidia	Chitinophagales	37-13	37-13	Unclassified	0.999890881
9867ca692e5a8223e0ce728b1d02929a	Bacteria	Bacteroidota	Bacteroidia	Chitinophagales	37-13	37-13	Unclassified	0.998396839
e84d06b198388759595be3fc359d84af	Bacteria	Bacteroidota	Bacteroidia	Chitinophagales	37-13	37-13	Unclassified	0.999983514
b5ddd0a64095574b475215c3e1349e2e	Bacteria	Planctomycetota	Phycisphaerae	Phycisphaerales	Phycisphaeraceae	SM1A02	metagenome	0.917970643
661b3cc3a62b402df84895898c737956	Bacteria	Planctomycetota	Phycisphaerae	Phycisphaerales	Phycisphaeraceae	SM1A02	metagenome	0.803103172
f7fcf5dae384ee9483c96e1ee6188bf5	Bacteria	Planctomycetota	Phycisphaerae	Phycisphaerales	Phycisphaeraceae	SM1A02	metagenome	0.804771631
360755d2b995de553a0a7942b5e34479	Bacteria	Proteobacteria	Alphaproteobacteria	Rhodospirillales	uncultured	Unclassified	Unclassified	0.89561166
dce50054a41ed20afcd66a16debcaea6	Bacteria	Proteobacteria	Alphaproteobacteria	Rhodospirillales	uncultured	Unclassified	Unclassified	0.887269075
0e4eb37ad461416865499b82e17f01e7	Bacteria	Proteobacteria	Alphaproteobacteria	Rhodospirillales	uncultured	Unclassified	Unclassified	0.73122315
ac8f8fdc14df8c934f663d10484e6f07	Bacteria	Proteobacteria	Alphaproteobacteria	NA	NA	Unclassified	Unclassified	0.766434546
b503727d0858bf733ce915b324d156b3	Bacteria	Proteobacteria	Alphaproteobacteria	Rhizobiales	Rhizobiaceae	Unclassified	Unclassified	0.84888468
ca76c65e2212190eb3a53ce3a3caf430	Bacteria	Bacteroidota	Kapabacteria	Kapabacteriales	Kapabacteriales	Kapabacteriales	uncultured_Chlorobi	0.900609657
c94393e9195de23f14412d4639301d57	Bacteria	Bacteroidota	Kapabacteria	Kapabacteriales	Kapabacteriales	Kapabacteriales	uncultured_bacterium	0.910551223
294234bd2bf90fad3393b3473d3063e0	Bacteria	Bacteroidota	Kapabacteria	Kapabacteriales	Kapabacteriales	Kapabacteriales	Unclassified	0.999984858
f58d0a9d005eb85ffd0bd23bfbba9ece	Bacteria	Proteobacteria	Gammaproteobacteria	Pseudomonadales	Pseudomonadaceae	Pseudomonas	Unclassified	0.994206428
fd56499c8d883507959f54c9dedd81fd	Bacteria	Proteobacteria	Gammaproteobacteria	Burkholderiales	Alcaligenaceae	Unclassified	Unclassified	0.987085549
578e847fb0bb91dcd125c52bbffef5a3	Bacteria	Proteobacteria	Gammaproteobacteria	Burkholderiales	Alcaligenaceae	Advenella	Unclassified	0.953039934
85d10587e252e5f1b292490d96d10360	Bacteria	Proteobacteria	Gammaproteobacteria	Burkholderiales	Alcaligenaceae	Alcaligenes	Unclassified	0.986350327
96d2097a3121f5d8e68ab3d44f8c236d	Bacteria	Proteobacteria	Gammaproteobacteria	Burkholderiales	Alcaligenaceae	Unclassified	Unclassified	0.996042047
678b4521ae932d7cbbca549916df6218	Bacteria	Proteobacteria	Gammaproteobacteria	Burkholderiales	Alcaligenaceae	Unclassified	Unclassified	0.998301974
bf09258aaf8f08229fb0b55c10cb0f02	Bacteria	Proteobacteria	Gammaproteobacteria	Burkholderiales	Alcaligenaceae	Unclassified	Unclassified	0.994560964
ada75c302e7b1cf28313618512ee9a8e	Bacteria	Proteobacteria	Gammaproteobacteria	Burkholderiales	Alcaligenaceae	Unclassified	Unclassified	0.981097718
fe179c5540aff4a69f9c35c0bb6c57b6	Bacteria	Proteobacteria	Gammaproteobacteria	Burkholderiales	Alcaligenaceae	Unclassified	Unclassified	0.990691918
d80884d162767d987e81ccd46c211814	Bacteria	Proteobacteria	Gammaproteobacteria	Burkholderiales	Alcaligenaceae	Unclassified	Unclassified	0.986475503
193724035f969f88aa39f76f4a78999a	Bacteria	Proteobacteria	Gammaproteobacteria	Burkholderiales	Alcaligenaceae	Unclassified	Unclassified	0.998082677
6b1accc09f728981dae9306c0f2c13a7	Bacteria	Proteobacteria	Gammaproteobacteria	Burkholderiales	Alcaligenaceae	Unclassified	Unclassified	0.999481652
10a070871d21c9481082c039515492a0	Bacteria	Proteobacteria	Gammaproteobacteria	Burkholderiales	Alcaligenaceae	Unclassified	Unclassified	0.998961625
c36114fa84722e8dde839a88c1eec05a	Bacteria	Proteobacteria	Gammaproteobacteria	Burkholderiales	Alcaligenaceae	Unclassified	Unclassified	0.99629908
8c85116b7a141f01c19ea41058f001b8	Bacteria	Proteobacteria	Gammaproteobacteria	Burkholderiales	Alcaligenaceae	Achromobacter	Unclassified	0.707309703
21cecceaed83dc045b7a9978a12884f0	Bacteria	Proteobacteria	Gammaproteobacteria	Burkholderiales	Alcaligenaceae	Unclassified	Unclassified	0.998453463
b363e98f8089bcb5b44a210e392a270e	Bacteria	Proteobacteria	Gammaproteobacteria	Burkholderiales	Alcaligenaceae	Unclassified	Unclassified	0.996674758
4a5117751fab93ea8a7a6f2637ae5b84	Bacteria	Proteobacteria	Gammaproteobacteria	Nitrosococcales	Methylophagaceae	Methylophaga	Unclassified	0.997881102
39d4234b2dfcab1f5884043f009f0f62	Bacteria	Proteobacteria	Gammaproteobacteria	Nitrosococcales	Methylophagaceae	Methylophaga	Unclassified	0.994451578
be93e3982d8f81a03afbe852f81a1628	Bacteria	Proteobacteria	Gammaproteobacteria	Burkholderiales	A21b	A21b	uncultured_bacterium	0.756368952
33b3ad7cb435cd427d01dd93ac306bd6	Bacteria	Proteobacteria	Gammaproteobacteria	Burkholderiales	A21b	A21b	Unclassified	0.988122026
bd9969f757c180158bc510e3da18f7a8	Bacteria	Proteobacteria	Gammaproteobacteria	Burkholderiales	A21b	A21b	Unclassified	0.989396935
d1c2b52d5e6b956048d97874df68b969	Bacteria	Proteobacteria	Gammaproteobacteria	Burkholderiales	Rhodocyclaceae	Unclassified	Unclassified	0.993246888
d620913ee7a853f340174535c78b1a4e	Bacteria	Proteobacteria	Gammaproteobacteria	Burkholderiales	Rhodocyclaceae	Unclassified	Unclassified	0.926135516
9dedae15d8e86aa09b6a77812c311c39	Bacteria	Proteobacteria	Gammaproteobacteria	Burkholderiales	Sutterellaceae	AAP99	metagenome	0.95155417900000006
c95948282a5c13a8e22e88c484def849	Bacteria	Proteobacteria	Gammaproteobacteria	Burkholderiales	NA	Unclassified	Unclassified	0.995671069
2b3068ececdcae702c60cda843293c47	Bacteria	Proteobacteria	Gammaproteobacteria	Burkholderiales	NA	Unclassified	Unclassified	0.993723284
3f75eee35bc43cfa1b63c2e0b346de32	Bacteria	Proteobacteria	Gammaproteobacteria	Burkholderiales	Nitrosomonadaceae	Nitrosomonas	Nitrosomonas_halophila	0.737474216
24975a0f494c9b7a7edb69cc4e99a7eb	Bacteria	Proteobacteria	Gammaproteobacteria	Burkholderiales	Burkholderiaceae	Burkholderia-Caballeronia-Paraburkholderia	Unclassified	0.999329402
1f77ce72d4414d5ce0778d89b807f10e	Bacteria	Proteobacteria	Gammaproteobacteria	Burkholderiales	TRA3-20	TRA3-20	Unclassified	0.986778752
83bcb20e4c1b08730263e299bf96b6d2	Bacteria	Proteobacteria	Gammaproteobacteria	Burkholderiales	Burkholderiaceae	Limnobacter	Unclassified	0.721130029
7fcc3b8068df5b59b4779df972c42821	Bacteria	Proteobacteria	Gammaproteobacteria	Burkholderiales	Oxalobacteraceae	Noviherbaspirillum	Unclassified	0.904140039
3901cf4086b4458eb424f0beda60ebed	Bacteria	Proteobacteria	Gammaproteobacteria	Burkholderiales	Burkholderiaceae	Limnobacter	Unclassified	0.875333066
200377204ee16a0a086c75316ca0f28c	Bacteria	Proteobacteria	Gammaproteobacteria	Burkholderiales	Nitrosomonadaceae	Nitrosospira	Unclassified	0.998388062
4d90f5c14b576129542af63ba260ee58	Bacteria	Proteobacteria	Gammaproteobacteria	Burkholderiales	Nitrosomonadaceae	Nitrosospira	Unclassified	0.99911502
6ba398f7bddf7008337bc54bd25edb4e	Bacteria	Proteobacteria	Gammaproteobacteria	Burkholderiales	Nitrosomonadaceae	Nitrosospira	Nitrosospira_sp.	0.767749049
8a3f175ec0b1b7da5b6de11c46de621a	Bacteria	Proteobacteria	Gammaproteobacteria	Burkholderiales	Nitrosomonadaceae	Nitrosospira	Unclassified	0.998082913
812e1cdeaf8486283bd92bea58055524	Bacteria	Proteobacteria	Gammaproteobacteria	Burkholderiales	Oxalobacteraceae	Noviherbaspirillum	Unclassified	0.720935887
62e09a8d5bec154f7436e386729ae219	Bacteria	Proteobacteria	Gammaproteobacteria	Burkholderiales	Oxalobacteraceae	Unclassified	Unclassified	0.986037769
5157284f184cc43ee1276887011a216b	Bacteria	Proteobacteria	Gammaproteobacteria	Burkholderiales	Oxalobacteraceae	Noviherbaspirillum	Unclassified	0.854097281
53ffd1c4052699153a779f0c83eb4645	Bacteria	Proteobacteria	Gammaproteobacteria	Burkholderiales	Oxalobacteraceae	Noviherbaspirillum	Unclassified	0.813984343
5c486fc7b311a82a91a507b0f4981bd7	Bacteria	Proteobacteria	Gammaproteobacteria	Burkholderiales	Oxalobacteraceae	Noviherbaspirillum	Unclassified	0.866087444
649531c3b39234032933ad785adfcd4a	Bacteria	Proteobacteria	Gammaproteobacteria	Burkholderiales	Oxalobacteraceae	Noviherbaspirillum	Unclassified	0.920441892
704357aa7142da57f3ef7e05391adf70	Bacteria	Proteobacteria	Gammaproteobacteria	Burkholderiales	Oxalobacteraceae	Noviherbaspirillum	Unclassified	0.905162712
cc0b303ebb259e10da190fa2e09de8e0	Bacteria	Proteobacteria	Gammaproteobacteria	Burkholderiales	Oxalobacteraceae	Noviherbaspirillum	Unclassified	0.884077541
e0e44e9840f3ffd47bbe52664eb00978	Bacteria	Proteobacteria	Gammaproteobacteria	Burkholderiales	Oxalobacteraceae	Noviherbaspirillum	Unclassified	0.919207205
f7eae7f968b1d1f74b6aeedcdacb1a0d	Bacteria	Proteobacteria	Gammaproteobacteria	Burkholderiales	Oxalobacteraceae	Unclassified	Unclassified	0.990638892
7d514809c64d302230b95cd5287a5c3b	Bacteria	Proteobacteria	Gammaproteobacteria	Burkholderiales	Oxalobacteraceae	Noviherbaspirillum	Unclassified	0.712976484
7f257522be38132338b66eb136d5bb00	Bacteria	Proteobacteria	Gammaproteobacteria	Burkholderiales	Oxalobacteraceae	Unclassified	Unclassified	0.990957632
07e449f98e7f89fc05f9b73e6068b90c	Bacteria	Proteobacteria	Gammaproteobacteria	Burkholderiales	Burkholderiaceae	Burkholderia-Caballeronia-Paraburkholderia	Unclassified	0.999752796
42bcd7f31e053ff033e016c75f7dad28	Bacteria	Proteobacteria	Gammaproteobacteria	Burkholderiales	Burkholderiaceae	Burkholderia-Caballeronia-Paraburkholderia	Unclassified	0.999814057
9c04776da85e9e2403bb738e8023d39b	Bacteria	Proteobacteria	Gammaproteobacteria	Burkholderiales	Rhodocyclaceae	Azoarcus	Unclassified	0.973252083
4ff4c9138d25514cce49cb78de03e363	Bacteria	Proteobacteria	Gammaproteobacteria	Burkholderiales	Rhodocyclaceae	Azoarcus	Azoarcus_communis	0.766315101
c4efeb8634c2202225bcb175f7f7de27	Bacteria	Proteobacteria	Gammaproteobacteria	Burkholderiales	Comamonadaceae	[Polyangium]_brachysporum_group	synthetic_construct	0.753766437
2e771541336e8c110d1fd6d390d72677	Bacteria	Proteobacteria	Gammaproteobacteria	Burkholderiales	Comamonadaceae	[Polyangium]_brachysporum_group	synthetic_construct	0.720765102
ace92f3b2d8d904d54c0ffdc53a280ac	Bacteria	Proteobacteria	Gammaproteobacteria	Burkholderiales	Comamonadaceae	[Polyangium]_brachysporum_group	synthetic_construct	0.803652704
89b5e1f81d15443e09055788c056a37f	Bacteria	Proteobacteria	Gammaproteobacteria	Burkholderiales	Comamonadaceae	[Polyangium]_brachysporum_group	synthetic_construct	0.803828248
a69d4be8e1ed8c2cbee5ff1af14009ae	Bacteria	Proteobacteria	Gammaproteobacteria	Burkholderiales	Methylophilaceae	Unclassified	Unclassified	0.999956839
3a9085a6d12d0fb348ff537088161768	Bacteria	Proteobacteria	Gammaproteobacteria	Burkholderiales	Methylophilaceae	Unclassified	Unclassified	0.999833796
09129ab2406742e3ab52e7f368133e6d	Bacteria	Proteobacteria	Gammaproteobacteria	Burkholderiales	Methylophilaceae	Methylobacillus	Unclassified	0.727450534
d1f142194c9f47038e55588e6131981d	Bacteria	Proteobacteria	Gammaproteobacteria	Burkholderiales	Burkholderiaceae	Unclassified	Unclassified	0.999975269
61cd2ae48332cfbdffcdac9b7234970f	Bacteria	Proteobacteria	Gammaproteobacteria	Burkholderiales	Burkholderiaceae	Unclassified	Unclassified	0.979337911
2f5cc6465badd0a683b6d114bb923cb4	Bacteria	Proteobacteria	Gammaproteobacteria	Burkholderiales	Burkholderiaceae	Ralstonia	Unclassified	0.915289508
4a19faa7ae24f610d36c31fb30d4345b	Bacteria	Proteobacteria	Gammaproteobacteria	Burkholderiales	Burkholderiaceae	Ralstonia	Unclassified	0.948532229
4f6c1b33bb7da3d40ec51f4be88591c1	Bacteria	Proteobacteria	Gammaproteobacteria	Burkholderiales	Burkholderiaceae	Burkholderia-Caballeronia-Paraburkholderia	Unclassified	0.798607627
0ac44ddd6ae7e24a90a542f6a0d5ca93	Bacteria	Proteobacteria	Gammaproteobacteria	Burkholderiales	Burkholderiaceae	Burkholderia-Caballeronia-Paraburkholderia	Unclassified	0.837767753
dc21a0978eb679642df09331ccb90d05	Bacteria	Proteobacteria	Gammaproteobacteria	Burkholderiales	Burkholderiaceae	Burkholderia-Caballeronia-Paraburkholderia	Unclassified	0.884099437
ea76c46585cf5e88aade5336c6960555	Bacteria	Proteobacteria	Gammaproteobacteria	Burkholderiales	Burkholderiaceae	Burkholderia-Caballeronia-Paraburkholderia	Unclassified	0.825523931
f661fc6bcb0abe927947440c60e4a7c8	Bacteria	Proteobacteria	Gammaproteobacteria	Burkholderiales	Burkholderiaceae	Burkholderia-Caballeronia-Paraburkholderia	Unclassified	0.954786948
2bea6dab6663c297d1328fd487d4a2f7	Bacteria	Proteobacteria	Gammaproteobacteria	Burkholderiales	Burkholderiaceae	Burkholderia-Caballeronia-Paraburkholderia	Unclassified	0.940315895
3c9070cc057f03370aab862c7df6f6fc	Bacteria	Proteobacteria	Gammaproteobacteria	Burkholderiales	Burkholderiaceae	Burkholderia-Caballeronia-Paraburkholderia	Unclassified	0.961099668
48e7646af15d360eba976f3f14a454e0	Bacteria	Proteobacteria	Gammaproteobacteria	Burkholderiales	Burkholderiaceae	Burkholderia-Caballeronia-Paraburkholderia	Unclassified	0.93540091
7f46e6648973ac04ccceb705829ab8d0	Bacteria	Proteobacteria	Gammaproteobacteria	Burkholderiales	Burkholderiaceae	Pandoraea	Unclassified	0.767404295
dcee15743b93639e3893c0968d2ffb9b	Bacteria	Proteobacteria	Gammaproteobacteria	Burkholderiales	Burkholderiaceae	Cupriavidus	Unclassified	0.984555246
7b2b9ccaec47bbaf4d74eb0f1ddfd465	Bacteria	Proteobacteria	Gammaproteobacteria	Burkholderiales	Burkholderiaceae	Cupriavidus	Unclassified	0.995524498
0e65ec9a639016269f224e48a9a5d260	Bacteria	Proteobacteria	Gammaproteobacteria	Burkholderiales	uncultured	Unclassified	uncultured_bacterium	0.998947179
39e878d310709c573b88ea7a8d5307c9	Bacteria	Proteobacteria	Gammaproteobacteria	Burkholderiales	Methylophilaceae	Methylotenera	uncultured_bacterium	0.701290638
f5f21c141eb5efdf7dd5b724fbd10b94	Bacteria	NA	NA	NA	NA	Unclassified	Unclassified	0.999999031
202b9c72b4f6030e923a6ad76c35069d	Bacteria	Bdellovibrionota	Oligoflexia	NA	NA	Unclassified	Unclassified	0.720264441
6e535041074a23c258cc7092f3dbbaf3	Bacteria	Proteobacteria	Gammaproteobacteria	Burkholderiales	Methylophilaceae	UBA6140	Unclassified	0.963917938
2f6e28482472335e628fd8ca5631d1fd	Bacteria	Proteobacteria	Gammaproteobacteria	Burkholderiales	SC-I-84	SC-I-84	Unclassified	0.99811698
b3236311c1befbd696c68239597da264	Bacteria	Proteobacteria	Gammaproteobacteria	Burkholderiales	Burkholderiaceae	Burkholderia-Caballeronia-Paraburkholderia	Unclassified	0.999875623
ee2f6cf4db4e8a8bb8193013544ac2aa	Bacteria	Proteobacteria	Gammaproteobacteria	Burkholderiales	TRA3-20	TRA3-20	Unclassified	0.991531257
9af68457446b1b206e43018a5e93bae9	Bacteria	Proteobacteria	Gammaproteobacteria	Burkholderiales	Chromobacteriaceae	Vogesella	uncultured_beta	0.955367502
1d22cfc6a9517c6a7c61012718595f7e	Bacteria	Proteobacteria	Gammaproteobacteria	Burkholderiales	Comamonadaceae	Unclassified	Unclassified	0.998575582
5a242e8845d364b2a88244cb8394caab	Bacteria	Armatimonadota	NA	NA	NA	Unclassified	Unclassified	0.740304208
e8c2dc04f9e56f73aafe9bc4860bba13	Bacteria	Proteobacteria	Gammaproteobacteria	Burkholderiales	Comamonadaceae	Unclassified	Unclassified	0.986855054
b0c0bc6678e69cf5380b152509ceb512	Bacteria	Proteobacteria	Gammaproteobacteria	Burkholderiales	Comamonadaceae	Unclassified	Unclassified	0.999574447
eac15236ba365666162cab23a2c4441f	Bacteria	Proteobacteria	Gammaproteobacteria	Burkholderiales	Comamonadaceae	Unclassified	Unclassified	0.999484835
4892d51a328509474fc3edde5d1d6311	Bacteria	Proteobacteria	Gammaproteobacteria	Burkholderiales	Comamonadaceae	Unclassified	Unclassified	0.99990599
a03dac46ec233f317275513baca91e2b	Bacteria	Proteobacteria	Gammaproteobacteria	Burkholderiales	Comamonadaceae	Methylibium	Unclassified	0.732687545
351852f59ee08fe1feab19a54b8f2357	Bacteria	Proteobacteria	Gammaproteobacteria	Burkholderiales	Comamonadaceae	Unclassified	Unclassified	0.999935711
31afc069f4dd42ca8c856a5b68d0c53c	Bacteria	Proteobacteria	Gammaproteobacteria	Burkholderiales	Comamonadaceae	Unclassified	Unclassified	0.999861659
5365fb088b662bcd2f97737293959a5d	Bacteria	Proteobacteria	Gammaproteobacteria	Burkholderiales	Comamonadaceae	Unclassified	Unclassified	0.999910652
672a360d2de4d6c3b3cd324c49308fed	Bacteria	Proteobacteria	Gammaproteobacteria	Burkholderiales	Comamonadaceae	Unclassified	Unclassified	0.99993276
efff0bece69deb96cfde2f93433fb903	Bacteria	Proteobacteria	Gammaproteobacteria	Burkholderiales	Comamonadaceae	Unclassified	Unclassified	0.999682196
8bb0733eec5c36898fe91e3ddeb6375c	Bacteria	Proteobacteria	Gammaproteobacteria	Burkholderiales	Comamonadaceae	Unclassified	Unclassified	0.99971737
786529f379f1e64bb1db93bcfb2c5655	Bacteria	Proteobacteria	Gammaproteobacteria	Burkholderiales	Comamonadaceae	Unclassified	Unclassified	0.999436945
7e0709025680cb6a652dc01e876b278b	Bacteria	Proteobacteria	Gammaproteobacteria	Burkholderiales	Comamonadaceae	Unclassified	Unclassified	0.998761519
91ed19869f5e62a64fdc2ea523cfb257	Bacteria	Proteobacteria	Gammaproteobacteria	Burkholderiales	Comamonadaceae	Unclassified	Unclassified	0.998802455
ce7cc80b19320b22702e9a3d7b1291e3	Bacteria	Proteobacteria	Gammaproteobacteria	Burkholderiales	Comamonadaceae	Unclassified	Unclassified	0.998600318
eac4678725fe8c141bf084309f3af726	Bacteria	Proteobacteria	Gammaproteobacteria	Burkholderiales	Comamonadaceae	Unclassified	Unclassified	0.999703779
5fedfebd6cc0d08698ee18c7e0d50b2d	Bacteria	Proteobacteria	Gammaproteobacteria	Burkholderiales	Comamonadaceae	Unclassified	Unclassified	0.999684846
92170212550fdffc453f8363bdae2fcb	Bacteria	Proteobacteria	Gammaproteobacteria	Burkholderiales	Comamonadaceae	Unclassified	Unclassified	0.999797558
9bdff9843976e2a76fe4c472afc8dae3	Bacteria	Proteobacteria	Gammaproteobacteria	Burkholderiales	Comamonadaceae	Unclassified	Unclassified	0.999362712
fcd871d4b3a793b20b54aa78a19d9d1c	Bacteria	Proteobacteria	Gammaproteobacteria	Burkholderiales	Comamonadaceae	Unclassified	Unclassified	0.999775726
a919e557e7570b8b47c2d347c7eb6eb7	Bacteria	Proteobacteria	Gammaproteobacteria	Burkholderiales	Comamonadaceae	Unclassified	Unclassified	0.999222188
708bd2e8dea73d364d74c044688525fc	Bacteria	Proteobacteria	Gammaproteobacteria	Burkholderiales	Comamonadaceae	Unclassified	Unclassified	0.999847412
666e43ae59eb11a94d096aededc074d3	Bacteria	Proteobacteria	Gammaproteobacteria	Burkholderiales	Comamonadaceae	Unclassified	Unclassified	0.999718207
4446b06de766bd48b7dab7ecd2a9a26e	Bacteria	Proteobacteria	Gammaproteobacteria	Burkholderiales	Comamonadaceae	Unclassified	Unclassified	0.99980043
839bc6d3ba33427f0943eadaf25c7544	Bacteria	Proteobacteria	Gammaproteobacteria	Burkholderiales	Comamonadaceae	Aquabacterium	Unclassified	0.796799154
25dcd381e08cc637ab76f4d41b2afa4a	Bacteria	Proteobacteria	Gammaproteobacteria	Burkholderiales	Comamonadaceae	Unclassified	Unclassified	0.99969573
408145e76ac98997b5ff202fcc9da9b1	Bacteria	Proteobacteria	Gammaproteobacteria	Burkholderiales	Comamonadaceae	Aquabacterium	Unclassified	0.932651197
9dfa2dd081135ccb5a6d1607854c8fc3	Bacteria	Proteobacteria	Gammaproteobacteria	Burkholderiales	Comamonadaceae	Rhizobacter	Unclassified	0.797144291
894fc89ac1de192b3c1717e54050a44b	Bacteria	Proteobacteria	Gammaproteobacteria	Burkholderiales	Comamonadaceae	Unclassified	Unclassified	0.999720079
8234cf6ccf9d8097fc62ad34f78d29b6	Bacteria	Proteobacteria	Gammaproteobacteria	Burkholderiales	Comamonadaceae	Unclassified	Unclassified	0.999770744
8ab22435c0355b0da9a052710340e419	Bacteria	Proteobacteria	Gammaproteobacteria	Burkholderiales	Comamonadaceae	Rhizobacter	Unclassified	0.847400345
92b44d288de74e650090fb1f238f92f7	Bacteria	Proteobacteria	Gammaproteobacteria	Burkholderiales	Comamonadaceae	Rhizobacter	Unclassified	0.921006921
f62726e5161484cd929cd33a4506a8b0	Bacteria	Proteobacteria	Gammaproteobacteria	Burkholderiales	Comamonadaceae	Rhizobacter	Unclassified	0.92380109
283d9f39f175a9dca7a0e387975d29b9	Bacteria	Proteobacteria	Gammaproteobacteria	Burkholderiales	Comamonadaceae	Unclassified	Unclassified	0.999407147
4910a35019a7a1b7d7155ded96853054	Bacteria	Proteobacteria	Gammaproteobacteria	Burkholderiales	Comamonadaceae	Unclassified	Unclassified	0.99971931
c8fbcd48037205128896a5793853c12b	Bacteria	Proteobacteria	Gammaproteobacteria	Burkholderiales	Comamonadaceae	Unclassified	Unclassified	0.999670181
22526b74fc754c9c6a69be2ed464b814	Bacteria	Proteobacteria	Gammaproteobacteria	Burkholderiales	Comamonadaceae	Rhizobacter	Unclassified	0.763267826
4bc59d5912ff1bfbb5c6ee208754a7ba	Bacteria	Proteobacteria	Gammaproteobacteria	Burkholderiales	Comamonadaceae	Unclassified	Unclassified	0.999718103
2cb6d8cc4908f08c708a682611d24bb3	Bacteria	Proteobacteria	Gammaproteobacteria	Burkholderiales	Comamonadaceae	Unclassified	Unclassified	0.999739425
c87d741727ee8ee47feb62eed8427907	Bacteria	Proteobacteria	Gammaproteobacteria	Burkholderiales	Comamonadaceae	Unclassified	Unclassified	0.999587382
4d8f7a5f9586551974c649a5ee87e89f	Bacteria	Proteobacteria	Gammaproteobacteria	Burkholderiales	Comamonadaceae	Unclassified	Unclassified	0.99952783
a5b0147ef29171c6eb02c1c7f796840a	Bacteria	Proteobacteria	Gammaproteobacteria	NA	NA	Unclassified	Unclassified	0.7351876
cf2f69f9b0f09be0de9165d5e88ecaa3	Bacteria	Proteobacteria	Gammaproteobacteria	Burkholderiales	Comamonadaceae	Unclassified	Unclassified	0.990179947
7bf75090e6b48fceb3397bc990b67667	Bacteria	Proteobacteria	Gammaproteobacteria	Burkholderiales	Comamonadaceae	Unclassified	Unclassified	0.999808536
0bcfc96811b6ecffab640cc06e06e8b3	Bacteria	Proteobacteria	Gammaproteobacteria	Burkholderiales	Comamonadaceae	Unclassified	Unclassified	0.999899807
996fb0d760b2c49c43b3a4092f770663	Bacteria	Proteobacteria	Gammaproteobacteria	Burkholderiales	Comamonadaceae	Unclassified	Unclassified	0.999845091
c773d852c4392408f67e6537221a3e8d	Bacteria	Proteobacteria	Gammaproteobacteria	Burkholderiales	Comamonadaceae	Unclassified	Unclassified	0.999764067
1768c2ff1a0fe3770205d7a18ef18b0f	Bacteria	Proteobacteria	Gammaproteobacteria	Burkholderiales	Comamonadaceae	Unclassified	Unclassified	0.999547553
4f2aa9ff2cc0506d8109887fa1c82f2e	Bacteria	Proteobacteria	Gammaproteobacteria	Burkholderiales	Comamonadaceae	Unclassified	Unclassified	0.99976231
487454995021d1c318c08c6b410dd39d	Bacteria	Proteobacteria	Gammaproteobacteria	Burkholderiales	Comamonadaceae	Unclassified	Unclassified	0.99934371
d3d345903364a0712d5d4472c0651db1	Bacteria	Proteobacteria	Gammaproteobacteria	Burkholderiales	NA	Unclassified	Unclassified	0.992359278
53500a0f87da121bbc114ccbe49e7006	Bacteria	Proteobacteria	Gammaproteobacteria	Burkholderiales	Comamonadaceae	Unclassified	Unclassified	0.999948009
c7653357a8d9b02a11193f7ebf47b2fa	Bacteria	Proteobacteria	Gammaproteobacteria	Burkholderiales	Comamonadaceae	Unclassified	Unclassified	0.998253119
1fa5c87fceec4a70cba5a556c46bb163	Bacteria	Proteobacteria	Gammaproteobacteria	Burkholderiales	Comamonadaceae	Unclassified	Unclassified	0.999115468
1953fb68bdaf084f010a86e457b776ab	Bacteria	Proteobacteria	Gammaproteobacteria	Burkholderiales	Comamonadaceae	Unclassified	Unclassified	0.998671997
0b4278bb21377b2d8a48e1dd6dd9edbf	Bacteria	Proteobacteria	Gammaproteobacteria	Burkholderiales	Comamonadaceae	Unclassified	Unclassified	0.999655837
d6c6e28f5fab8b4ef9712ff497540cc7	Bacteria	Proteobacteria	Gammaproteobacteria	Burkholderiales	Comamonadaceae	Unclassified	Unclassified	0.99951882
2570753deb6beb16c1d3b48aa8cf63b9	Bacteria	Proteobacteria	Gammaproteobacteria	Burkholderiales	Comamonadaceae	Unclassified	Unclassified	0.999055199
fa87961d59690a1a30ec037ae5429c09	Bacteria	Proteobacteria	Gammaproteobacteria	Burkholderiales	Comamonadaceae	Delftia	rape_rhizosphere	0.716587074
afca7c4eb123a0d8211329cd1bb4e1b0	Bacteria	Proteobacteria	Gammaproteobacteria	Burkholderiales	Comamonadaceae	Unclassified	Unclassified	0.999864691
d51be10294a206cebe2eaf767c722f56	Bacteria	Proteobacteria	Gammaproteobacteria	Burkholderiales	Comamonadaceae	Unclassified	Unclassified	0.999813421
1a4f001beafa795f953be819242091d0	Bacteria	Proteobacteria	Gammaproteobacteria	Burkholderiales	Comamonadaceae	Unclassified	Unclassified	0.999867565
f370c1583d04ef0ab684f6457c7d9b8e	Bacteria	Proteobacteria	Gammaproteobacteria	Burkholderiales	Comamonadaceae	Unclassified	Unclassified	0.999898612
214d896cecb3480d892e10f50de4e2e0	Bacteria	Proteobacteria	Gammaproteobacteria	Burkholderiales	Comamonadaceae	Unclassified	Unclassified	0.999935026
c6c92aceb677998f6ff5746d85a105dc	Bacteria	Proteobacteria	Gammaproteobacteria	Burkholderiales	Comamonadaceae	Unclassified	Unclassified	0.999085338
1786e4135285fef510c9ced5bc56c939	Bacteria	Proteobacteria	Gammaproteobacteria	Burkholderiales	Comamonadaceae	Unclassified	Unclassified	0.999398403
42712c085cdbd7f718691ffdeaacd0f4	Bacteria	Proteobacteria	Gammaproteobacteria	Burkholderiales	Comamonadaceae	Unclassified	Unclassified	0.999928578
84d2031c0a2b6e4b800fc09f3cade4f0	Bacteria	Proteobacteria	Gammaproteobacteria	Burkholderiales	Comamonadaceae	Unclassified	Unclassified	0.999916413
2c9f075fad174bb6b5477004bfa82c27	Bacteria	Proteobacteria	Gammaproteobacteria	Burkholderiales	Comamonadaceae	Unclassified	Unclassified	0.999785823
fc80a5d47bf96fe40c7e9100f6dbd8d6	Bacteria	Proteobacteria	Gammaproteobacteria	Burkholderiales	Comamonadaceae	Unclassified	Unclassified	0.999853161
db302e81a0272dd58b5b9fd1f706a2f3	Bacteria	Proteobacteria	Gammaproteobacteria	Burkholderiales	Comamonadaceae	Unclassified	Unclassified	0.999849317
f0b2adc32d620ec9d3d2ffda0d2038d6	Bacteria	Proteobacteria	Gammaproteobacteria	Burkholderiales	Comamonadaceae	Unclassified	Unclassified	0.99835564
0dd50ca04b16f04edc638da5c834f8ce	Bacteria	Proteobacteria	Gammaproteobacteria	Burkholderiales	Comamonadaceae	Unclassified	Unclassified	0.999418087
3e29ccd1709d88b4ee8c252dfde123e2	Bacteria	Proteobacteria	Gammaproteobacteria	Burkholderiales	Comamonadaceae	Unclassified	Unclassified	0.999694177
847a97f026d55d4b52d0ce1965c6cc35	Bacteria	Proteobacteria	Gammaproteobacteria	Burkholderiales	Comamonadaceae	Unclassified	Unclassified	0.999687404
d39f5e3d2639b31fa3d54724f4080079	Bacteria	Proteobacteria	Gammaproteobacteria	Burkholderiales	Comamonadaceae	Unclassified	Unclassified	0.999775595
a424e306cb0e4a1cdf591bfea8154f5c	Bacteria	Proteobacteria	Gammaproteobacteria	Burkholderiales	Comamonadaceae	Unclassified	Unclassified	0.999312307
0e81bd05bdae5b8ae79579e7013d7ef9	Bacteria	Proteobacteria	Gammaproteobacteria	Burkholderiales	Comamonadaceae	Unclassified	Unclassified	0.99968069
3ced0424ca354c56e49326223b157d82	Bacteria	Proteobacteria	Gammaproteobacteria	Burkholderiales	Comamonadaceae	Unclassified	Unclassified	0.999658831
6a4ea21fc205c55db58f955e0805a2dd	Bacteria	Proteobacteria	Gammaproteobacteria	Burkholderiales	Comamonadaceae	Unclassified	Unclassified	0.999570531
e08e7bbd73176f42964c2aacc1f22229	Bacteria	Proteobacteria	Gammaproteobacteria	Burkholderiales	Comamonadaceae	Unclassified	Unclassified	0.998501484
bf4220bca6791f41fc8c5d701257a871	Bacteria	Proteobacteria	Gammaproteobacteria	Burkholderiales	Comamonadaceae	Unclassified	Unclassified	0.998490345
e553d6d952abc003663901b6c610a2ff	Bacteria	Proteobacteria	Gammaproteobacteria	Burkholderiales	Comamonadaceae	Unclassified	Unclassified	0.99960429
e49d77454aff2b17bc0dd2b5a7da96c8	Bacteria	Proteobacteria	Gammaproteobacteria	Burkholderiales	Comamonadaceae	Unclassified	Unclassified	0.99992485
c221a2831e16247f356a25b2b7c14497	Bacteria	Proteobacteria	Gammaproteobacteria	Burkholderiales	Comamonadaceae	Delftia	Unclassified	0.961941452
8eaa1220e7cf99360824ed1704caa9c1	Bacteria	Proteobacteria	Gammaproteobacteria	Burkholderiales	Comamonadaceae	Comamonas	Comamonas_koreensis	0.703546021
d1c7461f964c7292fb15577871db5ce7	Bacteria	Proteobacteria	Gammaproteobacteria	Burkholderiales	Comamonadaceae	Delftia	Unclassified	0.991568182
86e8bb633458c114c855ad775b21813e	Bacteria	Proteobacteria	Gammaproteobacteria	Burkholderiales	Comamonadaceae	Delftia	Unclassified	0.979522659
284ab4d1468d5bd557cb105ba328dc36	Bacteria	Proteobacteria	Gammaproteobacteria	Burkholderiales	Comamonadaceae	Acidovorax	Unclassified	0.780824252
fb21c290b12099a23ef176a794a3d19a	Bacteria	Proteobacteria	Gammaproteobacteria	Burkholderiales	Comamonadaceae	Unclassified	Unclassified	0.999960453
5d8e89bc0b606beb8dff7477d59b6cd4	Bacteria	Proteobacteria	Gammaproteobacteria	Burkholderiales	Comamonadaceae	Simplicispira	Unclassified	0.884957949
d4b880409efa17a32f35913d917e1f62	Bacteria	Proteobacteria	Gammaproteobacteria	Burkholderiales	Comamonadaceae	Simplicispira	Unclassified	0.923745752
91f41d3fd3c801596f19b1dda57c9241	Bacteria	Proteobacteria	Gammaproteobacteria	Burkholderiales	Comamonadaceae	Unclassified	Unclassified	0.99997949
b6f6308482b671356080781e74468c25	Bacteria	Proteobacteria	Gammaproteobacteria	Burkholderiales	Comamonadaceae	Diaphorobacter	Unclassified	0.754763857
f5cb9c755d28fae86ebf563516b630da	Bacteria	Proteobacteria	Gammaproteobacteria	Burkholderiales	Comamonadaceae	Unclassified	Unclassified	0.999451293
93a3351a8dac23ae895fb43a8eecbaee	Bacteria	Proteobacteria	Gammaproteobacteria	Burkholderiales	Comamonadaceae	Unclassified	Unclassified	0.999952595
bc4b5c86632ee16a7bfe4c263a6c1365	Bacteria	Proteobacteria	Gammaproteobacteria	Burkholderiales	Comamonadaceae	Inhella	Unclassified	0.756524207
e8b7ae2861e9f260902795b05b2db3ba	Bacteria	Proteobacteria	Gammaproteobacteria	Burkholderiales	Comamonadaceae	Pelomonas	Unclassified	0.712163759
1a4da5b1eb28c5575fd90e98fe0b8ed1	Bacteria	Proteobacteria	Gammaproteobacteria	Burkholderiales	Comamonadaceae	Unclassified	Unclassified	0.999784333
b9dccc83f3816b16dfcd3916c9134958	Bacteria	Proteobacteria	Gammaproteobacteria	Burkholderiales	Comamonadaceae	Unclassified	Unclassified	0.999842423
d9dabca1d9e64105593114533b6146a0	Bacteria	Proteobacteria	Gammaproteobacteria	Burkholderiales	Comamonadaceae	Unclassified	Unclassified	0.999425599
358e984f283897d0d72d7c76887da53d	Bacteria	Proteobacteria	Gammaproteobacteria	Burkholderiales	Comamonadaceae	Unclassified	Unclassified	0.999954329
25a1e7e3fc52a086cac0eb96b702fbba	Bacteria	Proteobacteria	Gammaproteobacteria	Burkholderiales	Comamonadaceae	Unclassified	Unclassified	0.999962688
42be7bc1bf42dbc675f5aa4da0d45107	Bacteria	Proteobacteria	Gammaproteobacteria	Burkholderiales	Comamonadaceae	Unclassified	Unclassified	0.998829983
9d98d754c7a3b4250e86229a7d85949f	Bacteria	Proteobacteria	Gammaproteobacteria	Burkholderiales	Comamonadaceae	Unclassified	Unclassified	0.999790386
92b5525eca2b5343e6b31bb56a0c260d	Bacteria	Proteobacteria	Gammaproteobacteria	Burkholderiales	Comamonadaceae	Unclassified	Unclassified	0.999852189
bc778fa299589bc3e1f70541d547e66e	Bacteria	Proteobacteria	Gammaproteobacteria	Burkholderiales	Comamonadaceae	Unclassified	Unclassified	0.999867814
52d3e3dfc7fb145bcfdc72f40260fa45	Bacteria	Proteobacteria	Gammaproteobacteria	Burkholderiales	Comamonadaceae	Unclassified	Unclassified	0.999936114
41caf5853f65db7ddbe9239133f84a5d	Bacteria	Proteobacteria	Gammaproteobacteria	Burkholderiales	Comamonadaceae	Unclassified	Unclassified	0.999962439
69bd427e9d59f854ec052e24f67feb89	Bacteria	Proteobacteria	Gammaproteobacteria	Burkholderiales	Comamonadaceae	Unclassified	Unclassified	0.982683304
599d1e64bbdb4705476b5dfe81511ad8	Bacteria	Proteobacteria	Gammaproteobacteria	Burkholderiales	Comamonadaceae	Unclassified	Unclassified	0.999759216
f2e1ec03d22e71cb10c4b05d0f5530e7	Bacteria	Proteobacteria	Gammaproteobacteria	Burkholderiales	Comamonadaceae	Unclassified	Unclassified	0.99969427
50ef08ca32e02c90bff950017fd9da95	Bacteria	Proteobacteria	Gammaproteobacteria	Burkholderiales	Nitrosomonadaceae	mle1-7	Unclassified	0.968469584
dc56d07b30f1295da3a768d6ae55e198	Bacteria	Proteobacteria	Gammaproteobacteria	Burkholderiales	Nitrosomonadaceae	Ellin6067	Unclassified	0.994752381
ea137b3ef291d1637cd5b86fd96f766f	Bacteria	Proteobacteria	Gammaproteobacteria	Burkholderiales	Nitrosomonadaceae	Ellin6067	Unclassified	0.997008814
865422b53fd4c13933c9ed4f6795218a	Bacteria	Proteobacteria	Gammaproteobacteria	Burkholderiales	Nitrosomonadaceae	Ellin6067	Unclassified	0.99457981
5215d0858a2c32092cb7e27e19becb97	Bacteria	Proteobacteria	Gammaproteobacteria	Burkholderiales	Burkholderiaceae	Mycoavidus	Unclassified	0.867526826
0fe01f1d0ab4c24e84d24764f9e243ee	Bacteria	Proteobacteria	Gammaproteobacteria	Burkholderiales	Comamonadaceae	Pseudorhodoferax	uncultured_bacterium	0.855324995
9a0cdcaa6c3905e593520d6fae771563	Bacteria	Proteobacteria	Gammaproteobacteria	Burkholderiales	Comamonadaceae	Unclassified	Unclassified	0.999648051
b340addba67d4cd1ca05d41f45a968c4	Bacteria	Proteobacteria	Gammaproteobacteria	Burkholderiales	Comamonadaceae	Variovorax	Unclassified	0.754322052
c47cca400154044fe2dc96e9fbaeaa96	Bacteria	Proteobacteria	Gammaproteobacteria	Burkholderiales	Comamonadaceae	Unclassified	Unclassified	0.999975227
0ee89737aa4d8cc5b0d8e4f3611452b8	Bacteria	Actinobacteriota	Actinobacteria	Pseudonocardiales	Pseudonocardiaceae	Unclassified	Unclassified	0.921111854
f583b0e149d13f57e6191fab8e297cdf	Bacteria	NA	NA	NA	NA	Unclassified	Unclassified	0.999999922
9643b175508788330e0765bb14ca2c8f	Bacteria	Proteobacteria	Gammaproteobacteria	Burkholderiales	Comamonadaceae	Unclassified	Unclassified	0.999992651
ab1b9bb0568361b14a7f300448a6fd6d	Bacteria	Proteobacteria	Gammaproteobacteria	Burkholderiales	Comamonadaceae	Unclassified	Unclassified	0.999990453
6f484d1fc42f6b8825a292b3a5a59f82	Bacteria	Acidobacteriota	NA	NA	NA	Unclassified	Unclassified	0.701104616
e88d7eb4cb34f55cc17f4643f02a3182	Bacteria	Proteobacteria	Gammaproteobacteria	Burkholderiales	Comamonadaceae	Comamonas	Unclassified	0.874879972
d02235b10bc9f212ca4d66a8b336e49b	Bacteria	Proteobacteria	Gammaproteobacteria	Burkholderiales	Comamonadaceae	Unclassified	Unclassified	0.999996658
a087826b32df28b2eae40b7b4ce3e739	Bacteria	Proteobacteria	Gammaproteobacteria	Burkholderiales	Comamonadaceae	Unclassified	Unclassified	0.999961762
1eaaac5a802b13446370fcfa8d2cf7aa	Bacteria	Proteobacteria	Gammaproteobacteria	Burkholderiales	Comamonadaceae	Unclassified	Unclassified	0.99998366
2438c28697d2c6e9334980c3dab8e0e3	Bacteria	Proteobacteria	Gammaproteobacteria	Burkholderiales	Comamonadaceae	Unclassified	Unclassified	0.999985762
caaaf8070a5f31c3ca0a50e22840b15d	Bacteria	Proteobacteria	Gammaproteobacteria	Burkholderiales	Comamonadaceae	Pseudorhodoferax	Unclassified	0.759731587
89765a7261ee75c21bc86c92b7166d60	Bacteria	Bacteroidota	Bacteroidia	Bacteroidetes_VC2.1_Bac22	Bacteroidetes_VC2.1_Bac22	Bacteroidetes_VC2.1_Bac22	metagenome	0.872429344
2604225edb66ce7f72058094285168a1	Bacteria	Proteobacteria	Gammaproteobacteria	Burkholderiales	Comamonadaceae	Unclassified	Unclassified	0.980454299
84839bfc09afeb95c2f9e47e89b33030	Bacteria	Bdellovibrionota	Oligoflexia	Silvanigrellales	Silvanigrellaceae	Silvanigrella	Unclassified	0.756216493
36ad707fbcffc8a318e3087152a35c53	Bacteria	Proteobacteria	Gammaproteobacteria	Burkholderiales	Comamonadaceae	Unclassified	Unclassified	0.999868961
71b1a96cc5f6ff7c220cf03d4d9c895e	Bacteria	Proteobacteria	Gammaproteobacteria	Burkholderiales	Comamonadaceae	Unclassified	Unclassified	0.999994158
04803ce554e4ec8d224742ea005820a0	Bacteria	Proteobacteria	Gammaproteobacteria	Burkholderiales	Comamonadaceae	Unclassified	Unclassified	0.999985435
98a6d289c6746ea240b7dfd041d64324	Bacteria	Proteobacteria	Gammaproteobacteria	Burkholderiales	Comamonadaceae	Unclassified	Unclassified	0.999997697
cefa50f403fd4ae8cfbbc4f9eb4922f8	Bacteria	Proteobacteria	Gammaproteobacteria	Burkholderiales	Comamonadaceae	Unclassified	Unclassified	0.999997527
78768334ea0be7024f3aa5237249389e	Bacteria	Proteobacteria	Gammaproteobacteria	Burkholderiales	Comamonadaceae	Unclassified	Unclassified	0.999997754
8e26013a334e76ce27ff082ec94f62bd	Bacteria	Proteobacteria	Gammaproteobacteria	Burkholderiales	Comamonadaceae	Unclassified	Unclassified	0.999959052
da2df224f32cfc25885826d2f3a59639	Bacteria	Proteobacteria	Gammaproteobacteria	Burkholderiales	Comamonadaceae	Unclassified	Unclassified	0.999998108
d41fe7e4cefa3d9efe662aba612fa97d	Bacteria	Proteobacteria	Gammaproteobacteria	Burkholderiales	Comamonadaceae	Unclassified	Unclassified	0.999997055
5c3024575881e32dd360a336fb854a93	Bacteria	Proteobacteria	Gammaproteobacteria	Burkholderiales	Comamonadaceae	Unclassified	Unclassified	0.999997637
304e771083b215b6cf38e311b6025b76	Bacteria	Proteobacteria	Gammaproteobacteria	Burkholderiales	Comamonadaceae	Unclassified	Unclassified	0.99999689
28c84c0e7de878ed1ec0d9ed47065eb0	Bacteria	Proteobacteria	Gammaproteobacteria	Burkholderiales	Comamonadaceae	Unclassified	Unclassified	0.999982134
0da809c7fc260ae1c0aaa7dfc5b994c1	Bacteria	Proteobacteria	Gammaproteobacteria	Burkholderiales	Comamonadaceae	Unclassified	Unclassified	0.999994552
20d1fd15514b463d3b4f7a423f8491d4	Bacteria	Proteobacteria	Gammaproteobacteria	Burkholderiales	Comamonadaceae	Unclassified	Unclassified	0.999994761
8e70ee6d8daa31bfba3c6779f0bbb238	Bacteria	Proteobacteria	Gammaproteobacteria	Burkholderiales	Comamonadaceae	Unclassified	Unclassified	0.999987594
d5318bdb324a72d491bad9a350c47081	Bacteria	Proteobacteria	Gammaproteobacteria	Burkholderiales	Comamonadaceae	Unclassified	Unclassified	0.99999777
a560a8dbdc3319f0ace45628e582f795	Bacteria	Proteobacteria	Gammaproteobacteria	Burkholderiales	Comamonadaceae	Unclassified	Unclassified	0.999996442
51edfced705fcbcb28f75ddfcd72e55e	Bacteria	Proteobacteria	Gammaproteobacteria	Burkholderiales	Comamonadaceae	Unclassified	Unclassified	0.992845883
4a874adcd507aa2feb3ec9e3ae880833	Bacteria	Proteobacteria	Gammaproteobacteria	Burkholderiales	Comamonadaceae	Unclassified	Unclassified	0.988057022
04a49147a2b1f5768fd139f65a27df0e	Bacteria	Proteobacteria	Gammaproteobacteria	Burkholderiales	Comamonadaceae	Unclassified	Unclassified	0.99770431
85e6bee25159eef56c1b7a48147d9b93	Bacteria	Proteobacteria	Gammaproteobacteria	Burkholderiales	Comamonadaceae	Caenimonas	Unclassified	0.790660901
1754e6d35c6831b199bc41012ba37e3a	Bacteria	Proteobacteria	Gammaproteobacteria	Burkholderiales	Comamonadaceae	Caenimonas	uncultured_Caenimonas	0.951164661
55c15d1a0ddaeae55ce61f8da6abec01	Bacteria	Proteobacteria	Gammaproteobacteria	Burkholderiales	Comamonadaceae	Unclassified	Unclassified	0.998289162
63da5620af9dda1e7ff0d3eb33b13a43	Bacteria	Proteobacteria	Gammaproteobacteria	Burkholderiales	Comamonadaceae	Unclassified	Unclassified	0.998996706
360ec19d360a76bf97791e1c126f4241	Bacteria	Proteobacteria	Gammaproteobacteria	Burkholderiales	Comamonadaceae	Unclassified	Unclassified	0.998988685
8f78868c3008b1f63ea4dd218343d955	Bacteria	Proteobacteria	Gammaproteobacteria	Burkholderiales	Comamonadaceae	Ramlibacter	Unclassified	0.761441453
24076b3f6b00b48552bce2a142cdb820	Bacteria	Proteobacteria	Gammaproteobacteria	Burkholderiales	Comamonadaceae	Unclassified	Unclassified	0.999373265
5882c341baa6bfa6956afdf8f7df9e41	Bacteria	Proteobacteria	Gammaproteobacteria	Burkholderiales	Comamonadaceae	Unclassified	Unclassified	0.999183249
d32581544b8cf330a50be8e9d2ac860d	Bacteria	Proteobacteria	Gammaproteobacteria	Burkholderiales	Comamonadaceae	Caenimonas	Unclassified	0.880645062
97ed7c93fa79ecc6576244437d560f23	Bacteria	Proteobacteria	Gammaproteobacteria	Burkholderiales	Comamonadaceae	Ramlibacter	Unclassified	0.876068243
3875247be58bedd642d00711d8f3514a	Bacteria	Proteobacteria	Gammaproteobacteria	Burkholderiales	Comamonadaceae	Ramlibacter	Unclassified	0.774497595
bf2429fcaeb0db50fdba5227cd5fb5e8	Bacteria	Proteobacteria	Gammaproteobacteria	Burkholderiales	Comamonadaceae	Unclassified	Unclassified	0.998185463
82ef98eb73774f0b2781dfca4ce2dfc1	Bacteria	Proteobacteria	Gammaproteobacteria	Burkholderiales	Comamonadaceae	Unclassified	Unclassified	0.894500291
668fb831e3740b0a75101818691d5798	Bacteria	Proteobacteria	Gammaproteobacteria	Burkholderiales	Comamonadaceae	Unclassified	Unclassified	0.997734738
148e5a43b189fe65bae6ab2bf5df2dd2	Bacteria	Proteobacteria	Gammaproteobacteria	Burkholderiales	Comamonadaceae	Unclassified	Unclassified	0.999986351
c63368dc8b773d6d87cbd68f7fa6cbc1	Bacteria	Proteobacteria	Gammaproteobacteria	Burkholderiales	Comamonadaceae	Polaromonas	Unclassified	0.976511371
6582b6f895b79bea08d5caea6b19fc2c	Bacteria	Proteobacteria	Gammaproteobacteria	Burkholderiales	Comamonadaceae	Polaromonas	Unclassified	0.968814279
8e50fbeb3f0d43b43a7d02b48b8abbe0	Bacteria	Proteobacteria	Gammaproteobacteria	Burkholderiales	Comamonadaceae	Polaromonas	Unclassified	0.946969581
8ddfbf3d4c23beb655d57e075694111c	Bacteria	Proteobacteria	Gammaproteobacteria	Burkholderiales	Comamonadaceae	Polaromonas	Unclassified	0.937691045
04442ee91a22f783018d13c4c663d3d6	Bacteria	Proteobacteria	Gammaproteobacteria	Burkholderiales	Comamonadaceae	Azohydromonas	Unclassified	0.897821405
e2c8becf54c36043a4b173ddf9baf1d5	Bacteria	Proteobacteria	Gammaproteobacteria	Burkholderiales	Comamonadaceae	Azohydromonas	Unclassified	0.915738995
26a3c9d199cf00991463d5b495513d71	Bacteria	Proteobacteria	Gammaproteobacteria	Burkholderiales	Comamonadaceae	Azohydromonas	Unclassified	0.987448487
39c5d8450dd28f0c48747ddd22fb8297	Bacteria	Proteobacteria	Gammaproteobacteria	Burkholderiales	Comamonadaceae	Azohydromonas	Unclassified	0.931506266
eede662e67379211f11c08fd7a8af8aa	Bacteria	Proteobacteria	Gammaproteobacteria	Burkholderiales	Comamonadaceae	Unclassified	Unclassified	0.999890934
d99f57c96b3e8bd43403d506b64ddd6f	Bacteria	Proteobacteria	Gammaproteobacteria	Burkholderiales	Comamonadaceae	Unclassified	Unclassified	0.998984991
e58a8ae243a0ff1d6b8ade0edae18b42	Bacteria	Proteobacteria	Gammaproteobacteria	Burkholderiales	Comamonadaceae	Unclassified	Unclassified	0.999365765
c8c8e152667aba8e70f5fc5a8047887c	Bacteria	Proteobacteria	Gammaproteobacteria	Burkholderiales	Comamonadaceae	Ramlibacter	Unclassified	0.869771242
3556d3ff41adbf01c34910607d60f4b9	Bacteria	Proteobacteria	Gammaproteobacteria	Burkholderiales	Comamonadaceae	Ramlibacter	Unclassified	0.967270812
cfe549a8f39972a7de5245949e5c9bf5	Bacteria	Proteobacteria	Gammaproteobacteria	Burkholderiales	Comamonadaceae	Ramlibacter	Unclassified	0.889674394
c5422520f3a0cff2f035667bf6ec913f	Bacteria	Proteobacteria	Gammaproteobacteria	Burkholderiales	Comamonadaceae	Ramlibacter	Unclassified	0.939691752
dcbb646a5ff269169be888211c77cdc4	Bacteria	Proteobacteria	Gammaproteobacteria	Burkholderiales	Comamonadaceae	Ramlibacter	Unclassified	0.888682891
28c869b176c985d549423c1a06a8dd8f	Bacteria	Proteobacteria	Gammaproteobacteria	Burkholderiales	Comamonadaceae	Unclassified	Unclassified	0.999941955
b360bdd4c6aff3fdd3dcfcf017eced74	Bacteria	Proteobacteria	Gammaproteobacteria	Burkholderiales	Nitrosomonadaceae	mle1-7	Unclassified	0.778136217
8e01d4d9796532f363e2eb358d0c7a29	Bacteria	Proteobacteria	Gammaproteobacteria	Burkholderiales	Nitrosomonadaceae	mle1-7	Unclassified	0.861006169
dd689f17281dc42818ece35e50888df5	Bacteria	Proteobacteria	Gammaproteobacteria	Burkholderiales	Nitrosomonadaceae	mle1-7	Unclassified	0.949019095
cc1d06b79ef91009d3a3ba469aadf563	Bacteria	Proteobacteria	Gammaproteobacteria	Burkholderiales	NA	Unclassified	Unclassified	0.999059768
e7fb4b1c781cc43fd22201646fefa82a	Bacteria	Proteobacteria	Gammaproteobacteria	Burkholderiales	SC-I-84	SC-I-84	Unclassified	0.991061521
910a642bb212fd66073e908c73cb8329	Bacteria	Proteobacteria	Gammaproteobacteria	Burkholderiales	SC-I-84	SC-I-84	Unclassified	0.995113237
7ce35ec50eb6bea232a59f530faaef1b	Bacteria	Proteobacteria	Gammaproteobacteria	Burkholderiales	SC-I-84	SC-I-84	Unclassified	0.993010546
b596f16a1aa7e06662d22655d3c30f79	Bacteria	Proteobacteria	Gammaproteobacteria	Burkholderiales	SC-I-84	SC-I-84	Unclassified	0.995104561
3d00450e75d4eda5e4c72323eeb5f90f	Bacteria	Proteobacteria	Gammaproteobacteria	Burkholderiales	Rhodocyclaceae	Thauera	Unclassified	0.988495728
f981e60d5840eaf9a6248ebfee376907	Bacteria	Proteobacteria	Gammaproteobacteria	Burkholderiales	Rhodocyclaceae	Thauera	Unclassified	0.999976322
d2c4869f09d44336d7fb46613a6b929c	Bacteria	Proteobacteria	Gammaproteobacteria	Burkholderiales	Rhodocyclaceae	Azoarcus	uncultured_bacterium	0.753067332
8acd3bed7488350b3d65db4261c297b1	Bacteria	Proteobacteria	Gammaproteobacteria	Burkholderiales	Rhodocyclaceae	Azoarcus	uncultured_bacterium	0.836976836
b542f1c21fce9c48f3598cb34f49348d	Bacteria	Proteobacteria	Gammaproteobacteria	Burkholderiales	Rhodocyclaceae	Azoarcus	Unclassified	0.969093018
40efd94f32bceb1da01ff26914aca751	Bacteria	Proteobacteria	Gammaproteobacteria	Burkholderiales	Rhodocyclaceae	Azoarcus	Unclassified	0.990018993
07527f18398ad2272b8551ed386eb614	Bacteria	Proteobacteria	Gammaproteobacteria	Burkholderiales	Rhodocyclaceae	Azoarcus	Unclassified	0.967248642
9df2cb4704736d3c1015e7c7ba78091b	Bacteria	Proteobacteria	Gammaproteobacteria	Burkholderiales	Sutterellaceae	Unclassified	uncultured_bacterium	0.738042583
0a038090f9ca95340c35df6fca239fb6	Bacteria	Proteobacteria	Gammaproteobacteria	Burkholderiales	Sutterellaceae	Unclassified	Unclassified	0.982122134
5d4dec805e7105820ddb0aafb4a1f4a7	Bacteria	Proteobacteria	Gammaproteobacteria	Burkholderiales	Sutterellaceae	Unclassified	Unclassified	0.989553516
126ffc3ae80d8237bccdf56e44714422	Bacteria	Proteobacteria	Gammaproteobacteria	Burkholderiales	Oxalobacteraceae	Unclassified	Unclassified	0.917282787
c0f4fcbab0f04ea87961273bce1a6be4	Bacteria	Proteobacteria	Gammaproteobacteria	Burkholderiales	Rhodocyclaceae	Uliginosibacterium	uncultured_bacterium	0.740232084
96953d77540c1de9132304b7a759183a	Bacteria	Proteobacteria	Gammaproteobacteria	Burkholderiales	NA	Unclassified	Unclassified	0.993572304
ef18a5da9850a30ff7d67a20f578c51c	Bacteria	Proteobacteria	Gammaproteobacteria	Xanthomonadales	Rhodanobacteraceae	Ahniella	metagenome	0.983126341
006c3c6c8606cb2d9c61c8d41dc0cc02	Bacteria	Proteobacteria	Gammaproteobacteria	Xanthomonadales	Rhodanobacteraceae	Ahniella	metagenome	0.91046195
a54efe10338eff80aacf3309ac60b81f	Bacteria	Proteobacteria	Gammaproteobacteria	Xanthomonadales	Rhodanobacteraceae	Ahniella	metagenome	0.968455357
732e2aeac5d69f1bca088bc2f719fe9f	Bacteria	Proteobacteria	Gammaproteobacteria	Xanthomonadales	Rhodanobacteraceae	Ahniella	metagenome	0.938417185
5cae291df7d9fc66885a6fd8b647fe16	Bacteria	Proteobacteria	Gammaproteobacteria	Xanthomonadales	Rhodanobacteraceae	Ahniella	Unclassified	0.834318948
77098a6032ccdfbba19dca6c317f86fa	Bacteria	Proteobacteria	Gammaproteobacteria	Xanthomonadales	Rhodanobacteraceae	Ahniella	uncultured_gamma	0.74378045
3831e3552be97fb5c8580ab90d8b61d8	Bacteria	Proteobacteria	Gammaproteobacteria	Xanthomonadales	Rhodanobacteraceae	Ahniella	Unclassified	0.985937781
ede63b3153aa769f69ade330c1e66386	Bacteria	Proteobacteria	Gammaproteobacteria	Burkholderiales	SC-I-84	SC-I-84	Unclassified	0.999049019
b38c26e9d3fadc0f09407bd4a8e4ab3a	Bacteria	Proteobacteria	Gammaproteobacteria	Burkholderiales	SC-I-84	SC-I-84	Unclassified	0.998703142
437917a0b1fbace12d08e0784419d5c2	Bacteria	Proteobacteria	Gammaproteobacteria	Burkholderiales	SC-I-84	SC-I-84	beta_proteobacterium	0.87948765
15f64beda52b3a567b828fdf5774302d	Bacteria	Proteobacteria	Gammaproteobacteria	Burkholderiales	SC-I-84	SC-I-84	Unclassified	0.99869898
997582db9d38a36c9efe9f789f49457e	Bacteria	Proteobacteria	Gammaproteobacteria	Burkholderiales	SC-I-84	SC-I-84	Unclassified	0.998209681
5fbace87cbd230e1d59aacda490842ee	Bacteria	Proteobacteria	Gammaproteobacteria	Burkholderiales	SC-I-84	SC-I-84	beta_proteobacterium	0.714072397
1734b00aed62fe9eac705120274a2872	Bacteria	Proteobacteria	Gammaproteobacteria	Burkholderiales	SC-I-84	SC-I-84	Unclassified	0.996694366
2414a72d49a63804dc7594ca71426189	Bacteria	Proteobacteria	Gammaproteobacteria	Burkholderiales	Comamonadaceae	Unclassified	Unclassified	0.988626429
7ed99c17fe94864590ad9eadb1832972	Bacteria	Proteobacteria	Gammaproteobacteria	Burkholderiales	Comamonadaceae	Unclassified	Unclassified	0.995022979
4ffd85a565d82101d8da0e6bf3c1b3a6	Bacteria	Proteobacteria	Gammaproteobacteria	Burkholderiales	Nitrosomonadaceae	mle1-7	Unclassified	0.990447176
4b76794ab47bdc9ff30a91b1bf05e3c3	Bacteria	Proteobacteria	Gammaproteobacteria	Burkholderiales	Nitrosomonadaceae	Ellin6067	Unclassified	0.999713532
63d1cfc4909523c86d7c86ef5b54c615	Bacteria	Proteobacteria	Gammaproteobacteria	Burkholderiales	Nitrosomonadaceae	Ellin6067	Unclassified	0.999584328
be51026a3a428db0129803226fa8eb6b	Bacteria	Proteobacteria	Gammaproteobacteria	Burkholderiales	Nitrosomonadaceae	Ellin6067	Unclassified	0.999825979
7c9a8023201ec9bd81c80f93649e4923	Bacteria	Proteobacteria	Gammaproteobacteria	Burkholderiales	Nitrosomonadaceae	Ellin6067	Unclassified	0.999740797
8b6dede18896b97c9f1b3656d6963032	Bacteria	Proteobacteria	Gammaproteobacteria	Burkholderiales	Nitrosomonadaceae	Ellin6067	Unclassified	0.999874522
8c67fde2feecca6829280dedc4e79581	Bacteria	Proteobacteria	Gammaproteobacteria	Burkholderiales	Nitrosomonadaceae	Ellin6067	Unclassified	0.999826847
fd0ec78553360ea4be2079e969be329e	Bacteria	Proteobacteria	Gammaproteobacteria	Burkholderiales	Nitrosomonadaceae	Ellin6067	Unclassified	0.999759506
7f9e8f952dbd7df8b017607e01169924	Bacteria	Proteobacteria	Gammaproteobacteria	Burkholderiales	Nitrosomonadaceae	Ellin6067	Unclassified	0.999841466
d6aa252e8b8b470b06c82e1a5710381e	Bacteria	Proteobacteria	Gammaproteobacteria	Burkholderiales	Nitrosomonadaceae	Ellin6067	Unclassified	0.999658342
ab366280469618671b18f9588ecd07e4	Bacteria	Proteobacteria	Gammaproteobacteria	Burkholderiales	Nitrosomonadaceae	Ellin6067	Unclassified	0.999756644
e5bcf48dd86c678b78fe9301ad906e6e	Bacteria	Proteobacteria	Gammaproteobacteria	Burkholderiales	Nitrosomonadaceae	Ellin6067	uncultured_soil	0.740214331
18c767cb163fc8ffbf3a72b70a4f2c60	Bacteria	Proteobacteria	Gammaproteobacteria	Burkholderiales	Nitrosomonadaceae	Ellin6067	uncultured_soil	0.854656026
034e792b6e7651b2a13a71578667e771	Bacteria	Proteobacteria	Gammaproteobacteria	Burkholderiales	Nitrosomonadaceae	Ellin6067	Unclassified	0.999578538
196be3b3997c6a6defc6e7738eda52df	Bacteria	Proteobacteria	Gammaproteobacteria	Burkholderiales	Nitrosomonadaceae	Ellin6067	Unclassified	0.999815562
65357602339bd72f5e1133c9f1f9cd78	Bacteria	Proteobacteria	Gammaproteobacteria	Burkholderiales	Neisseriaceae	Neisseria	Unclassified	0.998340134
80ef8be8336770f4469bd4ad3079fbcf	Bacteria	Proteobacteria	Gammaproteobacteria	Burkholderiales	Methylophilaceae	Unclassified	metagenome	0.844144885
4df21dcd76555d1313529fe4fe29698f	Bacteria	Chloroflexi	Ktedonobacteria	C0119	C0119	C0119	Unclassified	0.741014125
e08dcad4fc3ff5c4de308765de6867db	Bacteria	Proteobacteria	Gammaproteobacteria	Burkholderiales	Oxalobacteraceae	Herminiimonas	Unclassified	0.932277643
5a092c49cf989af36a68efd802baae04	Bacteria	Proteobacteria	Gammaproteobacteria	Burkholderiales	Oxalobacteraceae	Herminiimonas	uncultured_Herminiimonas	0.828103224
3178107b916e38043f99efa55f7647e0	Bacteria	Proteobacteria	Gammaproteobacteria	Burkholderiales	Oxalobacteraceae	Herminiimonas	uncultured_Herminiimonas	0.866297726
81697aafb6eb1499e387fafdb82f7a21	Bacteria	Proteobacteria	Gammaproteobacteria	Burkholderiales	Burkholderiaceae	Lautropia	Unclassified	0.848241323
fcc42414084087d57bf1d46ebdf822e6	Bacteria	Proteobacteria	Gammaproteobacteria	Burkholderiales	Burkholderiaceae	Lautropia	Unclassified	0.888890158
7e408905e57834301bf4163f6aeb0576	Bacteria	Proteobacteria	Gammaproteobacteria	Burkholderiales	Burkholderiaceae	Lautropia	Unclassified	0.881258795
dd8f0f79e58fae9971371ddac352f3af	Bacteria	Chloroflexi	TK10	TK10	TK10	TK10	Unclassified	0.868660373
a4fd910e986a2a9e496f1d82d9c0323a	Bacteria	Proteobacteria	Gammaproteobacteria	Burkholderiales	Oxalobacteraceae	Unclassified	Unclassified	0.99891632
0bc8455437f1b6fd7849cede59a05588	Bacteria	Proteobacteria	Gammaproteobacteria	Burkholderiales	Oxalobacteraceae	Unclassified	Unclassified	0.998658513
2be06d14d7949c38ced9fe2ca4db0e40	Bacteria	Proteobacteria	Gammaproteobacteria	Burkholderiales	Oxalobacteraceae	Unclassified	Unclassified	0.997565638
b71a6309d5a1849117d2e8e4780709c9	Bacteria	Proteobacteria	Gammaproteobacteria	Burkholderiales	Oxalobacteraceae	Unclassified	Unclassified	0.99868107
ea9db3faad156d940c2812cb2b517b78	Bacteria	Proteobacteria	Gammaproteobacteria	Burkholderiales	Oxalobacteraceae	Unclassified	Unclassified	0.999235409
b137bb336127e620fa8003c6df0a88d3	Bacteria	Proteobacteria	Gammaproteobacteria	Burkholderiales	Oxalobacteraceae	Unclassified	Unclassified	0.998636522
5fe08fd2bb6cdaa0d98598f47009cd56	Bacteria	Proteobacteria	Gammaproteobacteria	Burkholderiales	Oxalobacteraceae	Unclassified	Unclassified	0.999569156
1595c64e1aed7a5ccdfff6c7fb1f0327	Bacteria	Proteobacteria	Gammaproteobacteria	Burkholderiales	Oxalobacteraceae	Unclassified	Unclassified	0.991329747
7a509e8309800a5d278c86ee211fa39d	Bacteria	Proteobacteria	Gammaproteobacteria	Burkholderiales	Oxalobacteraceae	Unclassified	Unclassified	0.999690757
8d83a284d1ad5518c79cbb7754c803c5	Bacteria	Proteobacteria	Gammaproteobacteria	Burkholderiales	Oxalobacteraceae	Unclassified	Unclassified	0.999747061
29ee0a040fc11e0787befc9bb5bfaada	Bacteria	Proteobacteria	Gammaproteobacteria	Burkholderiales	Oxalobacteraceae	Unclassified	Unclassified	0.999745402
c4ceaddd4e1d0e0acdba43b9c0abcacd	Bacteria	Proteobacteria	Gammaproteobacteria	Burkholderiales	Oxalobacteraceae	Unclassified	Unclassified	0.999416836
261f64630acb4c6a47c4e92e0de304b3	Bacteria	Proteobacteria	Gammaproteobacteria	Burkholderiales	Oxalobacteraceae	Unclassified	Unclassified	0.998815563
85cfd5be7380cb544f0d12e10803ac3f	Bacteria	Proteobacteria	Gammaproteobacteria	Burkholderiales	Oxalobacteraceae	Unclassified	Unclassified	0.999038557
040faef6425268290aa9a0607ed54655	Bacteria	Proteobacteria	Gammaproteobacteria	Burkholderiales	Oxalobacteraceae	Unclassified	Unclassified	0.999483795
388b5a5b9c9b9a93214b8634f8c40f7c	Bacteria	Proteobacteria	Gammaproteobacteria	Burkholderiales	Oxalobacteraceae	Unclassified	Unclassified	0.999518728
29602a952f202cdda40c139f6727a72e	Bacteria	Proteobacteria	Gammaproteobacteria	Burkholderiales	Oxalobacteraceae	Unclassified	Unclassified	0.999630946
78f0769f1bb95d53b435f7d76c288de9	Bacteria	Proteobacteria	Gammaproteobacteria	Burkholderiales	Oxalobacteraceae	Unclassified	Unclassified	0.995493558
a734b677bee1e1a88f9d06fe2ebf2762	Bacteria	Proteobacteria	Gammaproteobacteria	Burkholderiales	Oxalobacteraceae	Unclassified	Unclassified	0.997675586
590cc7ff9fddac0304ce227733e5ffa3	Bacteria	Proteobacteria	Gammaproteobacteria	Burkholderiales	Oxalobacteraceae	Unclassified	Unclassified	0.999255047
be2b9ea337d3b6530e59e28d2694a106	Bacteria	Proteobacteria	Gammaproteobacteria	Burkholderiales	Oxalobacteraceae	Unclassified	Unclassified	0.997812091
a8be929b675b9b01542dba8797e95cf3	Bacteria	Proteobacteria	Gammaproteobacteria	Burkholderiales	Oxalobacteraceae	Unclassified	Unclassified	0.999471128
c8c79a2c78ddfc1d0b88d6d49db525ea	Bacteria	Proteobacteria	Gammaproteobacteria	Burkholderiales	Oxalobacteraceae	Oxalicibacterium	Unclassified	0.70002033
cc75ddc62fca9a0f7d8ee30761234f6b	Bacteria	Proteobacteria	Gammaproteobacteria	Burkholderiales	Oxalobacteraceae	Unclassified	Unclassified	0.999504525
9f85ef4d69532eb1f3476b24cc404a7c	Bacteria	Proteobacteria	Gammaproteobacteria	Burkholderiales	Oxalobacteraceae	Unclassified	Unclassified	0.998837255
98ae2b83f80886b43ce34609b4de2de3	Bacteria	Proteobacteria	Gammaproteobacteria	Burkholderiales	Oxalobacteraceae	Massilia	Unclassified	0.886848634
21fdd46b9c73bdf533a1fa42daff72c7	Bacteria	Proteobacteria	Gammaproteobacteria	Burkholderiales	Oxalobacteraceae	Massilia	Unclassified	0.953685961
6421ca90b652829859ea656e5a1764f5	Bacteria	Proteobacteria	Gammaproteobacteria	Burkholderiales	Oxalobacteraceae	Massilia	Unclassified	0.97063405
81bbd7d0811e33eb0dcbee481689f882	Bacteria	Proteobacteria	Gammaproteobacteria	Burkholderiales	Oxalobacteraceae	Massilia	Unclassified	0.857809839
5b13a334b4afa15a8d32439c8f41ef88	Bacteria	Proteobacteria	Gammaproteobacteria	Burkholderiales	Oxalobacteraceae	Massilia	Unclassified	0.909844588
97df4d12678497e7ba15f01a9c72931e	Bacteria	Proteobacteria	Gammaproteobacteria	Burkholderiales	Oxalobacteraceae	Unclassified	Unclassified	0.996843549
7176ad3eeb1df1dc06ecd59477cc3ca7	Bacteria	Proteobacteria	Gammaproteobacteria	Burkholderiales	Oxalobacteraceae	Massilia	Unclassified	0.98147771
ee48dc29e063704668b6064bb38a0ac0	Bacteria	Proteobacteria	Gammaproteobacteria	Burkholderiales	Oxalobacteraceae	Massilia	Unclassified	0.981263851
80ba8bfd1f1891ae4a623d0ff13f29f4	Bacteria	Proteobacteria	Gammaproteobacteria	Burkholderiales	Oxalobacteraceae	Massilia	Unclassified	0.897047009
41876d9cfb266d7807a7949f93f842e7	Bacteria	Proteobacteria	Gammaproteobacteria	Burkholderiales	Oxalobacteraceae	Unclassified	Unclassified	0.990514778
8db1b40f6eef0643a77ea60279d79efc	Bacteria	Proteobacteria	Gammaproteobacteria	Burkholderiales	Oxalobacteraceae	Unclassified	Unclassified	0.998031892
8e3cf397f0fafff51e4e14a99325677f	Bacteria	Proteobacteria	Gammaproteobacteria	Burkholderiales	Oxalobacteraceae	Unclassified	Unclassified	0.998271476
372761d336e2071be7fcf9328ec1f597	Bacteria	Proteobacteria	Gammaproteobacteria	Burkholderiales	Oxalobacteraceae	Unclassified	Unclassified	0.997472542
4099d99f863fc69680b0a06cb86ea77c	Bacteria	Proteobacteria	Gammaproteobacteria	Burkholderiales	Oxalobacteraceae	Massilia	Unclassified	0.757277142
1fe66c67b956e19565c152d26b83ce73	Bacteria	Proteobacteria	Gammaproteobacteria	Burkholderiales	Oxalobacteraceae	Massilia	Unclassified	0.962651439
3e6dd2b7ef70d7e5591d2ce9e6c23e89	Bacteria	Proteobacteria	Gammaproteobacteria	Burkholderiales	Oxalobacteraceae	Massilia	Unclassified	0.969853904
13232c9cfb17ff1a9dcd11cf7a8070dc	Bacteria	Proteobacteria	Gammaproteobacteria	Burkholderiales	Oxalobacteraceae	Massilia	Unclassified	0.913604713
3ccf6893a7f25f5f9652bb3f31435784	Bacteria	Proteobacteria	Gammaproteobacteria	Burkholderiales	Oxalobacteraceae	Massilia	Unclassified	0.780420077
80a3e6454631ff636318e6630765d85f	Bacteria	Proteobacteria	Gammaproteobacteria	Burkholderiales	Oxalobacteraceae	Massilia	Unclassified	0.741683269
2fc69d1dba4f996fbea5716bf7980a48	Bacteria	Proteobacteria	Gammaproteobacteria	Burkholderiales	Oxalobacteraceae	Massilia	Unclassified	0.702809592
7423fdffd0b81d0ca714120f91ba4217	Bacteria	Proteobacteria	Gammaproteobacteria	Burkholderiales	Oxalobacteraceae	Unclassified	Unclassified	0.995619309
4d6b9706022bb99fd8d4fa8a8100ae9b	Bacteria	Proteobacteria	Gammaproteobacteria	Burkholderiales	Oxalobacteraceae	Massilia	Unclassified	0.717610783
981059ed4ca04b00c669417ab1606665	Bacteria	Proteobacteria	Gammaproteobacteria	Burkholderiales	Oxalobacteraceae	Unclassified	Unclassified	0.999051546
0f450ae6e898ddc1ea5a57cce0a99602	Bacteria	Proteobacteria	Gammaproteobacteria	Burkholderiales	Oxalobacteraceae	Unclassified	Unclassified	0.999461091
00848d2fd078491cc855ee5a25452eeb	Bacteria	Proteobacteria	Gammaproteobacteria	Burkholderiales	Oxalobacteraceae	Unclassified	Unclassified	0.999418317
37a18121fa5d96cca4df79ded22fd191	Bacteria	Proteobacteria	Gammaproteobacteria	Burkholderiales	Oxalobacteraceae	Duganella	Unclassified	0.857572015
1ba674201eebd8cc97198607e928b922	Bacteria	Proteobacteria	Gammaproteobacteria	Burkholderiales	Oxalobacteraceae	Unclassified	Unclassified	0.999228904
60e038e4387dbcd1d38e0bd2d4e91ba7	Bacteria	Proteobacteria	Gammaproteobacteria	Burkholderiales	Oxalobacteraceae	Massilia	Unclassified	0.98406391
ae9b3a56a4858cfb2ab36fcdb2ce1768	Bacteria	Proteobacteria	Gammaproteobacteria	Burkholderiales	Oxalobacteraceae	Massilia	Massilia_aurea	0.71748347
b786f0b328bf37a9db9d26dc8e93d700	Bacteria	Proteobacteria	Gammaproteobacteria	Burkholderiales	Oxalobacteraceae	Massilia	Unclassified	0.876413561
1895c6f7b1f54a14fbe057977ad84cc4	Bacteria	Proteobacteria	Gammaproteobacteria	Burkholderiales	Oxalobacteraceae	Massilia	Unclassified	0.947942322
eb5098c49d0d2e2a33a9322c55dc8deb	Bacteria	Proteobacteria	Gammaproteobacteria	Burkholderiales	Oxalobacteraceae	Massilia	Unclassified	0.992969539
57f41470e4b1f943283547563fafd901	Bacteria	Proteobacteria	Gammaproteobacteria	Burkholderiales	Oxalobacteraceae	Massilia	Unclassified	0.988101359
726d0ec964ed675976f52c2c203b88af	Bacteria	Proteobacteria	Gammaproteobacteria	Burkholderiales	Oxalobacteraceae	Massilia	Unclassified	0.986803567
0da31eb91bad05f0233cccc76a2ad4a0	Bacteria	Proteobacteria	Gammaproteobacteria	Burkholderiales	Oxalobacteraceae	Massilia	Unclassified	0.969993643
ff7838dd464fa41cf13132fbb8b5f42f	Bacteria	Proteobacteria	Gammaproteobacteria	Burkholderiales	Oxalobacteraceae	Massilia	Unclassified	0.972202968
25490ea6ab3ed961f53d0ffa570cbe4a	Bacteria	Proteobacteria	Gammaproteobacteria	Burkholderiales	Oxalobacteraceae	Massilia	Unclassified	0.977129091
26708a50de87bf5207f30dd08748675d	Bacteria	Proteobacteria	Gammaproteobacteria	Burkholderiales	Oxalobacteraceae	Massilia	Unclassified	0.947208625
1ed727e4a9bac264a572b8abadde4c95	Bacteria	Proteobacteria	Gammaproteobacteria	Burkholderiales	Oxalobacteraceae	Massilia	Unclassified	0.949256365
3021d61744b974f030b80fd535258be7	Bacteria	Proteobacteria	Gammaproteobacteria	Burkholderiales	Oxalobacteraceae	Massilia	Unclassified	0.775228814
33e9a537fd4487cf9eca47244e223d27	Bacteria	Proteobacteria	Gammaproteobacteria	Burkholderiales	Oxalobacteraceae	Massilia	Unclassified	0.829407999
6baccd8f0bc1faa03a894b810ea0dea0	Bacteria	Proteobacteria	Gammaproteobacteria	Burkholderiales	Oxalobacteraceae	Massilia	Unclassified	0.788580916
6834196bcb051acf60be90b210d9c99b	Bacteria	Proteobacteria	Gammaproteobacteria	Burkholderiales	Oxalobacteraceae	Massilia	Unclassified	0.828285702
280c3a85a7a26fa206b7fe5985df3495	Bacteria	Proteobacteria	Gammaproteobacteria	Burkholderiales	Oxalobacteraceae	Massilia	Unclassified	0.802477542
691e093dcccde7505f8adefe4b0351db	Bacteria	Proteobacteria	Gammaproteobacteria	Burkholderiales	Oxalobacteraceae	Massilia	Unclassified	0.991603146
48282b609d0d56fe5735fcda6bc63d96	Bacteria	Proteobacteria	Gammaproteobacteria	Burkholderiales	Oxalobacteraceae	Massilia	Unclassified	0.994505922
3d5dd52d0f48bddfc77f48d0e5c69955	Bacteria	Proteobacteria	Gammaproteobacteria	Burkholderiales	Oxalobacteraceae	Massilia	Unclassified	0.987869199
65cb3fe2ba22bd0251cecf2e1117c888	Bacteria	Proteobacteria	Gammaproteobacteria	Burkholderiales	Oxalobacteraceae	Massilia	Unclassified	0.991825976
21a0410f6de8cf111097a98d7fa58ab2	Bacteria	Proteobacteria	Gammaproteobacteria	Burkholderiales	Oxalobacteraceae	Massilia	Unclassified	0.755459563
f97a07ffa90a34ab5379344c79099d0d	Bacteria	Proteobacteria	Gammaproteobacteria	Burkholderiales	Oxalobacteraceae	Massilia	Unclassified	0.970562193
8553cb9eefc956b953b83b4a5a5c595b	Bacteria	Proteobacteria	Gammaproteobacteria	Burkholderiales	Oxalobacteraceae	Massilia	Unclassified	0.968836736
0d67577eb87e73dce5c6d2504b19f666	Bacteria	NA	NA	NA	NA	Unclassified	Unclassified	0.999999955
dc288b0a33b33e30ca7ff7edcec3a65e	Bacteria	Proteobacteria	Gammaproteobacteria	Burkholderiales	Methylophilaceae	Unclassified	Unclassified	0.999978758
723b7557e08ca58bd4ef0fb868a88a44	Bacteria	Proteobacteria	Gammaproteobacteria	Burkholderiales	Methylophilaceae	Unclassified	Unclassified	0.999958453
b4e934aca986c1c6106b3068fe9a82f4	Bacteria	Proteobacteria	Gammaproteobacteria	Burkholderiales	Methylophilaceae	Unclassified	Unclassified	0.999963701
3381ed4dbdf063927cf3df34640bb5b0	Bacteria	Proteobacteria	Gammaproteobacteria	Burkholderiales	Methylophilaceae	Unclassified	metagenome	0.863323005
5ed4c98698269b1dfb6291fdee683506	Bacteria	Proteobacteria	Gammaproteobacteria	Burkholderiales	Methylophilaceae	Unclassified	Unclassified	0.999526027
e16801c5609fd92efcfc1962464be31d	Bacteria	Proteobacteria	Gammaproteobacteria	Burkholderiales	Oxalobacteraceae	Unclassified	Unclassified	0.995018202
4e14d099c7b9b93b332e0278cbd8ac6c	Bacteria	Proteobacteria	Gammaproteobacteria	Burkholderiales	Oxalobacteraceae	Unclassified	Unclassified	0.991299343
302638a26a3ac3d0016d318b17686148	Bacteria	Proteobacteria	Gammaproteobacteria	Burkholderiales	Oxalobacteraceae	Unclassified	Unclassified	0.990869614
5a1e4596f4f821afb480853a576a6f6d	Bacteria	Proteobacteria	Gammaproteobacteria	Burkholderiales	Oxalobacteraceae	Unclassified	Unclassified	0.993250983
995a6feb34999c657d54799fae72c6fc	Bacteria	Proteobacteria	Gammaproteobacteria	Burkholderiales	Oxalobacteraceae	Unclassified	Unclassified	0.998866441
173a7b025d3ad655e131c61fa5ffbce9	Bacteria	Proteobacteria	Gammaproteobacteria	Burkholderiales	Oxalobacteraceae	Unclassified	Unclassified	0.996713949
b39d6bfc7ac0697fbef7659418a776f3	Bacteria	Proteobacteria	Gammaproteobacteria	Burkholderiales	Oxalobacteraceae	Unclassified	Unclassified	0.998215741
18eae4394c0f58252fa7682da94cbc51	Bacteria	Proteobacteria	Gammaproteobacteria	Burkholderiales	Oxalobacteraceae	Unclassified	Unclassified	0.997286756
e83b44bbf9cd71b18534a5450dbaa24d	Bacteria	Proteobacteria	Gammaproteobacteria	Burkholderiales	Oxalobacteraceae	Herminiimonas	Unclassified	0.700887263
bdf3dd605cd7a9c4bd389bd3bf48e2f0	Bacteria	Proteobacteria	Gammaproteobacteria	Burkholderiales	Oxalobacteraceae	Unclassified	Unclassified	0.99753315
6f08d364f81303bb4b59cfd2dab06671	Bacteria	Proteobacteria	Gammaproteobacteria	Burkholderiales	Oxalobacteraceae	Massilia	Unclassified	0.893786552
448b73f680359e1598dba8d9d9568605	Bacteria	Proteobacteria	Gammaproteobacteria	Burkholderiales	Oxalobacteraceae	Massilia	Unclassified	0.865982579
25351c2eaf90b66c311ff38d54f8ba79	Bacteria	Proteobacteria	Gammaproteobacteria	Burkholderiales	Oxalobacteraceae	Massilia	Unclassified	0.863647642
98f46a8523f5725690508a280c39ad65	Bacteria	Proteobacteria	Gammaproteobacteria	Burkholderiales	Oxalobacteraceae	Unclassified	Unclassified	0.996424183
c7c3f141b49d202d0942dc3b0d1aade6	Bacteria	Proteobacteria	Gammaproteobacteria	Burkholderiales	Oxalobacteraceae	Massilia	Massilia_albidiflava	0.78369121
d6395688e30fb80c86054ed17a978cbe	Bacteria	Proteobacteria	Gammaproteobacteria	Burkholderiales	Oxalobacteraceae	Massilia	Unclassified	0.941539782
bfbdaf635c2433ec4a74c92af6423da6	Bacteria	Proteobacteria	Gammaproteobacteria	Burkholderiales	Oxalobacteraceae	Massilia	Unclassified	0.954732405
f24c14eb1616069b6af3b71137687864	Bacteria	Proteobacteria	Gammaproteobacteria	Burkholderiales	Oxalobacteraceae	Massilia	Unclassified	0.950083002
30e3d5fee49f060fd1cbfde2ad50bf81	Bacteria	Proteobacteria	Gammaproteobacteria	Burkholderiales	Methylophilaceae	Methylophilus	Unclassified	0.958221609
b956c53b02c08a977e225b2eaf85001e	Bacteria	Proteobacteria	Gammaproteobacteria	Burkholderiales	Methylophilaceae	Unclassified	Unclassified	0.999924702
a75d91a4b007e54e7bf803e04eea4349	Bacteria	Proteobacteria	Gammaproteobacteria	Burkholderiales	Methylophilaceae	Unclassified	Unclassified	0.999890519
8d64282e5c4418b646805438738a18ce	Bacteria	Proteobacteria	Gammaproteobacteria	Burkholderiales	Methylophilaceae	Methylotenera	Unclassified	0.876486455
3a9e23eba0daaf4bce437f07a734121c	Bacteria	Proteobacteria	Gammaproteobacteria	Burkholderiales	Methylophilaceae	Unclassified	Unclassified	0.999989228
710c5a9ccf83bae36202d9f7dd541a19	Bacteria	Proteobacteria	Gammaproteobacteria	Burkholderiales	Methylophilaceae	Methylotenera	Unclassified	0.916651386
29d93899a20dcfc406c9a22681e8b2cf	Bacteria	Proteobacteria	Gammaproteobacteria	Burkholderiales	Methylophilaceae	Methylotenera	Unclassified	0.940826261
d9e9c507c752d5f82abbc959fae21ccb	Bacteria	Proteobacteria	Gammaproteobacteria	Burkholderiales	Methylophilaceae	Unclassified	Unclassified	0.999984363
ddd3661f8aedf55659fefd9501aa8f44	Bacteria	Proteobacteria	Gammaproteobacteria	Burkholderiales	Methylophilaceae	Unclassified	Unclassified	0.999992402
40470df977f8a0c63018be06377a0b46	Bacteria	Proteobacteria	Gammaproteobacteria	Burkholderiales	Neisseriaceae	Unclassified	Unclassified	0.999982649
70c2eb5fbe1a6eea8a21ec84447e745b	Bacteria	Proteobacteria	Gammaproteobacteria	Burkholderiales	Neisseriaceae	Unclassified	Unclassified	0.999798174
297da18d0eb4dcf59e9cbf7f3c8e9868	Bacteria	Proteobacteria	Gammaproteobacteria	Burkholderiales	Neisseriaceae	Unclassified	Unclassified	0.996824965
0b399f4b9a48aeff1e43c255180218c1	Bacteria	Proteobacteria	Gammaproteobacteria	Burkholderiales	Neisseriaceae	Unclassified	Unclassified	0.99994208
c1d5ba0a68aa1d56264710d3e22daa81	Bacteria	Proteobacteria	Gammaproteobacteria	Burkholderiales	Neisseriaceae	Unclassified	Unclassified	0.999940623
ca7d1fd86bd53677a1b91e9ee1ff1b1d	Bacteria	Proteobacteria	Gammaproteobacteria	Burkholderiales	Neisseriaceae	Unclassified	Unclassified	0.999972578
dfad0c782c9d0250f39e1bb7ab11a903	Bacteria	Proteobacteria	Alphaproteobacteria	Tistrellales	Geminicoccaceae	Arboricoccus	uncultured_bacterium	0.888389447
def76ca66a3a2d79b2739f179f4c584f	Bacteria	Proteobacteria	Alphaproteobacteria	Tistrellales	Geminicoccaceae	Unclassified	uncultured_bacterium	0.827704298
232a5ba31fcd500e97e729d0a86d354d	Bacteria	Proteobacteria	Alphaproteobacteria	Tistrellales	Geminicoccaceae	Unclassified	Unclassified	0.998077207
88dfb693ff85113d59467fff3d626fab	Bacteria	Proteobacteria	Alphaproteobacteria	Tistrellales	Geminicoccaceae	Unclassified	Unclassified	0.997925908
70e8d489bd5e3bf31537c29f7abf6f96	Bacteria	Proteobacteria	Alphaproteobacteria	Tistrellales	Geminicoccaceae	Unclassified	Unclassified	0.987877685
f502e803dff40ac7c0406176be189205	Bacteria	Proteobacteria	Alphaproteobacteria	Tistrellales	Geminicoccaceae	Unclassified	uncultured_bacterium	0.796019999
8aea4ebcc6bc02b642cf760351603d00	Bacteria	Proteobacteria	Alphaproteobacteria	Tistrellales	Geminicoccaceae	Unclassified	uncultured_bacterium	0.743303837
a86a00b1e0903c9420c92dbe0bff5f62	Bacteria	Proteobacteria	Alphaproteobacteria	Tistrellales	Geminicoccaceae	Unclassified	Unclassified	0.980131244
f4f2af1ceb8ac1ea605d7d0cdf743ade	Bacteria	Proteobacteria	Alphaproteobacteria	Tistrellales	Geminicoccaceae	Unclassified	uncultured_bacterium	0.823296732
e598bb47dece7cc70d336c715393666f	Bacteria	Proteobacteria	Alphaproteobacteria	Tistrellales	Geminicoccaceae	Unclassified	uncultured_bacterium	0.852692697
cf046455a07bffef6fee3477e8137694	Bacteria	Proteobacteria	Alphaproteobacteria	Tistrellales	Geminicoccaceae	Unclassified	uncultured_bacterium	0.99584249
6faf00eb7c597ffb3b2a3398b97e302f	Bacteria	Proteobacteria	Alphaproteobacteria	Tistrellales	Geminicoccaceae	Candidatus_Alysiosphaera	uncultured_bacterium	0.969036131
09b399b968d2f882c73eee970ff87df5	Bacteria	Proteobacteria	Gammaproteobacteria	Burkholderiales	Oxalobacteraceae	Unclassified	Unclassified	0.900333145
d87beeaf840a2b2950fb354d57983f30	Bacteria	Proteobacteria	Alphaproteobacteria	Rhodospirillales	uncultured	Unclassified	metagenome	0.74500776
23944d8c53f703d0ed82aa1feab64958	Bacteria	Proteobacteria	Alphaproteobacteria	Rhodospirillales	uncultured	Unclassified	Unclassified	0.915478842
a5f2e97a624d0f219e2af57f273f0989	Bacteria	Proteobacteria	Alphaproteobacteria	Tistrellales	Geminicoccaceae	Geminicoccus	uncultured_bacterium	0.954077342
029559b5264012a0a762860a275a511f	Bacteria	Proteobacteria	Alphaproteobacteria	Tistrellales	Geminicoccaceae	Geminicoccus	uncultured_bacterium	0.94836776
2a0052015447ff56d789f16f6245adc2	Bacteria	Proteobacteria	Alphaproteobacteria	Tistrellales	Geminicoccaceae	Geminicoccus	Unclassified	0.999729646
94c490cd33dfa6086bce1246838fb7fe	Bacteria	Chloroflexi	Anaerolineae	Ardenticatenales	Ardenticatenaceae	Unclassified	uncultured_bacterium	0.934442967
d032e9c1286f51eec40e336851e42500	Bacteria	Proteobacteria	Alphaproteobacteria	Rhodospirillales	uncultured	Unclassified	Unclassified	0.792307303
65e1dd09d468f5741eb23e1a89352eaf	Bacteria	Proteobacteria	Alphaproteobacteria	Rhodospirillales	uncultured	Unclassified	Unclassified	0.824847269
e3cdb339b28ff43f9e39458e2a748fed	Bacteria	NA	NA	NA	NA	Unclassified	Unclassified	0.999999398
c4665884d175d18f8e6c307521b14dd8	Bacteria	NA	NA	NA	NA	Unclassified	Unclassified	0.99999744
55c9403637211cc356b9eb776c6649e6	Bacteria	Chloroflexi	Anaerolineae	Ardenticatenales	Ardenticatenaceae	Unclassified	uncultured_bacterium	0.959093289
07bc2ecdc3db233859a1aec52c055421	Bacteria	Chloroflexi	Anaerolineae	Ardenticatenales	Ardenticatenaceae	Unclassified	uncultured_bacterium	0.976344041
725df96f365d35e7d96679344025fd98	Bacteria	Proteobacteria	Alphaproteobacteria	Tistrellales	Geminicoccaceae	Candidatus_Alysiosphaera	uncultured_bacterium	0.899672026
1c3db77213475ae45d4946a5b66bb508	Bacteria	Proteobacteria	Alphaproteobacteria	Tistrellales	Geminicoccaceae	Candidatus_Alysiosphaera	Unclassified	0.994542876
61c62f9ac9d9a2eea6483c76dca007d9	Bacteria	Proteobacteria	Alphaproteobacteria	Tistrellales	Geminicoccaceae	Candidatus_Alysiosphaera	Unclassified	0.998131024
bc74086060e5eb1fc74125d3fb5dab87	Bacteria	Abditibacteriota	Abditibacteria	Abditibacteriales	Abditibacteriaceae	Abditibacterium	Unclassified	0.999998132
4acced8d8d4b095179cfbe091d0ed3d7	Bacteria	Abditibacteriota	Abditibacteria	Abditibacteriales	Abditibacteriaceae	Abditibacterium	metagenome	0.910604494
7550efe1f4e5630d273e27918c43b6a1	Bacteria	Bacteroidota	Bacteroidia	Chitinophagales	Saprospiraceae	Phaeodactylibacter	uncultured_Bacteroidetes	0.853393526
536a526cdc180f12a0cbdec08169d9cf	Bacteria	Chloroflexi	Dehalococcoidia	S085	S085	S085	uncultured_bacterium	0.997977205
e09a775fbb5ac430b1c87db37e8110e3	Bacteria	Chloroflexi	Dehalococcoidia	S085	S085	S085	uncultured_bacterium	0.997350449
324d841d09afe6836a8198c9dfe35932	Bacteria	Chloroflexi	Dehalococcoidia	S085	S085	S085	uncultured_bacterium	0.997159187
bb54e9beb258c49927eabdf8a6ea07f9	Bacteria	Chloroflexi	Dehalococcoidia	S085	S085	S085	uncultured_bacterium	0.996115902
aac5b95be2a2f2edd477bc3eccc4e864	Bacteria	Chloroflexi	NA	NA	NA	Unclassified	Unclassified	0.996062033
3fd05acb55a8a200323038389b75c0e2	Bacteria	Bacteroidota	Bacteroidia	Sphingobacteriales	NS11-12_marine_group	NS11-12_marine_group	metagenome	0.781463765
31df85ad7e803cd5808ce371b9dcdf44	Bacteria	Bacteroidota	Bacteroidia	Sphingobacteriales	NS11-12_marine_group	NS11-12_marine_group	Unclassified	0.999984833
59b6bee177691ed492a3c20a93b37099	Bacteria	Bacteroidota	Bacteroidia	Sphingobacteriales	NS11-12_marine_group	NS11-12_marine_group	Unclassified	0.999962347
b1465e721bea4cb5c044fac2008c01a9	Bacteria	Bacteroidota	Bacteroidia	Sphingobacteriales	NS11-12_marine_group	NS11-12_marine_group	metagenome	0.82227876
9195f0478c4cc44b4f8a6b9760227d18	Bacteria	Bacteroidota	Bacteroidia	Sphingobacteriales	NS11-12_marine_group	NS11-12_marine_group	Unclassified	0.988813005
cbaf7c1362be0853176a2416ed517e11	Bacteria	Bacteroidota	Bacteroidia	Sphingobacteriales	NS11-12_marine_group	NS11-12_marine_group	metagenome	0.959019906
653fdf4203e951a4de8b0c17b741ef52	Bacteria	Bacteroidota	Bacteroidia	Sphingobacteriales	NS11-12_marine_group	NS11-12_marine_group	Unclassified	0.985160662
e3fecb3b803a10e66a5727e2c1b6ac2d	Bacteria	Bacteroidota	Bacteroidia	Sphingobacteriales	AKYH767	AKYH767	uncultured_bacterium	0.905661649
5a0d5762067346ecb4d303e4cabd1330	Bacteria	Bacteroidota	Bacteroidia	Chitinophagales	Chitinophagaceae	Unclassified	Unclassified	0.899240436
5bb640b330556378cb3e6292fb92cce9	Bacteria	Proteobacteria	Gammaproteobacteria	Xanthomonadales	Rhodanobacteraceae	Unclassified	Unclassified	0.969580203
f7df3e4189e5036391edc0d6cb8d8d16	Bacteria	Proteobacteria	Gammaproteobacteria	Xanthomonadales	Rhodanobacteraceae	Chujaibacter	Unclassified	0.999000139
057176d418b717c2e4fb40606418c722	Bacteria	Nitrospirota	Nitrospiria	Nitrospirales	Nitrospiraceae	Nitrospira	Unclassified	0.99996448
80cd1f80f744fb0d56f83651af576c83	Bacteria	Nitrospirota	Nitrospiria	Nitrospirales	Nitrospiraceae	Nitrospira	Unclassified	0.999970952
ec8f4047a1e3a98d0db25a4b0e080696	Bacteria	Nitrospirota	Nitrospiria	Nitrospirales	Nitrospiraceae	Nitrospira	Unclassified	0.999999904
cbb3e1dbedb7aeecd48e0da38f84d52c	Bacteria	Nitrospirota	Nitrospiria	Nitrospirales	Nitrospiraceae	Nitrospira	Unclassified	0.999999958
7a0f68c4dae2b7eb9e50860fc2805dd8	Bacteria	Bacteroidota	Bacteroidia	Chitinophagales	Chitinophagaceae	Niabella	Unclassified	0.99404612
4825c9621e7bd7661e4bac3f734a75cf	Bacteria	Bacteroidota	Bacteroidia	Chitinophagales	Chitinophagaceae	Niabella	Unclassified	0.993650983
fb36b1af1bc6ab89af480facbf7baef8	Bacteria	Bacteroidota	Bacteroidia	Chitinophagales	Chitinophagaceae	Niabella	Unclassified	0.99791615
228d1c320c562658e68b95ebd949b660	Bacteria	Bacteroidota	Bacteroidia	Chitinophagales	Chitinophagaceae	Unclassified	Unclassified	0.999999853
d2438c845370b111dc1a523a48439ec8	Bacteria	Bacteroidota	Bacteroidia	Chitinophagales	Chitinophagaceae	Terrimonas	Unclassified	0.816407322
b2b27d6b58f648c0cd344ac2ab9b20b2	Bacteria	Bacteroidota	Bacteroidia	Chitinophagales	Chitinophagaceae	Terrimonas	Unclassified	0.892657694
45c41dbc3a69bbde67a9040417d50a83	Bacteria	Bacteroidota	Bacteroidia	Chitinophagales	Chitinophagaceae	Unclassified	Unclassified	0.999999769
8ca24531016ba2aa743fcbc4e04052a8	Bacteria	Bacteroidota	Bacteroidia	Chitinophagales	Chitinophagaceae	Terrimonas	Unclassified	0.829211018
f107efdbdfcc1855eaddef72456566c3	Bacteria	Bacteroidota	Bacteroidia	Chitinophagales	Chitinophagaceae	Terrimonas	Unclassified	0.921860138
8992a4661056cee161a93581a6e8f714	Bacteria	Bacteroidota	Bacteroidia	Chitinophagales	Chitinophagaceae	Terrimonas	Unclassified	0.916669871
552990127abefb122480bef241a12de4	Bacteria	Bacteroidota	Bacteroidia	Chitinophagales	Chitinophagaceae	Terrimonas	Unclassified	0.844841727
9b6409226a128d71158200f901df0d5b	Bacteria	Bacteroidota	Bacteroidia	Chitinophagales	Chitinophagaceae	Flavisolibacter	Unclassified	0.916491104
62b7f8a4dbb21e9105525dab7c310e10	Bacteria	Bacteroidota	Bacteroidia	Chitinophagales	Chitinophagaceae	Terrimonas	Unclassified	0.940028031
dd06f88721faf5714fbe731d9e690846	Bacteria	Bacteroidota	Bacteroidia	Chitinophagales	Chitinophagaceae	Terrimonas	Unclassified	0.949326073
8059451d9ccf09565cad9ba9b77357f9	Bacteria	Bacteroidota	Bacteroidia	Chitinophagales	Chitinophagaceae	Terrimonas	Unclassified	0.962087965
4738af0e01e3b73d0b7c1e32e7114c95	Bacteria	Proteobacteria	Gammaproteobacteria	Burkholderiales	SC-I-84	SC-I-84	beta_proteobacterium	0.879517271
7b1ca2df587525b96e088f98b818fbe8	Bacteria	Proteobacteria	Gammaproteobacteria	Burkholderiales	SC-I-84	SC-I-84	Unclassified	0.998712919
edb09a1a4117cc8485aea4c60192ae78	Bacteria	Proteobacteria	Alphaproteobacteria	Sphingomonadales	Sphingomonadaceae	Sphingomonas	Unclassified	0.709761501
63b3a221f7518d7eecd9dec8dbee4ebf	Bacteria	Proteobacteria	Gammaproteobacteria	Burkholderiales	TRA3-20	TRA3-20	uncultured_Rhodocyclaceae	0.710014967
d382be25a0f28104dc60b8ba85021a15	Bacteria	Proteobacteria	Gammaproteobacteria	Burkholderiales	TRA3-20	TRA3-20	Unclassified	0.991589963
4f11650bddd01d5ebb37ad358b807117	Bacteria	Proteobacteria	Gammaproteobacteria	Burkholderiales	TRA3-20	TRA3-20	Unclassified	0.996821001
657ad247a3c8760f85a88a0eb472ff3d	Bacteria	Proteobacteria	Gammaproteobacteria	Burkholderiales	TRA3-20	TRA3-20	Unclassified	0.996237118
4762c0ab25ec36c348608de37d8226f8	Bacteria	Proteobacteria	Gammaproteobacteria	Burkholderiales	TRA3-20	TRA3-20	Unclassified	0.994700027
2fc0ea5c7574022a713808f8f8f4a023	Bacteria	Proteobacteria	Gammaproteobacteria	Burkholderiales	TRA3-20	TRA3-20	Unclassified	0.999499729
ba4436bdfdeae5bcecebaaaa3657c8d8	Bacteria	Proteobacteria	Gammaproteobacteria	Burkholderiales	TRA3-20	TRA3-20	Unclassified	0.997042061
44a00c69f06e33e05a1414f36c978b52	Bacteria	Actinobacteriota	Actinobacteria	Pseudonocardiales	Pseudonocardiaceae	Unclassified	Unclassified	0.884108873
2c90e6537b10cd45eaa90543ecc3966d	Bacteria	Proteobacteria	Gammaproteobacteria	Burkholderiales	Nitrosomonadaceae	mle1-7	uncultured_beta	0.755868841
f1cb0a5d59cdc5c8795a4acfc68a4690	Bacteria	Proteobacteria	Gammaproteobacteria	Burkholderiales	TRA3-20	TRA3-20	Unclassified	0.989953935
83696428c89dacf6283c307a5eca5bdb	Bacteria	Proteobacteria	Gammaproteobacteria	Burkholderiales	TRA3-20	TRA3-20	Unclassified	0.998260344
ea03f9da048e663495661423b0ad78c5	Bacteria	Proteobacteria	Gammaproteobacteria	Burkholderiales	TRA3-20	TRA3-20	Unclassified	0.991565581
52daea587d325bb4628156755968c4cf	Bacteria	Bacteroidota	Bacteroidia	Sphingobacteriales	NS11-12_marine_group	NS11-12_marine_group	metagenome	0.760004891
24d0c312ba75691d28161e74c9d31596	Bacteria	Proteobacteria	Gammaproteobacteria	Burkholderiales	Comamonadaceae	Unclassified	Unclassified	0.988448385
3739fd338aab5429aee277bebe1fe5ac	Bacteria	Proteobacteria	Alphaproteobacteria	Tistrellales	Geminicoccaceae	Unclassified	uncultured_bacterium	0.846652504
cbd2323bdebec1c05bf7920b52cb9459	Bacteria	Proteobacteria	Alphaproteobacteria	Rhodospirillales	uncultured	Unclassified	Unclassified	0.826038702
a21a4eb8c72d2619edcc7d0091a223c4	Bacteria	Chloroflexi	Anaerolineae	Ardenticatenales	Ardenticatenaceae	Unclassified	uncultured_bacterium	0.861090323
4c0e3a76d6e696a9da07ffadf8ddbbae	Bacteria	NA	NA	NA	NA	Unclassified	Unclassified	0.999999761
bb1b73f46374fbb7d1ce21ca4325eb8b	Bacteria	Chloroflexi	Ktedonobacteria	C0119	C0119	C0119	uncultured_bacterium	0.891986636
88e38b9102719ed058b73fa23786d9da	Bacteria	NA	NA	NA	NA	Unclassified	Unclassified	0.999999206
3848631c4117f47b5746cbeb3902fda8	Bacteria	Proteobacteria	Alphaproteobacteria	Sphingomonadales	Sphingomonadaceae	Sphingomonas	Unclassified	0.999500732
2cd4bcd4d82aad20cd9dc81f56084b38	Bacteria	Planctomycetota	Phycisphaerae	Phycisphaerales	Phycisphaeraceae	SM1A02	uncultured_planctomycete	0.854197278
5f88d6172a275991ea1372f74cc7ddea	Bacteria	Bdellovibrionota	Bdellovibrionia	Bdellovibrionales	Bdellovibrionaceae	Bdellovibrio	uncultured_bacterium	0.745980435
068e4b5b8a3fe89253135632bab1f9cd	Bacteria	Verrucomicrobiota	Chlamydiae	Chlamydiales	Parachlamydiaceae	Neochlamydia	Unclassified	0.915840659
2140ba7d46ba62428a75c6395573816a	Bacteria	Bdellovibrionota	Bdellovibrionia	Bdellovibrionales	Bdellovibrionaceae	OM27_clade	uncultured_Myxococcales	0.998902926
e72108429505975298787b0c17de6360	Bacteria	NA	NA	NA	NA	Unclassified	Unclassified	0.999999955
adc27fa2ac58c4fa538e8319d3e2f78f	Bacteria	Patescibacteria	Saccharimonadia	Saccharimonadales	NA	Unclassified	Unclassified	0.999485706
f467854d0a292dd273ba0b5541d9e0d6	Bacteria	Dependentiae	Babeliae	Babeliales	Vermiphilaceae	Vermiphilaceae	uncultured_soil	0.847211859
13412885992cae09687c32befbe36696	Bacteria	Dependentiae	Babeliae	Babeliales	Vermiphilaceae	Vermiphilaceae	uncultured_soil	0.849190221
8814a245acd83806300fa2ae2014ddb1	Bacteria	Dependentiae	Babeliae	Babeliales	Vermiphilaceae	Vermiphilaceae	uncultured_Verrucomicrobia	0.942785901
8fa70e092292bf64162c3cef6c44b603	Bacteria	Dependentiae	Babeliae	Babeliales	Vermiphilaceae	Vermiphilaceae	Unclassified	0.999934992
74dbe1027bb53035a2effd54d085795b	Bacteria	Dependentiae	Babeliae	Babeliales	Vermiphilaceae	Vermiphilaceae	Unclassified	0.999930855
927693ab2e94f8cc9b1bbfebf7ca808e	Bacteria	Dependentiae	Babeliae	Babeliales	Vermiphilaceae	Vermiphilaceae	uncultured_bacterium	0.858629379
76000aa4d57ce9312589f864cdd18573	Bacteria	Proteobacteria	Gammaproteobacteria	F9P41300-M23	F9P41300-M23	F9P41300-M23	uncultured_bacterium	0.778437643
1063c031bee5225df9ede4572d981d38	Bacteria	Actinobacteriota	Thermoleophilia	Solirubrobacterales	Solirubrobacteraceae	Unclassified	Unclassified	0.989342607
755d00ff3e270f9e62874cb5bb870fc5	Bacteria	Bdellovibrionota	Bdellovibrionia	Bacteriovoracales	Bacteriovoracaceae	Peredibacter	Unclassified	0.999966292
1c258d48ffba2ad2c72c5c6d4e4fae5c	Bacteria	Bdellovibrionota	Bdellovibrionia	Bacteriovoracales	Bacteriovoracaceae	Peredibacter	metagenome	0.748304487
5ab696971b450e478ae9e5fdcfc0aa81	Bacteria	Bdellovibrionota	Bdellovibrionia	Bacteriovoracales	Bacteriovoracaceae	Peredibacter	Unclassified	0.999924944
3029540c36c70016b74b6201eb1cda43	Bacteria	Bdellovibrionota	Bdellovibrionia	Bacteriovoracales	Bacteriovoracaceae	Peredibacter	Unclassified	0.999972673
758b546f9634ff4fef7bb88eb033cfc2	Bacteria	Myxococcota	Myxococcia	Myxococcales	Myxococcaceae	P3OB-42	Unclassified	0.994441939
27dab09ce59583492521a88509e16f99	Bacteria	Proteobacteria	Alphaproteobacteria	Sphingomonadales	Sphingomonadaceae	Sphingoaurantiacus	Unclassified	0.999915214
e3c227edc45c62bd948ef5dc4096812d	Bacteria	Proteobacteria	Alphaproteobacteria	Sphingomonadales	Sphingomonadaceae	Sphingoaurantiacus	Unclassified	0.999917817
6300b7067801bdc773fbc757fa71fe06	Bacteria	Firmicutes	Clostridia	Clostridiales	Clostridiaceae	Clostridium_sensu_stricto_13	Unclassified	0.99769907
fe985e9ecb4a46ab2f4cdc7db7c41830	Bacteria	Firmicutes	Clostridia	Clostridiales	Clostridiaceae	Clostridium_sensu_stricto_1	Unclassified	0.9857531
5fa002acf504c3cf4d3df0b739bc795a	Bacteria	Firmicutes	Clostridia	Clostridiales	Clostridiaceae	Clostridium_sensu_stricto_1	Unclassified	0.99281652
6b513661c08ecbc27e2abda88d01debe	Bacteria	Firmicutes	Clostridia	Lachnospirales	Lachnospiraceae	Unclassified	Unclassified	0.999795196
73a2904989e424990a5e1d3ebbb61488	Bacteria	Firmicutes	Clostridia	Lachnospirales	Lachnospiraceae	Unclassified	Unclassified	0.999374157
64d739cb108524a8050d6afb5b014c41	Bacteria	Firmicutes	Clostridia	Lachnospirales	Lachnospiraceae	Lachnospiraceae_UCG-001	unidentified	0.88542315
32c4c84bf06deee1c9df1c0a3ffc12df	Bacteria	Firmicutes	Clostridia	Lachnospirales	Lachnospiraceae	Unclassified	Unclassified	0.999175962
7c85f7dafc74fb1eaa8004e7babcca52	Bacteria	Firmicutes	Clostridia	Lachnospirales	Lachnospiraceae	Unclassified	Unclassified	0.997695562
7c480efbafae9ffcb7b619131860f541	Bacteria	Firmicutes	Clostridia	Clostridiales	Clostridiaceae	Clostridium_sensu_stricto_13	Clostridium_bowmanii	0.882147694
25673eb402bd6de6eb21896b76c8380a	Bacteria	Firmicutes	Clostridia	Clostridiales	Clostridiaceae	Clostridium_sensu_stricto_13	Clostridium_estertheticum	0.737257665
7a7527d6094908c8c73e936ec1a491bd	Bacteria	Firmicutes	Clostridia	Lachnospirales	Lachnospiraceae	Unclassified	Unclassified	0.99234605
26ec7252e356fe80952e5e0ec8c3b4f1	Bacteria	Firmicutes	Clostridia	Lachnospirales	Lachnospiraceae	[Ruminococcus]_gnavus_group	Unclassified	0.990554185
e230b3af323e7cbe05512709285b846a	Bacteria	Firmicutes	Clostridia	Lachnospirales	Lachnospiraceae	Unclassified	Unclassified	0.999893169
98242a0934c7bed19493ed33e8ff8322	Bacteria	Firmicutes	Clostridia	Lachnospirales	Lachnospiraceae	Unclassified	Unclassified	0.999715996
76dd19d1286f5875c6dc1d984427d311	Bacteria	Firmicutes	Clostridia	Lachnospirales	Lachnospiraceae	Unclassified	Unclassified	0.997967696
c9269116fa16c85f782fbf9c1fc0c71a	Bacteria	Firmicutes	Clostridia	Lachnospirales	Lachnospiraceae	Unclassified	Unclassified	0.996770895
561ca4943b9612efffb4477774bc9095	Bacteria	Firmicutes	Clostridia	Lachnospirales	Lachnospiraceae	Unclassified	uncultured_compost	0.86336767699999994
e342ac78b16c9e40f98afa2de7e4b670	Bacteria	Bdellovibrionota	Bdellovibrionia	Bacteriovoracales	Bacteriovoracaceae	Peredibacter	Unclassified	0.999993202
5af9662d46a2fde29e725f444b6e0f50	Bacteria	Patescibacteria	Saccharimonadia	Saccharimonadales	Saccharimonadales	Saccharimonadales	Unclassified	0.989016939
0ee842a97106ebab174107152510ca18	Bacteria	Chloroflexi	Chloroflexia	Chloroflexales	Roseiflexaceae	Unclassified	Unclassified	0.99992011
760b7e985d0d2356546e15e2c851378d	Bacteria	Chloroflexi	Chloroflexia	Chloroflexales	Roseiflexaceae	Kouleothrix	uncultured_Chloroflexi	0.949581237
1bdf577180532838886236e33cb33306	Bacteria	Chloroflexi	Chloroflexia	Chloroflexales	Roseiflexaceae	Kouleothrix	uncultured_Chloroflexi	0.983351695
128fb98780d252ea121dc261fdf53ed3	Bacteria	Chloroflexi	Chloroflexia	Chloroflexales	Roseiflexaceae	Kouleothrix	uncultured_bacterium	0.8212533
d11638359e7f64bd29eeead9bcf2d461	Bacteria	Chloroflexi	Chloroflexia	Chloroflexales	Roseiflexaceae	Kouleothrix	Unclassified	0.871113872
d24663736b93571a09d7f7ee2c446702	Bacteria	Chloroflexi	Chloroflexia	Chloroflexales	Roseiflexaceae	Kouleothrix	Unclassified	0.821079992
5e4e1e46687adb4c5ac0cc53bfc9c3f0	Bacteria	Chloroflexi	Chloroflexia	Chloroflexales	Roseiflexaceae	Kouleothrix	Unclassified	0.74130695
8edda6bdd9a6b749a9524de06d6983f3	Bacteria	Chloroflexi	Chloroflexia	Chloroflexales	Roseiflexaceae	Kouleothrix	uncultured_bacterium	0.882975013
3e9ef2a6f9cfd5bf7bb1356e4974f7c2	Bacteria	Chloroflexi	Chloroflexia	Chloroflexales	Roseiflexaceae	Kouleothrix	uncultured_bacterium	0.787582412
ecc6b641c7308e0d6c99ba9b36902ffa	Bacteria	Bdellovibrionota	Bdellovibrionia	Bdellovibrionales	Bdellovibrionaceae	Bdellovibrio	uncultured_bacterium	0.807224618
5a76c0a91385d0fc12cc18ea533b804d	Bacteria	Bdellovibrionota	Bdellovibrionia	Bdellovibrionales	Bdellovibrionaceae	Bdellovibrio	uncultured_bacterium	0.78117911
9fc19e8e1c17695b3617c59c1daaeaf1	Bacteria	Bdellovibrionota	Bdellovibrionia	Bdellovibrionales	Bdellovibrionaceae	Bdellovibrio	uncultured_bacterium	0.794154635
81f4c5b9b0cb26677cd335f602cbedf8	Bacteria	Bdellovibrionota	Bdellovibrionia	Bdellovibrionales	Bdellovibrionaceae	Bdellovibrio	uncultured_bacterium	0.848722618
e168a4738b617ca52763bd809d1cd42d	Bacteria	Acidobacteriota	Blastocatellia	Blastocatellales	Blastocatellaceae	Unclassified	Unclassified	0.97336591
3aa38913c14a64dcf0d3cc937c5ecc11	Bacteria	Proteobacteria	Alphaproteobacteria	Rhodobacterales	Rhodobacteraceae	Unclassified	Unclassified	0.999058386
c9e20f6e2e5cdca77b445849a743035c	Bacteria	Proteobacteria	Alphaproteobacteria	Rhodobacterales	Rhodobacteraceae	Unclassified	Unclassified	0.999901215
f6b7dcb61e57fb27c1cefe260972788f	Bacteria	Proteobacteria	Alphaproteobacteria	Rhodobacterales	Rhodobacteraceae	Unclassified	Unclassified	0.999279212
71bbcf0c0d17ad8b62374e9537d5a42a	Bacteria	Proteobacteria	Alphaproteobacteria	Rhodobacterales	Rhodobacteraceae	Unclassified	Unclassified	0.999999527
d8a41a188ff6fbb48853008a2e283a6e	Bacteria	Proteobacteria	Alphaproteobacteria	Rhodobacterales	Rhodobacteraceae	Unclassified	Unclassified	0.999999917
8d484ed9d39412b01ae35ccea278e4f3	Bacteria	Proteobacteria	Alphaproteobacteria	Rhodobacterales	Rhodobacteraceae	Rhodobacter	Unclassified	0.85794875
5e45e051eb32537a6eb07ce77d1248df	Bacteria	Proteobacteria	Alphaproteobacteria	Rhodobacterales	Rhodobacteraceae	Paracoccus	Unclassified	0.999827227
4c4564543ae3859d966f26acc24e8777	Bacteria	Proteobacteria	Alphaproteobacteria	Rhodobacterales	Rhodobacteraceae	Paracoccus	Unclassified	0.999975189
cb710f9e0aa7b219cfe98566d4ac0fe7	Bacteria	Proteobacteria	Alphaproteobacteria	Rhodobacterales	Rhodobacteraceae	Unclassified	Unclassified	0.999999126
49371de9682602a4d2a65f7dc849ae37	Bacteria	Proteobacteria	Alphaproteobacteria	Rhodobacterales	Rhodobacteraceae	Unclassified	Unclassified	0.999999815
166c24f09939730dbc91b0b888814bae	Bacteria	Proteobacteria	Alphaproteobacteria	Rhodobacterales	Rhodobacteraceae	Unclassified	Unclassified	0.999999397
70ed3424a239d6d6f9c33306a074041d	Bacteria	Proteobacteria	Alphaproteobacteria	Rhodobacterales	Rhodobacteraceae	Unclassified	Unclassified	0.99985609
621830e7a89b5533036534bc652eff4c	Bacteria	Proteobacteria	Alphaproteobacteria	Rhodobacterales	Rhodobacteraceae	Paracoccus	Unclassified	0.997596779
dfbd44187ec134b86766b03294fa04a0	Bacteria	Proteobacteria	Alphaproteobacteria	Rhodobacterales	Rhodobacteraceae	Paracoccus	Unclassified	0.999716211
c606d7d13ed55e94a5605ae55b998e7b	Bacteria	Proteobacteria	Alphaproteobacteria	Rhodobacterales	Rhodobacteraceae	Rubellimicrobium	uncultured_bacterium	0.897622835
292a14d428426af2cf3620aea073725b	Bacteria	Proteobacteria	Alphaproteobacteria	Rhodobacterales	Rhodobacteraceae	Rubellimicrobium	uncultured_bacterium	0.966898338
0e97901309ba14002ed857f9a27068cf	Bacteria	Proteobacteria	Alphaproteobacteria	Rhodobacterales	Rhodobacteraceae	Rubellimicrobium	uncultured_bacterium	0.93688893
44b0957c8a4ff50647adf7456ef0ef18	Bacteria	Proteobacteria	Alphaproteobacteria	Rhodobacterales	Rhodobacteraceae	Rubellimicrobium	uncultured_bacterium	0.875992758
0bd2bb93908afc8c9a56492d7e356338	Bacteria	Proteobacteria	Alphaproteobacteria	Rhodobacterales	Rhodobacteraceae	Rubellimicrobium	Unclassified	0.996098559
da3e985ae4474a02c441c748d546a287	Bacteria	Proteobacteria	Alphaproteobacteria	Rhodobacterales	Rhodobacteraceae	Rubellimicrobium	Unclassified	0.984240437
d6429a4fb5b7d29c736da106dabfdbdb	Bacteria	Proteobacteria	Alphaproteobacteria	Rhodobacterales	Rhodobacteraceae	Rubellimicrobium	uncultured_bacterium	0.980204387
00a15c0f3a57fe4a96ae09157d189bfa	Bacteria	Proteobacteria	Alphaproteobacteria	Rhodobacterales	Rhodobacteraceae	Falsirhodobacter	Unclassified	0.979754146
8f6ca82fb92240c09305779f343975ac	Bacteria	Proteobacteria	Alphaproteobacteria	NA	NA	Unclassified	Unclassified	0.910581654
d327b09cba349dad80cb53d870663522	Bacteria	Acidobacteriota	Thermoanaerobaculia	Thermoanaerobaculales	Thermoanaerobaculaceae	Subgroup_10	uncultured_Alphaproteobacteria	0.91333131
d4ae373c6df536fe31609e689cde6052	Bacteria	NA	NA	NA	NA	Unclassified	Unclassified	0.999999984
a2c660c07d9e302fc475497cead33556	Bacteria	Proteobacteria	Alphaproteobacteria	Rhizobiales	Xanthobacteraceae	Bradyrhizobium	Unclassified	0.994505049
9c7e0ea4e5b7e1dd95fef28ed7b61598	Bacteria	Proteobacteria	Alphaproteobacteria	Rhizobiales	Xanthobacteraceae	Bradyrhizobium	Unclassified	0.990482762
efbdbe46022e8bc7fd8eed148e4fff77	Bacteria	Proteobacteria	Alphaproteobacteria	Rhizobiales	Xanthobacteraceae	Bradyrhizobium	Unclassified	0.992241835
619940b37bd4da3631fb3eb94d4e23f4	Bacteria	Proteobacteria	Alphaproteobacteria	Rhizobiales	Xanthobacteraceae	Bradyrhizobium	Unclassified	0.974190325
a8d52b2d44819ce6126e8e7aeb293baf	Bacteria	Proteobacteria	Alphaproteobacteria	Rhizobiales	Xanthobacteraceae	Bradyrhizobium	Unclassified	0.971163766
0df7e500dc6926b5d262d14cdbbc0043	Bacteria	Proteobacteria	Alphaproteobacteria	Rhizobiales	Xanthobacteraceae	Bradyrhizobium	uncultured_Bradyrhizobiaceae	0.751611661
53f843ae3f68f9e647ea62ba11a7e003	Bacteria	Proteobacteria	Alphaproteobacteria	Rhizobiales	Xanthobacteraceae	Bradyrhizobium	Unclassified	0.911509976
c393a1eaf5b8a6b280898f005823b7d5	Bacteria	Proteobacteria	Alphaproteobacteria	Rhizobiales	Xanthobacteraceae	Bradyrhizobium	Unclassified	0.753291586
2a6ed0ff427bd224834f82e8fb33c644	Bacteria	Proteobacteria	Alphaproteobacteria	Rhizobiales	Xanthobacteraceae	Unclassified	Unclassified	0.999999927
fc14f2250751753999e6683ba0f18014	Bacteria	Proteobacteria	Alphaproteobacteria	Rhizobiales	Xanthobacteraceae	Unclassified	Unclassified	0.999999602
a03318116fa5538c4f7c3cc9ca933c64	Bacteria	Proteobacteria	Alphaproteobacteria	Rhizobiales	Xanthobacteraceae	Bradyrhizobium	Unclassified	0.87955316
b4eb2e23c0432322ca4154a653e36047	Bacteria	Proteobacteria	Alphaproteobacteria	Rhizobiales	Xanthobacteraceae	Bradyrhizobium	Unclassified	0.912672931
3fefa3a4fc31a1c0ac3a3eef956d7e76	Bacteria	Proteobacteria	Alphaproteobacteria	Rhizobiales	Xanthobacteraceae	Unclassified	Unclassified	0.999999713
61601ddd1d96a3cee21555376b889781	Bacteria	Proteobacteria	Alphaproteobacteria	Rhizobiales	Xanthobacteraceae	Rhodopseudomonas	Unclassified	0.993244211
0ee0dd7ff1548c2d681eef75ad692f3c	Bacteria	Proteobacteria	Alphaproteobacteria	Rhizobiales	Xanthobacteraceae	Rhodopseudomonas	Unclassified	0.992843957
ec495eaf0340da9f2565cae7a58d8640	Bacteria	Proteobacteria	Alphaproteobacteria	Rhizobiales	Xanthobacteraceae	Unclassified	Unclassified	0.999997391
8e21cfeebb87968cf9a9ccc89ecd81ea	Bacteria	Proteobacteria	Alphaproteobacteria	Rhizobiales	Beijerinckiaceae	Methylobacterium-Methylorubrum	Unclassified	0.999998836
f0fd9616aaf1b6e5942a7e1eed372279	Bacteria	Proteobacteria	Alphaproteobacteria	Rhizobiales	Beijerinckiaceae	Methylobacterium-Methylorubrum	Methylorubrum_rhodinum	0.787147397
7c7fc2e9c888fe0939a7ae5eeb1029b8	Bacteria	Proteobacteria	Alphaproteobacteria	Rhizobiales	Beijerinckiaceae	Methylobacterium-Methylorubrum	Unclassified	0.999918514
5be8b2ab9a96d40051b21cb089cd73f1	Bacteria	Proteobacteria	Alphaproteobacteria	Rhizobiales	Beijerinckiaceae	Microvirga	Unclassified	0.989688389
2773c056ccdb488ca0743935a10d24d8	Bacteria	Proteobacteria	Alphaproteobacteria	Rhizobiales	Beijerinckiaceae	Microvirga	Unclassified	0.995435398
18436fb9e6bff52f6c0d27796c6a10fa	Bacteria	Proteobacteria	Alphaproteobacteria	Rhizobiales	Beijerinckiaceae	Microvirga	Unclassified	0.986163508
fe6b961177d1850002253786b93b8109	Bacteria	Proteobacteria	Alphaproteobacteria	Rhizobiales	Beijerinckiaceae	Microvirga	Unclassified	0.995703548
d977c5388a9fac87114a2474c5bbcf8b	Bacteria	Proteobacteria	Alphaproteobacteria	Rhizobiales	Beijerinckiaceae	Bosea	Unclassified	0.996862031
d22508a7a05cd90dcdc68bb956a5aeee	Bacteria	Proteobacteria	Alphaproteobacteria	Rhizobiales	Beijerinckiaceae	Bosea	Unclassified	0.9972236
a7435073b129badc9c51818d10ad043f	Bacteria	Proteobacteria	Alphaproteobacteria	Rhizobiales	Beijerinckiaceae	Bosea	Unclassified	0.996951008
523d1aa1180750bd5afe1f579ae7e090	Bacteria	Proteobacteria	Alphaproteobacteria	Rhizobiales	Beijerinckiaceae	Bosea	Unclassified	0.997073211
68a533963182e6e850b8b85318d1b8cb	Bacteria	Proteobacteria	Alphaproteobacteria	Rhizobiales	NA	Unclassified	Unclassified	0.99387677
b9c7aa7824991a218060bdff61ae5ab2	Bacteria	Proteobacteria	Alphaproteobacteria	Rhizobiales	Beijerinckiaceae	Microvirga	Unclassified	0.99546933
1365a94b03354e26e1c3e7213248ff6f	Bacteria	Proteobacteria	Alphaproteobacteria	Rhizobiales	Beijerinckiaceae	Microvirga	Unclassified	0.996325776
30143d55013d1a3b7ce91f4e9950cb95	Bacteria	Proteobacteria	Alphaproteobacteria	Rhizobiales	uncultured	Unclassified	Unclassified	0.991462415
4ac7a0f00d1ebe98b6660f017fd6dd8a	Bacteria	Proteobacteria	Alphaproteobacteria	Rhizobiales	uncultured	Unclassified	uncultured_bacterium	0.841624063
273702d5d0988f284b544d0ec6ab9630	Bacteria	Proteobacteria	Alphaproteobacteria	Rhizobiales	Beijerinckiaceae	Microvirga	Unclassified	0.99191325
77d33cf4fad66b2784026cec1f79727e	Bacteria	Proteobacteria	Alphaproteobacteria	Rhizobiales	Beijerinckiaceae	Bosea	Unclassified	0.999014328
caa0d036d4704dcb21350ff85147248f	Bacteria	Proteobacteria	Alphaproteobacteria	Rhizobiales	Rhizobiales_Incertae_Sedis	Phreatobacter	Unclassified	0.996252097
6bd9632456b355c1c0251841d315baa7	Bacteria	Proteobacteria	Alphaproteobacteria	Rhizobiales	Rhizobiales_Incertae_Sedis	Alsobacter	Alsobacter_metallidurans	0.925606147
de7a892401c1cf6c120e4b91f669df97	Bacteria	Proteobacteria	Alphaproteobacteria	Rhizobiales	Beijerinckiaceae	Bosea	Unclassified	0.998609946
f6db6b7951b7259e277a95eb05a53162	Bacteria	Proteobacteria	Alphaproteobacteria	Rhizobiales	Beijerinckiaceae	Bosea	Unclassified	0.998647198
9cb84157e032cc639a9ee29ec76e8cba	Bacteria	Proteobacteria	Alphaproteobacteria	Rhizobiales	Rhizobiales_Incertae_Sedis	Alsobacter	Alsobacter_metallidurans	0.952148353
0c52fd3896c6c6938fd1c00da9073fdc	Bacteria	Proteobacteria	Alphaproteobacteria	Rhizobiales	Beijerinckiaceae	Bosea	Unclassified	0.997844645
9f3c5da152680d26e99ac2c76234d033	Bacteria	Proteobacteria	Alphaproteobacteria	Rhizobiales	Xanthobacteraceae	Unclassified	Unclassified	0.999997242
8d33c0a24da25ea2b2b1c7075e2d7acf	Bacteria	Proteobacteria	Alphaproteobacteria	Rhizobiales	Xanthobacteraceae	Afipia	Unclassified	0.776411788
588cf9c0a4bcbcc85947b8688a46c66a	Bacteria	Proteobacteria	Alphaproteobacteria	Rhizobiales	Xanthobacteraceae	Unclassified	Unclassified	0.999998832
af9a8596eb18ef7e2747982917906513	Bacteria	Proteobacteria	Alphaproteobacteria	Rhizobiales	Beijerinckiaceae	Bosea	Unclassified	0.992661725
8777d601a6de7d0e54dca32787c4e282	Bacteria	Proteobacteria	Alphaproteobacteria	Rhizobiales	Beijerinckiaceae	Bosea	Unclassified	0.99976499
cdbb30213614ae47683cdf885a826419	Bacteria	Proteobacteria	Alphaproteobacteria	Rhizobiales	Beijerinckiaceae	Bosea	Unclassified	0.999782736
ac0dd317e1d1aef9508dbe94da78ee91	Bacteria	Proteobacteria	Alphaproteobacteria	Rhizobiales	Beijerinckiaceae	Bosea	Unclassified	0.999665011
5935155dab59e9f1c17f9647be5d00d0	Bacteria	Proteobacteria	Alphaproteobacteria	Rhizobiales	Beijerinckiaceae	Bosea	Unclassified	0.999729067
f5869946f87ef8999cb973d26b6f88fa	Bacteria	Proteobacteria	Alphaproteobacteria	Rhizobiales	Beijerinckiaceae	Bosea	Unclassified	0.997588485
2057446b41d44805f4958df13648cb43	Bacteria	Proteobacteria	Alphaproteobacteria	Rhizobiales	Beijerinckiaceae	Methylobacterium-Methylorubrum	Methylorubrum_salsuginis	0.993714618
037b55818f1730de20fa2799f911ea85	Bacteria	Proteobacteria	Alphaproteobacteria	Rhizobiales	Beijerinckiaceae	Methylobacterium-Methylorubrum	Unclassified	0.999998404
308d5087f5d2d6cedd47f1c3db96645d	Bacteria	Proteobacteria	Alphaproteobacteria	Rhizobiales	Xanthobacteraceae	Unclassified	Unclassified	0.922472131
5b4bbfd4751c585c07744b30a2761f1d	Bacteria	Proteobacteria	Alphaproteobacteria	Rhizobiales	NA	Unclassified	Unclassified	0.990037576
fcc856c90edb3903d648f20151ae5a73	Bacteria	Proteobacteria	Alphaproteobacteria	Rhizobiales	D05-2	D05-2	Unclassified	0.996775968
1592967d4be438d371d390439db99c8f	Bacteria	Proteobacteria	Alphaproteobacteria	Sphingomonadales	Sphingomonadaceae	Sphingomonas	Unclassified	0.996859867
3a110d326d3a07776ff48d17b43485ca	Bacteria	Proteobacteria	Alphaproteobacteria	Rhizobiales	NA	Unclassified	Unclassified	0.84030358
fc1c90344b39e9907215619f2dd49d97	Bacteria	Proteobacteria	Alphaproteobacteria	Rhizobiales	D05-2	D05-2	uncultured_bacterium	0.904246537
6a24d7681018909b182686d2e6f202c9	Bacteria	Proteobacteria	Alphaproteobacteria	Rhizobiales	D05-2	D05-2	uncultured_bacterium	0.800420074
bf4766d2b4b88039b71430122025c3cb	Bacteria	Proteobacteria	Alphaproteobacteria	Rhizobiales	D05-2	D05-2	uncultured_bacterium	0.791506453
b9da0ecb5313898860df69caa7ad72a0	Bacteria	Proteobacteria	Alphaproteobacteria	Dongiales	Dongiaceae	Dongia	Unclassified	0.816507971
e6f0e4d1ada421d48cacd176a8d750db	Bacteria	Proteobacteria	Alphaproteobacteria	Rhizobiales	D05-2	D05-2	uncultured_bacterium	0.789951837
81ceb09bff84ae569ad202968be7a516	Bacteria	Proteobacteria	Alphaproteobacteria	Rhizobiales	D05-2	D05-2	uncultured_bacterium	0.847780133
a8da8c8b0b64fba17c01c0160e9a35f3	Bacteria	Proteobacteria	NA	NA	NA	Unclassified	Unclassified	0.754541204
3cf8b427c22c5f79aa96323f4e30fb75	Bacteria	Bacteroidota	Bacteroidia	Cytophagales	NA	Unclassified	Unclassified	0.73722853
064fc3758bac61ae01c863e2d07dc58b	Bacteria	Proteobacteria	Alphaproteobacteria	Rhizobiales	D05-2	D05-2	uncultured_bacterium	0.780831011
140dfea51ea42f0e57fbb7eb6ef77947	Bacteria	Proteobacteria	Alphaproteobacteria	Rhizobiales	D05-2	D05-2	Unclassified	0.999422445
4c1522254ff1327cb4fbc4d9788d3f90	Bacteria	Proteobacteria	Alphaproteobacteria	Rhizobiales	D05-2	D05-2	uncultured_bacterium	0.779017125
4ec94677a1a831dcdd8e67be40b8aa29	Bacteria	Proteobacteria	Alphaproteobacteria	Rhizobiales	D05-2	D05-2	uncultured_bacterium	0.744159267
12073cc992f6283135ec461dc545a4dd	Bacteria	Proteobacteria	Alphaproteobacteria	Rhizobiales	D05-2	D05-2	uncultured_bacterium	0.943508264
e25591099dfc8080390c4035217d578c	Bacteria	Proteobacteria	Alphaproteobacteria	Rhizobiales	D05-2	D05-2	Unclassified	0.995240301
6e1db0a6344ffcebfbb0cc9cfe014776	Bacteria	Proteobacteria	Alphaproteobacteria	Rhizobiales	D05-2	D05-2	uncultured_bacterium	0.775878618
1a32372ea438e452482410dbed00777b	Bacteria	Proteobacteria	Alphaproteobacteria	Rhizobiales	Beijerinckiaceae	Methylobacterium-Methylorubrum	Unclassified	0.999985995
67c32d81e04905b47c80d824835529af	Bacteria	Proteobacteria	Alphaproteobacteria	Rhizobiales	Beijerinckiaceae	Methylobacterium-Methylorubrum	Unclassified	0.999992137
3e5413c0f732b3179ef5c51774c18e70	Bacteria	Proteobacteria	Alphaproteobacteria	Rhizobiales	Beijerinckiaceae	Methylobacterium-Methylorubrum	Methylobacterium_bullatum	0.792357535
4e00f42a6d423be80ac5be1c53e08062	Bacteria	Proteobacteria	Alphaproteobacteria	Rhizobiales	Beijerinckiaceae	Methylobacterium-Methylorubrum	Methylobacterium_marchantiae	0.756234984
df6b74747961b217623785d4a4d18ff1	Bacteria	Proteobacteria	Alphaproteobacteria	Rhizobiales	Beijerinckiaceae	Methylobacterium-Methylorubrum	Unclassified	0.999910343
c370dd1f1f8878f3c1464f3ce36fb4b4	Bacteria	Proteobacteria	Alphaproteobacteria	Rhodobacterales	Rhodobacteraceae	Unclassified	Unclassified	0.855073923
5752b707befe81ff912f68c440851428	Bacteria	Proteobacteria	Alphaproteobacteria	Rhodobacterales	Rhodobacteraceae	Unclassified	Unclassified	0.998736715
add3b0bd0473ec80489e0689ccdc726e	Bacteria	Proteobacteria	Alphaproteobacteria	Rhodobacterales	Rhodobacteraceae	Gemmobacter	Gemmobacter_tilapiae	0.853251308
78e6e4588811faed3aab1de2fb0673c9	Bacteria	Proteobacteria	Alphaproteobacteria	Rhodobacterales	Rhodobacteraceae	Gemmobacter	Unclassified	0.931195296
581e51c796d8020344e2727ca8d2eb3a	Bacteria	Proteobacteria	Alphaproteobacteria	Rhodobacterales	Rhodobacteraceae	Unclassified	Unclassified	0.999999403
b06aa75a0eaf4c34b1981b6d6188d5fa	Bacteria	Proteobacteria	Alphaproteobacteria	Rhodobacterales	Rhodobacteraceae	Unclassified	Unclassified	0.999999655
dc7b898733acdd19bf1a4056c35f1af7	Bacteria	Proteobacteria	Alphaproteobacteria	Rhodobacterales	Rhodobacteraceae	Unclassified	Unclassified	0.999999648
886a78ea79643999a5fc2816359955b6	Bacteria	Proteobacteria	Alphaproteobacteria	Rhodobacterales	Rhodobacteraceae	Unclassified	Unclassified	0.999972308
0504f4bd0fcd667512ce8da31e558684	Bacteria	Proteobacteria	Alphaproteobacteria	Rhodobacterales	Rhodobacteraceae	Unclassified	Unclassified	0.999998971
357802975803b893114c6e17975a08d7	Bacteria	Proteobacteria	Alphaproteobacteria	Rhodobacterales	Rhodobacteraceae	Unclassified	Unclassified	0.999738148
e1da3356852bd66c05673c0c752f1ee7	Bacteria	Proteobacteria	Alphaproteobacteria	Rhodobacterales	Rhodobacteraceae	Paracoccus	Unclassified	0.997027186
a2d73e87e2cf08490802165ed1416f21	Bacteria	Proteobacteria	Alphaproteobacteria	Rhodobacterales	Rhodobacteraceae	Paracoccus	Unclassified	0.995864947
87a49f43cf03a47a198eb3e5185118a6	Bacteria	Proteobacteria	Alphaproteobacteria	Rhizobiales	Beijerinckiaceae	Microvirga	Unclassified	0.733216039
ead4c308666626aca9164eb258c84120	Bacteria	Firmicutes	Bacilli	Lactobacillales	Lactobacillaceae	Lactobacillus	Unclassified	0.997958751
18a4c67de5348377d1cbc0dbb7c7dc62	Bacteria	Proteobacteria	Alphaproteobacteria	Dongiales	Dongiaceae	Dongia	Unclassified	0.999296413
e54971d67966fa7354397e263ccf48fe	Bacteria	Proteobacteria	Alphaproteobacteria	Dongiales	Dongiaceae	Dongia	Unclassified	0.998911616
0f7087b18a615acb028ec6c3ead74ba7	Bacteria	Proteobacteria	Alphaproteobacteria	Dongiales	Dongiaceae	Dongia	Unclassified	0.999332519
22951c3b1527c6abf9036542cd1e59b8	Bacteria	Proteobacteria	Alphaproteobacteria	Dongiales	Dongiaceae	Dongia	uncultured_Rhodospirillaceae	0.706588555
f26753ba5210428874252494148a7c82	Bacteria	Proteobacteria	Alphaproteobacteria	Dongiales	Dongiaceae	Dongia	Unclassified	0.99949142
b12ed59a63f95d41146682ee44b0456d	Bacteria	Proteobacteria	Alphaproteobacteria	Dongiales	Dongiaceae	Dongia	Unclassified	0.999233259
9501a9f89868179b43621b5a3c332fcf	Bacteria	Proteobacteria	Alphaproteobacteria	Dongiales	Dongiaceae	Dongia	Unclassified	0.999417235
555111805e194b0faeb43d8f5a4867bf	Bacteria	Proteobacteria	Alphaproteobacteria	Dongiales	Dongiaceae	Dongia	Unclassified	0.999452999
c10a5795e64e6b79ea8525ecbbf72d61	Bacteria	Proteobacteria	Alphaproteobacteria	Dongiales	Dongiaceae	Dongia	Unclassified	0.999634186
b531b377454c56da883cea0bc1aa3053	Bacteria	Proteobacteria	Alphaproteobacteria	Azospirillales	Azospirillaceae	Azospirillum	Unclassified	0.999770536
7275bb4584c0c90d1017e424d1ae15bd	Bacteria	Proteobacteria	Alphaproteobacteria	Azospirillales	Azospirillaceae	Azospirillum	Unclassified	0.999997066
9bd771114e7574c1ff753c90522db0d3	Bacteria	Proteobacteria	Alphaproteobacteria	Dongiales	Dongiaceae	Dongia	Unclassified	0.999910265
2a334dfc60aaa2f1dc6ab342404eb8d9	Bacteria	Proteobacteria	Alphaproteobacteria	Dongiales	Dongiaceae	Dongia	Unclassified	0.992234724
39ef65dfc72c0d4aec4612fc52eecdda	Bacteria	Proteobacteria	Alphaproteobacteria	Dongiales	Dongiaceae	Dongia	Unclassified	0.999928236
c48d9f3c4f26efc14464f70b5a0c47c2	Bacteria	Proteobacteria	Alphaproteobacteria	Dongiales	Dongiaceae	Dongia	Unclassified	0.99984894
26f5e04dfea14a041468d218b71564b5	Bacteria	Proteobacteria	Alphaproteobacteria	Dongiales	Dongiaceae	Dongia	Unclassified	0.999961046
5848297035af40e642eee5913fa552d6	Bacteria	Proteobacteria	Alphaproteobacteria	Dongiales	Dongiaceae	Dongia	Unclassified	0.999875588
c6097f9104a8331e83d8b4ff22fb15b2	Bacteria	Proteobacteria	Alphaproteobacteria	Rhizobiales	Rhizobiaceae	Unclassified	Unclassified	0.712778078
626984c9530eb1cd8373390c844f5a3f	Bacteria	Proteobacteria	Alphaproteobacteria	Dongiales	Dongiaceae	Dongia	Unclassified	0.985006506
28cfd985f6a90aa780f2c75cfa3a30c3	Bacteria	Proteobacteria	Alphaproteobacteria	Dongiales	Dongiaceae	Dongia	Unclassified	0.996125859
2c474402ea86869b648ea2c27481d8c9	Bacteria	Proteobacteria	Alphaproteobacteria	Rhizobiales	Rhizobiales_Incertae_Sedis	Bauldia	Unclassified	0.999904687
1c86815877aacaaf2f39be6ec1875447	Bacteria	Proteobacteria	Alphaproteobacteria	Rhizobiales	Rhizobiales_Incertae_Sedis	Bauldia	Unclassified	0.999737484
6592cb809619775c474456abe3d009e7	Bacteria	Proteobacteria	Alphaproteobacteria	Rhizobiales	Rhizobiales_Incertae_Sedis	Bauldia	uncultured_soil	0.707273747
1819506de81f61737df57153ae3ddd90	Bacteria	Proteobacteria	Alphaproteobacteria	Rhizobiales	Rhizobiales_Incertae_Sedis	Bauldia	Unclassified	0.982622982
d15a9a08ceaa1f8d887efd3aaf2f3189	Bacteria	Proteobacteria	Alphaproteobacteria	Rhizobiales	Xanthobacteraceae	Pseudolabrys	uncultured_bacterium	0.849980966
2171b55ed926e6558f19b4a5cf12c210	Bacteria	Proteobacteria	Alphaproteobacteria	Rhizobiales	Xanthobacteraceae	Pseudolabrys	metagenome	0.769551724
dae2a0fc5875d1fd187fce3dec4d89db	Bacteria	Proteobacteria	Alphaproteobacteria	Rhizobiales	NA	Unclassified	Unclassified	0.995752715
fd1c57877b38cc061cf0cf23d551c92d	Bacteria	Proteobacteria	Alphaproteobacteria	Micropepsales	Micropepsaceae	Unclassified	Unclassified	0.992602966
392d0d59a99900c16ef9c649c382708e	Bacteria	Proteobacteria	Alphaproteobacteria	Micropepsales	Micropepsaceae	Unclassified	Unclassified	0.986049147
d2c97b0edd8830a4271c7166f2f9b920	Bacteria	Proteobacteria	Alphaproteobacteria	Micropepsales	Micropepsaceae	Unclassified	Unclassified	0.982083521
25e2b2a9bc29695a689b2bc4c838ff42	Bacteria	Proteobacteria	Alphaproteobacteria	Rhizobiales	Beijerinckiaceae	Microvirga	Unclassified	0.966907159
5a2297032317ee7f3c813b1bc596d696	Bacteria	Proteobacteria	Alphaproteobacteria	Rhizobiales	Beijerinckiaceae	Microvirga	Unclassified	0.840458818
3ffa1f5b51ba41ad67c24de93eaa746a	Bacteria	Proteobacteria	Alphaproteobacteria	Rhizobiales	Xanthobacteraceae	Pseudolabrys	Unclassified	0.983729171
30c38d725ac42ae3276cdd2a9ed3ed29	Bacteria	Proteobacteria	Alphaproteobacteria	Rhizobiales	Xanthobacteraceae	Pseudolabrys	Unclassified	0.998861182
456ba3e7fd6aa3a4c739cf1f56473f16	Bacteria	Proteobacteria	Alphaproteobacteria	Rhizobiales	Xanthobacteraceae	Pseudolabrys	Unclassified	0.932164469
0a9c78d3dd752f7fea925cbab283b23e	Bacteria	Proteobacteria	Alphaproteobacteria	Rhizobiales	Xanthobacteraceae	Pseudolabrys	Unclassified	0.904805596
5a1d9a860260da15dd1af5f93a7b17a7	Bacteria	Proteobacteria	Alphaproteobacteria	Rhizobiales	Xanthobacteraceae	Pseudolabrys	Unclassified	0.859296781
328077bc3199a6d22081086d88bca687	Bacteria	Proteobacteria	Alphaproteobacteria	Rhizobiales	Xanthobacteraceae	Pseudolabrys	Unclassified	0.958030455
e8685c197396ebe5fec27ae68c30ec90	Bacteria	Proteobacteria	Alphaproteobacteria	Rhizobiales	Xanthobacteraceae	Pseudolabrys	Unclassified	0.947140513
c707a25f02c9b001e8cc8a30558a83e1	Bacteria	Proteobacteria	Alphaproteobacteria	Rhizobiales	Xanthobacteraceae	Rhodoplanes	Unclassified	0.851382573
35c4322fee89f0f1b2816fa92c3c36a9	Bacteria	Proteobacteria	Alphaproteobacteria	Rhizobiales	Xanthobacteraceae	Pseudolabrys	Unclassified	0.937583613
83f34277325797ec5defdf96ffb17079	Bacteria	Proteobacteria	Alphaproteobacteria	Rhizobiales	Beijerinckiaceae	Unclassified	Unclassified	0.808246999
d9f35d4daf42ef695984c31ab05d9fc7	Bacteria	Proteobacteria	Alphaproteobacteria	Rhizobiales	Xanthobacteraceae	Unclassified	Unclassified	0.999920872
5ea5dc4713d17035cc60dd8020d2aea1	Bacteria	Proteobacteria	Alphaproteobacteria	Rhizobiales	NA	Unclassified	Unclassified	0.976405679
e7b07ef183257c07d8a73d0494822ff0	Bacteria	Proteobacteria	Alphaproteobacteria	Micropepsales	Micropepsaceae	Unclassified	Unclassified	0.964956276
5a857f34593cd2026adbcc2c14c6a989	Bacteria	Proteobacteria	Alphaproteobacteria	Micropepsales	Micropepsaceae	Unclassified	Unclassified	0.983998792
bc859761dfcd0c64cbada18d3b0182e6	Bacteria	Proteobacteria	Alphaproteobacteria	Micropepsales	Micropepsaceae	Unclassified	Unclassified	0.984922776
606cc271cfd0a8b60ec12dc95fa8f1f7	Bacteria	Proteobacteria	Alphaproteobacteria	Micropepsales	Micropepsaceae	Unclassified	Unclassified	0.995324135
f6e9d2ba48a4c1995b0a79c64ba20346	Bacteria	Proteobacteria	Alphaproteobacteria	Micropepsales	Micropepsaceae	Unclassified	Unclassified	0.993700478
023ba13ab540d7c614d327706abdcb72	Bacteria	Proteobacteria	Alphaproteobacteria	Rickettsiales	SM2D12	SM2D12	Unclassified	0.885635097
fe1f569514e70c00229b0b303b85f69d	Bacteria	Proteobacteria	Alphaproteobacteria	Rickettsiales	SM2D12	SM2D12	Unclassified	0.985394477
d2c8bcc5f2a7a7ab42e727324fc79236	Bacteria	Proteobacteria	Alphaproteobacteria	NA	NA	Unclassified	Unclassified	0.804414149
c4dab3b75ab9efaad5b333ac5b6b32fc	Bacteria	Proteobacteria	Alphaproteobacteria	Rickettsiales	SM2D12	SM2D12	Unclassified	0.919380144
62f33f4eb562c8cc63c286ce05125b22	Bacteria	Proteobacteria	Alphaproteobacteria	Rhizobiales	Xanthobacteraceae	Unclassified	Unclassified	0.965757861
e5fe9458a4cbacd9ba68c245e20a98dd	Bacteria	Proteobacteria	Alphaproteobacteria	Micropepsales	Micropepsaceae	Unclassified	Unclassified	0.988451905
f1e922bf5a06b7cf2b80b3979b69f135	Bacteria	Proteobacteria	Alphaproteobacteria	Micropepsales	Micropepsaceae	Unclassified	Unclassified	0.994237722
40a3042e60461c0d308e1dcf64e625d3	Bacteria	Proteobacteria	Alphaproteobacteria	Sphingomonadales	Sphingomonadaceae	Unclassified	Unclassified	0.944793043
c7ffc2361800e350f4d66be831828b09	Bacteria	Proteobacteria	Alphaproteobacteria	Rhizobiales	Xanthobacteraceae	Unclassified	Unclassified	0.99995805
9b3d577c7612c8b607717cd172652b51	Bacteria	Proteobacteria	Alphaproteobacteria	Rhizobiales	Xanthobacteraceae	Unclassified	Unclassified	0.999983158
1c4a7398c2ea1f695be7ddd0ffb43bfc	Bacteria	Proteobacteria	Alphaproteobacteria	Rhizobiales	Xanthobacteraceae	Bradyrhizobium	Unclassified	0.707844353
e661a5283a4f1c5458860810878fc70c	Bacteria	Proteobacteria	Alphaproteobacteria	Rhizobiales	Xanthobacteraceae	Unclassified	Unclassified	0.999908506
1909b2fba8f5c7cff1aeff285195e185	Bacteria	Proteobacteria	Alphaproteobacteria	Rhizobiales	Xanthobacteraceae	Unclassified	Unclassified	0.9995176
5776cece8e810559b08f1714833d6fc6	Bacteria	Proteobacteria	Alphaproteobacteria	Rhizobiales	Xanthobacteraceae	Unclassified	Unclassified	0.998749275
452296f2bdfa390ebb3c7ea30b037306	Bacteria	Proteobacteria	Alphaproteobacteria	Rhizobiales	Xanthobacteraceae	Unclassified	uncultured_Bradyrhizobiaceae	0.882320249
62a821c575fc15b93239d6ab2c4dc985	Bacteria	Proteobacteria	Alphaproteobacteria	Rhizobiales	Xanthobacteraceae	Pseudolabrys	Unclassified	0.996587493
9f6789a74fab8da863baf1167c9e29fd	Bacteria	Proteobacteria	Alphaproteobacteria	Rhizobiales	Xanthobacteraceae	Pseudolabrys	Unclassified	0.995306508
7fcf5f3634c5e45a438007758bab0ac7	Bacteria	Proteobacteria	Alphaproteobacteria	Rhizobiales	Xanthobacteraceae	Pseudolabrys	Unclassified	0.991723565
7cc04cd2b5102502b3d84c815968bc07	Bacteria	Bdellovibrionota	Bdellovibrionia	Bdellovibrionales	Bdellovibrionaceae	OM27_clade	uncultured_bacterium	0.714448678
eece167e4963c6bd1251707be0cf610c	Bacteria	Proteobacteria	Alphaproteobacteria	Rhizobiales	Beijerinckiaceae	Methylobacterium-Methylorubrum	Unclassified	0.999920606
5fd1409a1957058d90d956f2605ed75e	Bacteria	Proteobacteria	Alphaproteobacteria	Rhizobiales	Beijerinckiaceae	Methylobacterium-Methylorubrum	Unclassified	0.999910944
f8e260878b78713ae5c4deb6620b7151	Bacteria	Proteobacteria	Alphaproteobacteria	Rhizobiales	Beijerinckiaceae	Methylobacterium-Methylorubrum	Unclassified	0.999962021
a3699090a550599e07d0dfb4980c7683	Bacteria	Proteobacteria	Alphaproteobacteria	Rhizobiales	Beijerinckiaceae	Methylobacterium-Methylorubrum	Unclassified	0.999937842
6241c938c6fb728a9eec483e807b3831	Bacteria	Firmicutes	Bacilli	Paenibacillales	Paenibacillaceae	Thermobacillus	uncultured_bacterium	0.947039885
38b9e082b1b339d98850455453c0d861	Bacteria	Firmicutes	Clostridia	NA	NA	Unclassified	Unclassified	0.938521757
098f1c8d75c3a1011e1e9e56e5ac7189	Bacteria	Firmicutes	Bacilli	Paenibacillales	Paenibacillaceae	Unclassified	Unclassified	0.945714517
2367622ddf5e5db0ccd8032ae001c692	Bacteria	Firmicutes	Bacilli	Paenibacillales	Paenibacillaceae	Paenibacillus	Unclassified	0.70327805
9be4601d04a3272b3a18003ffa4fd33a	Bacteria	Firmicutes	Bacilli	Paenibacillales	Paenibacillaceae	Paenibacillus	Unclassified	0.740652715
9c4d3c66cee4f1f8233592097d9fe4bb	Bacteria	Firmicutes	Bacilli	Paenibacillales	Paenibacillaceae	Paenibacillus	Unclassified	0.990857936
24ba8f3cdf3fce5756be80e24f26b54a	Bacteria	Firmicutes	Bacilli	Paenibacillales	Paenibacillaceae	Paenibacillus	Unclassified	0.994293032
07b4438f1ace7b044fd04b6c53cd8f4e	Bacteria	Firmicutes	Bacilli	Paenibacillales	Paenibacillaceae	Paenibacillus	Unclassified	0.994984033
c169093d9dbf70853bd61bc4ca421ca0	Bacteria	Firmicutes	Bacilli	Paenibacillales	Paenibacillaceae	Paenibacillus	Unclassified	0.997904399
a289e07025fe798ace1139cc77c66205	Bacteria	Firmicutes	Bacilli	Paenibacillales	Paenibacillaceae	Paenibacillus	Unclassified	0.994718861
b55ba993691a567ec9aef8241ad1de9e	Bacteria	Firmicutes	Bacilli	Paenibacillales	Paenibacillaceae	Paenibacillus	Unclassified	0.994573063
7a23f2a1084e79c58c8c3b92ee97d3bc	Bacteria	Firmicutes	Bacilli	Paenibacillales	Paenibacillaceae	Paenibacillus	Unclassified	0.993958789
683b46c994947f938ad6df898ee511e8	Bacteria	Firmicutes	Bacilli	Paenibacillales	Paenibacillaceae	Paenibacillus	Unclassified	0.997048174
7260a4b0e41ca6241622793f8f0ff0a1	Bacteria	Firmicutes	Bacilli	Paenibacillales	Paenibacillaceae	Paenibacillus	Unclassified	0.992479062
ecd5fd7066995170e71cc7d38a94d574	Bacteria	Firmicutes	Bacilli	Paenibacillales	Paenibacillaceae	Paenibacillus	Paenibacillus_barcinonensis	0.885455309
246d67a9b0cc8e403f0f7d7aff0ce96d	Bacteria	Firmicutes	Bacilli	Paenibacillales	Paenibacillaceae	Unclassified	Unclassified	0.986057901
ef0642d5351a75927414a9f166252fa0	Bacteria	Firmicutes	Bacilli	Paenibacillales	Paenibacillaceae	Paenibacillus	Unclassified	0.891781143
b6ac31b201bb9b81e5ce5e497fa8df57	Bacteria	Firmicutes	Bacilli	Paenibacillales	Paenibacillaceae	Paenibacillus	Unclassified	0.990780719
10e6cbf3ccaa27a2fafd5a2e03dbb207	Bacteria	Firmicutes	Bacilli	Paenibacillales	Paenibacillaceae	Paenibacillus	Unclassified	0.940718987
f74ac369b3a412e961ff2d5ca16a7888	Bacteria	Firmicutes	Bacilli	Paenibacillales	Paenibacillaceae	Paenibacillus	Unclassified	0.985872503
6e2d052b4d6fc9e42061aad89a778214	Bacteria	Firmicutes	Bacilli	Paenibacillales	Paenibacillaceae	Paenibacillus	Unclassified	0.990659454
88c12229735e05a649e4869dc064db0a	Bacteria	Firmicutes	Bacilli	Paenibacillales	Paenibacillaceae	Paenibacillus	Unclassified	0.996155733
1990648c08af2e815bcac01fe75b55b3	Bacteria	Firmicutes	Bacilli	Paenibacillales	Paenibacillaceae	Paenibacillus	Unclassified	0.866109346
6f74cf7f5849be523cdd311d84cd90c0	Bacteria	Firmicutes	Bacilli	Paenibacillales	Paenibacillaceae	Paenibacillus	Unclassified	0.913109021
78e5972d16e8ac341e2603c8339a5814	Bacteria	Firmicutes	Bacilli	Paenibacillales	Paenibacillaceae	Paenibacillus	Unclassified	0.979911046
1c47391b108d7b9b8090e0c916866c79	Bacteria	Firmicutes	Bacilli	Paenibacillales	Paenibacillaceae	Paenibacillus	Unclassified	0.961696461
4fa0abe5f5e6cfc354ed29c93f645551	Bacteria	Firmicutes	Bacilli	Paenibacillales	Paenibacillaceae	Paenibacillus	Unclassified	0.999080396
63c6227e08de1411d7587923ebf91be5	Bacteria	Firmicutes	Bacilli	Paenibacillales	Paenibacillaceae	Paenibacillus	Unclassified	0.998982749
474339c33f8c36123000e2eba30acd95	Bacteria	Firmicutes	Bacilli	Paenibacillales	Paenibacillaceae	Paenibacillus	Unclassified	0.995873351
1b72b1767cf860b7c457e4c3a5584149	Bacteria	Firmicutes	Bacilli	Paenibacillales	Paenibacillaceae	Paenibacillus	Unclassified	0.99050537
ce9bd0a30a94f66b902a112fdecf62af	Bacteria	Firmicutes	Bacilli	Paenibacillales	Paenibacillaceae	Paenibacillus	Paenibacillus_urinalis	0.7644604
c26bfc8c27ee995623b0073941228d4b	Bacteria	Firmicutes	Bacilli	Paenibacillales	Paenibacillaceae	Paenibacillus	Unclassified	0.989804326
2b22d4e8cf302376657323d8e1f2670d	Bacteria	Firmicutes	Bacilli	Paenibacillales	Paenibacillaceae	Paenibacillus	Unclassified	0.993788358
29051b5f4e76eb6268beb2847e043ae8	Bacteria	Firmicutes	Bacilli	Paenibacillales	Paenibacillaceae	Paenibacillus	Unclassified	0.999677485
6b6aa9bbe7a88172d40d8783f2f02365	Bacteria	Firmicutes	Bacilli	Paenibacillales	Paenibacillaceae	Paenibacillus	Unclassified	0.997394628
c53a95262511cc579837ad2b6f2ae5bb	Bacteria	Firmicutes	Bacilli	Paenibacillales	Paenibacillaceae	Paenibacillus	Paenibacillus_camelliae	0.80529213
0724ff31f50ed7d5da0baec741d9d050	Bacteria	Firmicutes	Clostridia	Lachnospirales	Lachnospiraceae	Unclassified	Unclassified	0.998998383
8e270f389653717df317015f1a8abbfd	Bacteria	Firmicutes	Clostridia	Peptostreptococcales-Tissierellales	Peptostreptococcales-Tissierellales	Finegoldia	uncultured_bacterium	0.966884788
d31ae7295cd960b0f598e586876bd290	Bacteria	Firmicutes	Clostridia	Lachnospirales	Lachnospiraceae	Cellulosilyticum	uncultured_bacterium	0.99722936
1b20faa1c720ce928ff0378d660782fe	Bacteria	Firmicutes	Clostridia	Peptostreptococcales-Tissierellales	Peptostreptococcales-Tissierellales	Finegoldia	uncultured_bacterium	0.803974372
e804092e6a63f349c4c0d1d9d3e43bca	Bacteria	Firmicutes	Clostridia	Peptostreptococcales-Tissierellales	Peptostreptococcales-Tissierellales	Finegoldia	uncultured_bacterium	0.898049697
fe9a48fb60bbe7909d4971e82e56f7df	Bacteria	Bdellovibrionota	Bdellovibrionia	Bdellovibrionales	Bdellovibrionaceae	OM27_clade	Unclassified	0.99470788
5e3c98c92a86c04d5fb26d8f2eb6a155	Bacteria	Proteobacteria	Alphaproteobacteria	Caulobacterales	Caulobacteraceae	Unclassified	Unclassified	0.775261111
13f97d85bb30bccaa499ce515c1de4f4	Bacteria	Proteobacteria	Alphaproteobacteria	Caulobacterales	Caulobacteraceae	Brevundimonas	Brevundimonas_abyssalis	0.993795859
aaaa6d0ef1ea626bcc110a3ce91b0eff	Bacteria	Proteobacteria	Alphaproteobacteria	Rickettsiales	SM2D12	SM2D12	uncultured_Phyllobacteriaceae	0.918109813
d34fe3cb3d9ca188c50a573bebf8485d	Bacteria	Proteobacteria	Alphaproteobacteria	Rickettsiales	SM2D12	SM2D12	uncultured_bacterium	0.706287182
cbef5ddcc7ef5021cfc5ca777a515b82	Bacteria	Proteobacteria	Alphaproteobacteria	Rickettsiales	SM2D12	SM2D12	Unclassified	0.998453429
7d75f51790473ab7e54ffa05d073af06	Bacteria	Proteobacteria	Alphaproteobacteria	Rickettsiales	SM2D12	SM2D12	Unclassified	0.998379058
d090531770b684f100a73cd8f2309f99	Bacteria	Proteobacteria	Alphaproteobacteria	Rickettsiales	SM2D12	SM2D12	unidentified_marine	0.819718478
4e4266781d4b37a1fc1a02bacaa0c447	Bacteria	Proteobacteria	Alphaproteobacteria	Rhizobiales	Rhizobiaceae	Allorhizobium-Neorhizobium-Pararhizobium-Rhizobium	Rhizobium_alvei	0.849935891
cd9273bf4c85dc5a8d7f004d1310430e	Bacteria	Proteobacteria	Alphaproteobacteria	Rhizobiales	NA	Unclassified	Unclassified	0.999887724
45ff8ded780f3979b2ff38775f2523bd	Bacteria	NA	NA	NA	NA	Unclassified	Unclassified	0.99999998
a42e41ac5b951e0db0d02ab0131f5940	Bacteria	Proteobacteria	Alphaproteobacteria	Rhizobiales	Rhizobiaceae	Allorhizobium-Neorhizobium-Pararhizobium-Rhizobium	Rhizobium_azibense	0.807075743
833320febe01fcc36de9c40bde8ffa9b	Bacteria	Proteobacteria	Alphaproteobacteria	Rhizobiales	Rhizobiaceae	Unclassified	Unclassified	0.987307299
2e63e4d2ff674ebe73f2849d5ce1c1d8	Bacteria	Proteobacteria	Alphaproteobacteria	Rhizobiales	Rhizobiaceae	Allorhizobium-Neorhizobium-Pararhizobium-Rhizobium	Unclassified	0.812025664
74b26c8ddd1bf8e0616e4ca0b60ffbac	Bacteria	Proteobacteria	Alphaproteobacteria	Rhizobiales	Rhizobiaceae	Allorhizobium-Neorhizobium-Pararhizobium-Rhizobium	Unclassified	0.864548687
938de3a7ce8a4a1a73dc79614300d4f2	Bacteria	Proteobacteria	Alphaproteobacteria	Rhizobiales	Rhizobiaceae	Allorhizobium-Neorhizobium-Pararhizobium-Rhizobium	Unclassified	0.862627211
4c34c5d3cd3bd2ac1d46bb63ec410cbc	Bacteria	Proteobacteria	Alphaproteobacteria	Rhizobiales	Rhizobiaceae	Allorhizobium-Neorhizobium-Pararhizobium-Rhizobium	Unclassified	0.744097302
5828b7045f4af75e638738f6857e1882	Bacteria	Proteobacteria	Alphaproteobacteria	Rhizobiales	Rhizobiaceae	Unclassified	Unclassified	0.999994442
dce26cf8563522c91fe80aee353ea8fd	Bacteria	Proteobacteria	Alphaproteobacteria	Rhizobiales	Rhizobiaceae	Allorhizobium-Neorhizobium-Pararhizobium-Rhizobium	Unclassified	0.783159431
7c06f8be3b647c23a991138658d27bba	Bacteria	Proteobacteria	Alphaproteobacteria	Rhizobiales	Rhizobiaceae	Allorhizobium-Neorhizobium-Pararhizobium-Rhizobium	Unclassified	0.925634524
80a975dce4e759985a416520448e5f0d	Bacteria	Proteobacteria	Alphaproteobacteria	Rhizobiales	Rhizobiaceae	Unclassified	Unclassified	0.999991328
faac254dd18816a0e88919a0a45b8594	Bacteria	Proteobacteria	Alphaproteobacteria	Rhizobiales	Rhizobiaceae	Allorhizobium-Neorhizobium-Pararhizobium-Rhizobium	Unclassified	0.836729327
b462fc8b7573878e37d879bb38775698	Bacteria	Proteobacteria	Alphaproteobacteria	Rhizobiales	Rhizobiaceae	Allorhizobium-Neorhizobium-Pararhizobium-Rhizobium	Unclassified	0.805591585
7837696a2ced3c012e3b6652774ad9f3	Bacteria	Proteobacteria	Alphaproteobacteria	Rhizobiales	Rhizobiaceae	Allorhizobium-Neorhizobium-Pararhizobium-Rhizobium	Unclassified	0.840254822
2d2b8c0b57e35bb4dec924f66cd3e13e	Bacteria	Proteobacteria	Alphaproteobacteria	Rhizobiales	Rhizobiaceae	Allorhizobium-Neorhizobium-Pararhizobium-Rhizobium	Neorhizobium_huautlense	0.748220668
a96e3ea47608ecfbb4d8ad68399983a1	Bacteria	Proteobacteria	Alphaproteobacteria	Rhizobiales	Rhizobiaceae	Unclassified	Unclassified	0.999943783
4183f4cce355670abd623164e477fd80	Bacteria	Proteobacteria	Alphaproteobacteria	Rhizobiales	Rhizobiaceae	Allorhizobium-Neorhizobium-Pararhizobium-Rhizobium	Unclassified	0.861074641
5b9131f712aae1514ddf52bb5c50ec2c	Bacteria	Proteobacteria	Alphaproteobacteria	Rhizobiales	Rhizobiaceae	Allorhizobium-Neorhizobium-Pararhizobium-Rhizobium	Unclassified	0.867456284
dba1b9d9722c77fa104afc74a6549fa3	Bacteria	Proteobacteria	Alphaproteobacteria	Rhizobiales	Rhizobiaceae	Allorhizobium-Neorhizobium-Pararhizobium-Rhizobium	Unclassified	0.985897339
10f2c04f10ef5002825b581f7993bcf7	Bacteria	Proteobacteria	Alphaproteobacteria	Rhizobiales	Rhizobiaceae	Unclassified	Unclassified	0.877337359
316cba14be4f860df595ead562937187	Bacteria	Spirochaetota	Leptospirae	Leptospirales	Leptospiraceae	Turneriella	metagenome	0.859827724
7191cbeba929615769620c05a343708e	Bacteria	Proteobacteria	Alphaproteobacteria	Rhizobiales	Rhizobiaceae	Unclassified	Unclassified	0.992127703
ef0671794d0fd810088d52dd37ef13e2	Bacteria	Proteobacteria	Alphaproteobacteria	Rhizobiales	Rhizobiaceae	Unclassified	Unclassified	0.99962473
be59b6def2463f661a381d11db5293b5	Bacteria	Proteobacteria	Alphaproteobacteria	Rhizobiales	Rhizobiaceae	Unclassified	Unclassified	0.995717035
5d9b8510f4c394cdd5a6efc79e21dae8	Bacteria	Proteobacteria	Alphaproteobacteria	Rhizobiales	Rhizobiaceae	Unclassified	Unclassified	0.81168994
1692daf2146954ad2ccde808a97802aa	Bacteria	Proteobacteria	Alphaproteobacteria	Rhizobiales	Rhizobiaceae	Unclassified	Unclassified	0.949293882
1311742cf8747b63cffbf477f576d663	Bacteria	Proteobacteria	Alphaproteobacteria	Rhizobiales	Devosiaceae	Unclassified	uncultured_Prosthecomicrobium	0.749723002
b2b1bb0c5226897d0b577345467684e3	Bacteria	Proteobacteria	Alphaproteobacteria	Rhizobiales	NA	Unclassified	Unclassified	0.999957782
6d66f9654da3ad6b0b1ef9321e976601	Bacteria	Proteobacteria	Alphaproteobacteria	Rhizobiales	Devosiaceae	Unclassified	uncultured_Prosthecomicrobium	0.749653902
e5bb4e7c8c215c1ecb4416a8cbecd701	Bacteria	Proteobacteria	Alphaproteobacteria	Rhizobiales	Rhizobiaceae	Shinella	Unclassified	0.950127752
0bf1fbed4631b9d0740d233d649c0a4c	Bacteria	Proteobacteria	Alphaproteobacteria	Rhizobiales	Rhizobiaceae	Shinella	Unclassified	0.994926316
a4dfa214aa688593f02492956cabc28d	Bacteria	Proteobacteria	Alphaproteobacteria	Rhizobiales	Rhizobiaceae	Shinella	Unclassified	0.995423075
951c826dc893a49c606f0974178bfff8	Bacteria	Proteobacteria	Alphaproteobacteria	Rhizobiales	Rhizobiaceae	Shinella	Unclassified	0.986411708
0a365949ecdec9d54a3ebcd5bea9c87d	Bacteria	Proteobacteria	Alphaproteobacteria	Rhizobiales	Rhizobiaceae	Shinella	Unclassified	0.996680231
4c348055e54f379afff6422f9d7ea4a8	Bacteria	Proteobacteria	Alphaproteobacteria	Rhizobiales	Rhizobiaceae	Shinella	Unclassified	0.993015824
bcd58fd161567a4055e5a54361c50749	Bacteria	Proteobacteria	Alphaproteobacteria	Rhizobiales	Rhizobiaceae	Allorhizobium-Neorhizobium-Pararhizobium-Rhizobium	Unclassified	0.873447563
f69935468f23e756fecb52ff97286a75	Bacteria	Proteobacteria	Alphaproteobacteria	Rhizobiales	Rhizobiaceae	Allorhizobium-Neorhizobium-Pararhizobium-Rhizobium	Shinella_sp.	0.947904139
c5a91249a888b0be886b85a4b0b299e4	Bacteria	Proteobacteria	Alphaproteobacteria	Rhizobiales	Rhizobiaceae	Unclassified	Unclassified	0.99941859
179d4784629b3f39b3a2368353411409	Bacteria	NA	NA	NA	NA	Unclassified	Unclassified	1
489f576332e92b7207009c1b2a3fd2ab	Bacteria	Acidobacteriota	Thermoanaerobaculia	Thermoanaerobaculales	Thermoanaerobaculaceae	Subgroup_10	uncultured_Alphaproteobacteria	0.932166641
17edf270b5e35fefc08d481890bc0f64	Bacteria	Bacteroidota	Bacteroidia	Bacteroidetes_VC2.1_Bac22	Bacteroidetes_VC2.1_Bac22	Bacteroidetes_VC2.1_Bac22	metagenome	0.915500985
67678172ab00fd167164466b53331001	Bacteria	Proteobacteria	Alphaproteobacteria	Rhizobiales	Rhizobiaceae	Allorhizobium-Neorhizobium-Pararhizobium-Rhizobium	Neorhizobium_alkalisoli	0.94088123
67f7c968919896c6d79f3bcbd0487e6b	Bacteria	Proteobacteria	Alphaproteobacteria	Rhizobiales	Rhizobiaceae	Allorhizobium-Neorhizobium-Pararhizobium-Rhizobium	Unclassified	0.993409885
566065c291199679b4240af3f6071ceb	Bacteria	Proteobacteria	Alphaproteobacteria	Rhizobiales	Rhizobiaceae	Unclassified	Unclassified	0.899379291
1851c1d4b077b5988a841f755629acb9	Bacteria	Proteobacteria	Alphaproteobacteria	Rhizobiales	Rhizobiaceae	Allorhizobium-Neorhizobium-Pararhizobium-Rhizobium	Unclassified	0.996914999
89091215d94ad28894ad6f8fb3751963	Bacteria	Proteobacteria	Alphaproteobacteria	Rhizobiales	Rhizobiaceae	Allorhizobium-Neorhizobium-Pararhizobium-Rhizobium	Unclassified	0.996962926
989d0ab1ba5730c68fcdef176f5c121a	Bacteria	Proteobacteria	Alphaproteobacteria	Rhizobiales	Rhizobiaceae	Allorhizobium-Neorhizobium-Pararhizobium-Rhizobium	Unclassified	0.999322132
cebf2f41e19346a0fc12539a628b0b4d	Bacteria	Proteobacteria	Alphaproteobacteria	Rhizobiales	Rhizobiaceae	Allorhizobium-Neorhizobium-Pararhizobium-Rhizobium	Unclassified	0.998955198
841a3062be9cc6486889feaeb5bf7a4a	Bacteria	Proteobacteria	Alphaproteobacteria	Rhizobiales	Rhizobiaceae	Allorhizobium-Neorhizobium-Pararhizobium-Rhizobium	Unclassified	0.93506751
27907d0d07c619e7d4feb62fae490261	Bacteria	Proteobacteria	Alphaproteobacteria	Rhizobiales	Rhizobiaceae	Allorhizobium-Neorhizobium-Pararhizobium-Rhizobium	Unclassified	0.939772079
8b4b084251371223cf560186261fcddb	Bacteria	Proteobacteria	Alphaproteobacteria	Rhizobiales	Rhizobiaceae	Allorhizobium-Neorhizobium-Pararhizobium-Rhizobium	Unclassified	0.996802512
fd026aa9c09e6480a095ad0b7d277665	Bacteria	Proteobacteria	Alphaproteobacteria	Rhizobiales	Rhizobiaceae	Allorhizobium-Neorhizobium-Pararhizobium-Rhizobium	Unclassified	0.994019947
72ddbf6c3f13754fc8dd11041d141765	Bacteria	Proteobacteria	Alphaproteobacteria	Rhizobiales	Rhizobiaceae	Allorhizobium-Neorhizobium-Pararhizobium-Rhizobium	Unclassified	0.895732171
4798ad201d58a046faf54753dbb57d2a	Bacteria	Proteobacteria	Alphaproteobacteria	Rhizobiales	Rhizobiaceae	Allorhizobium-Neorhizobium-Pararhizobium-Rhizobium	Unclassified	0.828641419
1deff65aa4c23560d32f0932f793d336	Bacteria	Proteobacteria	Alphaproteobacteria	Rhizobiales	Rhizobiaceae	Allorhizobium-Neorhizobium-Pararhizobium-Rhizobium	Unclassified	0.999008004
2e964142cdccb66f41b92fc87d8bb820	Bacteria	Proteobacteria	Alphaproteobacteria	Rhizobiales	Rhizobiaceae	Allorhizobium-Neorhizobium-Pararhizobium-Rhizobium	Unclassified	0.999802727
a06bd956b058a4835b6e3e9d2777d6c3	Bacteria	Proteobacteria	Alphaproteobacteria	Rhizobiales	Rhizobiaceae	Allorhizobium-Neorhizobium-Pararhizobium-Rhizobium	Unclassified	0.993958238
979970941b28f2f011bdc14248d9e0f2	Bacteria	Proteobacteria	Alphaproteobacteria	Rhizobiales	Rhizobiaceae	Allorhizobium-Neorhizobium-Pararhizobium-Rhizobium	Unclassified	0.996469309
255d24adddd20fe66c4a9c136e498897	Bacteria	Proteobacteria	Alphaproteobacteria	Rhizobiales	Rhizobiaceae	Allorhizobium-Neorhizobium-Pararhizobium-Rhizobium	Unclassified	0.997211698
9ef69b083306927b785baa38aff3eb4e	Bacteria	Proteobacteria	Alphaproteobacteria	Rhizobiales	Rhizobiaceae	Allorhizobium-Neorhizobium-Pararhizobium-Rhizobium	Unclassified	0.998285646
c9f057806b07e4783c782a71804f3c08	Bacteria	Proteobacteria	Alphaproteobacteria	Rhizobiales	Rhizobiaceae	Allorhizobium-Neorhizobium-Pararhizobium-Rhizobium	Unclassified	0.726924518
934e55280cc3e907200b0b21acc96bc9	Bacteria	Bacteroidota	Bacteroidia	Sphingobacteriales	env.OPS_17	env.OPS_17	Unclassified	0.919039924
6d17829f7405c59838fe7ca09da2f3c8	Bacteria	Planctomycetota	Phycisphaerae	Phycisphaerales	Phycisphaeraceae	SM1A02	Unclassified	0.823753345
12a1e4bb205649d1747848ea604dfcc4	Bacteria	NA	NA	NA	NA	Unclassified	Unclassified	0.999999916
a07700476fabf6abc3f3b8b21264b384	Bacteria	NA	NA	NA	NA	Unclassified	Unclassified	0.999997294
997b23022ae76d2b5edefefd2187ca7c	Bacteria	Proteobacteria	Alphaproteobacteria	Rhizobiales	Rhizobiaceae	Allorhizobium-Neorhizobium-Pararhizobium-Rhizobium	Unclassified	0.764968225
6118cdddf6fa679d7ccebb422e7df85f	Bacteria	Proteobacteria	Alphaproteobacteria	Rhizobiales	Rhizobiaceae	Unclassified	Unclassified	0.999792782
c63851db73af0a4d9353ad924e5382ba	Bacteria	Proteobacteria	Alphaproteobacteria	Rhizobiales	Rhizobiaceae	Allorhizobium-Neorhizobium-Pararhizobium-Rhizobium	Unclassified	0.995613095
c35decb69005dbf73b306812cb00cfa7	Bacteria	Proteobacteria	Alphaproteobacteria	Rhizobiales	Rhizobiaceae	Allorhizobium-Neorhizobium-Pararhizobium-Rhizobium	Unclassified	0.996030315
4c35beb45ffc9c649689f7ec6fede8b4	Bacteria	Proteobacteria	Alphaproteobacteria	Rhizobiales	Rhizobiaceae	Allorhizobium-Neorhizobium-Pararhizobium-Rhizobium	Unclassified	0.994243014
e9059b6c8016790c76b464f0a5e5e8d1	Bacteria	Proteobacteria	Alphaproteobacteria	Rhizobiales	Rhizobiaceae	Allorhizobium-Neorhizobium-Pararhizobium-Rhizobium	Unclassified	0.993807575
81b834cffa03aa50cf334cf2f2ef01b7	Bacteria	Proteobacteria	Alphaproteobacteria	Rhizobiales	Rhizobiaceae	Allorhizobium-Neorhizobium-Pararhizobium-Rhizobium	Unclassified	0.994778275
210e311778a134a6dac1815d6b5142e5	Bacteria	Proteobacteria	Alphaproteobacteria	Micavibrionales	uncultured	Unclassified	Unclassified	0.970773552
3d5dd042bd76ada15109ea665748aca3	Bacteria	Proteobacteria	Alphaproteobacteria	Rhizobiales	Rhizobiaceae	Unclassified	Unclassified	0.961875101
442c238bb8266fcf838eaefb75381506	Bacteria	Proteobacteria	Alphaproteobacteria	Rhizobiales	Rhizobiaceae	Aliihoeflea	uncultured_Aliihoeflea	0.732275607
eb384598ccf1939d86fb10711bf2d7f4	Bacteria	Proteobacteria	Alphaproteobacteria	Rhizobiales	Rhizobiaceae	Ensifer	Unclassified	0.950918263
93b221e19280c2d56f2cd78158c2b9fc	Bacteria	Proteobacteria	Alphaproteobacteria	Rhizobiales	Rhizobiaceae	Ensifer	Unclassified	0.948344612
933cff5514d60e37ba25805151c0e775	Bacteria	Proteobacteria	Alphaproteobacteria	Rhizobiales	Rhizobiaceae	Ensifer	Unclassified	0.961475048
50d55f3cf8a221d1233ee761ca31f5a0	Bacteria	Proteobacteria	Alphaproteobacteria	Rhizobiales	Rhizobiaceae	Ensifer	Unclassified	0.934428853
be045181d09c6797cd227252bf3fe852	Bacteria	Proteobacteria	Alphaproteobacteria	Rhizobiales	Rhizobiaceae	Unclassified	Unclassified	0.988290585
38d3c66f67b3d7e106521348cf928cb7	Bacteria	Proteobacteria	Alphaproteobacteria	Rhizobiales	Rhizobiaceae	Unclassified	Unclassified	0.999930793
fc37583104a9eff3ee879ce40c42f045	Bacteria	Proteobacteria	Alphaproteobacteria	Rhizobiales	Rhizobiaceae	Unclassified	Unclassified	0.999757464
e8c751a0492a4f8a1c0ee3c243052eb2	Bacteria	Proteobacteria	Alphaproteobacteria	Rhizobiales	Rhizobiaceae	Unclassified	Unclassified	0.99939087
61ad27144167f47de46cb7d50eae0a6e	Bacteria	Proteobacteria	Alphaproteobacteria	Rhizobiales	Rhizobiaceae	Allorhizobium-Neorhizobium-Pararhizobium-Rhizobium	Unclassified	0.984816142
8ef351ba3ba6ed70fbefd029b672ea08	Bacteria	Proteobacteria	Alphaproteobacteria	Rhizobiales	Rhizobiaceae	Allorhizobium-Neorhizobium-Pararhizobium-Rhizobium	Unclassified	0.799830643
c2829141b963d8afe9018cbdb413a685	Bacteria	Proteobacteria	Alphaproteobacteria	Rhizobiales	Rhizobiaceae	Allorhizobium-Neorhizobium-Pararhizobium-Rhizobium	Unclassified	0.837652766
e4426f610c750b86911bbaf555ea1dba	Bacteria	Proteobacteria	Alphaproteobacteria	Rhizobiales	Rhizobiaceae	Allorhizobium-Neorhizobium-Pararhizobium-Rhizobium	Unclassified	0.794843767
4f3e5ea06a8f1edd7beb4f97faa05dae	Bacteria	Proteobacteria	Alphaproteobacteria	Rhizobiales	Rhizobiaceae	Allorhizobium-Neorhizobium-Pararhizobium-Rhizobium	Unclassified	0.819562181
545412433c4e2cb653a7861960badb87	Bacteria	Proteobacteria	Alphaproteobacteria	Rhizobiales	Rhizobiaceae	Allorhizobium-Neorhizobium-Pararhizobium-Rhizobium	Unclassified	0.955317321
1f89c4b9b86fba6f4be5b5bbe1847b8e	Bacteria	Proteobacteria	Alphaproteobacteria	Rhizobiales	Rhizobiaceae	Allorhizobium-Neorhizobium-Pararhizobium-Rhizobium	Unclassified	0.941861172
bc904da79d4c64da3ac64edfa9d7ee5e	Bacteria	Proteobacteria	Alphaproteobacteria	Rhizobiales	Rhizobiaceae	Allorhizobium-Neorhizobium-Pararhizobium-Rhizobium	Unclassified	0.943872497
14a24c2510cc7d5a223df544a7fa79ac	Bacteria	Proteobacteria	Alphaproteobacteria	Rhizobiales	Rhizobiaceae	Allorhizobium-Neorhizobium-Pararhizobium-Rhizobium	Unclassified	0.964152741
bb5962bd7627f75f8aa30b5375aeb2bb	Bacteria	Proteobacteria	Alphaproteobacteria	Rhizobiales	Rhizobiaceae	Allorhizobium-Neorhizobium-Pararhizobium-Rhizobium	Unclassified	0.932431062
4c04c1586791f0c568cd8882888f0aba	Bacteria	Proteobacteria	Alphaproteobacteria	Rhizobiales	Rhizobiaceae	Allorhizobium-Neorhizobium-Pararhizobium-Rhizobium	Unclassified	0.794841675
780bd9829b91c7713bacb692c186d601	Bacteria	Proteobacteria	Alphaproteobacteria	Rhizobiales	Rhizobiaceae	Allorhizobium-Neorhizobium-Pararhizobium-Rhizobium	Unclassified	0.759364743
1822eb5c1c55c1a234d65bf40f939e11	Bacteria	Proteobacteria	Alphaproteobacteria	Rhizobiales	Rhizobiaceae	Unclassified	Unclassified	0.999792353
2537a638a6e6475ccd2ad6fdfa888107	Bacteria	Proteobacteria	Alphaproteobacteria	Rhizobiales	Rhizobiaceae	Allorhizobium-Neorhizobium-Pararhizobium-Rhizobium	Unclassified	0.777633605
e1c96ea160ff5c88f41c896e7c88074d	Bacteria	Proteobacteria	Alphaproteobacteria	Rhizobiales	Rhizobiaceae	[Rhizobium]_sphaerophysae_group	Rhizobium_helanshanense	0.773861204
4753da0b86677e18838fc23cc6204621	Bacteria	NA	NA	NA	NA	Unclassified	Unclassified	1
5482d78a351f4e749e60f2295f35873a	Bacteria	Proteobacteria	Alphaproteobacteria	Rhizobiales	Rhizobiaceae	Unclassified	Unclassified	0.959664227
5444acad8da6f7dd23e0290415e23d22	Bacteria	Bdellovibrionota	Oligoflexia	0319-6G20	0319-6G20	0319-6G20	uncultured_Roseobacter	0.870457061
1d747eff80518d6b11e0b31628422878	Bacteria	Proteobacteria	Alphaproteobacteria	Rhizobiales	NA	Unclassified	Unclassified	0.996194409
2af853385345c3485f9478a46cee4d74	Bacteria	Proteobacteria	Alphaproteobacteria	Rhizobiales	Rhizobiaceae	Pseudorhizobium	Unclassified	0.728604516
d24d8eef0d396acf6d9918e0d848a64b	Bacteria	Proteobacteria	Alphaproteobacteria	Rhizobiales	Rhizobiaceae	Ochrobactrum	Unclassified	0.916547128
97c4c230701e0081b76fdd42b8525af5	Bacteria	Proteobacteria	Alphaproteobacteria	Rhizobiales	Rhizobiaceae	Unclassified	Unclassified	0.925671877
dc0d3d1fc90913eedb7c249b284b47d0	Bacteria	Proteobacteria	Alphaproteobacteria	Rhizobiales	NA	Unclassified	Unclassified	0.81035053
a29abb2547097bc22ed4b88a17dc4069	Bacteria	Proteobacteria	Alphaproteobacteria	Rhizobiales	Rhizobiaceae	Pseudochrobactrum	Unclassified	0.805847112
0fa387d78147ff394fb1a27ba5fb2fcb	Bacteria	Proteobacteria	Alphaproteobacteria	Rhizobiales	Rhizobiaceae	Ochrobactrum	Unclassified	0.722408017
353fe07fe2d0c9feba8025a9d21412d6	Bacteria	Proteobacteria	Alphaproteobacteria	Rhizobiales	Rhizobiaceae	Ochrobactrum	Unclassified	0.757579426
07dc69d06cfaf8c59f71d7b53998eb91	Bacteria	Proteobacteria	Alphaproteobacteria	Rhizobiales	Rhizobiaceae	Ochrobactrum	Unclassified	0.801951352
bdafec01094c15f2f7de5648a6c589c2	Bacteria	Proteobacteria	Alphaproteobacteria	Rhizobiales	Rhizobiaceae	Unclassified	Unclassified	0.920433077
06f834078b6aa55a759e44866d2d8c8a	Bacteria	Proteobacteria	Alphaproteobacteria	Rhizobiales	Rhizobiaceae	Unclassified	Unclassified	0.989036923
28c1e6c2b75fe1aabd26d5db6b1605e3	Bacteria	Proteobacteria	Alphaproteobacteria	Rhizobiales	Rhizobiaceae	Allorhizobium-Neorhizobium-Pararhizobium-Rhizobium	Unclassified	0.876858422
659f7efa3f9a876a0acf815d223dcf67	Bacteria	Proteobacteria	Alphaproteobacteria	Rhizobiales	Rhizobiaceae	Ochrobactrum	Unclassified	0.971405411
2b0a471f358a0cf33e0d6c85decd150e	Bacteria	Proteobacteria	Alphaproteobacteria	Rhizobiales	Rhizobiaceae	Allorhizobium-Neorhizobium-Pararhizobium-Rhizobium	Unclassified	0.873487098
3fc2062929b55bbc43e018c20f39fcaf	Bacteria	Proteobacteria	Alphaproteobacteria	Rhizobiales	NA	Unclassified	Unclassified	0.973518472
778078eebdf0cc3fb84300be2506ef3c	Bacteria	NA	NA	NA	NA	Unclassified	Unclassified	0.999999989
2032b9bb3483e51599549a51318e7032	Bacteria	Firmicutes	Clostridia	Lachnospirales	Lachnospiraceae	Lachnospiraceae_UCG-006	uncultured_bacterium	0.872419384
6cd6f8cd43140630e730c789780da025	Bacteria	Firmicutes	Clostridia	Lachnospirales	Lachnospiraceae	[Ruminococcus]_gauvreauii_group	bacterium_ic1296	0.990986907
45807e2214655c3de5a16d2325a1dc94	Bacteria	Firmicutes	Clostridia	Lachnospirales	Lachnospiraceae	Lachnoclostridium	[Clostridium]_scindens	0.85099542
c389d120587064295892b4e9b78e4780	Bacteria	Firmicutes	Clostridia	Lachnospirales	Lachnospiraceae	Dorea	Unclassified	0.998259958
b103b4384fd99598624a1295e68badee	Bacteria	Proteobacteria	Gammaproteobacteria	NA	NA	Unclassified	Unclassified	0.943821659
336c98a8ef8f872b568d54e4e0745291	Bacteria	Myxococcota	Myxococcia	Myxococcales	Myxococcaceae	Unclassified	Unclassified	0.99987923
bca63a39364649ffbcaccb986e4de426	Bacteria	Proteobacteria	Gammaproteobacteria	CCD24	CCD24	CCD24	Unclassified	0.998298233
00113308fd937cdfcfdafe47f11ad879	Bacteria	Proteobacteria	Gammaproteobacteria	CCD24	CCD24	CCD24	Unclassified	0.999662339
4909fd7be360c7a9b77637156345f544	Bacteria	Proteobacteria	Gammaproteobacteria	CCD24	CCD24	CCD24	Unclassified	0.998661943
a04d8105557fb4a6dcbd9573938c95dc	Bacteria	Proteobacteria	Gammaproteobacteria	CCD24	CCD24	CCD24	Unclassified	0.998975712
ef1131b2b4428149dd1140d5694e7a1f	Bacteria	Proteobacteria	Gammaproteobacteria	CCD24	CCD24	CCD24	Unclassified	0.999620087
4e168be3932c18c55af840769c7bf3da	Bacteria	Proteobacteria	Gammaproteobacteria	CCD24	CCD24	CCD24	Unclassified	0.999670883
53dd267c6f5541b10133cd687aca705d	Bacteria	Proteobacteria	Gammaproteobacteria	CCD24	CCD24	CCD24	Unclassified	0.999812372
4f872f7a6ac22992b700e4330604a798	Bacteria	Proteobacteria	Gammaproteobacteria	CCD24	CCD24	CCD24	uncultured_gamma	0.777070516
519c277f41b270c24e688edd65ab4e24	Bacteria	Proteobacteria	Gammaproteobacteria	Gammaproteobacteria_Incertae_Sedis	Unknown_Family	Candidatus_Berkiella	Unclassified	0.998815634
8d3a42faab9f1303c74d4244e1ac8739	Bacteria	Proteobacteria	Gammaproteobacteria	Gammaproteobacteria_Incertae_Sedis	Unknown_Family	Candidatus_Berkiella	Unclassified	0.999190235
2ee2cae7a5de0a039f384d928a9c9f8f	Bacteria	Proteobacteria	Gammaproteobacteria	Gammaproteobacteria_Incertae_Sedis	Unknown_Family	Candidatus_Berkiella	uncultured_bacterium	0.723282903
b75fa1b05c37ee0c8d6ddae3d3d6a9f1	Bacteria	Proteobacteria	Gammaproteobacteria	Gammaproteobacteria_Incertae_Sedis	Unknown_Family	Candidatus_Berkiella	metagenome	0.794882801
1f69728ee67ef902d8acf405334c1773	Bacteria	Proteobacteria	Gammaproteobacteria	Gammaproteobacteria_Incertae_Sedis	Unknown_Family	Candidatus_Berkiella	uncultured_bacterium	0.728340707
929b239e441ab181bd7b76967b13888a	Bacteria	Proteobacteria	Gammaproteobacteria	Gammaproteobacteria_Incertae_Sedis	Unknown_Family	Candidatus_Berkiella	uncultured_bacterium	0.748197315
069fd4506ff7b056c289fe26b8b72ee0	Bacteria	Proteobacteria	Gammaproteobacteria	Gammaproteobacteria_Incertae_Sedis	Unknown_Family	Candidatus_Berkiella	uncultured_bacterium	0.701391492
9ed9456dcaa42d6ce59822dbe22516c9	Bacteria	Proteobacteria	Gammaproteobacteria	Gammaproteobacteria_Incertae_Sedis	Unknown_Family	Candidatus_Berkiella	uncultured_bacterium	0.713825909
7479e2588b2cfca7509444db9d097b9a	Bacteria	Proteobacteria	Gammaproteobacteria	Gammaproteobacteria	Gammaproteobacteria	Gammaproteobacteria	uncultured_bacterium	0.9196143
c63488963dddd1b2b8bce18a3bd2038b	Bacteria	Proteobacteria	Gammaproteobacteria	KI89A_clade	KI89A_clade	KI89A_clade	Unclassified	0.936498724
f5257efc41b4b27082199056df835c24	Bacteria	Proteobacteria	Gammaproteobacteria	NA	NA	Unclassified	Unclassified	0.999985429
e16175011e0403b9e27c0575c831a161	Bacteria	Proteobacteria	Alphaproteobacteria	Sphingomonadales	Sphingomonadaceae	Plot4-2H12	uncultured_Sphingomonadaceae	0.932239347
5321f135ecb12ee5ca0fe3b4a0e2d004	Bacteria	Proteobacteria	Alphaproteobacteria	Sphingomonadales	Sphingomonadaceae	Sphingomonas	Unclassified	0.999291687
6bf1bcfcceb8c2ac6822293aed0cbf1f	Bacteria	Proteobacteria	Alphaproteobacteria	Sphingomonadales	Sphingomonadaceae	Unclassified	Unclassified	0.999979434
e8367a5de42785c5952b668544e1920a	Bacteria	Gemmatimonadota	Gemmatimonadetes	Gemmatimonadales	Gemmatimonadaceae	Gemmatimonas	Unclassified	0.978894632
bc23c10c1775773a4e7515ad5e47ef66	Bacteria	Myxococcota	Myxococcia	Myxococcales	Myxococcaceae	Unclassified	Unclassified	0.999829664
60e9b36ebe64ea2a063b947c355a523c	Bacteria	Myxococcota	Myxococcia	Myxococcales	Myxococcaceae	Unclassified	Unclassified	0.992598423
031232bd69cc752bd6310614ff9b7236	Bacteria	Myxococcota	Polyangia	Polyangiales	Sandaracinaceae	Unclassified	uncultured_bacterium	0.745483616
1d76e7aeadcb20b773ed08f892b1a16f	Bacteria	Myxococcota	Myxococcia	Myxococcales	Myxococcaceae	Myxococcus	Unclassified	0.879983423
519d25be403dd6cfddb00281b043536d	Bacteria	Myxococcota	Myxococcia	Myxococcales	Myxococcaceae	Myxococcus	Unclassified	0.851816546
ebe1b265be38c20dcbcb35304b0ffc81	Bacteria	Myxococcota	Myxococcia	Myxococcales	Myxococcaceae	Unclassified	Unclassified	0.999955212
4c1a6829e431f8a5e25d6da4d786a062	Bacteria	Myxococcota	Myxococcia	Myxococcales	Myxococcaceae	Unclassified	Unclassified	0.999999218
377c8bf1208f3f3e9452bbd6538a058e	Bacteria	Myxococcota	Myxococcia	Myxococcales	Myxococcaceae	Unclassified	Unclassified	0.999881741
7e24b750546b485239ea1d39248c875b	Bacteria	Myxococcota	Myxococcia	Myxococcales	Myxococcaceae	Unclassified	Unclassified	0.999998018
49ec511a15bbaf70aaaf41b6b2b19e88	Bacteria	Myxococcota	Myxococcia	Myxococcales	Myxococcaceae	Myxococcus	Unclassified	0.841514017
f666c88581d57cbf758509535f6a2a9a	Bacteria	Myxococcota	Myxococcia	Myxococcales	Myxococcaceae	Unclassified	Unclassified	0.99998989
7c8e106085663fa8c9d29515a45a5a89	Bacteria	Myxococcota	Myxococcia	Myxococcales	Myxococcaceae	Unclassified	Unclassified	0.999988333
373f1d42b25b057a5e4ee1daa8d97e8d	Bacteria	Myxococcota	Myxococcia	Myxococcales	Myxococcaceae	Unclassified	Unclassified	0.999996493
c4542ef1b27782bdb3501d26911e41a0	Bacteria	Myxococcota	Myxococcia	Myxococcales	Myxococcaceae	Unclassified	Unclassified	0.999997422
da39de941e967dc74e70ab92bead56aa	Bacteria	Myxococcota	Myxococcia	Myxococcales	Myxococcaceae	P3OB-42	Unclassified	0.998759352
8f49e4592ed07c0170fa7e7bde31ff4f	Bacteria	Myxococcota	Myxococcia	Myxococcales	Myxococcaceae	P3OB-42	Unclassified	0.992553605
f89ea80fd2373b2fb4619bb635c44e55	Bacteria	Myxococcota	Myxococcia	Myxococcales	Myxococcaceae	Unclassified	Unclassified	0.99999891
3d9b0152c06ab056619186b11477ace5	Bacteria	Myxococcota	Myxococcia	Myxococcales	Myxococcaceae	Unclassified	Unclassified	0.999999259
3c9c61f0eda4c32848a88b9f795b883c	Bacteria	Myxococcota	Myxococcia	Myxococcales	Myxococcaceae	Unclassified	Unclassified	0.999999086
766b3744f72754a4ff16d1c0177f80df	Bacteria	Actinobacteriota	Thermoleophilia	Solirubrobacterales	67-14	67-14	Unclassified	0.992410342
31421b394d294635d534783bf1d14d16	Bacteria	Actinobacteriota	Thermoleophilia	Solirubrobacterales	67-14	67-14	Unclassified	0.998921835
1f832784a48c6ff1ffefb2a27d02e089	Bacteria	Actinobacteriota	Thermoleophilia	Solirubrobacterales	67-14	67-14	Unclassified	0.999121146
cdfaba65a43d28388412c35bb49add02	Bacteria	Actinobacteriota	Thermoleophilia	Solirubrobacterales	67-14	67-14	Unclassified	0.999445576
accf77b1fedac427c9233b41c9acf681	Bacteria	Actinobacteriota	Thermoleophilia	Solirubrobacterales	67-14	67-14	Unclassified	0.998931317
32fff7f320b0226431f5b0ca53abc2d0	Bacteria	Actinobacteriota	Thermoleophilia	Solirubrobacterales	67-14	67-14	Unclassified	0.999771736
edb6b5cb7e5e2671c6553e0f635a2ef9	Bacteria	Actinobacteriota	Thermoleophilia	Solirubrobacterales	67-14	67-14	Unclassified	0.99968477
6e0bd5660307361505cced59d628ad36	Bacteria	Actinobacteriota	Thermoleophilia	Solirubrobacterales	67-14	67-14	Unclassified	0.999091935
707c61ba6e519687758277e959571527	Bacteria	Desulfobacterota	Desulfuromonadia	Geobacterales	Geobacteraceae	Citrifermentans	Unclassified	0.752428359
99d54f6524b82a4d2c6e9feb79393d25	Bacteria	Desulfobacterota	Desulfuromonadia	Geobacterales	Geobacteraceae	Citrifermentans	Unclassified	0.801216449
5608e859770c3f265a17539213f7fdd1	Bacteria	Bdellovibrionota	Bdellovibrionia	Bacteriovoracales	Bacteriovoracaceae	Peredibacter	Unclassified	0.998240447
3d287bc314635ea9c8252c66d6aaa136	Bacteria	Bdellovibrionota	Bdellovibrionia	Bacteriovoracales	Bacteriovoracaceae	Peredibacter	uncultured_prokaryote	0.919481293
7b03b815ff44dea437efd9c16d8f4fff	Bacteria	Bdellovibrionota	Bdellovibrionia	Bacteriovoracales	Bacteriovoracaceae	Peredibacter	uncultured_prokaryote	0.874071403
74ddbcd006aa1ef830f2aae4844f98e6	Bacteria	Bdellovibrionota	Bdellovibrionia	Bacteriovoracales	Bacteriovoracaceae	Peredibacter	Unclassified	0.999485075
6503b18abb0b66612ed11d49a77bd2e5	Bacteria	Bdellovibrionota	Bdellovibrionia	Bacteriovoracales	Bacteriovoracaceae	Peredibacter	Unclassified	0.999694329
e6a6d27748c0e40080558d397c71c81c	Bacteria	Bdellovibrionota	Bdellovibrionia	Bacteriovoracales	Bacteriovoracaceae	Peredibacter	Unclassified	0.999715627
9ec552468f7a53e6745bfdb9cee35ee9	Bacteria	Bdellovibrionota	Bdellovibrionia	Bacteriovoracales	Bacteriovoracaceae	Peredibacter	Unclassified	0.998944406
a9bcca19a8a52b47aa3d26e7d62e2734	Bacteria	Bdellovibrionota	Bdellovibrionia	Bacteriovoracales	Bacteriovoracaceae	Peredibacter	Unclassified	0.999643016
b13f2e58f611a1442377f48da5264f53	Bacteria	Bdellovibrionota	Bdellovibrionia	Bacteriovoracales	Bacteriovoracaceae	Peredibacter	Unclassified	0.999356212
a4e4c9cd5906cae20e034eb52b584605	Bacteria	Proteobacteria	Gammaproteobacteria	Gammaproteobacteria_Incertae_Sedis	Unknown_Family	Unclassified	Unclassified	0.876981643
ed6434378f9974158c3fe345c41622d0	Bacteria	Proteobacteria	Gammaproteobacteria	Salinisphaerales	Solimonadaceae	Panacagrimonas	Unclassified	0.909785046
b624dbe391967b3e8380fe2807bae0c4	Bacteria	Proteobacteria	Alphaproteobacteria	Rhodobacterales	Rhodobacteraceae	Amaricoccus	Unclassified	0.822943982
bb06c8751df0ac2ffb9486bf9467b41f	Bacteria	Proteobacteria	Alphaproteobacteria	Rhodobacterales	Rhodobacteraceae	Amaricoccus	uncultured_bacterium	0.760343993
89d83901b80542ad37f9b973c078fa07	Bacteria	Proteobacteria	Alphaproteobacteria	Rhizobiales	Rhizobiaceae	Unclassified	Unclassified	0.975572624
275787c1bab3c799a097e24088078e15	Bacteria	Proteobacteria	Alphaproteobacteria	Rhizobiales	Rhizobiaceae	Unclassified	Unclassified	0.988925878
247726585f4dda5206f2f26113bece17	Bacteria	Proteobacteria	Alphaproteobacteria	Rhizobiales	Rhizobiaceae	Aminobacter	Unclassified	0.733933061
4396493012cc446bfcdde8ad313599a3	Bacteria	Proteobacteria	Alphaproteobacteria	Rhizobiales	Rhizobiaceae	Unclassified	Unclassified	0.980964694
61653392a0777d79074ed65fd9a60afd	Bacteria	Proteobacteria	Alphaproteobacteria	Rhizobiales	Rhizobiaceae	Unclassified	Unclassified	0.983999181
05c4c84248eb5b32a38bede74e22638f	Bacteria	Proteobacteria	Alphaproteobacteria	Rhizobiales	NA	Unclassified	Unclassified	0.975527104
8fa82fba225e92a070b691af43916660	Bacteria	Proteobacteria	Alphaproteobacteria	NA	NA	Unclassified	Unclassified	0.741015056
3bdf2de49faa047c43a4dc266f1eeeec	Bacteria	Proteobacteria	Alphaproteobacteria	Caulobacterales	Caulobacteraceae	Caulobacter	Unclassified	0.881420813
2ad4b3863aa3926c3e2fb97736a6cb37	Bacteria	Proteobacteria	Alphaproteobacteria	Caulobacterales	Caulobacteraceae	Caulobacter	Unclassified	0.846313606
51d0b93759b6d34f41980c094acd35e6	Bacteria	Proteobacteria	Alphaproteobacteria	Caulobacterales	Caulobacteraceae	Caulobacter	Unclassified	0.857560989
54e1b4287739d2e263fe7971a39666d9	Bacteria	Proteobacteria	Alphaproteobacteria	Caulobacterales	Caulobacteraceae	Caulobacter	Unclassified	0.871590543
30cd7771f4567b69e9321c4e8df46f34	Bacteria	Proteobacteria	Alphaproteobacteria	Caulobacterales	Caulobacteraceae	Caulobacter	Unclassified	0.820707869
4cfb71b665f6143f9e5c15b844bb4edc	Bacteria	Proteobacteria	Alphaproteobacteria	Caulobacterales	Caulobacteraceae	Caulobacter	Unclassified	0.875245015
e732d01d41e093b029a71b7523afec02	Bacteria	NA	NA	NA	NA	Unclassified	Unclassified	0.999999987
e06652b18416ea5ae7749c2a4367ca1f	Bacteria	Proteobacteria	Alphaproteobacteria	Caulobacterales	Caulobacteraceae	Caulobacter	Unclassified	0.898002563
317030843b6bcee209694f6e363603c4	Bacteria	Proteobacteria	Alphaproteobacteria	Caulobacterales	Caulobacteraceae	Caulobacter	uncultured_Caulobacter	0.773994274
bbad1ed944ccb25a9869787176ec558e	Bacteria	Proteobacteria	Alphaproteobacteria	Caulobacterales	Caulobacteraceae	Caulobacter	Unclassified	0.983875744
f6474d6842200cde858e47bb093fc415	Bacteria	Firmicutes	Clostridia	Peptostreptococcales-Tissierellales	Anaerovoracaceae	Mogibacterium	uncultured_bacterium	0.997441395
845159cb6a24ff320e42110e3d60f17f	Bacteria	Planctomycetota	vadinHA49	vadinHA49	vadinHA49	vadinHA49	Unclassified	0.999896801
33f99ef71c2dc976eac23ac4cbb43ccf	Bacteria	Planctomycetota	OM190	OM190	OM190	OM190	planctomycete_A-2	0.981289849
21563192edb7a22e40780867ce0a4ecd	Bacteria	Chloroflexi	TK10	TK10	TK10	TK10	Unclassified	0.999870485
725f91aa342d1f78d0baee09efa30ae3	Bacteria	Bdellovibrionota	Bdellovibrionia	Bacteriovoracales	Bacteriovoracaceae	Peredibacter	uncultured_prokaryote	0.936303728
1e5964e054d03d379831d86dfba59577	Bacteria	Bdellovibrionota	Bdellovibrionia	Bacteriovoracales	Bacteriovoracaceae	Peredibacter	uncultured_prokaryote	0.969398546
fc9bdb526440257b77e515f35533022b	Bacteria	Bdellovibrionota	Bdellovibrionia	Bacteriovoracales	Bacteriovoracaceae	Peredibacter	Unclassified	0.99967491
1d674596b0ff1a4bf168f866cf8f2e6c	Bacteria	Bdellovibrionota	Bdellovibrionia	Bacteriovoracales	Bacteriovoracaceae	Peredibacter	uncultured_prokaryote	0.73467146
b331bc92e80e5998dab64e65d5b37ef2	Bacteria	Bdellovibrionota	Bdellovibrionia	Bacteriovoracales	Bacteriovoracaceae	Peredibacter	Unclassified	0.999467977
47abaa0f3ef988758758e33a790ac774	Bacteria	Bdellovibrionota	Bdellovibrionia	Bacteriovoracales	Bacteriovoracaceae	Peredibacter	uncultured_prokaryote	0.969778242
9696d7c2a281d8bee79e76f8fd691a1b	Bacteria	Bdellovibrionota	Bdellovibrionia	Bacteriovoracales	Bacteriovoracaceae	Peredibacter	Unclassified	0.999271944
968b792c75e697616312e041b22dd3fa	Bacteria	Bdellovibrionota	Bdellovibrionia	Bacteriovoracales	Bacteriovoracaceae	Peredibacter	Unclassified	0.999818729
efd3b26252a7b5b09b201ce5428243af	Bacteria	Bdellovibrionota	Bdellovibrionia	Bacteriovoracales	Bacteriovoracaceae	Peredibacter	Unclassified	0.999960481
587054a31da0e9a6f4c83dcc4f741f07	Bacteria	Bdellovibrionota	Bdellovibrionia	Bacteriovoracales	Bacteriovoracaceae	Peredibacter	Unclassified	0.99989917
1393330c7e2a99bf2cd168a3f95bd057	Bacteria	Bdellovibrionota	Bdellovibrionia	Bacteriovoracales	Bacteriovoracaceae	Peredibacter	Unclassified	0.99996302
754f6bf5f858795347d58e5f2024cfab	Bacteria	Bdellovibrionota	Bdellovibrionia	Bacteriovoracales	Bacteriovoracaceae	Peredibacter	uncultured_prokaryote	0.824334203
b2986a093e0a45df3575b7dac51226c6	Bacteria	Bdellovibrionota	Bdellovibrionia	Bacteriovoracales	Bacteriovoracaceae	Peredibacter	Unclassified	0.999870261
5c99dc65942cc5325a50a4c444b659db	Bacteria	Bdellovibrionota	Bdellovibrionia	Bacteriovoracales	Bacteriovoracaceae	Peredibacter	Unclassified	0.999441404
ff1cc14bcf7d13791f7efc391b7989a2	Bacteria	Bdellovibrionota	Bdellovibrionia	Bacteriovoracales	Bacteriovoracaceae	Peredibacter	uncultured_bacterium	0.91439459
8bd5fee77e3514f19267672054af6b57	Bacteria	Bdellovibrionota	Bdellovibrionia	Bacteriovoracales	Bacteriovoracaceae	Peredibacter	uncultured_bacterium	0.938004314
48a794fedbfe60e50c292ecb23a05a06	Bacteria	Bdellovibrionota	Bdellovibrionia	Bacteriovoracales	Bacteriovoracaceae	Peredibacter	uncultured_bacterium	0.913032911
e125390d8446eaa0473adec9a0ad5b71	Bacteria	Myxococcota	Polyangia	Nannocystales	Nannocystaceae	Unclassified	uncultured_delta	0.901140242
37f064702f59d86591ee9b1424498b31	Bacteria	Proteobacteria	Alphaproteobacteria	NA	NA	Unclassified	Unclassified	0.999780871
1cdf7c14ef8c18eb810bfa15cb165995	Bacteria	Myxococcota	Polyangia	Haliangiales	Haliangiaceae	Haliangium	Unclassified	0.998184748
30199a2c58ed58b97fd73a79a4a9e23f	Bacteria	Myxococcota	Polyangia	Haliangiales	Haliangiaceae	Haliangium	Unclassified	0.998077097
8549fbd47b19a04f32d54489a181888b	Bacteria	Myxococcota	Polyangia	Haliangiales	Haliangiaceae	Haliangium	Unclassified	0.99780706
e3be5e72615475d340e819787cda500d	Bacteria	Myxococcota	Polyangia	Haliangiales	Haliangiaceae	Haliangium	Unclassified	0.998518978
9a560545b2e86473ccdb77641db72a99	Bacteria	Myxococcota	Polyangia	Haliangiales	Haliangiaceae	Haliangium	Unclassified	0.998012369
fa1a396e06f184990d5e8d8e176b41b2	Bacteria	Myxococcota	Polyangia	Nannocystales	Nannocystaceae	Nannocystis	Unclassified	0.950451186
9a11a7b8a51815deb1b6244a6a94ede7	Bacteria	Myxococcota	Polyangia	Polyangiales	Sandaracinaceae	Unclassified	Unclassified	0.998934828
9bacb121276bf1ea9321c9b0ea78043a	Bacteria	Myxococcota	Polyangia	Polyangiales	Sandaracinaceae	Unclassified	Unclassified	0.998528149
a176615cd215dcac46a578237491303b	Bacteria	Myxococcota	Polyangia	Polyangiales	Sandaracinaceae	Unclassified	Unclassified	0.998525373
0a7a803a2d9f1d2c8c277d7d33f88bc3	Bacteria	Myxococcota	Polyangia	Polyangiales	Sandaracinaceae	Unclassified	Unclassified	0.999456464
c3e493b3ad0ec300a2886e0b8368e722	Bacteria	Myxococcota	Polyangia	Polyangiales	Sandaracinaceae	Unclassified	Unclassified	0.999235573
059ee51b3bc4181db0c4cd4ab1c19e08	Bacteria	Myxococcota	NA	NA	NA	Unclassified	Unclassified	0.978406212
22c389eb55d86b2604ea81eb9df546ca	Bacteria	Myxococcota	Polyangia	Polyangiales	Sandaracinaceae	Unclassified	Unclassified	0.996850843
85c7b9a92fe778e33151b27609698671	Bacteria	Myxococcota	Polyangia	Polyangiales	Sandaracinaceae	Unclassified	Unclassified	0.996476219
c8a15017ba99812b646141523fd27e31	Bacteria	Patescibacteria	Saccharimonadia	Saccharimonadales	Saccharimonadales	Saccharimonadales	Unclassified	0.841427246
bf6557c6d22ffe1436e393054685848f	Bacteria	Myxococcota	Polyangia	Haliangiales	Haliangiaceae	Haliangium	Unclassified	0.979326514
d7f345d8fe241e2156ceafb0a27e8583	Bacteria	Myxococcota	Polyangia	Haliangiales	Haliangiaceae	Haliangium	Unclassified	0.982892918
4a50ae8e9dcb8e582e28d758ae5bcc62	Bacteria	Myxococcota	Polyangia	Haliangiales	Haliangiaceae	Haliangium	Unclassified	0.983054122
fea536c85ac84c9011e2e850c7fe8c64	Bacteria	Myxococcota	Polyangia	Haliangiales	Haliangiaceae	Haliangium	Unclassified	0.996826269
11abecc2ba4026f0636e0f08b6c5cf05	Bacteria	Myxococcota	Polyangia	Haliangiales	Haliangiaceae	Haliangium	Unclassified	0.984530783
eac3e470f92298e269636240105e7bf9	Bacteria	Myxococcota	Polyangia	Haliangiales	Haliangiaceae	Haliangium	Unclassified	0.978208935
c42f3eb29d8fff66c5a4e942e7a4ed91	Bacteria	Bdellovibrionota	Bdellovibrionia	Bacteriovoracales	Bacteriovoracaceae	Peredibacter	uncultured_bacterium	0.899440991
ab3954c5e5fb3b8c0a16efca7a6ee838	Bacteria	Firmicutes	Clostridia	Peptostreptococcales-Tissierellales	Peptostreptococcaceae	Romboutsia	Unclassified	0.968690685
a96a413d1538c601fd28e90e5b1cad65	Bacteria	Firmicutes	Clostridia	Peptostreptococcales-Tissierellales	Peptostreptococcaceae	Romboutsia	Unclassified	0.760266374
4545e3251efad4bc36663697edb00b2b	Bacteria	Firmicutes	Clostridia	Peptostreptococcales-Tissierellales	Peptostreptococcaceae	Romboutsia	Unclassified	0.735467785
72b7c59dc1986191761d01d9ecab7d51	Bacteria	Firmicutes	Clostridia	Peptostreptococcales-Tissierellales	Peptostreptococcaceae	Romboutsia	Unclassified	0.985839228
de9f0909cf31c1e266bc9747cb110645	Bacteria	Firmicutes	Clostridia	Peptostreptococcales-Tissierellales	Peptostreptococcaceae	Romboutsia	Unclassified	0.9889462
2dbea346c2c3128cd61b6980845dd646	Bacteria	Firmicutes	Clostridia	Peptostreptococcales-Tissierellales	Peptostreptococcaceae	Romboutsia	Unclassified	0.851858305
16eed58b4b3a79fa39b8307da0f66ba5	Bacteria	Firmicutes	Clostridia	Clostridiales	Clostridiaceae	Clostridium_sensu_stricto_12	Unclassified	0.998360039
8d0a62eec920ffcd0e77525aeee21f89	Bacteria	Firmicutes	Clostridia	Clostridiales	Clostridiaceae	Clostridium_sensu_stricto_12	Clostridium_magnum	0.80195541
9ef7c403caff0bebfc20d3e25bd33145	Bacteria	Firmicutes	Clostridia	Clostridiales	Clostridiaceae	Clostridium_sensu_stricto_12	Clostridium_magnum	0.937539954
a6860cf2c1599ebca8203c4e41bc8e7a	Bacteria	Firmicutes	Clostridia	Clostridiales	Clostridiaceae	Clostridium_sensu_stricto_12	Clostridium_magnum	0.859869404
270df78e0ae0bede8f785af020702f1e	Bacteria	Firmicutes	Clostridia	Peptostreptococcales-Tissierellales	Peptostreptococcaceae	Sporacetigenium	uncultured_bacterium	0.951458814
b8e60297bb11309809d4330216254c2f	Bacteria	Firmicutes	Clostridia	Peptostreptococcales-Tissierellales	Peptostreptococcaceae	Unclassified	Unclassified	0.999999654
6c568bfa227510e6efc1f26285c24b8f	Bacteria	Firmicutes	Clostridia	Peptostreptococcales-Tissierellales	Peptostreptococcaceae	Unclassified	Unclassified	0.999999781
17882728b791100992ef95554c783e59	Bacteria	Desulfobacterota	Desulfuromonadia	Geobacterales	Geobacteraceae	Unclassified	Unclassified	0.994186998
137663aca600c82da9c8dbf238655b12	Bacteria	RCP2-54	RCP2-54	RCP2-54	RCP2-54	RCP2-54	uncultured_prokaryote	0.759817129
50a21fba630b882590da5973e2b807df	Bacteria	RCP2-54	RCP2-54	RCP2-54	RCP2-54	RCP2-54	uncultured_prokaryote	0.748168967
133e0f885a4e7c94b5f5eea886bb1e65	Bacteria	RCP2-54	RCP2-54	RCP2-54	RCP2-54	RCP2-54	uncultured_prokaryote	0.903430317
37808e3ec32f3de4e95b05add425b4f6	Bacteria	Firmicutes	Bacilli	Paenibacillales	Paenibacillaceae	Ammoniphilus	Unclassified	0.986131685
dd665a08c44859e0733fe4eba47cdb1f	Bacteria	Firmicutes	Bacilli	Paenibacillales	Paenibacillaceae	Ammoniphilus	Unclassified	0.9917358
66ec916e955c868f114ca3b2e03cb330	Bacteria	Firmicutes	Bacilli	Bacillales	Bacillaceae	Geobacillus	Unclassified	0.999984766
68c05a2f96936bbdcab5811a76d76453	Bacteria	Firmicutes	Bacilli	Bacillales	Bacillaceae	Bacillus	Unclassified	0.9988238
b7ce8f1eba7b5de6ee881dcdf8f9557d	Bacteria	Firmicutes	Bacilli	Bacillales	Bacillaceae	Bacillus	Unclassified	0.996165626
99742260d6e90232321933d6c27e274d	Bacteria	Firmicutes	Bacilli	Bacillales	Bacillaceae	Bacillus	Unclassified	0.998252864
ef7ebe743d912abe4c99162204d1b57b	Bacteria	Firmicutes	Bacilli	Bacillales	Bacillaceae	Bacillus	Unclassified	0.997265734
f981335a3889a60134ae57a46d92dffe	Bacteria	Firmicutes	Bacilli	Bacillales	Bacillaceae	Bacillus	Unclassified	0.989750055
e700e04c333031913d2b7984ab392bdb	Bacteria	Firmicutes	Bacilli	Bacillales	Bacillaceae	Bacillus	Unclassified	0.981175464
de9d8905772416bfe10aa2abeb6bd50c	Bacteria	Firmicutes	Bacilli	Bacillales	Bacillaceae	Bacillus	Unclassified	0.984700956
0e354fdd1c1f1fb332495b04f087929d	Bacteria	Firmicutes	Bacilli	Bacillales	Bacillaceae	Bacillus	Unclassified	0.989165833
78bfda3d47866b98a2357e5b1f902527	Bacteria	Firmicutes	Bacilli	Bacillales	Bacillaceae	Bacillus	Unclassified	0.984971384
97bd95b8c81170d5ad63f1042add79f7	Bacteria	Firmicutes	Bacilli	Bacillales	Bacillaceae	Bacillus	Unclassified	0.9927029
444601d6248f80a755632b8219479c26	Bacteria	Firmicutes	Bacilli	Bacillales	Bacillaceae	Bacillus	Unclassified	0.931694634
a6263bb4dfdc9300e2d27bfd1db07092	Bacteria	Firmicutes	Bacilli	Bacillales	Bacillaceae	Bacillus	Unclassified	0.91253953
bf5fb3fccfebb7b2af71a0a0992875de	Bacteria	Firmicutes	Bacilli	Bacillales	Bacillaceae	Bacillus	Unclassified	0.801348342
34f75aa8c5e31f99c659c0cf791e2bab	Bacteria	Firmicutes	Bacilli	Bacillales	Bacillaceae	Bacillus	Unclassified	0.854246449
f5178ff466f0a69a79ad3d7da1102e17	Bacteria	Firmicutes	Bacilli	Bacillales	Bacillaceae	Bacillus	Unclassified	0.998367435
daa33676ec8bf3e792285278e4337fbb	Bacteria	Firmicutes	Bacilli	Bacillales	Bacillaceae	Bacillus	Unclassified	0.998350209
ebc4321536db00e417472a3e083aca1c	Bacteria	Firmicutes	Bacilli	Bacillales	Bacillaceae	Bacillus	Bacillus_litoralis	0.73599588
2b1ca9b844284dff142e6c1129d693ee	Bacteria	Firmicutes	Bacilli	Bacillales	Bacillaceae	Bacillus	Bacillus_litoralis	0.762414733
d5d8a1cf3cd7909c0a62059981da60b1	Bacteria	Firmicutes	Bacilli	Bacillales	Bacillaceae	Bacillus	Unclassified	0.993617039
49255b6c49564e3f0b15d9cc6b35859a	Bacteria	Firmicutes	Bacilli	Bacillales	Bacillaceae	Bacillus	Unclassified	0.984821602
715d48541e8c5ade445a244257ac9e3b	Bacteria	NA	NA	NA	NA	Unclassified	Unclassified	0.999999961
56590fbd46f4a5fac3d25debe34769b3	Bacteria	Firmicutes	Bacilli	Bacillales	Bacillaceae	Bacillus	Unclassified	0.988895049
6380451c2e51f4c304784ecb2e40548a	Bacteria	Firmicutes	Bacilli	Bacillales	Bacillaceae	Bacillus	Unclassified	0.992692305
245df181ef50d803dbe123866de07227	Bacteria	Firmicutes	Bacilli	Bacillales	Bacillaceae	Bacillus	Unclassified	0.989032503
244e23dfd216f1e77b843d3da63c4233	Bacteria	Firmicutes	Bacilli	Bacillales	Bacillaceae	Bacillus	Unclassified	0.993543545
74097c5e715e76c8bc89cc685299c3e2	Bacteria	Firmicutes	Bacilli	Bacillales	Bacillaceae	Bacillus	Unclassified	0.992757114
def8059bc426d9cab42e118a43b9bafd	Bacteria	Firmicutes	Bacilli	Bacillales	Bacillaceae	Bacillus	Unclassified	0.979091214
a6e5f644f6b98bb88383189875ef0798	Bacteria	Firmicutes	Bacilli	Bacillales	Bacillaceae	Bacillus	Unclassified	0.982665227
f4c499124c01a88d46cdc8a5beb28bb9	Bacteria	Firmicutes	Bacilli	Bacillales	Bacillaceae	Bacillus	Unclassified	0.988804479
cc6340d132fda38c833312cef2901d0d	Bacteria	Firmicutes	Bacilli	Bacillales	Bacillaceae	Bacillus	Unclassified	0.981269272
a7ee316053129d107c146aaabf17c933	Bacteria	Firmicutes	Bacilli	Bacillales	Bacillaceae	Bacillus	Unclassified	0.991022869
f2aa10a7ba8d5f6f8ac4f229fa6645cd	Bacteria	Firmicutes	Bacilli	Bacillales	Bacillaceae	Bacillus	Unclassified	0.983991488
759d303a3a283aa0d62377681648200a	Bacteria	Firmicutes	Bacilli	Bacillales	Bacillaceae	Bacillus	Unclassified	0.931405105
18f5f3e1da38059f9adb13c2f997b4d0	Bacteria	Firmicutes	Bacilli	Bacillales	Bacillaceae	Bacillus	Unclassified	0.980906652
3ffbc9281969d771ca15d11e5174264f	Bacteria	Firmicutes	Bacilli	Bacillales	Bacillaceae	Bacillus	Unclassified	0.979566084
4f17e929671f4b7331f355e3393c2d3a	Bacteria	Firmicutes	Bacilli	Bacillales	Bacillaceae	Bacillus	Unclassified	0.869693329
03f72e382b62101c0e92e874d1626735	Bacteria	Chloroflexi	Dehalococcoidia	S085	S085	S085	uncultured_bacterium	0.914962481
9bcdc7afa1d08c490e4fba842de9d792	Bacteria	Firmicutes	Bacilli	Bacillales	Bacillaceae	Bacillus	Unclassified	0.930416599
c01d2e067b4760cbdaaf9af0d59fb538	Bacteria	Firmicutes	Bacilli	Bacillales	Bacillaceae	Bacillus	Unclassified	0.989876837
6a5535856fcfab5d1b8181971df4f94d	Bacteria	Firmicutes	Bacilli	Bacillales	Bacillaceae	Bacillus	Unclassified	0.981578734
86200033941beda124aec9a080456d2b	Bacteria	Firmicutes	Bacilli	Bacillales	Bacillaceae	Bacillus	Unclassified	0.993989787
4f75b964e844c3492bdd36234055030e	Bacteria	Firmicutes	Bacilli	Bacillales	Bacillaceae	Bacillus	Unclassified	0.991332243
0890d87c67c9273b9416ac17e3f342fc	Bacteria	Firmicutes	Bacilli	Bacillales	Bacillaceae	Bacillus	Unclassified	0.997180734
88ff830eab7e9a012b9e48112af08617	Bacteria	NA	NA	NA	NA	Unclassified	Unclassified	0.999999926
74d8a80c3b04ad7f086839697ba2d10d	Bacteria	Firmicutes	Bacilli	Bacillales	Bacillaceae	Bacillus	Unclassified	0.985582994
97c7927fceaf2d500a13e45d04c8607c	Bacteria	Firmicutes	Bacilli	Bacillales	Bacillaceae	Bacillus	Unclassified	0.700806749
cbdfd810b80a69edf6747868d4726efe	Bacteria	Firmicutes	Bacilli	Bacillales	Bacillaceae	Bacillus	Unclassified	0.991143655
8e63c521681a31f10a726789fa1162b4	Bacteria	Firmicutes	Bacilli	Staphylococcales	Staphylococcaceae	Staphylococcus	Unclassified	0.985106956
26a0f5254e08bc66f7cad7b4f165249e	Bacteria	Firmicutes	Bacilli	NA	NA	Unclassified	Unclassified	0.94643711
fcc71546515e1cd82a046c319dd41de2	Bacteria	Firmicutes	Bacilli	Staphylococcales	Staphylococcaceae	Staphylococcus	Unclassified	0.994175183
f7e485b5b736f40266d8967e3e283f06	Bacteria	Firmicutes	Bacilli	Staphylococcales	Staphylococcaceae	Staphylococcus	Unclassified	0.983481607
37e4cbd438145d383a9a4abdac4d7b1b	Bacteria	Firmicutes	Bacilli	Staphylococcales	Staphylococcaceae	Staphylococcus	Unclassified	0.972537809
7f9349cbb621d50692779cefea9703f2	Bacteria	Firmicutes	Bacilli	Staphylococcales	Staphylococcaceae	Staphylococcus	Unclassified	0.993549289
66b9331c4d76ecd8a0545b4ed01753ce	Bacteria	Firmicutes	Bacilli	Staphylococcales	Staphylococcaceae	Staphylococcus	Unclassified	0.988047536
ff3051eb2deb87cfe1d092a957a442bc	Bacteria	Firmicutes	Bacilli	Staphylococcales	Staphylococcaceae	Staphylococcus	Unclassified	0.948869467
5347a2bb8691f90ba75423849964d9c1	Bacteria	Firmicutes	Bacilli	Bacillales	Planococcaceae	Unclassified	Unclassified	0.95540882
3ca701873972c504038ce47731e1c368	Bacteria	Firmicutes	Bacilli	Bacillales	Planococcaceae	Paenisporosarcina	Unclassified	0.930735844
46304623acb0542fa8c931bfb55520ab	Bacteria	Firmicutes	Bacilli	Bacillales	Planococcaceae	Paenisporosarcina	Unclassified	0.959166914
cf672b608b661a6503a0e406fda2244a	Bacteria	Firmicutes	Bacilli	Bacillales	Planococcaceae	Unclassified	Unclassified	0.983151583
57f154e5da72f7ad346ab2cd7dc5c35e	Bacteria	Firmicutes	Bacilli	Bacillales	Planococcaceae	Unclassified	Unclassified	0.988641715
72c83b64c915b3ca7628a2f97b8a22d7	Bacteria	Firmicutes	Bacilli	Bacillales	Planococcaceae	Unclassified	Unclassified	0.979969984
14a9d5445b53e71cabf8ca266108bfda	Bacteria	Firmicutes	Bacilli	Bacillales	Planococcaceae	Unclassified	Unclassified	0.985082642
ef4df2a0d5ce75621a945e9caa1b3e1e	Bacteria	Firmicutes	Bacilli	Bacillales	Bacillaceae	Bacillus	Unclassified	0.969329897
2aaa804c08817b7d56d2240612ea2f67	Bacteria	Firmicutes	Bacilli	Bacillales	Bacillaceae	Bacillus	Unclassified	0.972831305
7576e6bf242cbd849cce2b7d7553da14	Bacteria	Firmicutes	Bacilli	Bacillales	Bacillaceae	Bacillus	Unclassified	0.950812559
4ba2b49cd923ef720ee3ee1d674b1cc7	Bacteria	Firmicutes	Bacilli	Bacillales	Planococcaceae	Paenisporosarcina	Unclassified	0.831773685
cb1a51c546d191fe2ef7ac1545f6139f	Bacteria	Firmicutes	Bacilli	Bacillales	Planococcaceae	Lysinibacillus	Unclassified	0.98516914
a2f5cc250a74ecf260482a7ab6dc27f8	Bacteria	Firmicutes	Bacilli	Bacillales	Planococcaceae	Lysinibacillus	Unclassified	0.991174111
92c108d0cc244915d175298178caa37f	Bacteria	Firmicutes	Bacilli	Bacillales	Planococcaceae	Psychrobacillus	Unclassified	0.919661206
f3a86f7f1a4c3e450dd9277888771424	Bacteria	Firmicutes	Bacilli	Bacillales	Planococcaceae	Psychrobacillus	Unclassified	0.769813682
f544422f290762c6d599374aa62377aa	Bacteria	Firmicutes	Bacilli	Bacillales	Bacillaceae	Bacillus	Unclassified	0.990359091
89506369628861d7f8b88fc86f6ce26f	Bacteria	Firmicutes	Bacilli	Bacillales	Bacillaceae	Bacillus	Unclassified	0.997019643
9421319bd0ff57b3b50d6d70c5970a36	Bacteria	Firmicutes	Bacilli	Bacillales	Planococcaceae	Sporosarcina	uncultured_bacterium	0.737332376
213d9a8d3b42e050b0c9806e21edbc84	Bacteria	Firmicutes	Bacilli	Bacillales	Planococcaceae	Sporosarcina	uncultured_bacterium	0.716097071
b88ff2229740fc9c75184565fb2a861d	Bacteria	Firmicutes	Bacilli	Lactobacillales	Aerococcaceae	Abiotrophia	uncultured_bacterium	0.999872769
e50218e1c4dfc70c125ed5bbb42a3108	Bacteria	Firmicutes	Bacilli	Lactobacillales	Enterococcaceae	Enterococcus	Unclassified	0.924364031
af451de0d50e3454dbe1dc479264bd3c	Bacteria	Firmicutes	Bacilli	Lactobacillales	Enterococcaceae	Enterococcus	Unclassified	0.945710521
670662f6fbd3a1b70b04516be78d441d	Bacteria	Firmicutes	Bacilli	Lactobacillales	NA	Unclassified	Unclassified	0.898064252
a43635b9509aa7c70b2a503e35ad8bd5	Bacteria	Firmicutes	Bacilli	Lactobacillales	Enterococcaceae	Enterococcus	Unclassified	0.95565248
a175969294e5d6972f1cd7918292abbe	Bacteria	Firmicutes	Bacilli	Bacillales	Bacillaceae	Bacillus	Unclassified	0.981085127
42d835a238ad9ad700892a12944c7884	Bacteria	Firmicutes	Bacilli	Lactobacillales	NA	Unclassified	Unclassified	0.998039714
6910b5fc964eb311bddff86454938cb2	Bacteria	Firmicutes	Bacilli	Lactobacillales	Carnobacteriaceae	Marinilactibacillus	Unclassified	0.99059446
e9dd6671461d129f976414408655e3ef	Bacteria	Firmicutes	Bacilli	Bacillales	Planococcaceae	Domibacillus	Unclassified	0.965404741
ffdbf50dcb093f670144d57fc2bb0f4c	Bacteria	Firmicutes	Bacilli	Bacillales	Planococcaceae	Domibacillus	Unclassified	0.739831919
a441e963bd937a64f8dd4a536c335e11	Bacteria	Firmicutes	Bacilli	Bacillales	Planococcaceae	Domibacillus	Unclassified	0.920217441
185bbb28c8019c36db1cb28f5177f122	Bacteria	Firmicutes	Bacilli	Bacillales	Planococcaceae	Unclassified	Unclassified	0.99969823
138145ef743b6fc31ee1bef20084927a	Bacteria	Firmicutes	Bacilli	Erysipelotrichales	Erysipelotrichaceae	Turicibacter	Unclassified	0.999995785
00837b135ce7d759f50e5acc01e8cebd	Bacteria	Firmicutes	Bacilli	Erysipelotrichales	Erysipelotrichaceae	Turicibacter	Unclassified	0.999994034
036716afd8d748efe6e69076757d3087	Bacteria	Firmicutes	Bacilli	Erysipelotrichales	Erysipelotrichaceae	Turicibacter	Unclassified	0.999995455
8658ddf1b887847a36841e5f1f3f7847	Bacteria	Firmicutes	Bacilli	Staphylococcales	Gemellaceae	Gemella	Unclassified	0.999999956
37149cb336d7bbe9427e6d7c9bc620f2	Bacteria	Myxococcota	Polyangia	Nannocystales	Nannocystaceae	Unclassified	uncultured_delta	0.744878898
54716bb9bcf95821fd8a0fcccf9bf7ce	Bacteria	Proteobacteria	Alphaproteobacteria	Thalassobaculales	Thalassobaculaceae	Thalassobaculum	uncultured_bacterium	0.968120583
da08210de0fbb807ae6b6393bb766b44	Bacteria	Proteobacteria	Alphaproteobacteria	Azospirillales	Azospirillaceae	Skermanella	Unclassified	0.997797609
c2f816fcd5262bc3706e4678e703ab77	Bacteria	Proteobacteria	Alphaproteobacteria	Azospirillales	Azospirillaceae	Skermanella	uncultured_Skermanella	0.838045657
64c09071b28f19213b4919323c45c1fb	Bacteria	Proteobacteria	Alphaproteobacteria	Azospirillales	Azospirillaceae	Skermanella	Unclassified	0.993237721
1908a4ee08cd70602209d33e09075730	Bacteria	Proteobacteria	Alphaproteobacteria	Azospirillales	uncultured	Unclassified	Unclassified	0.999520595
2078f626cbfd4d5056930aea944c8179	Bacteria	Proteobacteria	Alphaproteobacteria	Dongiales	Dongiaceae	Dongia	Dongia_rigui	0.991649759
2c122da1b1a4b9925c031cbeba215a43	Bacteria	Proteobacteria	Alphaproteobacteria	Dongiales	Dongiaceae	Dongia	Unclassified	0.990863539
7f2afb581cb7cf7786e20c949a3f97ca	Bacteria	Proteobacteria	Alphaproteobacteria	Rickettsiales	AB1	AB1	uncultured_bacterium	0.712661443
8c037fb82d250394aa9fffbc6f72a711	Bacteria	Proteobacteria	Alphaproteobacteria	Azospirillales	uncultured	Unclassified	Unclassified	0.994492563
cbe0681a98a959dacf5b48de52c1fce3	Bacteria	Proteobacteria	Alphaproteobacteria	Azospirillales	Azospirillaceae	Skermanella	uncultured_bacterium	0.710456299
3f306f0bcd6277222cdef744c80f75f1	Bacteria	Myxococcota	Polyangia	Haliangiales	Haliangiaceae	Haliangium	Kofleria_flava	0.833768669
d6c997c982b54b3b24a97b4e6ac9234c	Bacteria	Myxococcota	Polyangia	Haliangiales	Haliangiaceae	Haliangium	Unclassified	0.997766134
9ab60a49ac067d95f9b04f25dda4690b	Bacteria	Proteobacteria	Alphaproteobacteria	Defluviicoccales	Defluviicoccaceae	Defluviicoccus	uncultured_bacterium	0.743632967
065197c12af1d39b6dabe90298707d02	Bacteria	Proteobacteria	Alphaproteobacteria	Defluviicoccales	Defluviicoccaceae	Defluviicoccus	uncultured_bacterium	0.800284747
2703990b68342de4c85850320e17c471	Bacteria	Proteobacteria	Alphaproteobacteria	Defluviicoccales	Defluviicoccaceae	Defluviicoccus	uncultured_bacterium	0.840563224
8fe6cbcb74e6d30f76cc783f6d9a4e0a	Bacteria	Myxococcota	Polyangia	Haliangiales	Haliangiaceae	Haliangium	Unclassified	0.999905124
40ba575dd3d4e9368008801db315132a	Bacteria	Myxococcota	Polyangia	Haliangiales	Haliangiaceae	Haliangium	Unclassified	0.999980739
1683d3dfd75e0fbdd80ff0241dce54cb	Bacteria	Myxococcota	Polyangia	Haliangiales	Haliangiaceae	Haliangium	Unclassified	0.999988151
b16fff86adb4c9eea93a355a7427fffe	Bacteria	Myxococcota	Polyangia	Haliangiales	Haliangiaceae	Haliangium	Unclassified	0.999962995
13c3c0e43ed9164a33d76ed0cdfce219	Bacteria	Myxococcota	Polyangia	Haliangiales	Haliangiaceae	Haliangium	Unclassified	0.99995139
7bdc8167c49d1d1b83287acd40df03e3	Bacteria	Firmicutes	Bacilli	Lactobacillales	Streptococcaceae	Lactococcus	Unclassified	0.999995777
c694282ba6ae891fb8757ea14c82037d	Bacteria	Firmicutes	Bacilli	Lactobacillales	Streptococcaceae	Lactococcus	Unclassified	0.999994437
ca63921b9a112b2106a1a1052c1baf04	Bacteria	Proteobacteria	Alphaproteobacteria	Rickettsiales	SM2D12	SM2D12	uncultured_organism	0.786777246
02b6c4c7243afa87e8e238e0a67e90bb	Bacteria	Myxococcota	Polyangia	Polyangiales	Eel-36e1D6	Eel-36e1D6	uncultured_bacterium	0.793121504
e57486c50d8c3e221fdf6ac42375a572	Bacteria	Myxococcota	Polyangia	Haliangiales	Haliangiaceae	Haliangium	Unclassified	0.99698237
3c6cb26944827cb086f44a48b28f7013	Bacteria	Myxococcota	Polyangia	Haliangiales	Haliangiaceae	Haliangium	Unclassified	0.99766032
faf30d3288f16b15b53397da47515d84	Bacteria	Myxococcota	Polyangia	Haliangiales	Haliangiaceae	Haliangium	Unclassified	0.998176038
7dec66d8786c3082e1a338435b5090c2	Bacteria	Proteobacteria	Alphaproteobacteria	NA	NA	Unclassified	Unclassified	0.955033824
3625edc26b250295cddebc66c3b4fa0f	Bacteria	Proteobacteria	Alphaproteobacteria	NA	NA	Unclassified	Unclassified	0.966054768
937a7149551ff34708ac08b1279399e5	Bacteria	Myxococcota	Polyangia	Haliangiales	Haliangiaceae	Haliangium	uncultured_Myxococcales	0.944965277
b80d4bde56cc2a06efae005f6315b251	Bacteria	Myxococcota	Polyangia	Haliangiales	Haliangiaceae	Haliangium	uncultured_Myxococcales	0.895656722
d195b6600d879dd129ce1c4bcee831d4	Bacteria	Proteobacteria	Alphaproteobacteria	NA	NA	Unclassified	Unclassified	0.939720804
94328768690ad4fea8afad4458fdcfa7	Bacteria	Proteobacteria	Alphaproteobacteria	Rickettsiales	SM2D12	SM2D12	uncultured_bacterium	0.705657324
e9326ec5408ae519cd61e0ee84913aab	Bacteria	Bdellovibrionota	Bdellovibrionia	Bdellovibrionales	Bdellovibrionaceae	OM27_clade	Unclassified	0.996434725
33341e74aaa42d3eeea752819bb0de54	Bacteria	Bdellovibrionota	Bdellovibrionia	Bdellovibrionales	Bdellovibrionaceae	OM27_clade	Unclassified	0.990218063
227e1de3bce7d029fda42b6aa6e1b48d	Bacteria	Bdellovibrionota	Bdellovibrionia	Bdellovibrionales	Bdellovibrionaceae	OM27_clade	Unclassified	0.911404275
004c12a3f9831254ed43e2c580095095	Bacteria	Bdellovibrionota	Bdellovibrionia	Bdellovibrionales	Bdellovibrionaceae	OM27_clade	Unclassified	0.899529338
70777621b97ed0e2d1b62089ac9aff0d	Bacteria	Bdellovibrionota	Bdellovibrionia	Bdellovibrionales	Bdellovibrionaceae	OM27_clade	uncultured_Myxococcales	0.999016949
054cfe71e17583243e6fd693761e4cb3	Bacteria	Bdellovibrionota	Bdellovibrionia	Bdellovibrionales	Bdellovibrionaceae	OM27_clade	Unclassified	0.999995651
5ea55a19fc9fee6ef5e246649544a2a1	Bacteria	Bdellovibrionota	Bdellovibrionia	Bdellovibrionales	Bdellovibrionaceae	OM27_clade	Unclassified	0.999996658
cf68aee4ecd820d021904c82a775a743	Bacteria	Bdellovibrionota	Bdellovibrionia	Bdellovibrionales	Bdellovibrionaceae	OM27_clade	uncultured_Myxococcales	0.899428191
f8407b5771ee538bebb39dd8522d8d75	Bacteria	Bdellovibrionota	Bdellovibrionia	Bdellovibrionales	Bdellovibrionaceae	OM27_clade	uncultured_Myxococcales	0.874165371
ac8a363fba754c8e5fedd255e1f1d5d2	Bacteria	Bdellovibrionota	Bdellovibrionia	Bdellovibrionales	Bdellovibrionaceae	OM27_clade	Unclassified	0.999935158
1cf3ec15fbe7f95d9ba8c00d2a2924f6	Bacteria	Bdellovibrionota	Bdellovibrionia	Bdellovibrionales	Bdellovibrionaceae	OM27_clade	uncultured_Myxococcales	0.798934869
1afb0c034e50879daf662bd85145c029	Bacteria	Bdellovibrionota	Bdellovibrionia	Bdellovibrionales	Bdellovibrionaceae	OM27_clade	uncultured_Myxococcales	0.831405216
fd4c358169370a07448f111dcb4ddd90	Bacteria	Bdellovibrionota	Bdellovibrionia	Bdellovibrionales	Bdellovibrionaceae	OM27_clade	uncultured_Myxococcales	0.865982582
2d787dd773a247158947198b55353c69	Bacteria	Bdellovibrionota	Bdellovibrionia	Bdellovibrionales	Bdellovibrionaceae	OM27_clade	uncultured_Myxococcales	0.778430431
b5ba67a854760d1d4fb6e093e2b27bf9	Bacteria	Firmicutes	Bacilli	Lactobacillales	Streptococcaceae	Lactococcus	Lactococcus_garvieae	0.964796357
c38c093fa7ef6e407d90cae78ce33087	Bacteria	Myxococcota	Myxococcia	Myxococcales	Anaeromyxobacteraceae	Anaeromyxobacter	Unclassified	0.982587009
203f9c815472b0e1375ac93ec2be9cdb	Bacteria	Myxococcota	Polyangia	Nannocystales	Nannocystaceae	Pseudenhygromyxa	uncultured_bacterium	0.97467178
1ae807e8f9d0d0c414cb82ad6725a409	Bacteria	Myxococcota	Polyangia	Nannocystales	Nannocystaceae	Nannocystis	uncultured_bacterium	0.980698041
60f1ffbd3e218978255802013e7a93b2	Bacteria	Myxococcota	Polyangia	Nannocystales	Nannocystaceae	Nannocystis	Unclassified	0.996278418
d70ba84dc27d19b755ab339911a092cc	Bacteria	Myxococcota	Polyangia	Nannocystales	Nannocystaceae	Nannocystis	Unclassified	0.99902619
a6616b279112b45c658581da60fbcd04	Bacteria	Myxococcota	Polyangia	Nannocystales	Nannocystaceae	Nannocystis	Unclassified	0.997304795
2df559c9acfc5151cfe29613e1119cfc	Bacteria	Myxococcota	Polyangia	Nannocystales	Nannocystaceae	Nannocystis	uncultured_bacterium	0.761039696
2cf3e4814362b2917294bb09098e1180	Bacteria	Myxococcota	Polyangia	Nannocystales	Nannocystaceae	Nannocystis	uncultured_bacterium	0.771039811
bc7daeddf5f69e6db5e6f22e3b72e217	Bacteria	Proteobacteria	Alphaproteobacteria	Azospirillales	Azospirillaceae	Skermanella	Unclassified	0.999501257
51236a9daf493eeeb2b04e2db3ecdaa7	Bacteria	Myxococcota	Polyangia	Haliangiales	Haliangiaceae	Haliangium	Unclassified	0.998945436
34f14571b4124c17119afc1fd6af48a9	Bacteria	Myxococcota	Polyangia	Polyangiales	Sandaracinaceae	Unclassified	Unclassified	0.997940787
3f816ac27f1a14cb8dc52c7cc4b9e598	Bacteria	Myxococcota	Polyangia	Polyangiales	Sandaracinaceae	Unclassified	delta_proteobacterium	0.710636117
c6f0a1de6f9e1d733989c7de23b80297	Bacteria	Myxococcota	Polyangia	Polyangiales	Sandaracinaceae	Unclassified	delta_proteobacterium	0.871485227
cfbe28b29ec48b2de01da274a7432eca	Bacteria	Myxococcota	Polyangia	Polyangiales	Sandaracinaceae	Unclassified	delta_proteobacterium	0.808682731
ce41dfae99959aa6b6c11c3401efeae2	Bacteria	Myxococcota	Polyangia	Polyangiales	Sandaracinaceae	Unclassified	delta_proteobacterium	0.852644446
dfefffbcb90bdc354c555672d73ae68a	Bacteria	Myxococcota	Polyangia	Polyangiales	Sandaracinaceae	Unclassified	delta_proteobacterium	0.933424823
a9bfe901f8e06f4d88cb6b3741f25dfc	Bacteria	Myxococcota	Polyangia	Polyangiales	Sandaracinaceae	Unclassified	delta_proteobacterium	0.948360533
cacec8b2c3db4b987e35ba6e1dc1dcfe	Bacteria	Myxococcota	Polyangia	Haliangiales	Haliangiaceae	Haliangium	Unclassified	0.999502019
cd6a31c65a45e782f7077e7627067f90	Bacteria	Myxococcota	Polyangia	Haliangiales	Haliangiaceae	Haliangium	Unclassified	0.999868439
0a9c877b9ee2c3a90559d82796e5706b	Bacteria	Myxococcota	Polyangia	Haliangiales	Haliangiaceae	Haliangium	Unclassified	0.999938864
6ca676ee97245093f7e6cf7150bcf586	Bacteria	Myxococcota	Polyangia	Haliangiales	Haliangiaceae	Haliangium	Unclassified	0.999849126
478d0fe9e46ad88471a9f5a85c6b7bb5	Bacteria	Myxococcota	Polyangia	Haliangiales	Haliangiaceae	Haliangium	Unclassified	0.999963379
bb0ce99f3dd15d27ad52431e7bd2d1d3	Bacteria	Myxococcota	Polyangia	Haliangiales	Haliangiaceae	Haliangium	uncultured_prokaryote	0.821287897
337122af3f47295673c5ef53d3fb2bf2	Bacteria	Myxococcota	Polyangia	Haliangiales	Haliangiaceae	Haliangium	Unclassified	0.999943689
96f50cc25ccd3d6527efbc2395e88f43	Bacteria	Myxococcota	Polyangia	Haliangiales	Haliangiaceae	Haliangium	Unclassified	0.999897261
a10d5d1075327d8bf6f8e23598b37e38	Bacteria	Myxococcota	Polyangia	Haliangiales	Haliangiaceae	Haliangium	Unclassified	0.999971045
f60cb56cf5dc3a31bf492f25f70319d9	Bacteria	Myxococcota	Polyangia	Haliangiales	Haliangiaceae	Haliangium	Unclassified	0.992987147
88c7ab618935972eb8bb436f93e56972	Bacteria	Gemmatimonadota	AKAU4049	AKAU4049	AKAU4049	AKAU4049	Unclassified	0.999879839
03cd522b58f8c61840e49231a746e4df	Bacteria	Armatimonadota	Armatimonadia	Armatimonadales	Armatimonadales	Armatimonadales	metagenome	0.955384327
48bc8cc024761af806365d4ce6ef00ed	Bacteria	Myxococcota	Polyangia	Polyangiales	BIrii41	BIrii41	Unclassified	0.999817264
e8d2b0273087d3a24b766b1a81b0c65d	Bacteria	Myxococcota	Polyangia	Polyangiales	BIrii41	BIrii41	Unclassified	0.999711561
2a118652495ce4572bbded256e0c25e0	Bacteria	Myxococcota	Polyangia	Polyangiales	BIrii41	BIrii41	Unclassified	0.999137908
570df748ff11b6147a58cd425a891866	Bacteria	Myxococcota	Polyangia	Polyangiales	BIrii41	BIrii41	Unclassified	0.999993286
221ec16b7928e45d9a1fe96f1720a625	Bacteria	Myxococcota	Polyangia	Polyangiales	BIrii41	BIrii41	Unclassified	0.999998228
bd5d044d5a2c6ba04895b3e98ee3dc49	Bacteria	Myxococcota	Polyangia	Polyangiales	BIrii41	BIrii41	Unclassified	0.999871189
68b47b79bfd46f36f2a27fe8003568b4	Bacteria	Myxococcota	Polyangia	Polyangiales	BIrii41	BIrii41	Unclassified	0.9999624
32ed9660a355a62dca2456e6d8a61b70	Bacteria	Myxococcota	Polyangia	Polyangiales	BIrii41	BIrii41	Unclassified	0.99988457
152169544ed0fd9793c1ca7e87cfa54d	Bacteria	Myxococcota	Polyangia	Polyangiales	BIrii41	BIrii41	Unclassified	0.999837644
cbe35c72a64f8c59249569735a50d93b	Bacteria	Myxococcota	Polyangia	Polyangiales	BIrii41	BIrii41	Unclassified	0.999969166
e257ec341c4932d0f1d5a0db276eabbc	Bacteria	Myxococcota	Polyangia	Polyangiales	BIrii41	BIrii41	metagenome	0.761453458
d1300051af350da7b89928501587d856	Bacteria	Myxococcota	Polyangia	Polyangiales	BIrii41	BIrii41	metagenome	0.782192385
65e3096aa6714523c26e08665e7e443a	Bacteria	Myxococcota	Polyangia	Polyangiales	BIrii41	BIrii41	Unclassified	0.999997012
ae80e5baa3cda61e721fbab587c18a32	Bacteria	Myxococcota	Polyangia	Polyangiales	BIrii41	BIrii41	Unclassified	0.999996624
4ed0bb2e83a333f28ef05a6b86c8b47f	Bacteria	Myxococcota	Polyangia	Polyangiales	BIrii41	BIrii41	Unclassified	0.999998263
3719aafb42821941963018255d184622	Bacteria	Myxococcota	Polyangia	Polyangiales	BIrii41	BIrii41	Unclassified	0.999997963
cb7a1c00f2a9a97ad7633da4cf2250d2	Bacteria	Myxococcota	Polyangia	Polyangiales	BIrii41	BIrii41	Unclassified	0.999897151
5d29eecb1be055a49c8d11669f409999	Bacteria	Myxococcota	Polyangia	Polyangiales	BIrii41	BIrii41	Unclassified	0.999997451
3f244b85eab853e71c537ca746a257fb	Bacteria	Myxococcota	Polyangia	Polyangiales	BIrii41	BIrii41	Unclassified	0.99999693
10aa240c428d9e14ff4bda52ff0809e1	Bacteria	Myxococcota	Polyangia	Polyangiales	BIrii41	BIrii41	Unclassified	0.999974858
ea8c0ced5c346c760ad6e0ccaab64b31	Bacteria	Myxococcota	Polyangia	Polyangiales	BIrii41	BIrii41	uncultured_delta	0.799069776
cab73e77f084d35139b43e2b59de5d7a	Bacteria	Myxococcota	Polyangia	Polyangiales	BIrii41	BIrii41	metagenome	0.750045202
416d47fcab0eb98648c24f4fd49ad451	Bacteria	Myxococcota	Polyangia	Polyangiales	BIrii41	BIrii41	metagenome	0.703122234
e892e83d8343a4d03521b393797db2b0	Bacteria	Myxococcota	Polyangia	Polyangiales	BIrii41	BIrii41	uncultured_proteobacterium	0.989624343
d7491daacc268d24a838131947c1b538	Bacteria	Myxococcota	Polyangia	Polyangiales	BIrii41	BIrii41	Unclassified	0.997161883
463b672833733a18859e2e55adbfb046	Bacteria	Firmicutes	Bacilli	Bacillales	Bacillaceae	Cerasibacillus	Cerasibacillus_quisquiliarum	0.989471294
84fe56ae16b73674b1ad7b3259e19c8a	Bacteria	Armatimonadota	Armatimonadia	Armatimonadales	Armatimonadales	Armatimonadales	uncultured_bacterium	0.949410054
586a218f13a9ddc37fc6754d18258d4f	Bacteria	Firmicutes	Bacilli	Paenibacillales	Paenibacillaceae	Paenibacillus	Unclassified	0.969135387
92a75b3cc291996eb8440752c2669f13	Bacteria	Myxococcota	Polyangia	Polyangiales	Polyangiaceae	Unclassified	Unclassified	0.95614795
154743873e3dbb20bb6be447b39aceff	Bacteria	Myxococcota	Polyangia	Haliangiales	Haliangiaceae	Haliangium	Unclassified	0.963562785
0d842addbf9affbcc8d9a53a26289987	Bacteria	Myxococcota	Polyangia	Polyangiales	Polyangiaceae	Unclassified	uncultured_delta	0.81533656
8c628373021834113ed69584ea5dc446	Bacteria	Myxococcota	Polyangia	Haliangiales	Haliangiaceae	Haliangium	Unclassified	0.997535664
35e791331e22a90707e632391c8b075f	Bacteria	Myxococcota	Polyangia	Haliangiales	Haliangiaceae	Haliangium	Unclassified	0.998494976
d56bcfd8f505fa2aba5f71a6aa670d75	Bacteria	Firmicutes	Clostridia	Peptostreptococcales-Tissierellales	Peptostreptococcales-Tissierellales	Tissierella	Unclassified	0.793822669
3f345bba81beaffb73d12bc254b73843	Bacteria	Firmicutes	Clostridia	Peptostreptococcales-Tissierellales	Peptostreptococcales-Tissierellales	Tepidimicrobium	uncultured_bacterium	0.826434837
9cb03a462ccb6313255c974934309f25	Bacteria	Firmicutes	Clostridia	Peptostreptococcales-Tissierellales	Peptostreptococcales-Tissierellales	Alkaliphilus	Firmicutes_bacterium	0.795204398
44b5e2d9444ee9e8b37f8bbb2ac57b50	Bacteria	Firmicutes	Clostridia	Peptostreptococcales-Tissierellales	Peptostreptococcales-Tissierellales	Unclassified	Unclassified	0.993087728
29db24ddeb59f36ca390c063b2a4b9fa	Bacteria	Myxococcota	Polyangia	Polyangiales	Sandaracinaceae	Unclassified	Unclassified	0.99784075
aae159f2c5c2d55444ee3977cdd2e2bd	Bacteria	Myxococcota	Polyangia	Polyangiales	Sandaracinaceae	Unclassified	Unclassified	0.998656429
0dd46213c08d4369edb70fa1e2256078	Bacteria	Myxococcota	Polyangia	Polyangiales	Sandaracinaceae	Unclassified	uncultured_soil	0.782771394
0fbd14ce3c31eeb0c595eadc0ee5b6ed	Bacteria	Myxococcota	Polyangia	Polyangiales	Sandaracinaceae	Unclassified	Unclassified	0.998944656
e420c0d70410d5cbf907c7aa7419dac9	Bacteria	Myxococcota	Polyangia	Polyangiales	Sandaracinaceae	Unclassified	Unclassified	0.998801801
09a0e6c0ff8cc7d54b60495b5a29ebb3	Bacteria	Myxococcota	Polyangia	Polyangiales	Sandaracinaceae	Unclassified	Unclassified	0.997180949
7ed4c036474b5418d1d0cfe25a9d4bf8	Bacteria	Myxococcota	Polyangia	Polyangiales	Sandaracinaceae	Unclassified	Unclassified	0.997760857
420edf112b966ee1eabd9694ee7cab63	Bacteria	Myxococcota	Polyangia	Polyangiales	Sandaracinaceae	Unclassified	Unclassified	0.929572286
6f89b5963ffb3c3fa9c5d1bad54a1ef1	Bacteria	Actinobacteriota	Actinobacteria	Micrococcales	Microbacteriaceae	Unclassified	Unclassified	0.997587078
1db563d6ccbc92edf2837155a98b1674	Bacteria	Actinobacteriota	Thermoleophilia	Gaiellales	NA	Unclassified	Unclassified	0.999956413
f31c653ac6da5b53d914ddf54fdb4b28	Bacteria	Actinobacteriota	Thermoleophilia	Gaiellales	NA	Unclassified	Unclassified	0.999497968
16975e565ac85020ea783df1dbc105ed	Bacteria	Actinobacteriota	Thermoleophilia	Gaiellales	uncultured	Unclassified	Unclassified	0.765181158
1d3cf6fa0f7f78f9469ced184e07c9d5	Bacteria	Firmicutes	Bacilli	Lactobacillales	Streptococcaceae	Streptococcus	Unclassified	0.963661586
0ba35bea559711675dd1890e03b66d0c	Bacteria	Firmicutes	Bacilli	Lactobacillales	Streptococcaceae	Streptococcus	Unclassified	0.969128622
6e29423ae8873e46c35254836b2794ce	Bacteria	Firmicutes	Bacilli	Lactobacillales	Streptococcaceae	Streptococcus	Unclassified	0.999309124
010bb7f80d441ae519c8e60ad571f7ab	Bacteria	Firmicutes	Bacilli	Lactobacillales	Streptococcaceae	Streptococcus	Unclassified	0.994122794
9fd75e878d294365722b588377e24e38	Bacteria	Firmicutes	Bacilli	Bacillales	Bacillaceae	Halobacillus	Unclassified	0.984413193
33b11525e36f36eafdb2339a3d877377	Bacteria	Firmicutes	Bacilli	Bacillales	Bacillaceae	Sinibacillus	Sinibacillus_soli	0.824778811
d1c3e830eb1cdca1e1c7b3305985cfa3	Bacteria	Firmicutes	Bacilli	Bacillales	Bacillaceae	Virgibacillus	Unclassified	0.746012554
d8f75a76ebe760d6332e0e624d8d9e40	Bacteria	NA	NA	NA	NA	Unclassified	Unclassified	0.999993387
f64fe91099065829c4cf79888b5c5c4a	Bacteria	Firmicutes	Bacilli	Bacillales	Bacillaceae	Oceanobacillus	Unclassified	0.786843011
a812b72c4e6ddc8e29ca36e36292d7bc	Bacteria	Firmicutes	Bacilli	Bacillales	Bacillaceae	Terribacillus	Bacillus_sp.	0.821657859
1a5074f85afa9c49ee3433801880bdc8	Bacteria	Firmicutes	Bacilli	Bacillales	Bacillaceae	Terribacillus	Unclassified	0.993489581
44073a2cf694f9f7c3df962659bae05a	Bacteria	Firmicutes	Bacilli	Bacillales	Bacillaceae	Terribacillus	Unclassified	0.9895207
9ea858ef1977128e06107991dc82f09f	Bacteria	Firmicutes	Bacilli	Bacillales	Bacillaceae	Terribacillus	Unclassified	0.984586094
0be2ae68d0f4188c24bae26f61d329bc	Bacteria	Firmicutes	Bacilli	Bacillales	Bacillaceae	Unclassified	Unclassified	0.996737614
3df0c28946ea03bf999fd3d30aa79d6e	Bacteria	Firmicutes	Bacilli	Bacillales	Bacillaceae	Unclassified	Unclassified	0.996514147
b3112fd131a164b91c76f5f0b669af5a	Bacteria	Firmicutes	Bacilli	Bacillales	Bacillaceae	Unclassified	Unclassified	0.998086667
43d34f6564d2ee853cd69759d6f3e9fa	Bacteria	Firmicutes	Bacilli	Bacillales	Bacillaceae	Unclassified	Unclassified	0.998304863
53a5f063127f34501a9cc20e35af4ac2	Bacteria	Firmicutes	Bacilli	Bacillales	Bacillaceae	Virgibacillus	Unclassified	0.776809004
2d90e24d4d109abd5e570dcb7c9f0f9d	Bacteria	Firmicutes	Bacilli	Bacillales	Bacillaceae	Virgibacillus	Unclassified	0.711915104
0e7a2b2df4a8555cb671d41f7120a203	Bacteria	Firmicutes	Bacilli	Bacillales	Bacillaceae	Oceanobacillus	Unclassified	0.879383572
68c080dca0f036ecf1315f111b718cea	Bacteria	Firmicutes	Bacilli	Bacillales	Bacillaceae	Unclassified	Unclassified	0.891250522
c28f96d422fefad130e17579305728f5	Bacteria	Firmicutes	Bacilli	Bacillales	Bacillaceae	Unclassified	Unclassified	0.902184309
01f9e932d6bc0b29da62335b9dc75980	Bacteria	Firmicutes	Bacilli	Bacillales	Bacillaceae	Unclassified	Unclassified	0.892914801
b1b942a0ce6bf4b4dc9710a37caeb453	Bacteria	Firmicutes	Bacilli	Bacillales	Bacillaceae	Unclassified	Unclassified	0.991269935
a1443c3dde46771f272f8ae24265e663	Bacteria	Firmicutes	Bacilli	Bacillales	Bacillaceae	Unclassified	Unclassified	0.986048527
a96ea427f2036ec2f7d7a3c025bc3fca	Bacteria	Firmicutes	Bacilli	Bacillales	Bacillaceae	Gracilibacillus	Unclassified	0.910857266
4d014c80b25497e111624e07cbc823c3	Bacteria	Firmicutes	Bacilli	Bacillales	Bacillaceae	Gracilibacillus	Unclassified	0.981795635
522eb934559f42a9535cc64e260a708b	Bacteria	Firmicutes	Bacilli	NA	NA	Unclassified	Unclassified	0.995371985
b8ecef758e094784aa96fdc33a0ec960	Bacteria	Firmicutes	Bacilli	Bacillales	Bacillaceae	Bacillus	Bacillus_horti	0.999165332
472cb1f129b8f62aa3e018d83941ab2c	Bacteria	Firmicutes	Bacilli	Paenibacillales	Paenibacillaceae	Paenibacillus	Unclassified	0.997311352
09ccd9af4317bef4e33634c3934875d1	Bacteria	Firmicutes	Bacilli	Paenibacillales	Paenibacillaceae	Paenibacillus	Unclassified	0.996117822
28bc9b83a4b1ce56b203ee0952b28d84	Bacteria	Firmicutes	Bacilli	Paenibacillales	Paenibacillaceae	Paenibacillus	Unclassified	0.999945329
446b0611371a08c67ab2e21c3c801d85	Bacteria	Firmicutes	Bacilli	Paenibacillales	Paenibacillaceae	Paenibacillus	Unclassified	0.999945208
6f67d5c1dd7661e38317e402c2d46c01	Bacteria	Firmicutes	Bacilli	Paenibacillales	Paenibacillaceae	Paenibacillus	Unclassified	0.999973511
5518212584ce91bc5cf0e5088d44b099	Bacteria	Firmicutes	Bacilli	Paenibacillales	Paenibacillaceae	Paenibacillus	Unclassified	0.999949958
a24bf445c0d13265a19f86cd0ee5c62d	Bacteria	Firmicutes	Bacilli	Paenibacillales	Paenibacillaceae	Paenibacillus	Unclassified	0.982121171
838322502083b26ef3d6302175d79a9e	Bacteria	Firmicutes	Bacilli	Paenibacillales	Paenibacillaceae	Paenibacillus	Unclassified	0.998374091
e6ec144fe87af0c79909912b5191645f	Bacteria	Firmicutes	Bacilli	Paenibacillales	Paenibacillaceae	Paenibacillus	Unclassified	0.998500235
d0d1c4bfddd97f66fa9fbde7887d5c58	Bacteria	Firmicutes	Bacilli	Paenibacillales	Paenibacillaceae	Paenibacillus	Unclassified	0.999849212
88351a5cf508a4f82147c00d113a4f18	Bacteria	Firmicutes	Bacilli	Paenibacillales	Paenibacillaceae	Paenibacillus	Unclassified	0.996710734
f9240ffb7251bd04cd09e614ba91cd33	Bacteria	Firmicutes	Bacilli	Paenibacillales	Paenibacillaceae	Paenibacillus	Unclassified	0.982853674
e3b4d912928d6281b40efaf7fa51d8af	Bacteria	Firmicutes	Bacilli	Paenibacillales	Paenibacillaceae	Paenibacillus	Unclassified	0.995359036
4a5b69dd86a69dc5658e51d018f52a64	Bacteria	Firmicutes	Bacilli	Paenibacillales	Paenibacillaceae	Paenibacillus	Unclassified	0.996138187
1050bbc74a8e399392ac84941b8409e1	Bacteria	Firmicutes	Bacilli	Paenibacillales	Paenibacillaceae	Paenibacillus	Unclassified	0.996505617
0c8b503329da2e53b5931bc122897569	Bacteria	Firmicutes	Bacilli	Paenibacillales	Paenibacillaceae	Paenibacillus	Unclassified	0.995712462
53ef1744dd81cb6836c000210b252ad5	Bacteria	Firmicutes	Bacilli	Paenibacillales	Paenibacillaceae	Paenibacillus	Unclassified	0.997662919
27748d0f0ee5a2af13297d1458e9fbe3	Bacteria	Firmicutes	Bacilli	Paenibacillales	Paenibacillaceae	Paenibacillus	Paenibacillus_tundrae	0.789490764
e0c89da6f6ec842a1497e8b3dabda3d4	Bacteria	Firmicutes	Bacilli	Paenibacillales	Paenibacillaceae	Paenibacillus	Unclassified	0.998065989
5df1d3860919d4797f1898016a7f2693	Bacteria	Firmicutes	Bacilli	Paenibacillales	Paenibacillaceae	Paenibacillus	Unclassified	0.997724867
bb4f7b4176647b5eb011ec10d2bf2f16	Bacteria	Firmicutes	Bacilli	Paenibacillales	Paenibacillaceae	Paenibacillus	Unclassified	0.998637167
0c15bb282d8f636943b5c0b7d15439e5	Bacteria	Firmicutes	Bacilli	Paenibacillales	Paenibacillaceae	Paenibacillus	Unclassified	0.996090441
24fe6cc3be1941d4e814679c4bff9cc7	Bacteria	Firmicutes	Bacilli	Paenibacillales	Paenibacillaceae	Paenibacillus	Unclassified	0.997725499
f9c9445363d5390ebea066ab1a19f18e	Bacteria	Firmicutes	Bacilli	Paenibacillales	Paenibacillaceae	Paenibacillus	Unclassified	0.995744304
73dc9a8bc0bf495b18af6d4e91df1599	Bacteria	Firmicutes	Bacilli	Bacillales	Bacillaceae	Bacillus	Unclassified	0.996435893
babc4a4b88d35cd5f28d69ea0b36d747	Bacteria	Firmicutes	Bacilli	Bacillales	Bacillaceae	Anaerobacillus	Unclassified	0.892289621
1748a7f1aa16664eb6e4ceb5c977755e	Bacteria	Firmicutes	Bacilli	Bacillales	Bacillaceae	Anaerobacillus	Unclassified	0.830395066
a47da1e0ff307f01250613c65038badb	Bacteria	Firmicutes	Bacilli	Bacillales	Bacillaceae	Bacillus	Unclassified	0.82839024000000006
74db4175f014a2b4587f6e676420663f	Bacteria	Firmicutes	Bacilli	Bacillales	Bacillaceae	Bacillus	Unclassified	0.823194853
11c26c322a123a267c9244d376660e3b	Bacteria	Firmicutes	Bacilli	Bacillales	Bacillaceae	Bacillus	Bacillus_alcalophilus	0.861393694
5089072549aff29d00e288395530c956	Bacteria	Firmicutes	Bacilli	Bacillales	Salisediminibacteriaceae	Alkalicoccus	Bacillus_luteus	0.983480513
35331e6a0e39f100647a33928bff57d1	Bacteria	Armatimonadota	Armatimonadia	Armatimonadales	Armatimonadales	Armatimonadales	Unclassified	0.999861238
98d294f47d1b8afeac3790da9f4223e3	Bacteria	Armatimonadota	Armatimonadia	Armatimonadales	Armatimonadales	Armatimonadales	Unclassified	0.999844811
dcea25ce27d83efa7c347617dc8fcd5d	Bacteria	RCP2-54	RCP2-54	RCP2-54	RCP2-54	RCP2-54	Unclassified	0.997015662
9f5c45c76900e760e5917e6d09b8ba83	Bacteria	Firmicutes	Bacilli	Paenibacillales	Paenibacillaceae	Saccharibacillus	Unclassified	0.994324469
391081e7bd29d42fecfe8b495204478f	Bacteria	Firmicutes	Bacilli	Paenibacillales	Paenibacillaceae	Saccharibacillus	Unclassified	0.942318976
5b0345d050d962a34eaec520b40d0b4f	Bacteria	Firmicutes	Bacilli	Paenibacillales	Paenibacillaceae	Saccharibacillus	Unclassified	0.996591561
804c2d9f30a1599618678cad5a610a6e	Bacteria	Firmicutes	Bacilli	Paenibacillales	Paenibacillaceae	Saccharibacillus	Unclassified	0.996498708
975a1b950318d30212afd1ccec89731d	Bacteria	Firmicutes	Bacilli	Paenibacillales	Paenibacillaceae	Saccharibacillus	Saccharibacillus_endophyticus	0.776276738
475a02946a928e47b03e13a29c3661ba	Bacteria	Myxococcota	Polyangia	Blfdi19	Blfdi19	Blfdi19	uncultured_Cystobacterineae	0.920146997
71779da877e29c18fb5520ae87e9fb12	Bacteria	Firmicutes	Bacilli	Lactobacillales	Aerococcaceae	Aerococcus	uncultured_bacterium	0.714318525
ae6b89315e323dfe803d8e9a2db0a295	Bacteria	Firmicutes	Bacilli	Lactobacillales	Aerococcaceae	Aerococcus	Unclassified	0.999589049
480a1ef0539fb34de4b33deb9a98be8f	Bacteria	Firmicutes	Bacilli	Exiguobacterales	Exiguobacteraceae	Exiguobacterium	Unclassified	0.999978978
91b41feab12035d837ca68edc42af1ad	Bacteria	Firmicutes	Bacilli	Aneurinibacillales	Aneurinibacillaceae	Aneurinibacillus	uncultured_bacterium	0.991974413
27203b664401f20930613f72dc53adc5	Bacteria	Firmicutes	Bacilli	Aneurinibacillales	Aneurinibacillaceae	Aneurinibacillus	uncultured_bacterium	0.967543237
afae1b9ff4d5758a5df203cff6df1bce	Bacteria	Firmicutes	Bacilli	Thermoactinomycetales	Thermoactinomycetaceae	Shimazuella	Unclassified	0.999461296
531e0f708918600450a8a36c0a4576f9	Bacteria	Firmicutes	Bacilli	Thermoactinomycetales	Thermoactinomycetaceae	Shimazuella	Unclassified	0.999849584
3acf6a2ae2fb25b042a047ece5b025d2	Bacteria	Firmicutes	Bacilli	Thermoactinomycetales	Thermoactinomycetaceae	Planifilum	Unclassified	0.989550363
ec63641c5b24c542e5e13ca1d94798ea	Bacteria	Firmicutes	Bacilli	Thermoactinomycetales	Thermoactinomycetaceae	Thermoflavimicrobium	Unclassified	0.997502517
1cdf98a4c8fbe85c3420f41b0cb50dc9	Bacteria	Firmicutes	Bacilli	Thermoactinomycetales	Thermoactinomycetaceae	Thermoactinomyces	Thermoactinomyces_khenchelensis	0.806657762
ceeb5846a39981bdad2558b4e32fe658	Bacteria	Firmicutes	Bacilli	Thermoactinomycetales	Thermoactinomycetaceae	Thermoactinomyces	Unclassified	0.998087822
40ef73d52c4985e0c525eed974a58ec7	Bacteria	Firmicutes	Bacilli	Alicyclobacillales	Alicyclobacillaceae	Tumebacillus	Unclassified	0.999944258
e6df5b635435b72113efda33813759b9	Bacteria	Firmicutes	Bacilli	Alicyclobacillales	Alicyclobacillaceae	Tumebacillus	Unclassified	0.999972081
d2ed296a96493d0404ede4ae2e3ecaa8	Bacteria	Firmicutes	Bacilli	Thermoactinomycetales	Thermoactinomycetaceae	Thermoactinomyces	uncultured_bacterium	0.856649238
3cf2f23e7016582ad1b72db5662a4bcc	Bacteria	Firmicutes	Bacilli	Bacillales	Bacillaceae	Fictibacillus	Unclassified	0.99434407
414130b788042ae3edf163b283f5acae	Bacteria	Firmicutes	Bacilli	Bacillales	Bacillaceae	Bacillus	Bacillus_berkeleyi	0.759409056
92d703db2f5676e70cfe3db06d4f3933	Bacteria	Firmicutes	Bacilli	Exiguobacterales	Exiguobacteraceae	Exiguobacterium	Unclassified	0.99989294
a0fdacc1e3630017cac033bac79f2a9e	Bacteria	Firmicutes	Bacilli	Exiguobacterales	Exiguobacteraceae	Exiguobacterium	Unclassified	0.999979884
2adf207db01e26fb6f19f99547dab94a	Bacteria	Firmicutes	Bacilli	Exiguobacterales	Exiguobacteraceae	Exiguobacterium	Unclassified	0.999972001
d4568b7a20eee040aac71de7714833f6	Bacteria	Firmicutes	Bacilli	Exiguobacterales	Exiguobacteraceae	Exiguobacterium	Unclassified	0.999973822
b6d6edc5fcb4b3d6402b6a6a940bfaac	Bacteria	Firmicutes	Bacilli	Exiguobacterales	Exiguobacteraceae	Exiguobacterium	Unclassified	0.999870792
a03578b6f067c3d3219cc8ff693bfa55	Bacteria	Firmicutes	Bacilli	Exiguobacterales	Exiguobacteraceae	Exiguobacterium	Unclassified	0.998765223
02b9bf5a564cebe13d1258f770e80a73	Bacteria	Firmicutes	Bacilli	Exiguobacterales	Exiguobacteraceae	Exiguobacterium	Unclassified	0.999854419
90b72b27b124514014c37afba488d1d5	Bacteria	Firmicutes	Bacilli	Thermoactinomycetales	Thermoactinomycetaceae	Melghirimyces	Melghirimyces_thermohalophilus	0.801677767
93f48f0a7522cdfe40829711f242cca9	Bacteria	Firmicutes	Bacilli	Brevibacillales	Brevibacillaceae	Brevibacillus	Unclassified	0.999944136
bab527be5d801f144f83436707c76acb	Bacteria	Firmicutes	Bacilli	Thermoactinomycetales	Thermoactinomycetaceae	Unclassified	Unclassified	0.999913005
e00e6975d597e199d7a2f8c9200b261a	Bacteria	Firmicutes	Bacilli	Thermoactinomycetales	Thermoactinomycetaceae	Kroppenstedtia	uncultured_Kroppenstedtia	0.858839841
a65c7687c9c2e6593c9e37be4280cc41	Bacteria	Firmicutes	Bacilli	Thermoactinomycetales	Thermoactinomycetaceae	Kroppenstedtia	uncultured_Kroppenstedtia	0.765580738
f2b13f0be16fee52b478402676131d1b	Bacteria	Firmicutes	Bacilli	Thermoactinomycetales	Thermoactinomycetaceae	Kroppenstedtia	Unclassified	0.99895819
d52d847b703c170d21e7ce223d503d77	Bacteria	Firmicutes	Bacilli	Lactobacillales	Streptococcaceae	Streptococcus	Unclassified	0.997258067
a5a41aee25aea90d2b773561a7d0e567	Bacteria	Firmicutes	Bacilli	Lactobacillales	Streptococcaceae	Streptococcus	Unclassified	0.998419019
4eb56931a0d4a537d19e92b38f24cfd4	Bacteria	Firmicutes	Bacilli	Lactobacillales	Streptococcaceae	Streptococcus	Unclassified	0.999547434
684a4bb13b367acfe28ec3623923e4d6	Bacteria	Myxococcota	Polyangia	Haliangiales	Haliangiaceae	Haliangium	Unclassified	0.982960008
18397f12cca675947182725ac62e7b98	Bacteria	Proteobacteria	Alphaproteobacteria	Caulobacterales	Caulobacteraceae	Caulobacter	Unclassified	0.882150741
8ff43a20a60285b947503b78c401940a	Bacteria	Proteobacteria	Alphaproteobacteria	Caulobacterales	Caulobacteraceae	Caulobacter	Unclassified	0.938477486
2df5377bfc6b71bdb87850f9cd1eebaa	Bacteria	Proteobacteria	Alphaproteobacteria	Caulobacterales	Caulobacteraceae	Caulobacter	Unclassified	0.864056862
f7da9bd31e347e01bb55a0c82afa3e8c	Bacteria	Proteobacteria	Alphaproteobacteria	Caulobacterales	Caulobacteraceae	Caulobacter	Unclassified	0.927609755
570b04d618148197c2b24ea35b9ce068	Bacteria	Proteobacteria	Alphaproteobacteria	Caulobacterales	Caulobacteraceae	Caulobacter	Unclassified	0.926077634
683e374b84c4d9e18416900b9cf2a6bb	Bacteria	NA	NA	NA	NA	Unclassified	Unclassified	0.999999956
f18cf255549fa61ff3dadd4f01671293	Bacteria	NA	NA	NA	NA	Unclassified	Unclassified	0.999999998
ba0962e05253ba935b472774971ca71b	Bacteria	Proteobacteria	Alphaproteobacteria	Caulobacterales	Caulobacteraceae	Phenylobacterium	Unclassified	0.846834876
3484c3cccaf6f7e55586fc6fcaba2871	Bacteria	Proteobacteria	Alphaproteobacteria	Caulobacterales	Caulobacteraceae	Unclassified	Unclassified	0.999845982
82079f1956eff4e5e0c5823abaa17df4	Bacteria	Proteobacteria	Alphaproteobacteria	Caulobacterales	Caulobacteraceae	Caulobacter	Unclassified	0.989843668
8e2d8163c29a112a53fd1aba95968fae	Bacteria	Proteobacteria	Alphaproteobacteria	Caulobacterales	Caulobacteraceae	Phenylobacterium	Unclassified	0.79805995
f3bd54be2eae6c3f1ea8c3ee6acb758a	Bacteria	Proteobacteria	Alphaproteobacteria	Caulobacterales	Caulobacteraceae	Unclassified	Unclassified	0.999956611
ffdaec0bcb60438a19318307f32854ad	Bacteria	Proteobacteria	Alphaproteobacteria	Caulobacterales	Caulobacteraceae	Unclassified	Unclassified	0.999992292
b3a0ada020aaf506abee19e900bbdce8	Bacteria	Proteobacteria	Alphaproteobacteria	Caulobacterales	Caulobacteraceae	Unclassified	Unclassified	0.999994349
bc13ec5e9b5043f0fd097ab442b46deb	Bacteria	Proteobacteria	Alphaproteobacteria	Caulobacterales	Caulobacteraceae	Phenylobacterium	Unclassified	0.785078819
730f854a7ef8038d08d3864f36712d3d	Bacteria	Proteobacteria	Alphaproteobacteria	Caulobacterales	Caulobacteraceae	Unclassified	Unclassified	0.999999213
1f46174badf43ced83fb6867bc5825f6	Bacteria	Proteobacteria	Alphaproteobacteria	Caulobacterales	Caulobacteraceae	Phenylobacterium	Unclassified	0.804474118
f0c529856331c4b48d323be90d8e8309	Bacteria	Proteobacteria	Alphaproteobacteria	Caulobacterales	Caulobacteraceae	Unclassified	Unclassified	0.999996172
cd5d8fc79fdcea5428e5cf62d8887658	Bacteria	Proteobacteria	Alphaproteobacteria	Caulobacterales	Caulobacteraceae	Phenylobacterium	Unclassified	0.847793789
2ec603167a3cd2256d019ba5a9922f28	Bacteria	Proteobacteria	Alphaproteobacteria	Caulobacterales	Caulobacteraceae	Unclassified	Unclassified	0.999997777
8a8ecf234aff5bf8bcc1c2ba1f3fc2a2	Bacteria	Proteobacteria	Alphaproteobacteria	Caulobacterales	Caulobacteraceae	Unclassified	Unclassified	0.999988989
6aa32e898a188dbfb2d372653bd2c869	Bacteria	Proteobacteria	Alphaproteobacteria	Caulobacterales	Caulobacteraceae	Phenylobacterium	Unclassified	0.970355321
2e0617d32ef006f2a5e65c03177728f7	Bacteria	Proteobacteria	Alphaproteobacteria	Caulobacterales	Caulobacteraceae	Phenylobacterium	Unclassified	0.954588204
841f47f2f316a3f1be1e0ba0a206b345	Bacteria	Proteobacteria	Alphaproteobacteria	Caulobacterales	Caulobacteraceae	Phenylobacterium	Unclassified	0.946366533
0af635eb0362b37f4a31b54c6cbc0d98	Bacteria	Proteobacteria	Alphaproteobacteria	Caulobacterales	Caulobacteraceae	Unclassified	Unclassified	0.999995559
e3705c6c1d3377cce83f1a1c0b494795	Bacteria	Proteobacteria	Alphaproteobacteria	Caulobacterales	Caulobacteraceae	Caulobacter	Unclassified	0.889051449
83540c655c0912db71b260628c588072	Bacteria	Proteobacteria	Alphaproteobacteria	Caulobacterales	Caulobacteraceae	Unclassified	metagenome	0.753435232
fe2132f9e1dc3fa00d190920938f763d	Bacteria	Proteobacteria	Alphaproteobacteria	Caulobacterales	Caulobacteraceae	Unclassified	Unclassified	0.984227173
846e9914720c5819ef046dec99ac6436	Bacteria	Proteobacteria	Alphaproteobacteria	Caulobacterales	Caulobacteraceae	Unclassified	Unclassified	0.943985911
0a87113d4f34a12dfb019e37e92eefc3	Bacteria	Proteobacteria	Alphaproteobacteria	Caulobacterales	Caulobacteraceae	Unclassified	Unclassified	0.975769992
0f123931569cc9502f3faff633cc3c24	Bacteria	Proteobacteria	Alphaproteobacteria	Caulobacterales	Caulobacteraceae	Unclassified	metagenome	0.784506911
7d046eef93e11edc158c14e09fd25ae8	Bacteria	Proteobacteria	Alphaproteobacteria	Rickettsiales	SM2D12	SM2D12	Unclassified	0.945932788
2b33acc66147b049ca4357222a69d32f	Bacteria	Proteobacteria	Alphaproteobacteria	Azospirillales	Azospirillaceae	Desertibacter	Desertibacter_xinjiangensis	0.827975521
bb6c073e4667f745593df7fdac636fb4	Bacteria	Bacteroidota	Rhodothermia	Rhodothermales	Rhodothermaceae	Rhodothermaceae	uncultured_Bacteroidetes	0.982459791
797f6a13a75fdc171b25fdab66cfe299	Bacteria	Bdellovibrionota	Bdellovibrionia	Bdellovibrionales	Bdellovibrionaceae	OM27_clade	Unclassified	0.984959518
db08bc1eec7a0f6b28475f2462b7e9aa	Bacteria	Bdellovibrionota	Bdellovibrionia	Bdellovibrionales	Bdellovibrionaceae	OM27_clade	Unclassified	0.990903693
71c7d10cdc911a2aae7dc793193eb7a8	Bacteria	Myxococcota	Polyangia	Polyangiales	Sandaracinaceae	Unclassified	uncultured_bacterium	0.965553336
6bc7cf9f3ffd855fcc07aee1ee6ef02d	Bacteria	Myxococcota	Polyangia	Polyangiales	Sandaracinaceae	Unclassified	uncultured_bacterium	0.919250263
14c11aeb85c18593fe1707e3ccbe4403	Bacteria	Acidobacteriota	Holophagae	Subgroup_7	Subgroup_7	Subgroup_7	uncultured_soil	0.869828644
b5d5a4e748a2f77e8c507a21c7531bfa	Bacteria	Acidobacteriota	Holophagae	Subgroup_7	Subgroup_7	Subgroup_7	Unclassified	0.999995756
938d850f3bc11b22727ba6ae56a29712	Bacteria	Acidobacteriota	Holophagae	Subgroup_7	Subgroup_7	Subgroup_7	Unclassified	0.99999553
6343caee5e86bd759477e52f65b1fac0	Bacteria	Acidobacteriota	Holophagae	Subgroup_7	Subgroup_7	Subgroup_7	Unclassified	0.999999255
4db20f164bb62dabb38f5de649d0d1a2	Bacteria	Acidobacteriota	Holophagae	Subgroup_7	Subgroup_7	Subgroup_7	Unclassified	0.999999231
025fe4d21451776586f66a13ebcb6d8a	Bacteria	Acidobacteriota	Holophagae	Subgroup_7	Subgroup_7	Subgroup_7	Unclassified	0.999997633
a1eafb6351c9f5b3a3189c053c45a50c	Bacteria	Acidobacteriota	Holophagae	Subgroup_7	Subgroup_7	Subgroup_7	Unclassified	0.999992613
83821904ea62b135ba8970e9848acf46	Bacteria	Acidobacteriota	Holophagae	Subgroup_7	Subgroup_7	Subgroup_7	Unclassified	0.999997956
f2a3102345167643f0e88b32cc040755	Bacteria	Acidobacteriota	Holophagae	Subgroup_7	Subgroup_7	Subgroup_7	Unclassified	0.999996258
08ba46b848db244b2fbe26d34b424b7c	Bacteria	Acidobacteriota	Holophagae	Subgroup_7	Subgroup_7	Subgroup_7	metagenome	0.974377446
aefe58583e0f1f3dab548aafd7a97958	Bacteria	Acidobacteriota	Holophagae	Subgroup_7	Subgroup_7	Subgroup_7	Unclassified	0.999990411
08209867c97b1b423fd995016feff1da	Bacteria	Acidobacteriota	Holophagae	Subgroup_7	Subgroup_7	Subgroup_7	Unclassified	0.999997301
8e0a2659cf58ca50388e0fbfac03c4e5	Bacteria	Acidobacteriota	Holophagae	Subgroup_7	Subgroup_7	Subgroup_7	Unclassified	0.999982959
115935cf9514c32554dd6a7312f7e4fc	Bacteria	Acidobacteriota	Holophagae	Subgroup_7	Subgroup_7	Subgroup_7	Unclassified	0.999998325
d6aaa02565dabd8df5dbe5a1a6805433	Bacteria	Firmicutes	Clostridia	Peptostreptococcales-Tissierellales	Peptostreptococcales-Tissierellales	Anaerococcus	Anaerococcus_octavius	0.774697987
a0a2bd151e983b32e355362fc151f8cb	Bacteria	Acidobacteriota	Acidobacteriae	NA	NA	Unclassified	Unclassified	0.935939004
be00ae1af31f24a5a8731f4b6901320d	Bacteria	NA	NA	NA	NA	Unclassified	Unclassified	0.999999783
cfc153907f829c7091323f072244aa41	Bacteria	Proteobacteria	Gammaproteobacteria	Gammaproteobacteria_Incertae_Sedis	Unknown_Family	Candidatus_Berkiella	uncultured_bacterium	0.738258974
6aef3b6ae125df09f7fccdb450eae1f1	Bacteria	Bdellovibrionota	Oligoflexia	Silvanigrellales	Silvanigrellaceae	Unclassified	uncultured_bacterium	0.936105437
72112cb3110844f5e0e023e184bc8ca6	Bacteria	Bdellovibrionota	Oligoflexia	Silvanigrellales	Silvanigrellaceae	Unclassified	uncultured_bacterium	0.99300374
7f139ac9662cbbc56301b5f6883be8e5	Bacteria	Proteobacteria	Alphaproteobacteria	Sphingomonadales	Sphingomonadaceae	Unclassified	Unclassified	0.999938343
e73e14b8cc2c0c8ed48ff8fd6abd329c	Bacteria	Proteobacteria	Alphaproteobacteria	Sphingomonadales	Sphingomonadaceae	Altererythrobacter	Unclassified	0.744694534
0c3f7c68c3f1aece5718134487ab472a	Bacteria	Proteobacteria	Gammaproteobacteria	Pseudomonadales	Pseudomonadaceae	Pseudomonas	Unclassified	0.995698014
7ef5fe891b028ac3d912d720bfc7d296	Bacteria	Proteobacteria	Alphaproteobacteria	Sphingomonadales	Sphingomonadaceae	Sphingobium	Unclassified	0.999247004
9fc631c82279226407ec836b22932865	Bacteria	Proteobacteria	Alphaproteobacteria	Sphingomonadales	Sphingomonadaceae	Sphingobium	Sphingobium_xenophagum	0.941399764
0b20536f62b7efe4318dc65bef8b48b1	Bacteria	Proteobacteria	Alphaproteobacteria	Sphingomonadales	Sphingomonadaceae	Sphingobium	Unclassified	0.999912309
667acf28b44a52f37a52771d9b3c4b2d	Bacteria	NA	NA	NA	NA	Unclassified	Unclassified	0.999999688
9794dda3374c77a01e03d412c9e95879	Bacteria	Proteobacteria	Alphaproteobacteria	Sphingomonadales	Sphingomonadaceae	Sphingomonas	Unclassified	0.977466406
90b184f2b30adc32146d29ab2d391758	Bacteria	Proteobacteria	Alphaproteobacteria	Sphingomonadales	Sphingomonadaceae	Sphingomonas	Unclassified	0.971432797
6cd3f73a7159d3dc6d62c7ba7be755e9	Bacteria	Proteobacteria	Alphaproteobacteria	Sphingomonadales	Sphingomonadaceae	Sphingomonas	Unclassified	0.977001092
a3932c2fcbb7608c3a9512be6dede64d	Bacteria	Proteobacteria	Alphaproteobacteria	Sphingomonadales	Sphingomonadaceae	Sphingomonas	Unclassified	0.796470386
6535418fe979aaae0d398a03f5757e77	Bacteria	Proteobacteria	Alphaproteobacteria	Sphingomonadales	Sphingomonadaceae	Sphingomonas	Unclassified	0.988513678
913d19011f17cfd1b189f9d8ef5ab634	Bacteria	Proteobacteria	Alphaproteobacteria	Sphingomonadales	Sphingomonadaceae	Sphingomonas	Unclassified	0.97665685
560114136ed7eb69962b70dbf3a6b69b	Bacteria	Proteobacteria	Alphaproteobacteria	Sphingomonadales	Sphingomonadaceae	Unclassified	Unclassified	0.999990804
4e4f71f9834c930b9a76db3ab7af9d94	Bacteria	Proteobacteria	Alphaproteobacteria	Sphingomonadales	Sphingomonadaceae	Unclassified	Unclassified	0.901908382
670d5f0bdb8ee733022cfbb7d7383470	Bacteria	Proteobacteria	Alphaproteobacteria	Sphingomonadales	Sphingomonadaceae	Sphingomonas	Sphingomonas_oryziterrae	0.993123155
dc14968d664789c302dbf1e01721f120	Bacteria	Proteobacteria	Alphaproteobacteria	Sphingomonadales	Sphingomonadaceae	Unclassified	Unclassified	0.999997658
cab07ccaf102dfd7f90791267a1da4ca	Bacteria	Proteobacteria	Alphaproteobacteria	Sphingomonadales	Sphingomonadaceae	Unclassified	Unclassified	0.911392524
da482311a94de493e683bf48e6fb3422	Bacteria	Proteobacteria	Alphaproteobacteria	Sphingomonadales	Sphingomonadaceae	Unclassified	Unclassified	0.999877752
9b4ec517c2053995767ad8bcefbd6502	Bacteria	Proteobacteria	Alphaproteobacteria	Sphingomonadales	Sphingomonadaceae	Unclassified	Unclassified	0.886872698
d509b7b297679080611693940ae30623	Bacteria	Proteobacteria	Alphaproteobacteria	Caulobacterales	Hyphomonadaceae	SWB02	Unclassified	0.834159727
5d283c00620bb0022fd0504887cfbea4	Bacteria	Proteobacteria	Alphaproteobacteria	Sphingomonadales	Sphingomonadaceae	Sphingomonas	Sphingomonas_astaxanthinifaciens	0.853893727
58d02fe3de7dd3b4267b3528d0fbe3aa	Bacteria	Proteobacteria	Alphaproteobacteria	Sphingomonadales	Sphingomonadaceae	Sphingomonas	Sphingomonas_astaxanthinifaciens	0.712746798
5a94dffc58c65af8fe4e4aff7c74ce5c	Bacteria	Proteobacteria	Alphaproteobacteria	Sphingomonadales	Sphingomonadaceae	Sphingomonas	Sphingomonas_kaistensis	0.860515897
be1235a1a8f165fdb1826b595b6d8279	Bacteria	Proteobacteria	Alphaproteobacteria	Sphingomonadales	Sphingomonadaceae	Unclassified	Unclassified	0.842955323
ef9e210a5cdb3f14bd1d289c8c2f0d52	Bacteria	Proteobacteria	Alphaproteobacteria	Sphingomonadales	Sphingomonadaceae	Altererythrobacter	Unclassified	0.968000572
c4718361d1959c35b342573d43088af5	Bacteria	Proteobacteria	Alphaproteobacteria	Sphingomonadales	Sphingomonadaceae	Sphingopyxis	Unclassified	0.981992896
f5be28b7b79c864c5ac2c715fdf857d9	Bacteria	Proteobacteria	Alphaproteobacteria	Sphingomonadales	Sphingomonadaceae	Sphingomonas	Sphingomonas_yunnanensis	0.700634165
5c422331e0de2ac7fca83e07b7b4a6f9	Bacteria	NA	NA	NA	NA	Unclassified	Unclassified	0.999999991
f9d7bc16dc7ee699a1c3d7ee8764d361	Bacteria	Proteobacteria	Alphaproteobacteria	Sphingomonadales	Sphingomonadaceae	Unclassified	Unclassified	0.999808239
7e2ff0cce0536a6d7a884a514b39dfdc	Bacteria	Proteobacteria	Alphaproteobacteria	Sphingomonadales	Sphingomonadaceae	Altererythrobacter	Unclassified	0.905905091
fe68d1fb4a4a4f3f8432ade414ecb267	Bacteria	Proteobacteria	Alphaproteobacteria	Sphingomonadales	Sphingomonadaceae	Altererythrobacter	Unclassified	0.977124567
9cb0cf592e0f8cd2f0be85cda4785303	Bacteria	Proteobacteria	Alphaproteobacteria	Sphingomonadales	Sphingomonadaceae	Altererythrobacter	Unclassified	0.918316742
dec6452fedcf9adadbe9b1c7e78a2aa4	Bacteria	Proteobacteria	Alphaproteobacteria	Sphingomonadales	Sphingomonadaceae	Novosphingobium	Unclassified	0.887315287
bd4245faefd5121809c95ec111587af2	Bacteria	Proteobacteria	Alphaproteobacteria	Sphingomonadales	Sphingomonadaceae	Unclassified	Unclassified	0.999974992
eed4628b85d3656dca3d0d1dfb9befe1	Bacteria	Proteobacteria	Alphaproteobacteria	Sphingomonadales	Sphingomonadaceae	Altererythrobacter	Unclassified	0.967809432
8da64cd1c06b76f3691de7db911c8b05	Bacteria	Proteobacteria	Alphaproteobacteria	Sphingomonadales	Sphingomonadaceae	Unclassified	Unclassified	0.999970656
13cfdf587751e33ce3ffe103c7ba2bd5	Bacteria	Spirochaetota	Leptospirae	Leptospirales	Leptospiraceae	Turneriella	Unclassified	0.865319384
9c2262b7c9d2fdcc33facfff27985f44	Bacteria	Proteobacteria	Alphaproteobacteria	Sphingomonadales	Sphingomonadaceae	Altererythrobacter	Porphyrobacter_mercurialis	0.973279243
e413aeeb72207dfb3cd29c0086fd62c1	Bacteria	Proteobacteria	Alphaproteobacteria	Sphingomonadales	Sphingomonadaceae	Altererythrobacter	Unclassified	0.811784102
59edfd85834329c7d21fcc9ae3f32d5b	Bacteria	Proteobacteria	Alphaproteobacteria	Sphingomonadales	Sphingomonadaceae	Novosphingobium	Unclassified	0.73405148
a55242b46a3348e79a613d134f2074ea	Bacteria	NA	NA	NA	NA	Unclassified	Unclassified	0.99999991
2bedc9d051478fcf0dbbde0a63659b63	Bacteria	Proteobacteria	Alphaproteobacteria	Sphingomonadales	Sphingomonadaceae	Novosphingobium	Unclassified	0.723936659
1dd219c2ae811a8d404be338c7b58f66	Bacteria	Proteobacteria	Alphaproteobacteria	Sphingomonadales	Sphingomonadaceae	Novosphingobium	Unclassified	0.987424778
0ddc27ca391057570adc6dd256a2fa3c	Bacteria	Proteobacteria	Alphaproteobacteria	Sphingomonadales	Sphingomonadaceae	Unclassified	Unclassified	0.999993322
257955ab1d7372586eee85f1b3c5b73f	Bacteria	Proteobacteria	Alphaproteobacteria	Sphingomonadales	Sphingomonadaceae	Altererythrobacter	Unclassified	0.7791752
a987c60db9f24dc8db569184d9e5a64b	Bacteria	Proteobacteria	Alphaproteobacteria	Sphingomonadales	Sphingomonadaceae	Altererythrobacter	Unclassified	0.82530192
a3d769bdb17bab153fb55527b61257c0	Bacteria	Proteobacteria	Alphaproteobacteria	Sphingomonadales	Sphingomonadaceae	Sphingomonas	Unclassified	0.999375817
a19d38be9db7d0305f634c48d6b7777b	Bacteria	Proteobacteria	Alphaproteobacteria	Sphingomonadales	Sphingomonadaceae	Sphingomonas	Unclassified	0.999647632
f374b18f7788e48f7d32a6f88d7b408b	Bacteria	Proteobacteria	Alphaproteobacteria	Sphingomonadales	Sphingomonadaceae	Novosphingobium	Unclassified	0.807492553
cd136e2e2717e0dc20f6adfada8d42b3	Bacteria	Proteobacteria	Alphaproteobacteria	Sphingomonadales	Sphingomonadaceae	Novosphingobium	Unclassified	0.972187692
d5b9f90a80084df18ce3e576848ef98e	Bacteria	Proteobacteria	Alphaproteobacteria	Sphingomonadales	Sphingomonadaceae	Novosphingobium	Unclassified	0.99357349
1e398db85bbe23dbdac0d584029207d8	Bacteria	Proteobacteria	Alphaproteobacteria	Sphingomonadales	Sphingomonadaceae	Unclassified	Unclassified	0.99988818
ef441b85b2975d8f6aa5eac9f238e699	Bacteria	Proteobacteria	Alphaproteobacteria	Sphingomonadales	Sphingomonadaceae	Sphingomonas	Unclassified	0.983662855
6c5aed531968b8f734607a42a402de81	Bacteria	Firmicutes	Bacilli	NA	NA	Unclassified	Unclassified	0.859123623
207a5e85727964887a6d5f58f2918fe0	Bacteria	Proteobacteria	Alphaproteobacteria	Sphingomonadales	Sphingomonadaceae	Sphingomonas	Unclassified	0.994588197
be283ba85b07394cd8d91ad4f97c6d47	Bacteria	Proteobacteria	Alphaproteobacteria	Sphingomonadales	Sphingomonadaceae	Sphingomonas	Unclassified	0.999242367
416fbfbf17996bfedb65e35426b7e2c9	Bacteria	Patescibacteria	Saccharimonadia	Saccharimonadales	Saccharimonadales	Saccharimonadales	Unclassified	0.89463455
8a098661c4d612e8f97658d46ddb3347	Bacteria	Myxococcota	NA	NA	NA	Unclassified	Unclassified	0.718391541
c4b1abbbef5464becaaebf3fbbb19925	Bacteria	NA	NA	NA	NA	Unclassified	Unclassified	0.999999988
00845b1bb348a1889abd7a75b380cd32	Bacteria	NA	NA	NA	NA	Unclassified	Unclassified	0.999999942
e315175fea5a2173fcbbcb62339d4fa6	Bacteria	Proteobacteria	Alphaproteobacteria	Sphingomonadales	Sphingomonadaceae	Unclassified	Unclassified	0.891491483
743902af9af1754d3950223cb3f1d1e2	Bacteria	Proteobacteria	Alphaproteobacteria	Sphingomonadales	Sphingomonadaceae	Unclassified	Unclassified	0.935434209
5d053167655d1fb6b2655cec55b2f408	Bacteria	Proteobacteria	Alphaproteobacteria	Sphingomonadales	Sphingomonadaceae	Novosphingobium	Unclassified	0.990366081
846cf25e7106703c2cce40547350f8be	Bacteria	Proteobacteria	Alphaproteobacteria	Sphingomonadales	Sphingomonadaceae	Novosphingobium	Unclassified	0.980939312
42479549a7c001f3895b727792c239cc	Bacteria	Proteobacteria	Alphaproteobacteria	Sphingomonadales	Sphingomonadaceae	Novosphingobium	Unclassified	0.973159565
5e891187e3dc5dba3bd66e11d6ecf053	Bacteria	Proteobacteria	Alphaproteobacteria	Sphingomonadales	Sphingomonadaceae	Novosphingobium	Unclassified	0.979325917
9a438b09e089e4913aac9412c03a68f7	Bacteria	Proteobacteria	Alphaproteobacteria	Sphingomonadales	Sphingomonadaceae	Novosphingobium	Unclassified	0.967796315
3c35545eac296b481ab875feeb6f9b6d	Bacteria	Proteobacteria	Alphaproteobacteria	Sphingomonadales	Sphingomonadaceae	Novosphingobium	Unclassified	0.988604878
7de4392de4c105542d6cedea291e2514	Bacteria	Proteobacteria	Alphaproteobacteria	Sphingomonadales	Sphingomonadaceae	Novosphingobium	Unclassified	0.98782137
9071c0b7b43f7721a19d0b69b4e02a3f	Bacteria	Proteobacteria	Alphaproteobacteria	Sphingomonadales	Sphingomonadaceae	Novosphingobium	Unclassified	0.990692956
b9390f051b41041c124c1e112a6c0421	Bacteria	Proteobacteria	Alphaproteobacteria	Sphingomonadales	Sphingomonadaceae	Novosphingobium	Unclassified	0.990366164
71e6c6ebacee97cb9936ca346ffabc15	Bacteria	Proteobacteria	Alphaproteobacteria	Sphingomonadales	Sphingomonadaceae	Novosphingobium	Unclassified	0.9324931
ea2e847ca3b5383393bbdb845e7966ad	Bacteria	Proteobacteria	Alphaproteobacteria	Sphingomonadales	Sphingomonadaceae	Novosphingobium	Unclassified	0.987249716
a6b6b78617468f101a4475fe27508cf2	Bacteria	Proteobacteria	Alphaproteobacteria	Sphingomonadales	Sphingomonadaceae	Novosphingobium	Unclassified	0.983776693
3820b5c13d6ec54314c2488201d5d7c2	Bacteria	Proteobacteria	Alphaproteobacteria	Sphingomonadales	Sphingomonadaceae	Unclassified	Unclassified	0.999832617
a2d67a5b27738029d3dac73d7e17dce6	Bacteria	Proteobacteria	Alphaproteobacteria	Sphingomonadales	Sphingomonadaceae	Altererythrobacter	Unclassified	0.790973926
abefe33f916344fe74ee512a720aa0f3	Bacteria	Proteobacteria	Alphaproteobacteria	Sphingomonadales	Sphingomonadaceae	Unclassified	Unclassified	0.999994947
32f43bfda980f6091bb9967a17511130	Bacteria	Proteobacteria	Alphaproteobacteria	Sphingomonadales	Sphingomonadaceae	Altererythrobacter	Unclassified	0.957433519
14a68306f4655146484405c09fdbd961	Bacteria	Proteobacteria	Alphaproteobacteria	Sphingomonadales	Sphingomonadaceae	Altererythrobacter	Unclassified	0.953993127
1c3af2d5322d34e0d417e157551de478	Bacteria	Proteobacteria	Alphaproteobacteria	Sphingomonadales	Sphingomonadaceae	Novosphingobium	Unclassified	0.993149973
7418922660f935c82caf493e215e64d9	Bacteria	Proteobacteria	Alphaproteobacteria	Sphingomonadales	Sphingomonadaceae	Novosphingobium	Unclassified	0.846497397
988e2357ce30f92a477fb80496362b9c	Bacteria	Proteobacteria	Alphaproteobacteria	Sphingomonadales	Sphingomonadaceae	Novosphingobium	Unclassified	0.994003137
922d846343d20f18366f3a95c249e393	Bacteria	Proteobacteria	Alphaproteobacteria	Sphingomonadales	Sphingomonadaceae	Novosphingobium	Unclassified	0.992701275
c4a0abec16a149208ea8b690fecd996c	Bacteria	Proteobacteria	Alphaproteobacteria	Sphingomonadales	Sphingomonadaceae	Novosphingobium	Unclassified	0.992186202
1a220ec2b33ee9930c4e11eb9e03bf46	Bacteria	Proteobacteria	Alphaproteobacteria	Sphingomonadales	Sphingomonadaceae	Novosphingobium	Unclassified	0.995023744
f690e1513299557feae1e52409b6d277	Bacteria	Proteobacteria	Alphaproteobacteria	Sphingomonadales	Sphingomonadaceae	Novosphingobium	Unclassified	0.858475013
293a2107ba57937a23f76cd527f98eb6	Bacteria	Proteobacteria	Alphaproteobacteria	Sphingomonadales	Sphingomonadaceae	Novosphingobium	Unclassified	0.915611503
e9a2e13c197d748481418b8ae7a91209	Bacteria	Proteobacteria	Alphaproteobacteria	Sphingomonadales	Sphingomonadaceae	Novosphingobium	Unclassified	0.808401624
cef2dc2043bdf12296c99d3a767c6230	Bacteria	Proteobacteria	Alphaproteobacteria	Sphingomonadales	Sphingomonadaceae	Novosphingobium	Unclassified	0.968996221
4f8c0a11f119c892ce4cb68385d1058c	Bacteria	Proteobacteria	Alphaproteobacteria	Sphingomonadales	Sphingomonadaceae	Novosphingobium	Unclassified	0.984086407
f02f49fa6f107614eec9a7936fb3fde0	Bacteria	Proteobacteria	Alphaproteobacteria	Sphingomonadales	Sphingomonadaceae	Novosphingobium	Unclassified	0.993034124
d12d00cf038f15013a929cd46d799abe	Bacteria	Proteobacteria	Alphaproteobacteria	Sphingomonadales	Sphingomonadaceae	Novosphingobium	Unclassified	0.948413163
86aca25922a3704b55e88fe6461744e4	Bacteria	Proteobacteria	Alphaproteobacteria	Sphingomonadales	Sphingomonadaceae	Novosphingobium	Unclassified	0.959122482
ac4e462422e5c66303b63884abbddd11	Bacteria	Proteobacteria	Alphaproteobacteria	Sphingomonadales	Sphingomonadaceae	Novosphingobium	Unclassified	0.93745049
def2edd79c620157478c789f954972bd	Bacteria	Proteobacteria	Alphaproteobacteria	Sphingomonadales	Sphingomonadaceae	Novosphingobium	Unclassified	0.915520043
1e32b311f8623028ef91c5b1c2cb5630	Bacteria	Proteobacteria	Alphaproteobacteria	Sphingomonadales	Sphingomonadaceae	Novosphingobium	Unclassified	0.955162894
dd127ff9fb9e2e988f0e462e5c3819d7	Bacteria	Proteobacteria	Alphaproteobacteria	Sphingomonadales	Sphingomonadaceae	Novosphingobium	Unclassified	0.918919682
4aa9040cf000defa021792833eec4dc8	Bacteria	Proteobacteria	Alphaproteobacteria	Sphingomonadales	Sphingomonadaceae	Novosphingobium	Unclassified	0.940757172
d8b0298e7aaafab5ad85ea2c5522c0aa	Bacteria	Proteobacteria	Alphaproteobacteria	Sphingomonadales	Sphingomonadaceae	Novosphingobium	Unclassified	0.781814483
b433c960c2c88b5041a313af05ddbbc6	Bacteria	Proteobacteria	Alphaproteobacteria	Sphingomonadales	Sphingomonadaceae	Unclassified	Unclassified	0.999899365
dad1188b7110601721da56a337523490	Bacteria	Proteobacteria	Alphaproteobacteria	Sphingomonadales	Sphingomonadaceae	Unclassified	Unclassified	0.999839723
4f0288503cfda261bcb5506f55e6e4c6	Bacteria	Proteobacteria	Alphaproteobacteria	Sphingomonadales	Sphingomonadaceae	Unclassified	Unclassified	0.996730545
4abb22000b73ba363ba82cb3ae157e4e	Bacteria	Proteobacteria	Alphaproteobacteria	Sphingomonadales	Sphingomonadaceae	Parablastomonas	uncultured_bacterium	0.89535856
1bcd056a48312b0bd9feb3d778b33a8f	Bacteria	Proteobacteria	Alphaproteobacteria	Sphingomonadales	Sphingomonadaceae	Parablastomonas	uncultured_bacterium	0.873735234
dda41ae03b70cef78ae75e32179d583a	Bacteria	Proteobacteria	Alphaproteobacteria	Sphingomonadales	Sphingomonadaceae	Novosphingobium	Unclassified	0.743185572
c82463bc2a68c73aec51beeee93cf7b5	Bacteria	Proteobacteria	Alphaproteobacteria	Sphingomonadales	Sphingomonadaceae	Sphingomonas	Unclassified	0.993822798
bba047c0b4b43c7af64c51c3a3d2b408	Bacteria	Proteobacteria	Alphaproteobacteria	Sphingomonadales	Sphingomonadaceae	Sphingomonas	Unclassified	0.976392861
4285710a9a9284a612064a6b427ee27f	Bacteria	Proteobacteria	Alphaproteobacteria	Sphingomonadales	Sphingomonadaceae	Sphingomonas	Unclassified	0.957759426
8f9e9d5886ae7282e51e3960de26ebc1	Bacteria	Proteobacteria	Alphaproteobacteria	Sphingomonadales	Sphingomonadaceae	Altererythrobacter	Unclassified	0.976837999
68a52f3954e23688c9ca235bed4eb2a7	Bacteria	NA	NA	NA	NA	Unclassified	Unclassified	0.999999834
6b08cb1d11e128f7b8a3fb60730ce972	Bacteria	Proteobacteria	Alphaproteobacteria	NA	NA	Unclassified	Unclassified	0.884433959
a9cbbbf83fefbcda96c672902debbe27	Bacteria	Proteobacteria	Alphaproteobacteria	Sphingomonadales	Sphingomonadaceae	Unclassified	Unclassified	0.843792363
3c0529d87beceacb249bdcea9030eb6e	Bacteria	Proteobacteria	Alphaproteobacteria	NA	NA	Unclassified	Unclassified	0.983900321
9d7ef176d2d274b8273bedd9e95a4392	Bacteria	Proteobacteria	Alphaproteobacteria	Sphingomonadales	Sphingomonadaceae	Novosphingobium	Unclassified	0.983696214
c886a2c596bb71d8e5efc9b9ec329a26	Bacteria	Proteobacteria	Alphaproteobacteria	Sphingomonadales	Sphingomonadaceae	Novosphingobium	Unclassified	0.921917389
48c2e3822bd05e50808967cbbd0b4213	Bacteria	Proteobacteria	Alphaproteobacteria	Sphingomonadales	Sphingomonadaceae	Novosphingobium	Unclassified	0.944169132
b6b4e9772effe139087df213f20942ed	Bacteria	Proteobacteria	Alphaproteobacteria	Sphingomonadales	Sphingomonadaceae	Novosphingobium	Unclassified	0.976614113
9c7696a7343426f44e8c87934c2647b9	Bacteria	Proteobacteria	Alphaproteobacteria	Sphingomonadales	Sphingomonadaceae	Novosphingobium	Unclassified	0.894567438
7b2b29b054957a77612ded027691a0c4	Bacteria	Proteobacteria	Alphaproteobacteria	Sphingomonadales	Sphingomonadaceae	Novosphingobium	Unclassified	0.899985831
130284cb81643bbb0f6fe6b2ca95de93	Bacteria	Proteobacteria	Alphaproteobacteria	Sphingomonadales	Sphingomonadaceae	Altererythrobacter	Unclassified	0.911775467
e8da8bd06e07c9e79ebb82280f502224	Bacteria	Proteobacteria	Alphaproteobacteria	Sphingomonadales	Sphingomonadaceae	Altererythrobacter	Unclassified	0.98443519
6de21ca632e18a0ea13144c70927c8dd	Bacteria	Proteobacteria	Alphaproteobacteria	Sphingomonadales	Sphingomonadaceae	Erythrobacter	Unclassified	0.90606391
8e54dae3d535b734a19b67563881766c	Bacteria	Proteobacteria	Alphaproteobacteria	Sphingomonadales	Sphingomonadaceae	Sphingopyxis	Unclassified	0.979378991
9193f08859f02b70a4c0472570975fdb	Bacteria	Proteobacteria	Alphaproteobacteria	Sphingomonadales	Sphingomonadaceae	Unclassified	Unclassified	0.999853786
f7c38a3155d17cec02745c1996d8d92f	Bacteria	Proteobacteria	Alphaproteobacteria	Sphingomonadales	Sphingomonadaceae	Unclassified	Unclassified	0.999953973
464d22655c5b18fdcd47f52a008ade70	Bacteria	Proteobacteria	Alphaproteobacteria	Sphingomonadales	Sphingomonadaceae	Sphingobium	Unclassified	0.99397039
01fc6c3810c6341c55d6fca6550b5474	Bacteria	Armatimonadota	Fimbriimonadia	Fimbriimonadales	Fimbriimonadaceae	Fimbriimonadaceae	uncultured_microorganism	0.910581146
fdc9c865f4a7b56df9b48a5a367592f7	Bacteria	Proteobacteria	Alphaproteobacteria	Sphingomonadales	Sphingomonadaceae	Unclassified	Unclassified	0.999999438
90394b27c938f5fbae46b1ca547f0dd7	Bacteria	Proteobacteria	Alphaproteobacteria	Sphingomonadales	Sphingomonadaceae	Unclassified	Unclassified	0.999987269
4ac589012d1ee48af2fb853f61a45089	Bacteria	Proteobacteria	Alphaproteobacteria	Sphingomonadales	Sphingomonadaceae	Altererythrobacter	Unclassified	0.716989372
cdcfca784a5c41382050ce430d497ef8	Bacteria	Proteobacteria	Alphaproteobacteria	Sphingomonadales	Sphingomonadaceae	Altererythrobacter	Unclassified	0.918514151
ee0d08b18d3eeb64d3604c9da961a3d3	Bacteria	Proteobacteria	Alphaproteobacteria	Sphingomonadales	Sphingomonadaceae	Altererythrobacter	metagenome	0.874662202
87bb2d922aae05debcecc77df36e1572	Bacteria	Proteobacteria	Alphaproteobacteria	Sphingomonadales	Sphingomonadaceae	Altererythrobacter	metagenome	0.717004092
beed74601578491cd82fd43417072b2a	Bacteria	Proteobacteria	Alphaproteobacteria	Sphingomonadales	Sphingomonadaceae	Altererythrobacter	metagenome	0.795883806
a9ed0e6ab8494b969e5cee656b94d490	Bacteria	Proteobacteria	Alphaproteobacteria	Sphingomonadales	Sphingomonadaceae	Altererythrobacter	Unclassified	0.792077636
c89392043237364b36ef82e42c092f3c	Bacteria	Proteobacteria	Alphaproteobacteria	Sphingomonadales	Sphingomonadaceae	Altererythrobacter	Unclassified	0.957005811
4556aa104cd4da0bb8fb385d379af0cc	Bacteria	Proteobacteria	Alphaproteobacteria	Sphingomonadales	Sphingomonadaceae	Sphingomonas	Unclassified	0.978246175
5a1670c3ae11945051c076a517ca933d	Bacteria	Proteobacteria	Alphaproteobacteria	Sphingomonadales	Sphingomonadaceae	Sphingomonas	Unclassified	0.999541673
a79fef2087aa0396e6ddf9501e724e1d	Bacteria	Proteobacteria	Alphaproteobacteria	Sphingomonadales	Sphingomonadaceae	Sphingomonas	Unclassified	0.998320726
456ac77b844447ec614274187df599cf	Bacteria	Proteobacteria	Alphaproteobacteria	Sphingomonadales	Sphingomonadaceae	Sphingomonas	Unclassified	0.996292855
d8c3fcb4ea6d6d7d90dec20654a8e9b8	Bacteria	Proteobacteria	Alphaproteobacteria	Sphingomonadales	Sphingomonadaceae	Sphingomonas	Unclassified	0.998859788
4efbaa7e760970ea46918264ffc88be1	Bacteria	Proteobacteria	Alphaproteobacteria	Sphingomonadales	Sphingomonadaceae	Sphingomonas	Unclassified	0.999546444
04e492771c18d9ca674edaa8b03ebbab	Bacteria	Proteobacteria	Alphaproteobacteria	Sphingomonadales	Sphingomonadaceae	Sphingomonas	Sphingomonas_panni	0.953870691
a38597f9ab8d34020b882b069ea75cd2	Bacteria	Proteobacteria	Alphaproteobacteria	Sphingomonadales	Sphingomonadaceae	Novosphingobium	Unclassified	0.901793732
c23c3cadd40ff23982631ac28e6e40b0	Bacteria	Proteobacteria	Alphaproteobacteria	Sphingomonadales	Sphingomonadaceae	Sphingobium	Unclassified	0.996510412
b8d6441202ec392fa6b33aa18992179a	Bacteria	Proteobacteria	Alphaproteobacteria	Sphingomonadales	Sphingomonadaceae	Sphingopyxis	Unclassified	0.978787544
145b6fd973e9145ff26dae4a7f18f07f	Bacteria	Proteobacteria	Alphaproteobacteria	Sphingomonadales	Sphingomonadaceae	Sphingopyxis	Unclassified	0.990937382
2d217575e8b373865fc43eb6d0b298c2	Bacteria	Proteobacteria	Alphaproteobacteria	Sphingomonadales	Sphingomonadaceae	Sphingopyxis	Unclassified	0.962516067
cd1c31be2a663835f3a140949cfc3a0a	Bacteria	Proteobacteria	Alphaproteobacteria	Sphingomonadales	Sphingomonadaceae	Sphingobium	Unclassified	0.926700632
1d1da1ffb1aecf86398ca3a9f67a10ea	Bacteria	Proteobacteria	Alphaproteobacteria	Sphingomonadales	Sphingomonadaceae	Unclassified	Unclassified	0.99998261
4bbcf87e00ea71a68c4568de18f54812	Bacteria	Proteobacteria	Alphaproteobacteria	Sphingomonadales	Sphingomonadaceae	Altererythrobacter	Unclassified	0.842400223
c6881e4c743f2d6c60c38efdc309072f	Bacteria	Proteobacteria	Alphaproteobacteria	Sphingomonadales	Sphingomonadaceae	Sphingobium	Unclassified	0.995994945
01cba53b0c6026ad9fe9a6e91a9346ea	Bacteria	Proteobacteria	Alphaproteobacteria	Sphingomonadales	Sphingomonadaceae	Sphingobium	Unclassified	0.967828298
6b8fd6dc7c59fe9ae5d999ea84ced033	Bacteria	Proteobacteria	Alphaproteobacteria	Sphingomonadales	Sphingomonadaceae	Sphingomonas	Unclassified	0.884662359
1306d5fdc99fc6df3780e627d2f32b01	Bacteria	Proteobacteria	Alphaproteobacteria	Sphingomonadales	Sphingomonadaceae	Unclassified	Unclassified	0.998054271
d6eaa1a7ece0be052e10474c897842b8	Bacteria	Proteobacteria	Alphaproteobacteria	Sphingomonadales	Sphingomonadaceae	Unclassified	Unclassified	0.999459241
29be63115072c6c68697512e120fff57	Bacteria	Proteobacteria	Alphaproteobacteria	Sphingomonadales	Sphingomonadaceae	Sphingomonas	Unclassified	0.997759065
447a5e6958ef87fb9addea4829b712e4	Bacteria	Proteobacteria	Alphaproteobacteria	Sphingomonadales	Sphingomonadaceae	Sphingomonas	Unclassified	0.994489137
e69a2157a74bcb8f3888ed520c0ff039	Bacteria	Proteobacteria	Alphaproteobacteria	Sphingomonadales	Sphingomonadaceae	Sphingomonas	Unclassified	0.996050829
c658e0169bc1d7c903d2363b2a289f70	Bacteria	Proteobacteria	Alphaproteobacteria	Sphingomonadales	Sphingomonadaceae	Sphingomonas	Sphingomonas_oligophenolica	0.706501981
d4ff6d791349e1ee03b179b0c193453a	Bacteria	Proteobacteria	Alphaproteobacteria	Sphingomonadales	Sphingomonadaceae	Sphingomonas	Sphingomonas_glacialis	0.77366704
ab7bee31eee79e39dbdc17ada56e9346	Bacteria	Proteobacteria	Alphaproteobacteria	Sphingomonadales	Sphingomonadaceae	Unclassified	Unclassified	0.999990647
d16c105c48cfa1e58984976b29565a9b	Bacteria	Proteobacteria	Alphaproteobacteria	Sphingomonadales	Sphingomonadaceae	Unclassified	Unclassified	0.999987962
7125319b72679f58bdb60951d1229d4c	Bacteria	Proteobacteria	Alphaproteobacteria	Sphingomonadales	Sphingomonadaceae	Unclassified	Unclassified	0.999991898
a77068e4ded362d412698079031abd2e	Bacteria	Proteobacteria	Alphaproteobacteria	Sphingomonadales	Sphingomonadaceae	Unclassified	Unclassified	0.999991125
60d99988e9d47c72d5cd53550ae2fe40	Bacteria	Proteobacteria	Alphaproteobacteria	Sphingomonadales	Sphingomonadaceae	Unclassified	Unclassified	0.999998303
d732f8823ce70a446c4789eb7123f146	Bacteria	Proteobacteria	Alphaproteobacteria	Sphingomonadales	Sphingomonadaceae	Unclassified	Unclassified	0.999996835
d874816a8e79b4f90ab29eeec934389b	Bacteria	Proteobacteria	Alphaproteobacteria	Sphingomonadales	Sphingomonadaceae	Unclassified	Unclassified	0.727301711
46e5656d4e25e316e06b795daea8748a	Bacteria	Proteobacteria	Alphaproteobacteria	Sphingomonadales	Sphingomonadaceae	Unclassified	Unclassified	0.877826188
e0e01e6efa04c3b2de8e3fc1b5ef0810	Bacteria	Proteobacteria	Alphaproteobacteria	Sphingomonadales	Sphingomonadaceae	Sphingomonas	Unclassified	0.951685867
44bf772d2a7ce9a6dc480ec33e826e49	Bacteria	Proteobacteria	Alphaproteobacteria	Sphingomonadales	Sphingomonadaceae	Unclassified	Unclassified	0.978505928
266cdd44b2b90bfdda8f14c3da8a45de	Bacteria	Proteobacteria	Alphaproteobacteria	Sphingomonadales	Sphingomonadaceae	Sphingomonas	metagenome	0.82823219
2e0029405326eddfda1fae47b2915844	Bacteria	Proteobacteria	Alphaproteobacteria	Sphingomonadales	Sphingomonadaceae	Sphingomonas	metagenome	0.82780191
5b0a12dd072d334fefb04fb7b23410aa	Bacteria	Proteobacteria	Alphaproteobacteria	Sphingomonadales	Sphingomonadaceae	Sphingomonas	metagenome	0.893115125
9f19fbee149d55e4f034cbaef36558fe	Bacteria	Proteobacteria	Alphaproteobacteria	Sphingomonadales	Sphingomonadaceae	Sphingomonas	metagenome	0.903214793
9f5320406a15ab81fe86c609003e5af1	Bacteria	Proteobacteria	Alphaproteobacteria	Sphingomonadales	Sphingomonadaceae	Sphingomonas	Unclassified	0.995417562
02eedfac7a013fa0fee16131f6c806fb	Bacteria	Proteobacteria	Alphaproteobacteria	Sphingomonadales	Sphingomonadaceae	Sphingomonas	Sphingomonas_gei	0.832551822
2fbf53c8eabc1b2f11110a7702e1d9dd	Bacteria	Proteobacteria	Alphaproteobacteria	Sphingomonadales	Sphingomonadaceae	Sphingomonas	Unclassified	0.997234722
d1dbb725cfb5872034b9d3ff6d288d32	Bacteria	Proteobacteria	Alphaproteobacteria	Sphingomonadales	Sphingomonadaceae	Sphingomonas	Unclassified	0.992252966
ce8edaf8a71d91749fecf538006cb12f	Bacteria	Proteobacteria	Alphaproteobacteria	Sphingomonadales	Sphingomonadaceae	Sphingomonas	Unclassified	0.99530431
35aac03658bdd121d5b7efcb75d3a761	Bacteria	Proteobacteria	Alphaproteobacteria	Sphingomonadales	Sphingomonadaceae	Sphingomonas	Unclassified	0.998944798
cfb6177e943fefb44264fa5a804f0360	Bacteria	Proteobacteria	Alphaproteobacteria	Sphingomonadales	Sphingomonadaceae	Sphingomonas	Unclassified	0.99753947
a29c1ad0a885db781866c7c247b4c321	Bacteria	Proteobacteria	Alphaproteobacteria	Sphingomonadales	Sphingomonadaceae	Sphingomonas	Unclassified	0.99897552
f870527e3a3fba63211a3450d2bab2e5	Bacteria	Proteobacteria	Alphaproteobacteria	Sphingomonadales	Sphingomonadaceae	Sphingomonas	Unclassified	0.997407442
bc0b7e231c93579c2ec94b8115e67a37	Bacteria	Proteobacteria	Alphaproteobacteria	Sphingomonadales	Sphingomonadaceae	Sphingomonas	Sphingomonas_soli	0.769153921
fde9ecebde96a13b00b6ca07d1e10c6f	Bacteria	Proteobacteria	Alphaproteobacteria	Sphingomonadales	Sphingomonadaceae	Sphingomonas	Unclassified	0.998838327
285555527c2289080d84a84e5bb9e452	Bacteria	Proteobacteria	Alphaproteobacteria	Sphingomonadales	Sphingomonadaceae	Sphingomonas	Unclassified	0.999021566
a439f405e2cea4c628bc223a6fc4df49	Bacteria	Proteobacteria	Alphaproteobacteria	Sphingomonadales	Sphingomonadaceae	Sphingomonas	Unclassified	0.997252828
c1da987307527d4299cafcf1d70897cd	Bacteria	Proteobacteria	Alphaproteobacteria	Sphingomonadales	Sphingomonadaceae	Sphingomonas	Unclassified	0.815999674
451f0ebbb47c13073629a434201ee701	Bacteria	Proteobacteria	Alphaproteobacteria	Sphingomonadales	Sphingomonadaceae	Sphingomonas	Sphingomonas_aestuarii	0.763481065
e53a0398845de64e6fcaeb7e67e18d3c	Bacteria	Proteobacteria	Alphaproteobacteria	Sphingomonadales	Sphingomonadaceae	Unclassified	Unclassified	0.997085357
17b6b3bfeb4607161cad8e38c57a30ac	Bacteria	Proteobacteria	Alphaproteobacteria	Sphingomonadales	Sphingomonadaceae	Sphingomonas	Unclassified	0.984651807
be37baf35f540affbe0f62396cbdb258	Bacteria	Proteobacteria	Alphaproteobacteria	Sphingomonadales	Sphingomonadaceae	Unclassified	Unclassified	0.999997907
7f664697554b9c993ee6d7599b13af1c	Bacteria	Proteobacteria	Alphaproteobacteria	Sphingomonadales	Sphingomonadaceae	Unclassified	Unclassified	0.999523946
5e498d2cb85e4783782d426668d12ff1	Bacteria	Bdellovibrionota	Oligoflexia	Silvanigrellales	Silvanigrellaceae	Silvanigrella	Unclassified	0.999669737
16f7b6e5893b8beb6f2efba5bf832057	Bacteria	Bdellovibrionota	Oligoflexia	Silvanigrellales	Silvanigrellaceae	Silvanigrella	Unclassified	0.999553106
f0fc1aa67f6ccb2a030802ffa9ab30b1	Bacteria	Bdellovibrionota	Oligoflexia	Silvanigrellales	Silvanigrellaceae	Silvanigrella	Unclassified	0.998767605
ff25930f10470fcf8c544539dd4c9949	Bacteria	Proteobacteria	Alphaproteobacteria	Sphingomonadales	Sphingomonadaceae	Sphingopyxis	Unclassified	0.983266239
8ba2f4e0a5e435d04c42e5335a6b2c62	Bacteria	Proteobacteria	Alphaproteobacteria	Sphingomonadales	Sphingomonadaceae	Unclassified	Unclassified	0.999486588
f8ec20aa7170dbec9b70e999b4e33e99	Bacteria	Proteobacteria	Alphaproteobacteria	Sphingomonadales	Sphingomonadaceae	Sphingopyxis	Unclassified	0.984323441
14c8d2179f3fa7e6f4cbf6edeaf7d686	Bacteria	Bacteroidota	Bacteroidia	Bacteroidetes_VC2.1_Bac22	Bacteroidetes_VC2.1_Bac22	Bacteroidetes_VC2.1_Bac22	metagenome	0.999912149
1efaae99c7cb1471ba947e7a7cea8af9	Bacteria	Bacteroidota	Bacteroidia	Bacteroidetes_VC2.1_Bac22	Bacteroidetes_VC2.1_Bac22	Bacteroidetes_VC2.1_Bac22	metagenome	0.993576849
7ca0e69dcb461b5b39d3719a653169fc	Bacteria	Bacteroidota	Bacteroidia	Bacteroidetes_VC2.1_Bac22	Bacteroidetes_VC2.1_Bac22	Bacteroidetes_VC2.1_Bac22	metagenome	0.99984394
c5a67033a3f4d749522e949c085537db	Bacteria	Bacteroidota	Bacteroidia	Bacteroidetes_VC2.1_Bac22	Bacteroidetes_VC2.1_Bac22	Bacteroidetes_VC2.1_Bac22	metagenome	0.975847347
ea264a12dd680904d0aa03c9b8d82e89	Bacteria	Bacteroidota	Bacteroidia	Bacteroidetes_VC2.1_Bac22	Bacteroidetes_VC2.1_Bac22	Bacteroidetes_VC2.1_Bac22	metagenome	0.999730118
2bd87ae88942467fb6af8f0707449fb1	Bacteria	Bacteroidota	Bacteroidia	Bacteroidetes_VC2.1_Bac22	Bacteroidetes_VC2.1_Bac22	Bacteroidetes_VC2.1_Bac22	metagenome	0.999085885
13ad6b902d7e32cc7f143c949c5221f0	Bacteria	Proteobacteria	Alphaproteobacteria	Rhizobiales	Rhizobiaceae	Unclassified	Unclassified	0.966855663
0f191ccd75dcaf653a852867f0f56375	Bacteria	Dependentiae	Babeliae	Babeliales	Babeliales	Babeliales	uncultured_bacterium	0.918728796
ba0aba3e07a37326804c2f34e4da2b91	Bacteria	Firmicutes	Clostridia	Lachnospirales	Lachnospiraceae	Unclassified	Unclassified	0.997606822
d1528791affed31c5e48492abadce6cd	Bacteria	Firmicutes	Clostridia	Lachnospirales	Lachnospiraceae	Unclassified	Unclassified	0.997183666
8febc03612ef7de284ed0db6a1e6d589	Bacteria	Firmicutes	Clostridia	Lachnospirales	Lachnospiraceae	Lachnospiraceae_NK4A136_group	Unclassified	0.845496937
a2bc801b043384aa07a136ee5201caf3	Bacteria	Firmicutes	Clostridia	Lachnospirales	Lachnospiraceae	Lachnospiraceae_NK4A136_group	Unclassified	0.716254524
6980c8097723db06fcb4a6a900067846	Bacteria	Firmicutes	Clostridia	Oscillospirales	Ruminococcaceae	Unclassified	Unclassified	0.923608534
5011dedb0bd11d2ed8115b9459281a9b	Bacteria	NA	NA	NA	NA	Unclassified	Unclassified	0.999998238
d36d644650c7230d9ca5da8cebf1d07c	Bacteria	NA	NA	NA	NA	Unclassified	Unclassified	0.999996875
103d9c6defa3b2dc717813a146588d3c	Bacteria	Bacteroidota	Bacteroidia	Flavobacteriales	NS9_marine_group	NS9_marine_group	metagenome	0.721512129
036676fcb35a0649cb856ab198e79b61	Bacteria	Bacteroidota	Bacteroidia	Cytophagales	Cytophagaceae	Sporocytophaga	uncultured_bacterium	0.854535407
7c9c8d287dc5a0299ba2f4078ecbfcae	Bacteria	Bacteroidota	Bacteroidia	Flavobacteriales	NS9_marine_group	NS9_marine_group	Unclassified	0.999998154
c886df66d54288c414724c230c7594c6	Bacteria	Bacteroidota	Bacteroidia	Flavobacteriales	NS9_marine_group	NS9_marine_group	metagenome	0.979579993
04aaee9a75df7840a6d3efad2692cabc	Bacteria	Bacteroidota	Bacteroidia	Flavobacteriales	NS9_marine_group	NS9_marine_group	Unclassified	0.999916539
13abdcb96ab2af97c8c5cc1b4d8e952f	Bacteria	Bacteroidota	Bacteroidia	Flavobacteriales	NS9_marine_group	NS9_marine_group	uncultured_soil	0.880369275
ec118b3a714c864fe981ccc571647db4	Bacteria	Bacteroidota	Bacteroidia	Flavobacteriales	NS9_marine_group	NS9_marine_group	metagenome	0.971591884
3dfbae833f514a900cf317e110d78ab8	Bacteria	Bdellovibrionota	Bdellovibrionia	Bdellovibrionales	Bdellovibrionaceae	Bdellovibrio	uncultured_soil	0.839641166
bdd9a27f3ed718e1bddf2ea3660dfe46	Bacteria	Proteobacteria	Alphaproteobacteria	Sphingomonadales	Sphingomonadaceae	Sphingomonas	Unclassified	0.994223073
406fe04114aa3723a356aae97d9d2fe5	Bacteria	Proteobacteria	Alphaproteobacteria	Sphingomonadales	Sphingomonadaceae	Sphingomonas	Unclassified	0.998386669
b0f81339a2f263e4ba43c83953a550a0	Bacteria	Proteobacteria	Alphaproteobacteria	Sphingomonadales	Sphingomonadaceae	Sphingomonas	Unclassified	0.999515104
30dbdcaaf8dbb41471b1df58999ddbe0	Bacteria	Proteobacteria	Alphaproteobacteria	Sphingomonadales	Sphingomonadaceae	Sphingomonas	Unclassified	0.999762085
48c32643f42fb128cd443a0be6909219	Bacteria	Proteobacteria	Alphaproteobacteria	Sphingomonadales	Sphingomonadaceae	Sphingomonas	Unclassified	0.999373241
501786fadfda14aed79dcd1e4d1c4bdb	Bacteria	Proteobacteria	Alphaproteobacteria	Sphingomonadales	Sphingomonadaceae	Sphingomonas	Unclassified	0.999488207
20fbd365f06a1671f573b57c8d7e9f14	Bacteria	Proteobacteria	Alphaproteobacteria	Sphingomonadales	Sphingomonadaceae	Sphingomonas	Unclassified	0.99978895
a6d7e8b96ca559adc6a92ee623890030	Bacteria	Proteobacteria	Alphaproteobacteria	Sphingomonadales	Sphingomonadaceae	Unclassified	Unclassified	0.999758499
a1d46c5d4e6dfd98f62edaf90ae26414	Bacteria	Proteobacteria	Alphaproteobacteria	Sphingomonadales	Sphingomonadaceae	Unclassified	Unclassified	0.999678949
4f184aaa26f389b37b655dae48d0d4c8	Bacteria	Proteobacteria	Alphaproteobacteria	Sphingomonadales	Sphingomonadaceae	Unclassified	Unclassified	0.999682042
108de3030cbbf9049e92af08276f2d3f	Bacteria	Proteobacteria	Alphaproteobacteria	Sphingomonadales	Sphingomonadaceae	Unclassified	Unclassified	0.998483273
25379024103b713a0f1ada40bedabe67	Bacteria	Proteobacteria	Alphaproteobacteria	Sphingomonadales	Sphingomonadaceae	Unclassified	Unclassified	0.998379967
0825b43663891904c3b1100ab97589b8	Bacteria	Proteobacteria	Alphaproteobacteria	Sphingomonadales	Sphingomonadaceae	Sphingomonas	Unclassified	0.999164959
dda4e1ff23ccd79de71ff351d8b67039	Bacteria	Proteobacteria	Alphaproteobacteria	Sphingomonadales	Sphingomonadaceae	Sphingomonas	Unclassified	0.998950805
d01c561239d3c092f45044930908cc22	Bacteria	Proteobacteria	Alphaproteobacteria	Sphingomonadales	Sphingomonadaceae	Sphingomonas	Unclassified	0.999921661
5e1b1200503879ba26f0362d1700e15a	Bacteria	Proteobacteria	Alphaproteobacteria	Sphingomonadales	Sphingomonadaceae	Sphingomonas	Unclassified	0.999807513
1947b5528285b9df5a9e4271b314c90c	Bacteria	Proteobacteria	Alphaproteobacteria	Sphingomonadales	Sphingomonadaceae	Sphingomonas	Unclassified	0.999763252
b8eb8e4a3fd3402e6d893320cb286897	Bacteria	Proteobacteria	Alphaproteobacteria	Sphingomonadales	Sphingomonadaceae	Sphingomonas	Unclassified	0.999497836
c9dae4036e47df3627257708a53a2a82	Bacteria	Proteobacteria	Alphaproteobacteria	Sphingomonadales	Sphingomonadaceae	Sphingomonas	Unclassified	0.9993626
bc048c986bec4c3544770b94277ab997	Bacteria	Proteobacteria	Alphaproteobacteria	Sphingomonadales	Sphingomonadaceae	Sphingomonas	Unclassified	0.999793321
14cbfafeefc400ea8e8ebe41acd45e71	Bacteria	Proteobacteria	Alphaproteobacteria	Sphingomonadales	Sphingomonadaceae	Sphingomonas	Unclassified	0.999869739
31a944ab2c22879fbe394788c41ddf27	Bacteria	Proteobacteria	Alphaproteobacteria	Sphingomonadales	Sphingomonadaceae	Sphingomonas	Unclassified	0.999827858
088b7fd830ac906108755d1631a5925d	Bacteria	Proteobacteria	Alphaproteobacteria	Sphingomonadales	Sphingomonadaceae	Sphingomonas	Unclassified	0.999620213
76ba24c85e2aa1908bdc77eb9a55cb81	Bacteria	Proteobacteria	Alphaproteobacteria	Sphingomonadales	Sphingomonadaceae	Sphingomonas	Unclassified	0.999875679
b78a3bf7f46fb0b5efdddfb7793c3bdf	Bacteria	Proteobacteria	Alphaproteobacteria	Sphingomonadales	Sphingomonadaceae	Sphingomonas	Unclassified	0.999479546
ed5c62636fabdfc681e08696ad306cee	Bacteria	Proteobacteria	Alphaproteobacteria	Sphingomonadales	Sphingomonadaceae	Sphingomonas	Unclassified	0.999128718
dd2d15e4ddc4777d541f4f6d0837de4f	Bacteria	Proteobacteria	Alphaproteobacteria	Sphingomonadales	Sphingomonadaceae	Sphingomonas	Unclassified	0.999848032
132e08c491fc15384b877bceebc5a73b	Bacteria	Proteobacteria	Alphaproteobacteria	Sphingomonadales	Sphingomonadaceae	Sphingomonas	Unclassified	0.999684018
5050d884130df239a27c94589587493f	Bacteria	Proteobacteria	Alphaproteobacteria	Sphingomonadales	Sphingomonadaceae	Sphingomonas	Unclassified	0.999456576
4f7f6bfe58f75e17741cf946ae36ecfc	Bacteria	Proteobacteria	Alphaproteobacteria	Sphingomonadales	Sphingomonadaceae	Sphingomonas	Unclassified	0.999734441
679f0c4984e9c8a58da9cbbc413719a0	Bacteria	Proteobacteria	Alphaproteobacteria	Sphingomonadales	Sphingomonadaceae	Sphingomonas	Unclassified	0.999897394
2ac3d6cba3f45c68ca32ae1cc58f7412	Bacteria	Proteobacteria	Alphaproteobacteria	Sphingomonadales	Sphingomonadaceae	Sphingomonas	Unclassified	0.999879912
ba576124c7c6247d11f2ce309fd46d29	Bacteria	Proteobacteria	Alphaproteobacteria	Sphingomonadales	Sphingomonadaceae	Sphingomonas	Unclassified	0.999376085
149c2b702507772d2ef10bf323ed77e7	Bacteria	Proteobacteria	Alphaproteobacteria	Sphingomonadales	Sphingomonadaceae	Sphingomonas	Unclassified	0.999559072
484c11e7441ad23161fe48c9feb4a549	Bacteria	Proteobacteria	Alphaproteobacteria	Sphingomonadales	Sphingomonadaceae	Sphingomonas	Unclassified	0.999652863
f24324a12a201d0fe2bfd465994a28ac	Bacteria	Proteobacteria	Alphaproteobacteria	Sphingomonadales	Sphingomonadaceae	Sphingomonas	Unclassified	0.999750203
3eeba80cbc3a2da1408cec67d20c3c9f	Bacteria	Proteobacteria	Alphaproteobacteria	Sphingomonadales	Sphingomonadaceae	Ellin6055	Unclassified	0.899548585
283db6a971248b2f3fa49c467274c728	Bacteria	Proteobacteria	Alphaproteobacteria	Sphingomonadales	Sphingomonadaceae	Sphingomonas	Unclassified	0.999756222
b7077f07c0a1925ef82f1327cb579591	Bacteria	Proteobacteria	Alphaproteobacteria	Sphingomonadales	Sphingomonadaceae	Sphingomonas	Unclassified	0.999736687
7536de7344d3b3dc871d5bfb50978b1b	Bacteria	Proteobacteria	Alphaproteobacteria	Sphingomonadales	Sphingomonadaceae	Sphingomonas	Unclassified	0.999630289
07eba2a02a4c526126f7255a256597cb	Bacteria	Proteobacteria	Alphaproteobacteria	Sphingomonadales	Sphingomonadaceae	Ellin6055	Unclassified	0.96756826
970c2b99e3f48a2765dca800a1945b6b	Bacteria	Proteobacteria	Alphaproteobacteria	Sphingomonadales	Sphingomonadaceae	Ellin6055	Unclassified	0.981925587
81188a454836a63141c05c4868a8c343	Bacteria	Proteobacteria	Alphaproteobacteria	Sphingomonadales	Sphingomonadaceae	Ellin6055	uncultured_bacterium	0.710412409
4f5fc2a6eae7dfc8aff54378e5f0fabc	Bacteria	Proteobacteria	Alphaproteobacteria	Sphingomonadales	Sphingomonadaceae	Ellin6055	Unclassified	0.978496198
b12b275f0b897d5324a2f9797ce8823f	Bacteria	Proteobacteria	Alphaproteobacteria	Sphingomonadales	Sphingomonadaceae	Ellin6055	uncultured_bacterium	0.884128029
74c90033efe94bf94b314212676e4565	Bacteria	Proteobacteria	Alphaproteobacteria	Sphingomonadales	Sphingomonadaceae	Ellin6055	Unclassified	0.919377562
f4b8e9d5b4f029f31cf1131bb2272744	Bacteria	Proteobacteria	Alphaproteobacteria	Sphingomonadales	Sphingomonadaceae	Sphingomonas	Unclassified	0.999485976
cea7018e8c1684bd4b5b1c7f5ac6686d	Bacteria	Proteobacteria	Alphaproteobacteria	Sphingomonadales	Sphingomonadaceae	Sphingomonas	Unclassified	0.999848896
f250107daa173570acdd1a416fd94e0f	Bacteria	Proteobacteria	Alphaproteobacteria	Sphingomonadales	Sphingomonadaceae	Sphingomonas	Unclassified	0.999692454
105a7f5f2b325e4edfccb5a2c8bfcc89	Bacteria	Proteobacteria	Alphaproteobacteria	Sphingomonadales	Sphingomonadaceae	Sphingomonas	Unclassified	0.999796921
88cb9811929fff6e5eb84cdce0f5dbf4	Bacteria	Proteobacteria	Alphaproteobacteria	Sphingomonadales	Sphingomonadaceae	Sphingomonas	Unclassified	0.999705807
65b9858163714334f545dd1a2f784718	Bacteria	Bacteroidota	Bacteroidia	Bacteroidetes_VC2.1_Bac22	Bacteroidetes_VC2.1_Bac22	Bacteroidetes_VC2.1_Bac22	metagenome	0.991094586
709687d814b1aa7e1fb71ea60e1ded37	Bacteria	Bacteroidota	Bacteroidia	Cytophagales	Cytophagaceae	Rhodocytophaga	uncultured_soil	0.830361985
9fb642dbc20f7d625e1434e17ffd736e	Bacteria	Bacteroidota	Bacteroidia	Cytophagales	Cytophagaceae	Rhodocytophaga	Unclassified	0.999715789
ab757eeaeb35aeea681175eb4aab2353	Bacteria	Bacteroidota	Bacteroidia	Cytophagales	Cytophagaceae	Rhodocytophaga	Unclassified	0.973258921
8b68c8b187cd776db5af431be4e4bbd4	Bacteria	Chloroflexi	Chloroflexia	Chloroflexales	Roseiflexaceae	Unclassified	uncultured_bacterium	0.754970898
3f3c2d88a64080e7777a51b2d1af0196	Bacteria	Chloroflexi	Chloroflexia	Chloroflexales	NA	Unclassified	Unclassified	0.951887859
d96dcfef8eb011c491ea90263e039a5b	Bacteria	Firmicutes	Clostridia	Lachnospirales	Lachnospiraceae	Unclassified	Unclassified	0.997856252
10beef3b58d9470ccd2dbf52281b7f24	Bacteria	Bacteroidota	Bacteroidia	Cytophagales	Spirosomaceae	Unclassified	uncultured_Bacteroidetes	0.97691967
0c1c4047e61cef55237f631ed8a995f6	Bacteria	Bacteroidota	Bacteroidia	Cytophagales	NA	Unclassified	Unclassified	0.994614146
5f9e2e4512b54b3d7dfae7be1ff08969	Bacteria	Bacteroidota	Bacteroidia	Cytophagales	Hymenobacteraceae	Adhaeribacter	Unclassified	0.993298777
ed8df8e5e71822091ab48f4706a8a047	Bacteria	Proteobacteria	Alphaproteobacteria	Micropepsales	Micropepsaceae	Unclassified	Unclassified	0.999983394
0c46cfb30179e5f468c3f16ab2ab179c	Bacteria	Myxococcota	Myxococcia	Myxococcales	NA	Unclassified	Unclassified	0.916826501
f4adc1c5e857a0ae06c71af37f603e33	Bacteria	Proteobacteria	Alphaproteobacteria	Caulobacterales	Caulobacteraceae	Asticcacaulis	Unclassified	0.990829429
2b52a543ad0cfec975e33c6ac19a4ccd	Bacteria	Proteobacteria	Alphaproteobacteria	Caulobacterales	Caulobacteraceae	Brevundimonas	Unclassified	0.996760535
c879eca6c9116ceedc7c2143dfa329df	Bacteria	Proteobacteria	Alphaproteobacteria	Caulobacterales	Caulobacteraceae	Brevundimonas	Unclassified	0.995033978
e497e608fbeeb0ab391644b31eedafc5	Bacteria	SAR324_clade(Marine_group_B)	SAR324_clade(Marine_group_B)	SAR324_clade(Marine_group_B)	SAR324_clade(Marine_group_B)	SAR324_clade(Marine_group_B)	Unclassified	0.86733265
908910dbdf3376bf602ee8f54c8fe853	Bacteria	Proteobacteria	Alphaproteobacteria	Sphingomonadales	Sphingomonadaceae	Unclassified	Unclassified	0.84056162
abbc78c362612d1d228390845efe7408	Bacteria	Proteobacteria	Alphaproteobacteria	Caulobacterales	Caulobacteraceae	Brevundimonas	Unclassified	0.920284538
c1674150acb19e316dc089a112f3c203	Bacteria	NA	NA	NA	NA	Unclassified	Unclassified	0.999999974
09daa00e322803e2592631bdc2580ec8	Bacteria	Proteobacteria	Alphaproteobacteria	Caulobacterales	Caulobacteraceae	Brevundimonas	Brevundimonas_aveniformis	0.798038288
c8238b37031d151266503d8263281e9a	Bacteria	Proteobacteria	Alphaproteobacteria	Caulobacterales	Caulobacteraceae	Brevundimonas	Unclassified	0.994508854
1e16bf6ecc37c6c1d3fe7ffa8b430a1a	Bacteria	Proteobacteria	Alphaproteobacteria	Caulobacterales	Caulobacteraceae	Brevundimonas	Unclassified	0.995725914
549db5078760db3a5fd36f26f9851134	Bacteria	Proteobacteria	Alphaproteobacteria	Caulobacterales	Caulobacteraceae	Brevundimonas	Unclassified	0.997410987
8ef2e39cd8dbb3f0147664e89294923a	Bacteria	Proteobacteria	Alphaproteobacteria	Caulobacterales	Caulobacteraceae	Brevundimonas	Unclassified	0.992958511
78aba920ca6f94ed7fae6ca6d4ff5783	Bacteria	Proteobacteria	Alphaproteobacteria	Caulobacterales	Caulobacteraceae	Brevundimonas	Unclassified	0.742468517
c6ac34debc756e0d91e74094034fe079	Bacteria	Proteobacteria	Alphaproteobacteria	Caulobacterales	NA	Unclassified	Unclassified	0.706480672
724b96a77622da443a244eb6e736ad5c	Bacteria	Proteobacteria	Alphaproteobacteria	Caulobacterales	Caulobacteraceae	Brevundimonas	Unclassified	0.996800917
df675ebe2a82d55b2b6dc0cf70879400	Bacteria	Proteobacteria	Alphaproteobacteria	Caulobacterales	Caulobacteraceae	Brevundimonas	Unclassified	0.996457503
321c75814b8bb0f78f02576b17e012a6	Bacteria	Proteobacteria	Alphaproteobacteria	Caulobacterales	Caulobacteraceae	Brevundimonas	Unclassified	0.977742271
d3f7a0fcfe7238cc32fd5437d488feb3	Bacteria	Proteobacteria	Alphaproteobacteria	Caulobacterales	Caulobacteraceae	Brevundimonas	Unclassified	0.996719822
5d92e95745103ce8d335f1b644c338d6	Bacteria	Proteobacteria	Alphaproteobacteria	Caulobacterales	Caulobacteraceae	Brevundimonas	Unclassified	0.954006491
22820fd4a3b5a38388af6685183bffea	Bacteria	Proteobacteria	Alphaproteobacteria	Caulobacterales	Caulobacteraceae	Brevundimonas	Unclassified	0.974992456
df8c54a70a3ded933f6782a9a9a358d5	Bacteria	Proteobacteria	Alphaproteobacteria	Caulobacterales	Caulobacteraceae	Brevundimonas	Unclassified	0.992748024
142500f4cc7e639941c9724c1befe670	Bacteria	Proteobacteria	Alphaproteobacteria	Caulobacterales	Caulobacteraceae	Brevundimonas	Unclassified	0.991931153
d450115a66c6a279dc7316c1ed005de2	Bacteria	Planctomycetota	Phycisphaerae	Phycisphaerales	Phycisphaeraceae	SM1A02	Nannochloropsis_gaditana	0.850243624
04855324235bf62f5956f09fee068049	Bacteria	Planctomycetota	Phycisphaerae	Phycisphaerales	Phycisphaeraceae	SM1A02	Nannochloropsis_gaditana	0.80922216
5ceb246db39d3237b5e953ae03f5c6fc	Bacteria	NA	NA	NA	NA	Unclassified	Unclassified	0.999980235
266abee1a4e0c7cb00d8c0dadec9aabe	Bacteria	NA	NA	NA	NA	Unclassified	Unclassified	0.999980324
273feb36ab96eadc5c0e4ba3b335c9a0	Bacteria	Firmicutes	Bacilli	Paenibacillales	Paenibacillaceae	Paenibacillus	Unclassified	0.99646438
b7682596df120dda5f8adf418d40f973	Bacteria	NA	NA	NA	NA	Unclassified	Unclassified	0.99999871
1124232357c170fb85c6582500c6cb35	Bacteria	Patescibacteria	Saccharimonadia	Saccharimonadales	Saccharimonadales	Saccharimonadales	uncultured_soil	0.781382365
49482d9ab67443fb6599ecdf84106899	Bacteria	Firmicutes	Bacilli	Paenibacillales	Paenibacillaceae	Paenibacillus	Unclassified	0.999754504
98cc9b794c459f8b09eaf260ed00a493	Bacteria	Firmicutes	Bacilli	Paenibacillales	Paenibacillaceae	Paenibacillus	Unclassified	0.999455163
af31b438efe01b5ef54bc97415fc5487	Bacteria	Firmicutes	Bacilli	Paenibacillales	Paenibacillaceae	Paenibacillus	Unclassified	0.998876502
ef037f8736ffb2ec69dd9f7ccc2b031d	Bacteria	Firmicutes	Bacilli	Paenibacillales	Paenibacillaceae	Paenibacillus	Paenibacillus_pocheonensis	0.794701365
e455a06ad6ec9ab05c8260d16520347c	Bacteria	NA	NA	NA	NA	Unclassified	Unclassified	0.999996899
2571f2cec1ebe1f20386135f3d3d1d73	Bacteria	Patescibacteria	NA	NA	NA	Unclassified	Unclassified	0.707720135
ba7397aa56cc22e81a042cceb7748b59	Bacteria	NA	NA	NA	NA	Unclassified	Unclassified	0.999980636
98cd86171087f1914481edb7221f806a	Bacteria	Proteobacteria	Alphaproteobacteria	Rhodospirillales	uncultured	Unclassified	metagenome	0.891592049
7225af5062265891b30d6b9bedfaaf7d	Bacteria	Proteobacteria	Alphaproteobacteria	Rhodospirillales	uncultured	Unclassified	metagenome	0.942807041
7fe3f22b30264e875eb423ed7e3b1947	Bacteria	Proteobacteria	Alphaproteobacteria	Rhodospirillales	uncultured	Unclassified	metagenome	0.849372987
2cff339351b4aee6adfed73f84948b33	Bacteria	Proteobacteria	Alphaproteobacteria	Rickettsiales	SM2D12	SM2D12	Unclassified	0.739996668
d9042bf8774e20fa7c21bb23d479d742	Bacteria	Proteobacteria	Alphaproteobacteria	Rickettsiales	SM2D12	SM2D12	Unclassified	0.739499105
5a54d2b3823c3d27f48bcccfcf50fd16	Bacteria	Firmicutes	Bacilli	Paenibacillales	Paenibacillaceae	Paenibacillus	Unclassified	0.989763568
19f68510eccc4313fbcf19080dc111dd	Bacteria	Proteobacteria	Alphaproteobacteria	Rhodospirillales	uncultured	Unclassified	metagenome	0.747862802
5235dc6a8e228eee1886ff222ecaf6e2	Bacteria	Proteobacteria	Alphaproteobacteria	Rhodospirillales	uncultured	Unclassified	metagenome	0.845221234
1b26fefef232be4ecc35a45d49cf809f	Bacteria	Chloroflexi	TK10	TK10	TK10	TK10	uncultured_bacterium	0.768749713
7907f271953dd44ad631a2607666ce17	Bacteria	Chloroflexi	Chloroflexia	Chloroflexales	Chloroflexaceae	Candidatus_Chloroploca	Unclassified	0.935032109
6e12d7c47074dfcc73537b235ef164a9	Bacteria	Chloroflexi	Chloroflexia	Chloroflexales	Chloroflexaceae	Chloronema	uncultured_bacterium	0.999987157
7b817b3d4ee36d98bb888f033761d4fb	Bacteria	Chloroflexi	Chloroflexia	Chloroflexales	Chloroflexaceae	Unclassified	Unclassified	0.961258154
3fa50e6b92fdb1cbc8e3c6b9e62e1fca	Bacteria	Chloroflexi	Chloroflexia	Chloroflexales	Chloroflexaceae	Unclassified	Unclassified	0.93826864
c84d55758f54e733f16d450f353ee0e5	Bacteria	Chloroflexi	TK10	TK10	TK10	TK10	uncultured_bacterium	0.866704327
f2de79c362ac7dc3a6323c107a65fb23	Bacteria	Chloroflexi	TK10	TK10	TK10	TK10	Unclassified	0.999989508
976836e81d2e59803098b6a909a0b280	Bacteria	Chloroflexi	TK10	TK10	TK10	TK10	Unclassified	0.999966664
4e080a97890b81daf32696bb0d4dc021	Bacteria	Chloroflexi	TK10	TK10	TK10	TK10	Unclassified	0.999977402
682cd5368c366fb6f1ab877e859d8abb	Bacteria	Chloroflexi	TK10	TK10	TK10	TK10	Unclassified	0.999988174
b1cf7468afc82ef51a3f26244ab266c6	Bacteria	Bacteroidota	Bacteroidia	Flavobacteriales	Weeksellaceae	Chryseobacterium	Unclassified	0.999513264
83bb7af9f708840ddfd5c42d022fa4f9	Bacteria	Bacteroidota	Bacteroidia	Flavobacteriales	Weeksellaceae	Chryseobacterium	Unclassified	0.999767432
e96d249d74f664e1e38db1f573e41582	Bacteria	Bacteroidota	Bacteroidia	Flavobacteriales	Weeksellaceae	Chryseobacterium	Unclassified	0.999317694
425a9347a46f29aa762b4eea43f75e78	Bacteria	Bacteroidota	Bacteroidia	Flavobacteriales	Weeksellaceae	Cloacibacterium	uncultured_bacterium	0.892380241
9a50eb42c65c4d55a563256a9c8fbe08	Bacteria	Bacteroidota	Bacteroidia	Flavobacteriales	Weeksellaceae	Chryseobacterium	Unclassified	0.994153387
4dbd0bfc96882bf5840e5305380ca607	Bacteria	Bacteroidota	Bacteroidia	Flavobacteriales	Weeksellaceae	Chryseobacterium	Unclassified	0.992543379
c60c8be93fd97f267a7431f03d2ffd97	Bacteria	Bacteroidota	Bacteroidia	Flavobacteriales	Weeksellaceae	Chryseobacterium	Unclassified	0.996660655
0f6247c47e88b229939eaac62d3da084	Bacteria	Bacteroidota	Bacteroidia	Flavobacteriales	Weeksellaceae	Chryseobacterium	Unclassified	0.98773966
3c7d0c8aa804ee11c35e64b617b1f4f4	Bacteria	Bacteroidota	Bacteroidia	Flavobacteriales	Weeksellaceae	Chryseobacterium	Unclassified	0.996040757
6ccf84b3ef661ca2e48758734114f58c	Bacteria	Bacteroidota	Bacteroidia	Flavobacteriales	Weeksellaceae	Chryseobacterium	Unclassified	0.999013409
7ae06867049093fef5d71bbdb6ddc46c	Bacteria	Bacteroidota	Bacteroidia	Flavobacteriales	Weeksellaceae	Chryseobacterium	Unclassified	0.997892855
e962fd27e880c8f3d36ab0814e8f0852	Bacteria	Bacteroidota	Bacteroidia	Flavobacteriales	Weeksellaceae	Chryseobacterium	Unclassified	0.995461769
95094e20d19102552c38f3fe5eeae109	Bacteria	Bacteroidota	Bacteroidia	Flavobacteriales	Weeksellaceae	Chryseobacterium	Unclassified	0.9976027
68e2d5528add4ca07ed4d152b02b77f8	Bacteria	Bacteroidota	Bacteroidia	Flavobacteriales	Weeksellaceae	Chryseobacterium	Unclassified	0.999402101
ab8f8e123ef13fb7abe3361cd318bde4	Bacteria	Bacteroidota	Bacteroidia	Flavobacteriales	Weeksellaceae	Chryseobacterium	Unclassified	0.979946068
5328b410f575ebed3e3cfaa9da4c0090	Bacteria	Bacteroidota	Bacteroidia	Flavobacteriales	Weeksellaceae	Chryseobacterium	Chryseobacterium_hominis	0.803635287
d6fde5026d99e1d53ee50489ee0e4719	Bacteria	Bacteroidota	Bacteroidia	Flavobacteriales	Weeksellaceae	Chryseobacterium	Unclassified	0.974522695
290d94643e70f8322d3b4864948ccffb	Bacteria	Bacteroidota	Bacteroidia	Flavobacteriales	Weeksellaceae	Chryseobacterium	Unclassified	0.999359254
72135906dba97b69e2d8c5e0c10b08f2	Bacteria	Bacteroidota	Bacteroidia	Flavobacteriales	Weeksellaceae	Chryseobacterium	Unclassified	0.999296918
5f8c3f60c9efc5e48991f3ac8e47ae17	Bacteria	Armatimonadota	Armatimonadia	Armatimonadales	Armatimonadales	Armatimonadales	Unclassified	0.969195496
f96c35000453492bd925f00291775fe9	Bacteria	Bacteroidota	Bacteroidia	Flavobacteriales	Weeksellaceae	Chryseobacterium	Unclassified	0.999548403
6dffd4a35699d5d5128c9888320f23b9	Bacteria	Bacteroidota	Bacteroidia	Flavobacteriales	Weeksellaceae	Chryseobacterium	Chryseobacterium_lathyri	0.839515468
98ae7809608b99e093172f29671658f3	Bacteria	Bacteroidota	Bacteroidia	Flavobacteriales	Weeksellaceae	Chryseobacterium	Unclassified	0.999458474
4eaf60727b348b4a159ea67e33378d3f	Bacteria	Bacteroidota	Bacteroidia	Flavobacteriales	Weeksellaceae	Chryseobacterium	Unclassified	0.999618693
0d296f6708d280d09c059b9c1f5ba45a	Bacteria	Bacteroidota	Bacteroidia	Flavobacteriales	Weeksellaceae	Chryseobacterium	Chryseobacterium_formosense	0.733034909
2824085c6d74946531662ce5097adb25	Bacteria	Bacteroidota	Bacteroidia	Flavobacteriales	Weeksellaceae	Chryseobacterium	Unclassified	0.994389024
0755c9345fb3fa17bffcd99c2b789dc4	Bacteria	Bacteroidota	Bacteroidia	Flavobacteriales	Weeksellaceae	Chryseobacterium	Unclassified	0.996467321
933720a2477b8e04ea9cfd3333935290	Bacteria	Bacteroidota	Bacteroidia	Flavobacteriales	Weeksellaceae	Chryseobacterium	Unclassified	0.999720483
43965c4a56aa6ac58b6fcdf369c06570	Bacteria	Bacteroidota	Bacteroidia	Flavobacteriales	Weeksellaceae	Chryseobacterium	Unclassified	0.999434379
09804f6869081487ec40d2cfc7d7eef9	Bacteria	Bacteroidota	Bacteroidia	Flavobacteriales	Weeksellaceae	Chryseobacterium	Unclassified	0.998398137
a82f243f07ef30744f2920cd63141687	Bacteria	Bacteroidota	Bacteroidia	Flavobacteriales	Weeksellaceae	Chryseobacterium	Unclassified	0.999607602
dd98d5e5761f750e2ccd16e57b886d6a	Bacteria	Bacteroidota	Bacteroidia	Flavobacteriales	Weeksellaceae	Chryseobacterium	Unclassified	0.998718326
4c9a6699b73d286ad9a9b5589cb4da5a	Bacteria	Bacteroidota	Bacteroidia	Flavobacteriales	Weeksellaceae	Chryseobacterium	Unclassified	0.980807857
42e6992385524276cc7e279146443794	Bacteria	Bacteroidota	Bacteroidia	Flavobacteriales	Weeksellaceae	Chryseobacterium	Unclassified	0.938278585
52502319bd06227928f45a75fbbb4b99	Bacteria	Bacteroidota	Bacteroidia	Bacteroidales	Prolixibacteraceae	WCHB1-32	Unclassified	0.981689494
09cbb926f5798e8c583fcd09e9688add	Bacteria	Bacteroidota	Bacteroidia	Chitinophagales	Saprospiraceae	Unclassified	Unclassified	0.999533951
d98cf9040f122df758d6b4b6ccf7e285	Bacteria	Proteobacteria	Alphaproteobacteria	Rhizobiales	Pleomorphomonadaceae	Prosthecomicrobium	Unclassified	0.998792943
4cafe5496fab8db782965aa1a8369a8f	Bacteria	Proteobacteria	Alphaproteobacteria	Rhizobiales	Pleomorphomonadaceae	Prosthecomicrobium	Unclassified	0.992743754
1c58affe5eb5bbf2d4d46ea9e1119d12	Bacteria	Proteobacteria	Alphaproteobacteria	Rhizobiales	Rhizobiaceae	Mesorhizobium	Unclassified	0.898516559
12de92945cbd1506db20f3d654036884	Bacteria	Proteobacteria	Alphaproteobacteria	Rhizobiales	Rhizobiaceae	Unclassified	Unclassified	0.972521504
417fe1ddd4406f05195355b703ae3c2b	Bacteria	Proteobacteria	Alphaproteobacteria	Rhizobiales	Rhizobiaceae	Mesorhizobium	Mesorhizobium_tamadayense	0.75796627
fc86eaad87bcf52561b7b18482a046f2	Bacteria	Proteobacteria	Alphaproteobacteria	Rhizobiales	Rhizobiaceae	Mesorhizobium	Unclassified	0.733426554
41cc97fe58ad1b9709023eea9faddfcb	Bacteria	Proteobacteria	Alphaproteobacteria	Rhizobiales	Rhizobiaceae	Mesorhizobium	Unclassified	0.740174968
e90e78557ca2d1aa7e98beff62d5f859	Bacteria	Proteobacteria	Alphaproteobacteria	Rhizobiales	Rhizobiaceae	Unclassified	Unclassified	0.946445145
38f933e737c4f3acc31bb9cd3757c66a	Bacteria	Proteobacteria	Alphaproteobacteria	Rhizobiales	Rhizobiaceae	Unclassified	Unclassified	0.96935384
1fc28e4adcb11231543e8e5096845e12	Bacteria	Proteobacteria	Alphaproteobacteria	Rhizobiales	Rhizobiaceae	Mesorhizobium	Unclassified	0.823491335
a8c096be41292fac5514cbafa887bd0e	Bacteria	Proteobacteria	Alphaproteobacteria	Rhizobiales	Rhizobiaceae	Unclassified	Unclassified	0.960456657
04b85b1a78658c49c63e78b47b06d35e	Bacteria	Proteobacteria	Alphaproteobacteria	Rhizobiales	Rhizobiaceae	Aurantimonas	Unclassified	0.985702524
1852e4cad21850d24220071af1b11231	Bacteria	Proteobacteria	Alphaproteobacteria	Rhizobiales	Rhizobiaceae	Aureimonas	Aureimonas_altamirensis	0.843606668
f86c8908be3605aaabf86705e21c42b7	Bacteria	Proteobacteria	Alphaproteobacteria	Rhizobiales	Rhizobiaceae	Aureimonas	Unclassified	0.979479513
dd28f9d0338e6fa45e3038adf85578c6	Bacteria	Proteobacteria	Alphaproteobacteria	Rhizobiales	Rhizobiaceae	Aureimonas	Unclassified	0.991024655
cefa98406588a1842a90821714250a9c	Bacteria	Proteobacteria	Alphaproteobacteria	Rhizobiales	Amb-16S-1323	Amb-16S-1323	uncultured_bacterium	0.826306417
cbfbfcb087d3ae4562b30b96ca8c63b1	Bacteria	Proteobacteria	Alphaproteobacteria	Rhizobiales	Amb-16S-1323	Amb-16S-1323	uncultured_bacterium	0.972870266
3fab95cdd4f4ac42ae7afe75a561faf9	Bacteria	Proteobacteria	Alphaproteobacteria	Rhizobiales	Amb-16S-1323	Amb-16S-1323	uncultured_bacterium	0.864895829
71b02a68f10242bd7e31e19c20fe21a3	Bacteria	Proteobacteria	Alphaproteobacteria	Rhizobiales	Rhizobiaceae	Mesorhizobium	Unclassified	0.870097973
50cd35968da9794a0b0c1682614764be	Bacteria	Proteobacteria	Alphaproteobacteria	Rhizobiales	Rhizobiaceae	Mesorhizobium	Unclassified	0.725254481
ad65334d07a607e151996eb5e3d7dd9e	Bacteria	Proteobacteria	Alphaproteobacteria	Rhizobiales	Rhizobiaceae	Mesorhizobium	Unclassified	0.94185164
640c79f1fd212a7536d9ca50621d69df	Bacteria	Proteobacteria	Alphaproteobacteria	Rhizobiales	Rhizobiaceae	Mesorhizobium	Unclassified	0.928593858
32a3c1dd016677dd5023a23ee515a27d	Bacteria	Proteobacteria	Alphaproteobacteria	Rhizobiales	Rhizobiaceae	Mesorhizobium	Unclassified	0.97343428
a0e00af9c3820edb11d40298c2672081	Bacteria	Proteobacteria	Alphaproteobacteria	Rhizobiales	Rhizobiaceae	Mesorhizobium	Mesorhizobium_thiogangeticum	0.874809325
f83bb04982b0a0b537c9a5c02d58e65c	Bacteria	Proteobacteria	Alphaproteobacteria	Rhizobiales	Rhizobiaceae	Unclassified	Unclassified	0.910589651
7b47407b31d3e348e568b29a88808a91	Bacteria	Proteobacteria	Alphaproteobacteria	Rhizobiales	Rhizobiaceae	Unclassified	Unclassified	0.98517458
33b33074dca616d070191e1b8ff502b8	Bacteria	Proteobacteria	Alphaproteobacteria	Rhizobiales	Amb-16S-1323	Amb-16S-1323	uncultured_bacterium	0.823347414
ef61d9e5afba25824e475e94862e8f4c	Bacteria	Proteobacteria	Alphaproteobacteria	Rhizobiales	Xanthobacteraceae	Xanthobacteraceae	uncultured_bacterium	0.897536102
2ae14060952b498a6685cefb6e3964dc	Bacteria	Proteobacteria	Alphaproteobacteria	Rhizobiales	Xanthobacteraceae	Xanthobacteraceae	uncultured_bacterium	0.966953713
a659594c0726dbc0c189f67317b9c47c	Bacteria	Proteobacteria	Alphaproteobacteria	Rhizobiales	Xanthobacteraceae	Xanthobacteraceae	uncultured_bacterium	0.916851161
61202dec12032434a6f836666e09b3c0	Bacteria	Proteobacteria	Alphaproteobacteria	Rhizobiales	Xanthobacteraceae	Xanthobacteraceae	uncultured_bacterium	0.789464991
d7f9de0a980163194553245c9cf4134a	Bacteria	Proteobacteria	Alphaproteobacteria	Rhizobiales	Rhizobiaceae	Unclassified	Unclassified	0.987658874
e9605a24b2a49ae4efad876a2c32c3be	Bacteria	Proteobacteria	Alphaproteobacteria	Rhizobiales	Rhizobiaceae	Unclassified	Unclassified	0.987652903
1e45e1130a8340b2c1339bea9b54a9b8	Bacteria	Proteobacteria	Alphaproteobacteria	Rhizobiales	Rhizobiaceae	Mesorhizobium	Unclassified	0.798460216
d117e27520915b02d6c27762900ce457	Bacteria	Proteobacteria	Alphaproteobacteria	Rhizobiales	Rhizobiaceae	Mesorhizobium	Unclassified	0.86559819
69a397d9522cc19f15ab506bf4138f58	Bacteria	Proteobacteria	Alphaproteobacteria	Rhizobiales	Rhizobiaceae	Mesorhizobium	Unclassified	0.716217062
298628801ebecd05d30b208ea3c6c88d	Bacteria	Proteobacteria	Alphaproteobacteria	Rhizobiales	Rhizobiaceae	Mesorhizobium	Unclassified	0.89689278
d8a383fd3152e4e179a4541f7c6fad06	Bacteria	Proteobacteria	Alphaproteobacteria	Rhizobiales	Rhizobiaceae	Mesorhizobium	Unclassified	0.853933792
9a83c4499594e9c38d4f959a1deb6196	Bacteria	Proteobacteria	Alphaproteobacteria	Rhizobiales	Rhizobiaceae	Unclassified	Unclassified	0.984026295
59826fc3fa38a06362909beb7b32637b	Bacteria	Proteobacteria	Alphaproteobacteria	Rickettsiales	SM2D12	SM2D12	uncultured_bacterium	0.738418911
e64f2cb03c60e9f8f4ca30b99fc8d19f	Bacteria	Proteobacteria	Alphaproteobacteria	Rhizobiales	Methylopilaceae	Unclassified	uncultured_bacterium	0.827594302
3aacc74d4c1c13a636609b629ec693de	Bacteria	Proteobacteria	Alphaproteobacteria	Rhizobiales	Methylopilaceae	Unclassified	uncultured_bacterium	0.7934742
31a985bc7dd8ffdd92e17ab705aaafc6	Bacteria	Proteobacteria	Alphaproteobacteria	Rhizobiales	Methylopilaceae	Methylopila	Unclassified	0.764084511
41b85cd51c30e27cc4260e3dc39b266a	Bacteria	Proteobacteria	Alphaproteobacteria	Rhizobiales	Methylopilaceae	Methylopila	Unclassified	0.720219592
683f4d70c002b0dd02ae3cdb53744777	Bacteria	Proteobacteria	Alphaproteobacteria	Rhizobiales	Methylopilaceae	Methylopila	Unclassified	0.972429757
fd605dc7977ccdf9a4cad46904ebc320	Bacteria	Proteobacteria	Alphaproteobacteria	Rhizobiales	Xanthobacteraceae	Xanthobacteraceae	uncultured_bacterium	0.729088926
f2d9989ace91e00428ac8b4a547032b9	Bacteria	Bdellovibrionota	Bdellovibrionia	Bdellovibrionales	Bdellovibrionaceae	Bdellovibrio	uncultured_bacterium	0.751431029
23a9b16289f26e1db9fb7abb9246cedf	Bacteria	Gemmatimonadota	Gemmatimonadetes	Gemmatimonadales	Gemmatimonadaceae	Unclassified	Unclassified	0.99968394
fdc90fd00c362192e82aa0587d7e9999	Bacteria	Gemmatimonadota	Gemmatimonadetes	Gemmatimonadales	Gemmatimonadaceae	Unclassified	Unclassified	0.999724571
8f5c2877c48a6a330609a8ea12b50e74	Bacteria	Myxococcota	Polyangia	Polyangiales	Sandaracinaceae	Unclassified	metagenome	0.717109702
6998b027bf41876f0ac31c56c243d9fb	Bacteria	Planctomycetota	Phycisphaerae	Phycisphaerales	Phycisphaeraceae	SM1A02	Nannochloropsis_gaditana	0.717848837
90ade0df849e373fd2b8122cab06e613	Bacteria	Chloroflexi	Chloroflexia	Chloroflexales	Roseiflexaceae	Unclassified	uncultured_bacterium	0.980140556
943788c8c4219f52c19a0523f3072ced	Bacteria	Chloroflexi	Chloroflexia	Chloroflexales	Roseiflexaceae	Unclassified	uncultured_bacterium	0.975041207
7dbd1381fb52210b4bd8f5731083d503	Bacteria	Chloroflexi	Chloroflexia	Chloroflexales	Roseiflexaceae	Unclassified	uncultured_bacterium	0.988973283
104202eb09d0bca280f1a6b2071cff2d	Bacteria	Chloroflexi	Chloroflexia	Chloroflexales	Roseiflexaceae	Unclassified	uncultured_bacterium	0.986495908
847070021920b5197058ca31c0877364	Bacteria	Chloroflexi	Chloroflexia	Chloroflexales	Roseiflexaceae	Unclassified	uncultured_bacterium	0.983195291
367f8e46d08ebd8dc8e7f5c6ba73499f	Bacteria	Chloroflexi	Chloroflexia	Chloroflexales	Roseiflexaceae	Unclassified	uncultured_bacterium	0.985055812
f88574bc5b80353cb48509ae2d54422a	Bacteria	Chloroflexi	Chloroflexia	Chloroflexales	Roseiflexaceae	Unclassified	uncultured_bacterium	0.976025723
d63e96c7ff395504a25136ae03fa8e08	Bacteria	Chloroflexi	Chloroflexia	Chloroflexales	Roseiflexaceae	Unclassified	uncultured_bacterium	0.912094127
92898e2e7203d3b0c313863d7851a8d0	Bacteria	Chloroflexi	Chloroflexia	Chloroflexales	Roseiflexaceae	Unclassified	uncultured_bacterium	0.968976999
d607a645870ae6adfa5686e85eec2a52	Bacteria	Chloroflexi	Chloroflexia	Chloroflexales	Roseiflexaceae	Unclassified	uncultured_bacterium	0.861429762
32becc927b0bac7b99d9d454c29f9be8	Bacteria	Chloroflexi	Chloroflexia	Chloroflexales	Roseiflexaceae	Unclassified	uncultured_bacterium	0.96709457
78d94c24db8ff64f61d2bbd6e522942f	Bacteria	Chloroflexi	Chloroflexia	Chloroflexales	Roseiflexaceae	Unclassified	uncultured_bacterium	0.898078292
d49457690e755d4dd733636619929005	Bacteria	Chloroflexi	Chloroflexia	Chloroflexales	Roseiflexaceae	Unclassified	uncultured_Chloroflexi	0.816354609
b16ddef43cccc164036f97a4120fb958	Bacteria	Chloroflexi	Chloroflexia	Chloroflexales	Roseiflexaceae	Unclassified	Unclassified	0.997522581
a417a74478be93be673d0c99397064ee	Bacteria	Chloroflexi	Chloroflexia	Chloroflexales	Roseiflexaceae	Unclassified	Unclassified	0.997279807
84b2f6bb2d44cb0b1a0d417351a63a5b	Bacteria	Chloroflexi	Chloroflexia	Chloroflexales	Roseiflexaceae	Unclassified	uncultured_bacterium	0.789590579
3de0a9a9b05b3ee9adc985d79b73058e	Bacteria	Chloroflexi	Chloroflexia	Chloroflexales	Roseiflexaceae	Unclassified	Unclassified	0.998334646
ab8c22079da097ef8f90f3e9d09f6754	Bacteria	Chloroflexi	Chloroflexia	Chloroflexales	Roseiflexaceae	Unclassified	Unclassified	0.998977014
5245de6b969d1f43f9fec0bd37565083	Bacteria	Proteobacteria	Gammaproteobacteria	Salinisphaerales	Solimonadaceae	Unclassified	Unclassified	0.945370334
13616305499bd4266dd36baf9ffd6597	Bacteria	Bdellovibrionota	Bdellovibrionia	Bdellovibrionales	Bdellovibrionaceae	Bdellovibrio	Unclassified	0.998005692
f41513a1e375afa4d8a592be6c56bfbb	Bacteria	Bdellovibrionota	Bdellovibrionia	Bdellovibrionales	Bdellovibrionaceae	Bdellovibrio	uncultured_bacterium	0.849827234
4d908d1b73719b426eade810e331c51d	Bacteria	Actinobacteriota	Thermoleophilia	Gaiellales	uncultured	Unclassified	bacterium_Ellin6517	0.850858056
2df6887fa28f4e569add8a846899a75a	Bacteria	Actinobacteriota	Thermoleophilia	Gaiellales	uncultured	Unclassified	uncultured_Solirubrobacter	0.7727943
7837232dc49687c1145222885a45d6e5	Bacteria	Chloroflexi	Chloroflexia	Chloroflexales	Roseiflexaceae	Unclassified	uncultured_bacterium	0.915250364
3e139691807e16f1873ecb98d45a164a	Bacteria	Chloroflexi	Chloroflexia	Chloroflexales	Roseiflexaceae	Unclassified	uncultured_bacterium	0.904905365
1b1c0748f4780b96d815d2eab7949ded	Bacteria	Chloroflexi	Chloroflexia	Chloroflexales	Roseiflexaceae	Unclassified	uncultured_bacterium	0.888131909
8eb895deafd1f0526267d4f684e716bb	Bacteria	Bdellovibrionota	Bdellovibrionia	Bdellovibrionales	Bdellovibrionaceae	Bdellovibrio	uncultured_bacterium	0.822778324
1e1307d5db7658fb484f62677be94683	Bacteria	Gemmatimonadota	Longimicrobia	Longimicrobiales	Longimicrobiaceae	Longimicrobiaceae	uncultured_bacterium	0.870125134
121cabeb80d7c1c641646dd9f000ac80	Bacteria	Proteobacteria	Alphaproteobacteria	Rhizobiales	Xanthobacteraceae	Unclassified	Unclassified	0.999606306
37e53dbd0be7840d7cb16a7dd447b348	Bacteria	Proteobacteria	Alphaproteobacteria	Rhizobiales	Xanthobacteraceae	Ancylobacter	Unclassified	0.966882621
9370f570fea744bc4360ea7b96ade6ff	Bacteria	Proteobacteria	Alphaproteobacteria	Rhizobiales	Xanthobacteraceae	Unclassified	Unclassified	0.940705439
5cd5a612bfe219b542daccf4e1b7c1cc	Bacteria	Proteobacteria	Alphaproteobacteria	Rhizobiales	Xanthobacteraceae	Unclassified	Unclassified	0.905230728
0466ddf9df845fce9c17102aa84a2e01	Bacteria	Actinobacteriota	Actinobacteria	NA	NA	Unclassified	Unclassified	0.724366492
e390eeee46f65e12bc938915c2256f30	Bacteria	Proteobacteria	Alphaproteobacteria	Rhizobiales	Xanthobacteraceae	Starkeya	Unclassified	0.708216796
d63bd98b563f18d9697d101ef9940c34	Bacteria	Proteobacteria	Alphaproteobacteria	Rhizobiales	Xanthobacteraceae	Ancylobacter	Unclassified	0.928188942
7efdb59f4e94cc36e68cfb52b5a43397	Bacteria	Proteobacteria	Alphaproteobacteria	Rhizobiales	Xanthobacteraceae	Starkeya	Unclassified	0.776014983
ae88c423b1d6adee0a14bf6161508261	Bacteria	Proteobacteria	Alphaproteobacteria	Rhizobiales	Xanthobacteraceae	Unclassified	Unclassified	0.978378304
20f3b8727aa80b611494f17c88016f93	Bacteria	Patescibacteria	Saccharimonadia	Saccharimonadales	Saccharimonadaceae	TM7a	uncultured_bacterium	0.74652626
d0d7d9a8ed0963d59d8c408aff792ad9	Bacteria	Bdellovibrionota	Oligoflexia	Oligoflexales	uncultured	Unclassified	uncultured_proteobacterium	0.841246168
fdf522fd867e98477aa45d7829dbc631	Bacteria	Bdellovibrionota	Oligoflexia	0319-6G20	0319-6G20	0319-6G20	Unclassified	0.996816856
4d9a2fd8e027071181b67acb34f92683	Bacteria	SAR324_clade(Marine_group_B)	SAR324_clade(Marine_group_B)	SAR324_clade(Marine_group_B)	SAR324_clade(Marine_group_B)	SAR324_clade(Marine_group_B)	Unclassified	0.846082281
f0657136f38a7f5077417cc395170657	Bacteria	SAR324_clade(Marine_group_B)	SAR324_clade(Marine_group_B)	SAR324_clade(Marine_group_B)	SAR324_clade(Marine_group_B)	SAR324_clade(Marine_group_B)	Unclassified	0.903069986
fd359e48760f962104d03a03756c60df	Bacteria	SAR324_clade(Marine_group_B)	SAR324_clade(Marine_group_B)	SAR324_clade(Marine_group_B)	SAR324_clade(Marine_group_B)	SAR324_clade(Marine_group_B)	Unclassified	0.942206467
891f97eea4e5980a09f9e2a99fe608ee	Bacteria	NA	NA	NA	NA	Unclassified	Unclassified	0.999999892
8511ac7d680c167686ac2e96c66e81d6	Bacteria	Patescibacteria	Saccharimonadia	Saccharimonadales	Saccharimonadaceae	TM7a	uncultured_bacterium	0.921835047
3f5ea218d3468f2003ae228110fe2e09	Bacteria	Bacteroidota	Bacteroidia	Flavobacteriales	Flavobacteriaceae	Flavobacterium	Flavobacteriia_bacterium	0.996796223
f1728b54e8d23c7c754dcb3f5729c5e5	Bacteria	Bacteroidota	Bacteroidia	Flavobacteriales	Flavobacteriaceae	Flavobacterium	Unclassified	0.903246959
d1d2d0702884c2a79188a5343d708813	Bacteria	Bacteroidota	Bacteroidia	Bacteroidales	Muribaculaceae	Muribaculaceae	uncultured_bacterium	0.947043247
d78fafb3418c844796f6e4f5b6306eee	Bacteria	Bacteroidota	Bacteroidia	Flavobacteriales	Flavobacteriaceae	Flavobacterium	Unclassified	0.949802993
e98b3f58f762a4cafc2ba9324f8821bc	Bacteria	Bacteroidota	Bacteroidia	Flavobacteriales	Flavobacteriaceae	Flavobacterium	Unclassified	0.914870487
9862a68c00a0aabbc5f3d917742ba0b6	Bacteria	Bacteroidota	Bacteroidia	Flavobacteriales	Flavobacteriaceae	Unclassified	Unclassified	0.999818343
260ca1ed1f4b06d50f99a6891fe96da8	Bacteria	Bacteroidota	Bacteroidia	Flavobacteriales	Flavobacteriaceae	Unclassified	Unclassified	0.99990592
704826d8b83fa1b6ab9d8f519c423a26	Bacteria	Bacteroidota	Bacteroidia	Flavobacteriales	Flavobacteriaceae	Flavobacterium	Flavobacterium_hauense	0.700108685
5a55deaf55107daf37fa90d0ce61604d	Bacteria	Bacteroidota	Bacteroidia	Flavobacteriales	Flavobacteriaceae	Flavobacterium	cf._Chryseobacterium	0.751027359
52604d0ceff26d96af0b279522d52a86	Bacteria	Bacteroidota	Bacteroidia	Flavobacteriales	Flavobacteriaceae	Flavobacterium	Unclassified	0.947493568
b6e2aa621b9c78f654b2d086709f0944	Bacteria	Bacteroidota	Bacteroidia	Flavobacteriales	Flavobacteriaceae	Unclassified	Unclassified	0.99996514
9734012bdc75bb51df10514f43eec156	Bacteria	Bacteroidota	Bacteroidia	Flavobacteriales	Flavobacteriaceae	Flavobacterium	Unclassified	0.985942504
9243fe04fd9be238dd518954561f8d07	Bacteria	Bacteroidota	Bacteroidia	Flavobacteriales	Flavobacteriaceae	Flavobacterium	Unclassified	0.988096012
fb33d46525cb2f5e297da71d25c9a1aa	Bacteria	Bacteroidota	Bacteroidia	Flavobacteriales	Flavobacteriaceae	Unclassified	Unclassified	0.984558695
6851ebdf84a033806a4316d8234d3db9	Bacteria	Bacteroidota	Bacteroidia	Flavobacteriales	Flavobacteriaceae	Flavobacterium	Unclassified	0.952067374
9d2350266b2b853221b25541a8a3b001	Bacteria	Bacteroidota	Bacteroidia	Flavobacteriales	Flavobacteriaceae	Flavobacterium	Unclassified	0.999664627
60397e0837720c005505d1aaa5b0929b	Bacteria	Bacteroidota	Bacteroidia	Flavobacteriales	Flavobacteriaceae	Flavobacterium	Flavobacterium_terrigena	0.701194119
09d0c0ade84c8717641c62d60daaad62	Bacteria	Bacteroidota	Bacteroidia	Flavobacteriales	Flavobacteriaceae	Flavobacterium	Unclassified	0.977496003
73af11b71e3e442719ca61dff5d418bb	Bacteria	Bacteroidota	Bacteroidia	Flavobacteriales	Flavobacteriaceae	Flavobacterium	Unclassified	0.990534258
f4284c3085bd29053e6c11d80948e268	Bacteria	Bacteroidota	Bacteroidia	Flavobacteriales	Flavobacteriaceae	Unclassified	Unclassified	0.999800974
7c05c429ed9ef186405e4fd64c98afd2	Bacteria	Bacteroidota	Bacteroidia	Flavobacteriales	Flavobacteriaceae	Unclassified	Unclassified	0.999990323
f8b958c268fa2e8670c76ecb4a918985	Bacteria	Bacteroidota	Bacteroidia	Flavobacteriales	Flavobacteriaceae	Unclassified	Unclassified	0.999854254
fdd30aa62cc9ea4c45676d40960f18fa	Bacteria	Bacteroidota	Bacteroidia	Flavobacteriales	Flavobacteriaceae	Flavobacterium	Unclassified	0.969483959
b3d496386ce15fbdf063b6874df10cdd	Bacteria	Bacteroidota	Bacteroidia	Flavobacteriales	Flavobacteriaceae	Flavobacterium	Unclassified	0.950521376
79c9bb564014dd8abd64bc92ee43636f	Bacteria	Bacteroidota	Bacteroidia	Flavobacteriales	Flavobacteriaceae	Flavobacterium	Unclassified	0.938270255
8b88d9c16e2741b36cf69e3fbd9c83b6	Bacteria	Bacteroidota	Bacteroidia	Flavobacteriales	Flavobacteriaceae	Flavobacterium	Unclassified	0.923237902
f805593c0bc2caeb65bac5d1a7f8d37f	Bacteria	Bacteroidota	Bacteroidia	Flavobacteriales	Flavobacteriaceae	Flavobacterium	Unclassified	0.943271782
91b07b2f69be9b01070b87ac9ce1edc3	Bacteria	Bacteroidota	Bacteroidia	Flavobacteriales	Flavobacteriaceae	Flavobacterium	Unclassified	0.924580663
a38be5542393eb2a290b76798b8feba9	Bacteria	Bacteroidota	Bacteroidia	Flavobacteriales	Flavobacteriaceae	Flavobacterium	unidentified	0.908386596
9f386fbba8f4d7996ec38f90b88de1b2	Bacteria	Bacteroidota	Bacteroidia	Flavobacteriales	Flavobacteriaceae	Flavobacterium	unidentified	0.805213154
754fc921900d653163cab5cee25a2839	Bacteria	Bacteroidota	Bacteroidia	Flavobacteriales	Flavobacteriaceae	Flavobacterium	Unclassified	0.939510663
87ee8d1905eaae547cd5433f97effdda	Bacteria	Bacteroidota	Bacteroidia	Flavobacteriales	Flavobacteriaceae	Flavobacterium	Unclassified	0.952915494
d55a8365d02f3e4e64e9f866dca97108	Bacteria	Bacteroidota	Bacteroidia	Flavobacteriales	Flavobacteriaceae	Flavobacterium	Unclassified	0.947867168
9d22a310c5ce1f1dbef42d2506e82bb2	Bacteria	Bacteroidota	Bacteroidia	Flavobacteriales	Flavobacteriaceae	Unclassified	Unclassified	0.999494051
ba2ce79f90119e7f7feec34a1ed329a0	Bacteria	Bacteroidota	Bacteroidia	Flavobacteriales	Flavobacteriaceae	Flavobacterium	Flavobacterium_endophyticum	0.95502543
edf9157077bfa6b19a5ee95d57b5d1db	Bacteria	Bacteroidota	Bacteroidia	Flavobacteriales	Flavobacteriaceae	Flavobacterium	Unclassified	0.946641399
a8cfe2ff9e67b9c83d6ab932e8cf366a	Bacteria	Bacteroidota	Bacteroidia	Flavobacteriales	Flavobacteriaceae	Flavobacterium	Unclassified	0.960625311
58587cc9dee254ddcf4cd90355684b8e	Bacteria	Bacteroidota	Bacteroidia	Flavobacteriales	Flavobacteriaceae	Flavobacterium	Flavobacterium_hauense	0.935114353
27431fe2aada31a4e2f3578a4af6a725	Bacteria	Bacteroidota	Bacteroidia	Flavobacteriales	Flavobacteriaceae	Flavobacterium	Unclassified	0.969702932
902e2cb9b47a8792f610bc2e644cef36	Bacteria	Bacteroidota	Bacteroidia	Flavobacteriales	Flavobacteriaceae	Flavobacterium	Unclassified	0.932865277
643855e5bd171160a914c23629049895	Bacteria	Bacteroidota	Bacteroidia	Flavobacteriales	Flavobacteriaceae	Flavobacterium	Flavobacterium_hauense	0.744672293
719652630fee432d48bad7ae7cb363cd	Bacteria	Bacteroidota	Bacteroidia	Flavobacteriales	Flavobacteriaceae	Flavobacterium	Unclassified	0.976643115
daa6d8f201c2e6d5a61ef8f2162cebd7	Bacteria	Bacteroidota	Bacteroidia	Flavobacteriales	Flavobacteriaceae	Flavobacterium	Unclassified	0.945877314
1c70aaf31bc5cab2747f7a0bf62d6a9a	Bacteria	Bacteroidota	Bacteroidia	Flavobacteriales	Flavobacteriaceae	Flavobacterium	Unclassified	0.931158955
8110b8db0b56fc088ba35dad0ecb8dc4	Bacteria	Bacteroidota	Bacteroidia	Flavobacteriales	Flavobacteriaceae	Flavobacterium	Unclassified	0.973243814
2cc782b706c89923d138203a65a95112	Bacteria	Bacteroidota	Bacteroidia	Flavobacteriales	Flavobacteriaceae	Flavobacterium	arsenic-oxidizing_bacterium	0.72701105
54e88999f41d7eb87400824430abd1c7	Bacteria	Bacteroidota	Bacteroidia	Flavobacteriales	Flavobacteriaceae	Flavobacterium	Unclassified	0.967604933
8cdf87485278d85e9cfe8e6657e637f7	Bacteria	Bacteroidota	Bacteroidia	Flavobacteriales	Flavobacteriaceae	Flavobacterium	cf._Chryseobacterium	0.835787035
8f3b187ec36170b9e86d294090a00a3c	Bacteria	Bacteroidota	Bacteroidia	Flavobacteriales	Flavobacteriaceae	Flavobacterium	Unclassified	0.999642567
d5649fedf4ab11792e8f04c153578260	Bacteria	Bacteroidota	Bacteroidia	Flavobacteriales	Flavobacteriaceae	Flavobacterium	Unclassified	0.999826833
0f43e433377853290aa25c5c2fe77fcd	Bacteria	Bacteroidota	Bacteroidia	Flavobacteriales	Flavobacteriaceae	Flavobacterium	Unclassified	0.998950807
f27ac546a0735ae0b476e1a51c960fbf	Bacteria	Bacteroidota	Bacteroidia	Flavobacteriales	Flavobacteriaceae	Flavobacterium	Unclassified	0.999055916
f1b354e84880f8e8c21e5c6aa4b011d5	Bacteria	Bacteroidota	Bacteroidia	Flavobacteriales	Flavobacteriaceae	Flavobacterium	Unclassified	0.915787324
6d377c5e9568e0f997b7cd6538760fae	Bacteria	Bacteroidota	Bacteroidia	Flavobacteriales	Flavobacteriaceae	Flavobacterium	Unclassified	0.997939708
c23543a63ea635482a1b4adf1800c0d9	Bacteria	Patescibacteria	Saccharimonadia	Saccharimonadales	Saccharimonadaceae	Saccharimonadaceae	metagenome	0.891794024
8e76711034128db89fda406ea51002ff	Bacteria	Patescibacteria	Saccharimonadia	Saccharimonadales	Saccharimonadaceae	TM7a	uncultured_bacterium	0.962502455
28726b380df5e699e9701299562c8a63	Bacteria	Patescibacteria	Saccharimonadia	Saccharimonadales	Saccharimonadaceae	TM7a	uncultured_bacterium	0.991623208
81a12723a5b581e38cd1facf170c96b9	Bacteria	Patescibacteria	Saccharimonadia	Saccharimonadales	Saccharimonadaceae	TM7a	uncultured_bacterium	0.987838895
14e2ce27986260065419034c8f18aa9c	Bacteria	Patescibacteria	Saccharimonadia	Saccharimonadales	NA	Unclassified	Unclassified	0.999999632
56ba1893b0b88ea32ba1c4c702770405	Bacteria	Patescibacteria	Saccharimonadia	Saccharimonadales	Saccharimonadaceae	TM7a	Unclassified	0.945445262
ac46e71e224736f74a46b6958084c0c1	Bacteria	Patescibacteria	Saccharimonadia	Saccharimonadales	Saccharimonadaceae	TM7a	Unclassified	0.934096244
b0ec697b3166c6d8f00d2784520e4721	Bacteria	Patescibacteria	Saccharimonadia	Saccharimonadales	Saccharimonadaceae	Unclassified	Unclassified	0.715463253
c836fa5f2d7b43deff2f1b935c072e8c	Bacteria	Patescibacteria	Saccharimonadia	Saccharimonadales	Saccharimonadaceae	TM7a	Unclassified	0.70720246
6a28767d1ff28408a0f081074230f162	Bacteria	Patescibacteria	Saccharimonadia	Saccharimonadales	Saccharimonadaceae	TM7a	uncultured_bacterium	0.898931678
0c69cf44a843d586c6a3b9a0f2d0b808	Bacteria	Patescibacteria	Saccharimonadia	Saccharimonadales	NA	Unclassified	Unclassified	0.999999937
ccdfe262445409d1847395c5bfcc83e9	Bacteria	Patescibacteria	Saccharimonadia	Saccharimonadales	NA	Unclassified	Unclassified	0.999999967
4cb5abfd3214bd81ec496fecce9456da	Bacteria	Patescibacteria	Saccharimonadia	Saccharimonadales	Saccharimonadales	Saccharimonadales	Unclassified	0.787625513
a1a5ca80169ed77ccbe8a14133664679	Bacteria	Patescibacteria	Saccharimonadia	Saccharimonadales	NA	Unclassified	Unclassified	0.999999892
f836db131cbe6a77f88fb58a10d649cd	Bacteria	NA	NA	NA	NA	Unclassified	Unclassified	0.999998275
7f8f4a8636ff9caa32f6780ebec77ad4	Bacteria	Patescibacteria	Saccharimonadia	Saccharimonadales	Saccharimonadaceae	Saccharimonadaceae	Unclassified	0.882475081
90817e599468287a46c7a3efa660bddf	Bacteria	Patescibacteria	Saccharimonadia	Saccharimonadales	Saccharimonadaceae	Saccharimonadaceae	uncultured_bacterium	0.740735944
67a1e63778b7dbfc28b717058cd238b3	Bacteria	Patescibacteria	Saccharimonadia	Saccharimonadales	Saccharimonadales	Saccharimonadales	Unclassified	0.932229692
1abe19dee93b4a873668add94910178b	Bacteria	Patescibacteria	Saccharimonadia	Saccharimonadales	Saccharimonadaceae	TM7a	uncultured_bacterium	0.839886682
c3818ccb9481c3afe354771a73073404	Bacteria	NA	NA	NA	NA	Unclassified	Unclassified	0.999985569
db0a1b95f1f3e65e4b03ad3500004956	Bacteria	Patescibacteria	Saccharimonadia	Saccharimonadales	Saccharimonadaceae	TM7a	uncultured_bacterium	0.97709977
4b9874ee312c5db4f66a0cd873829113	Bacteria	Patescibacteria	Saccharimonadia	Saccharimonadales	Saccharimonadaceae	TM7a	uncultured_bacterium	0.892301856
a9517172bd4ea9edf6b7a440096cd918	Bacteria	Patescibacteria	Saccharimonadia	Saccharimonadales	Saccharimonadaceae	TM7a	uncultured_bacterium	0.94297869
805ef3e871f38e9a5c927ff77af12694	Bacteria	Patescibacteria	Saccharimonadia	Saccharimonadales	Saccharimonadaceae	TM7a	uncultured_bacterium	0.84452653
c5a067e8646967d2ffe32d70fa5fa3a1	Bacteria	Patescibacteria	Saccharimonadia	Saccharimonadales	Saccharimonadales	Saccharimonadales	Unclassified	0.979715067
314ba3082ca6424c6008fe1f39c9cbe7	Bacteria	Patescibacteria	Saccharimonadia	Saccharimonadales	NA	Unclassified	Unclassified	0.999999658
83ff86dff79e9186354d1771e90b8450	Bacteria	Patescibacteria	Saccharimonadia	Saccharimonadales	Saccharimonadales	Saccharimonadales	Unclassified	0.969458491
81bddd5def123ebda016e270a500687c	Bacteria	Patescibacteria	Saccharimonadia	Saccharimonadales	NA	Unclassified	Unclassified	0.999999964
bdc98be76314cd0bd483a542a808f46e	Bacteria	Patescibacteria	Saccharimonadia	Saccharimonadales	NA	Unclassified	Unclassified	0.999999907
ce35a89907ab5f32951f95c0ac44255c	Bacteria	Patescibacteria	Saccharimonadia	Saccharimonadales	Saccharimonadaceae	TM7a	uncultured_bacterium	0.983185542
b8bf26271c86a9d86c16ac16d20a483b	Bacteria	Patescibacteria	Saccharimonadia	Saccharimonadales	Saccharimonadaceae	TM7a	Unclassified	0.884395097
d70138f94c79402c04f0e7c70834d444	Bacteria	Patescibacteria	Saccharimonadia	Saccharimonadales	Saccharimonadales	Saccharimonadales	Unclassified	0.880673804
a1ee40de21b8bf681139208ba561c099	Bacteria	Patescibacteria	Saccharimonadia	Saccharimonadales	NA	Unclassified	Unclassified	0.999999953
8559c71877ed49e51aa4b3a543e31703	Bacteria	Patescibacteria	Saccharimonadia	Saccharimonadales	Saccharimonadales	Saccharimonadales	Unclassified	0.961576111
e15b048341798a1b35ccae533e12ea7b	Bacteria	Patescibacteria	Saccharimonadia	Saccharimonadales	NA	Unclassified	Unclassified	0.999996099
8e590570fb04b48d83c6bd2228e8f29f	Bacteria	Patescibacteria	Saccharimonadia	Saccharimonadales	Saccharimonadales	Saccharimonadales	Unclassified	0.760153691
6fd0c119dca7a39f8e3982bf0827ab2f	Bacteria	Patescibacteria	Saccharimonadia	Saccharimonadales	Saccharimonadaceae	Saccharimonadaceae	Unclassified	0.794561507
fa63f2cb5ea00ea11fb05ee8c945abe5	Bacteria	Patescibacteria	Saccharimonadia	Saccharimonadales	NA	Unclassified	Unclassified	0.999999664
d34609e8ac1c199f0a93484a9b1bfb6e	Bacteria	Bacteroidota	Bacteroidia	Flavobacteriales	Flavobacteriaceae	Flavobacterium	Unclassified	0.968321961
2a3b168f26a63bdc8bf309229523762e	Bacteria	Bacteroidota	Bacteroidia	Flavobacteriales	Flavobacteriaceae	Flavobacterium	Unclassified	0.999782451
1c8b2d74f97001641797405132fe1189	Bacteria	Bacteroidota	Bacteroidia	Flavobacteriales	Flavobacteriaceae	Flavobacterium	Unclassified	0.991419033
936d05114be68a2caa82ba55b491b768	Bacteria	Bacteroidota	Bacteroidia	Flavobacteriales	Flavobacteriaceae	Flavobacterium	Unclassified	0.993542857
c4af1360cd8718526b84f3aead4cc718	Bacteria	Bacteroidota	Bacteroidia	Flavobacteriales	Flavobacteriaceae	Flavobacterium	Unclassified	0.993296667
1da43a2e3864785624f48aa7be5dd3a7	Bacteria	Bacteroidota	Bacteroidia	Flavobacteriales	Flavobacteriaceae	Flavobacterium	Unclassified	0.99630652
05fe5ad2f63cc137b69bc45723564129	Bacteria	Bacteroidota	Bacteroidia	Flavobacteriales	Flavobacteriaceae	Flavobacterium	Unclassified	0.993578731
9e26f8f57c0e069344f0bf9e231f892a	Bacteria	Bacteroidota	Bacteroidia	Flavobacteriales	Flavobacteriaceae	Flavobacterium	Unclassified	0.998203867
40f29261bc86754d0dec7d734d2212cb	Bacteria	Bacteroidota	Bacteroidia	Flavobacteriales	Flavobacteriaceae	Flavobacterium	Unclassified	0.99150681
0983f72d7b1b5ee7bfbc1d284d0f96ee	Bacteria	Bacteroidota	Bacteroidia	Flavobacteriales	Flavobacteriaceae	Flavobacterium	Unclassified	0.998313658
6b8f943190e07a96e8b44a5a2217d6c5	Bacteria	Bacteroidota	Bacteroidia	Flavobacteriales	Flavobacteriaceae	Flavobacterium	Unclassified	0.999728892
d3356464999c5560b0e517bee8c1f09e	Bacteria	Bacteroidota	Bacteroidia	Flavobacteriales	Flavobacteriaceae	Flavobacterium	Unclassified	0.998477201
663938de43f9650c388feb221487f56d	Bacteria	Bacteroidota	Bacteroidia	Flavobacteriales	Flavobacteriaceae	Flavobacterium	Unclassified	0.999228656
658c97089114252689f6e7773ba8bb64	Bacteria	Bacteroidota	Bacteroidia	Flavobacteriales	Flavobacteriaceae	Flavobacterium	Unclassified	0.999852006
746abfa9c22d7d9681503938eba3233e	Bacteria	Bacteroidota	Bacteroidia	Flavobacteriales	Flavobacteriaceae	Flavobacterium	Flavobacterium_seoulense	0.811333396
a9e3353cb321a29ac56f420a6236192e	Bacteria	Cyanobacteria	Cyanobacteriia	Chloroplast	Chloroplast	Chloroplast	Unclassified	0.861855712
304ec113bd8708a6df2680bbe6b3f2a0	Bacteria	Bacteroidota	Bacteroidia	Flavobacteriales	Flavobacteriaceae	Flavobacterium	Unclassified	0.998269744
2c16b98ee9a8423d946d5bdc33b4c2be	Bacteria	Bacteroidota	Bacteroidia	Flavobacteriales	Flavobacteriaceae	Flavobacterium	Unclassified	0.995652037
b8f7b819ba461b94363030feb46ae1cc	Bacteria	Bacteroidota	Bacteroidia	Flavobacteriales	Flavobacteriaceae	Flavobacterium	Unclassified	0.999810695
64f576bb88eb053414eab1185dc4b5f7	Bacteria	Bacteroidota	Bacteroidia	Flavobacteriales	Flavobacteriaceae	Flavobacterium	Unclassified	0.990583727
2d6f6410c8d409fdfa7ec1a23220487a	Bacteria	Bacteroidota	Bacteroidia	Flavobacteriales	Flavobacteriaceae	Flavobacterium	Unclassified	0.997467549
4b540addbbfb5ce660ddd9ff1dc5a59b	Bacteria	Bacteroidota	Bacteroidia	Flavobacteriales	Flavobacteriaceae	Flavobacterium	Unclassified	0.984890927
523bbc5d9672219dcc81dd01571361d0	Bacteria	Bacteroidota	Bacteroidia	Flavobacteriales	Flavobacteriaceae	Flavobacterium	Unclassified	0.829673738
89301de6d271c81665d651705eb04f98	Bacteria	Bacteroidota	Bacteroidia	Flavobacteriales	Flavobacteriaceae	Flavobacterium	Unclassified	0.931822392
21f63ea9d12e468ae60ab134c81be04a	Bacteria	Bacteroidota	Bacteroidia	Flavobacteriales	Flavobacteriaceae	Flavobacterium	Unclassified	0.999966885
152fe7db12e7cdcff31ecea5c4bc8d8b	Bacteria	Bacteroidota	Bacteroidia	Flavobacteriales	Flavobacteriaceae	Flavobacterium	Unclassified	0.995370529
ad6f079063428d6230eaa3a6c114b815	Bacteria	Bacteroidota	Bacteroidia	Flavobacteriales	Flavobacteriaceae	Flavobacterium	Unclassified	0.999852249
d87118fe83decbad1647e6fb7ba3480d	Bacteria	Bacteroidota	Bacteroidia	Flavobacteriales	Flavobacteriaceae	Flavobacterium	Unclassified	0.970359767
7c176b14a2d1b2a4a75a0fc00e12c004	Bacteria	Bacteroidota	Bacteroidia	Flavobacteriales	Flavobacteriaceae	Flavobacterium	Unclassified	0.993888734
fa25df13e3134129c61acd0c2f0871ba	Bacteria	Bacteroidota	Bacteroidia	Flavobacteriales	Flavobacteriaceae	Flavobacterium	Unclassified	0.991321751
dd537304874aa41fa1a48878a0c3b70e	Bacteria	Bacteroidota	Bacteroidia	Flavobacteriales	Flavobacteriaceae	Flavobacterium	Unclassified	0.98598928
22b95bfa2738727b749034a70eb8b394	Bacteria	Bacteroidota	Bacteroidia	Flavobacteriales	Flavobacteriaceae	Flavobacterium	Unclassified	0.984938896
0a938a6a38e35ad55508c63664e26f9a	Bacteria	Bacteroidota	Bacteroidia	Flavobacteriales	Flavobacteriaceae	Flavobacterium	Unclassified	0.999955081
9220c86b5d91960680aea3443053eed4	Bacteria	Bacteroidota	Bacteroidia	Flavobacteriales	Flavobacteriaceae	Flavobacterium	Unclassified	0.987294533
e8f5c5107e2953860d06d3c09bebb38f	Bacteria	Bacteroidota	Bacteroidia	Flavobacteriales	Flavobacteriaceae	Flavobacterium	Unclassified	0.995413562
bee8552d2aa52602d7827980c8410876	Bacteria	Bacteroidota	Bacteroidia	Flavobacteriales	Flavobacteriaceae	Flavobacterium	Unclassified	0.999390952
20c4f5a26cc75019c5811a69c2b5c303	Bacteria	Bacteroidota	Bacteroidia	Flavobacteriales	Flavobacteriaceae	Flavobacterium	Unclassified	0.987012473
81bad747a252bd21875acb494d9154bb	Bacteria	Bacteroidota	Bacteroidia	Flavobacteriales	Flavobacteriaceae	Flavobacterium	Unclassified	0.991454805
71b9b1a7310fa6c69f2943d095a20139	Bacteria	Bacteroidota	Bacteroidia	Flavobacteriales	Flavobacteriaceae	Flavobacterium	Unclassified	0.98180165
ac28e945636f5d2b11cf6c210f5e8cdc	Bacteria	Bacteroidota	Bacteroidia	Flavobacteriales	Flavobacteriaceae	Flavobacterium	Unclassified	0.983875308
23b6205847a8bea0b96d05f966cfa1b5	Bacteria	Bacteroidota	Bacteroidia	Flavobacteriales	Flavobacteriaceae	Flavobacterium	Unclassified	0.999530275
4afc190fe9a1421eae0b4cdeeacb5363	Bacteria	Bacteroidota	Bacteroidia	Flavobacteriales	Flavobacteriaceae	Flavobacterium	Unclassified	0.998184959
d38adbcd85cd60e6bc030a3ace78c661	Bacteria	Bacteroidota	Bacteroidia	Flavobacteriales	Flavobacteriaceae	Flavobacterium	Unclassified	0.997106224
14c86f50f8f2f0ae45aae53267817e35	Bacteria	Bacteroidota	Bacteroidia	Flavobacteriales	Flavobacteriaceae	Flavobacterium	Unclassified	0.995717185
35d700c1e79b45785b92f9dacf8deaa3	Bacteria	Bacteroidota	Bacteroidia	Flavobacteriales	Flavobacteriaceae	Flavobacterium	Unclassified	0.995586881
d14c66ab850e59f686dbc6eccec3c82c	Bacteria	Bacteroidota	Bacteroidia	Flavobacteriales	Flavobacteriaceae	Flavobacterium	Unclassified	0.992351483
b5333fe417da5752a49853769cca5d5f	Bacteria	Bacteroidota	Bacteroidia	Flavobacteriales	Flavobacteriaceae	Flavobacterium	Unclassified	0.970107893
05580bc535469eacb517c3da3d7fe3f8	Bacteria	Bacteroidota	Bacteroidia	Flavobacteriales	Flavobacteriaceae	Flavobacterium	Unclassified	0.967029681
7c4beb29c3391821c801900f237fa28a	Bacteria	Patescibacteria	Saccharimonadia	Saccharimonadales	Saccharimonadales	Saccharimonadales	candidate_division	0.716930425
7befb925d56a279fb4ccaaecdf149055	Bacteria	Patescibacteria	Saccharimonadia	Saccharimonadales	NA	Unclassified	Unclassified	0.999997926
4b26a73c6765e06816bdf903df0cbc39	Bacteria	Patescibacteria	Saccharimonadia	Saccharimonadales	NA	Unclassified	Unclassified	0.999999262
3a4f99668b788419f4e68a19326f605c	Bacteria	Bacteroidota	Bacteroidia	Flavobacteriales	Flavobacteriaceae	Flavobacterium	Unclassified	0.993654542
eb3c035d8ec15671be65669f2a9612b4	Bacteria	Bacteroidota	Bacteroidia	Flavobacteriales	Flavobacteriaceae	Flavobacterium	Unclassified	0.936333732
644921c63c3680379531060cd2dfe6c7	Bacteria	Bacteroidota	Bacteroidia	Flavobacteriales	Flavobacteriaceae	Flavobacterium	cf._Chryseobacterium	0.717980546
82ef23a976b8f79d13bc6c5ca722d513	Bacteria	Bacteroidota	Bacteroidia	Flavobacteriales	Flavobacteriaceae	Flavobacterium	Unclassified	0.986642186
e49aba156480f83766e1ac27e4faab3c	Bacteria	Bacteroidota	Bacteroidia	Flavobacteriales	Flavobacteriaceae	Flavobacterium	cf._Chryseobacterium	0.711910419
46568cf7c1e704cef33abdef7c845736	Bacteria	Bacteroidota	Bacteroidia	Flavobacteriales	Flavobacteriaceae	Flavobacterium	cf._Chryseobacterium	0.895162978
aa31858174fbdca36b1f5fb311635b7e	Bacteria	Bacteroidota	Bacteroidia	Flavobacteriales	Flavobacteriaceae	Flavobacterium	Unclassified	0.971131354
df12829cfa0dc4b38659eef2d50edf38	Bacteria	Bacteroidota	Bacteroidia	Flavobacteriales	Flavobacteriaceae	Flavobacterium	Flavobacterium_hauense	0.856718936
dc7b96dbe679c19bcf99e08cbc36d104	Bacteria	Bacteroidota	Bacteroidia	Flavobacteriales	Flavobacteriaceae	Planktosalinus	uncultured_bacterium	0.907795542
4982aae2e1594da6f87b3b60037d5da7	Bacteria	Bacteroidota	Bacteroidia	Flavobacteriales	Flavobacteriaceae	Unclassified	Unclassified	0.999615162
23e29f556fc78173b2923e73e8e55b72	Bacteria	Firmicutes	Clostridia	Caldicoprobacterales	Caldicoprobacteraceae	Caldicoprobacter	Unclassified	0.84169969
b870754cb5807af1c1f9c3afec5b891c	Bacteria	Firmicutes	Clostridia	Caldicoprobacterales	Caldicoprobacteraceae	Caldicoprobacter	uncultured_bacterium	0.926931005
453ecc4f0354be114243af7cc68e54e4	Bacteria	Firmicutes	Clostridia	Caldicoprobacterales	Caldicoprobacteraceae	Caldicoprobacter	Unclassified	0.844778936
49f246f915af726f485dc85ef8b99442	Bacteria	Firmicutes	Clostridia	NA	NA	Unclassified	Unclassified	0.960359484
6bb971c08e6ce33fccd0fbe58d3bfb0d	Bacteria	Firmicutes	Syntrophomonadia	Syntrophomonadales	Syntrophomonadaceae	Syntrophomonas	Unclassified	0.792657111
4cad619bf29d7ef837b7e9cb9ac1d725	Bacteria	Firmicutes	Clostridia	Oscillospirales	Oscillospiraceae	Unclassified	Unclassified	0.865921402
3c0751731015aeebe101fbf05042878f	Bacteria	Actinobacteriota	Thermoleophilia	Solirubrobacterales	Solirubrobacteraceae	Parviterribacter	uncultured_bacterium	0.988326073
c6cb2691a077eedeabc174d5443b7ff0	Bacteria	Firmicutes	Clostridia	uncultured	uncultured	Unclassified	uncultured_bacterium	0.986939612
18e76852bdd0032da1d72daee0f26366	Bacteria	Bdellovibrionota	Oligoflexia	Oligoflexales	uncultured	Unclassified	uncultured_proteobacterium	0.714321436
8bb6ed188a45bdea7a2da8b7b220188a	Bacteria	Patescibacteria	Saccharimonadia	Saccharimonadales	Saccharimonadales	Saccharimonadales	Unclassified	0.996985589
d7c6b83e23410decde987ea9fcf8255b	Bacteria	Patescibacteria	Saccharimonadia	Saccharimonadales	Saccharimonadales	Saccharimonadales	Unclassified	0.998449279
5221768f221377a2e261b183b85a0bc8	Bacteria	Bacteroidota	Bacteroidia	Flavobacteriales	Flavobacteriaceae	Flavobacterium	Unclassified	0.890616411
3b022217f8305483b7c9a16249b46ba7	Bacteria	Bacteroidota	Bacteroidia	Flavobacteriales	Flavobacteriaceae	Flavobacterium	Unclassified	0.869614564
5d29bb6c203e8dff53426793def8c935	Bacteria	Patescibacteria	Gracilibacteria	Gracilibacteria	Gracilibacteria	Gracilibacteria	Unclassified	0.996108012
586bcf48dca8f4b9151c1f9f19c68fe9	Bacteria	Bacteroidota	Bacteroidia	Cytophagales	Hymenobacteraceae	Hymenobacter	Unclassified	0.99993445
bceccbc596dc7103645768fc41476d7f	Bacteria	Bdellovibrionota	Oligoflexia	0319-6G20	0319-6G20	0319-6G20	Unclassified	0.856798734
b014d4fca905597a299af94516e99068	Bacteria	Bdellovibrionota	Oligoflexia	Oligoflexales	Oligoflexales	Oligoflexus	uncultured_bacterium	0.985485249
6a8656433acaee8492c7662911131160	Bacteria	Bacteroidota	Bacteroidia	Flavobacteriales	Weeksellaceae	Moheibacter	Empedobacter_sp.	0.711363939
1bd7da0bb8ca875d19af3aa7ffb7df77	Bacteria	Bacteroidota	Bacteroidia	Flavobacteriales	Weeksellaceae	Moheibacter	Unclassified	0.999962587
bee35f61b830f90d234661f834d7083b	Bacteria	Bdellovibrionota	Bdellovibrionia	Bdellovibrionales	Bdellovibrionaceae	Bdellovibrio	Unclassified	0.998914326
8d7163e0dcb9be239d2459e11a69ad58	Bacteria	Bdellovibrionota	Bdellovibrionia	Bdellovibrionales	Bdellovibrionaceae	Bdellovibrio	Unclassified	0.999064496
331c956bebe7dcf50e23889112a39334	Bacteria	Bdellovibrionota	Bdellovibrionia	Bdellovibrionales	Bdellovibrionaceae	Bdellovibrio	Unclassified	0.997551733
da5f1b83692fe1e58c47139cf11a6b81	Bacteria	Bdellovibrionota	Bdellovibrionia	Bdellovibrionales	Bdellovibrionaceae	Bdellovibrio	Unclassified	0.99829792
1386944209829f4fd4dccdc3e304e81e	Bacteria	Bdellovibrionota	Bdellovibrionia	Bdellovibrionales	Bdellovibrionaceae	Bdellovibrio	Unclassified	0.997413353
6673be919363e7b88ceff66f359f7936	Bacteria	Bdellovibrionota	Bdellovibrionia	Bdellovibrionales	Bdellovibrionaceae	Bdellovibrio	uncultured_bacterium	0.706998542
9772a832ed0fc22b831796cee2ac10a3	Bacteria	Bacteroidota	Bacteroidia	Flavobacteriales	Weeksellaceae	Empedobacter	Wautersiella_falsenii	0.729417285
74bf00c394a51d9021565a9a97f62417	Bacteria	Bacteroidota	Bacteroidia	Flavobacteriales	Weeksellaceae	Unclassified	Unclassified	0.999996826
2f62fba7b6574431b828c38788ea6c6f	Bacteria	Bdellovibrionota	Bdellovibrionia	Bdellovibrionales	Bdellovibrionaceae	Bdellovibrio	Unclassified	0.985002896
8d079eb97acfa5d788a4f4bd78c88606	Bacteria	Bdellovibrionota	Bdellovibrionia	Bdellovibrionales	Bdellovibrionaceae	Bdellovibrio	uncultured_bacterium	0.828196348
614298872f82ea5795049fe5693c7f23	Bacteria	Bdellovibrionota	Bdellovibrionia	Bdellovibrionales	Bdellovibrionaceae	Bdellovibrio	Unclassified	0.99978655
6e2d290d2ae0f028a58070f6e603315b	Bacteria	Bdellovibrionota	Bdellovibrionia	Bdellovibrionales	Bdellovibrionaceae	Bdellovibrio	uncultured_bacterium	0.762287667
4a35e42156e91091ef28783de3289531	Bacteria	Bdellovibrionota	Bdellovibrionia	Bdellovibrionales	Bdellovibrionaceae	Bdellovibrio	Bdellovibrio_bacteriovorus	0.861844805
a2ec098ef3ec82546f207e60792310fa	Bacteria	Bdellovibrionota	Bdellovibrionia	Bdellovibrionales	Bdellovibrionaceae	Bdellovibrio	Unclassified	0.999998683
b9b568031a345855a57c072027053719	Bacteria	Bdellovibrionota	Bdellovibrionia	Bdellovibrionales	Bdellovibrionaceae	Bdellovibrio	Unclassified	0.999998037
6b77aedaa8fd071733a12591c6dd6f36	Bacteria	Bdellovibrionota	Bdellovibrionia	Bdellovibrionales	Bdellovibrionaceae	Bdellovibrio	Bdellovibrio_bacteriovorus	0.722539691
1b37f1433e895b3b1c98d1cf65fdb95c	Bacteria	Bdellovibrionota	Bdellovibrionia	Bdellovibrionales	Bdellovibrionaceae	Bdellovibrio	Unclassified	0.999857257
bb8bcaca011bbd7e43a4f5140176e29f	Bacteria	Bdellovibrionota	Bdellovibrionia	Bdellovibrionales	Bdellovibrionaceae	Bdellovibrio	Unclassified	0.999821363
c512ff3215029c1ab1add6b2ff730ff7	Bacteria	Proteobacteria	Alphaproteobacteria	Rhizobiales	Beijerinckiaceae	Methylorosula	uncultured_bacterium	0.879508363
2804696e79f62e778c708011a379be7d	Bacteria	Proteobacteria	Alphaproteobacteria	Rhizobiales	Beijerinckiaceae	Microvirga	Unclassified	0.902551514
15f58b3addac3127f525fc30b4d65281	Bacteria	Proteobacteria	Alphaproteobacteria	Rhizobiales	NA	Unclassified	Unclassified	0.969108717
3ee9a061adae6f4683b4dc309b195e51	Bacteria	Proteobacteria	Alphaproteobacteria	NA	NA	Unclassified	Unclassified	0.999482808
0aa665d04642fd54eb452b3cd39acec0	Bacteria	Proteobacteria	Alphaproteobacteria	NA	NA	Unclassified	Unclassified	0.99952258
5de8a42932017d29ddede99d4a624bf2	Bacteria	Myxococcota	Polyangia	Haliangiales	Haliangiaceae	Haliangium	Unclassified	0.996842657
d945d819d2014bc4eff8a6b31353a1da	Bacteria	Myxococcota	Polyangia	Haliangiales	Haliangiaceae	Haliangium	Unclassified	0.99650639
f11814ff7b478b23d53a306d5cd9d6f1	Bacteria	Myxococcota	Polyangia	Haliangiales	Haliangiaceae	Haliangium	Unclassified	0.996825728
1493753f24b511d01aef65f80a58e729	Bacteria	Myxococcota	Polyangia	Haliangiales	Haliangiaceae	Haliangium	Unclassified	0.99692893
cb173afa7e44512852dd7d1404b1ffbb	Bacteria	Myxococcota	Polyangia	Haliangiales	Haliangiaceae	Haliangium	Unclassified	0.997802235
17efcb60b84c79824765b4ff59157afa	Bacteria	Myxococcota	Polyangia	Haliangiales	Haliangiaceae	Haliangium	Unclassified	0.996759867
5f15a93e72d1c493096d87043acc9773	Bacteria	Myxococcota	Polyangia	Haliangiales	Haliangiaceae	Haliangium	uncultured_Kofleriaceae	0.755736302
582bbf25a675abeeef922d8f3fc38000	Bacteria	Proteobacteria	Alphaproteobacteria	Rhizobiales	Hyphomicrobiaceae	Pedomicrobium	Unclassified	0.966110114
3076e01c01744325aaabc970578be7e7	Bacteria	Proteobacteria	Alphaproteobacteria	Rhizobiales	Rhizobiales_Incertae_Sedis	Bauldia	Unclassified	0.846972916
a82abdf5c601785c75b6fdfde283a8b5	Bacteria	Proteobacteria	Alphaproteobacteria	Rhizobiales	Hyphomicrobiaceae	Hyphomicrobium	Unclassified	0.997979106
0b4c059a68b56eb7ad63719aee755600	Bacteria	Proteobacteria	Alphaproteobacteria	Rhizobiales	Hyphomicrobiaceae	Hyphomicrobium	Unclassified	0.995785869
a9db1a06c126e8f977e094cd7c155a01	Bacteria	Proteobacteria	Alphaproteobacteria	Rhizobiales	Hyphomicrobiaceae	Hyphomicrobium	Unclassified	0.999532928
5df7942e013a76d7be2d7ffa3406455e	Bacteria	Proteobacteria	Alphaproteobacteria	Rhizobiales	Hyphomicrobiaceae	Hyphomicrobium	Unclassified	0.998597962
9f3cee3f139c94cd231ea32674148d83	Bacteria	Proteobacteria	Alphaproteobacteria	Rhizobiales	Hyphomicrobiaceae	Hyphomicrobium	Unclassified	0.998795964
1cbbd2e9632338ad4028cec112ebe14e	Bacteria	Proteobacteria	Alphaproteobacteria	Rhizobiales	Hyphomicrobiaceae	Hyphomicrobium	Unclassified	0.997155398
146444e0382ed28399041b71d1d9861e	Bacteria	Proteobacteria	Alphaproteobacteria	Rhizobiales	Hyphomicrobiaceae	Pedomicrobium	Unclassified	0.826936985
94d92d1471c9c7f368d0b7546cf57d36	Bacteria	Proteobacteria	Alphaproteobacteria	Rhizobiales	Hyphomicrobiaceae	Pedomicrobium	Unclassified	0.888819294
7277dff5486ab311bbaeee216a7d1740	Bacteria	Proteobacteria	Alphaproteobacteria	Rhizobiales	Hyphomicrobiaceae	Pedomicrobium	uncultured_Hyphomicrobium	0.88754444
c51d50f32dcedd1f44e9ee081ca41448	Bacteria	Proteobacteria	Alphaproteobacteria	Rhizobiales	Hyphomicrobiaceae	Pedomicrobium	uncultured_Hyphomicrobium	0.888351544
9c28b2af59108dc32532b7b8ff8c07de	Bacteria	Proteobacteria	Alphaproteobacteria	Rhizobiales	Hyphomicrobiaceae	Pedomicrobium	Unclassified	0.986428691
2d2e4dcbf546ca612dfc9d77deeb44ed	Bacteria	Proteobacteria	Alphaproteobacteria	Rhizobiales	Hyphomicrobiaceae	Unclassified	Unclassified	0.999914773
697dc41b22a708871ed026d0010f4698	Bacteria	Proteobacteria	Alphaproteobacteria	Rhizobiales	Hyphomicrobiaceae	Hyphomicrobium	Unclassified	0.8918795
c757031ae26b174447fcb9f4ec08fe9f	Bacteria	Proteobacteria	Alphaproteobacteria	Rhizobiales	Hyphomicrobiaceae	Hyphomicrobium	Unclassified	0.877343804
fa2a356434031265b82e0d02e3f48d00	Bacteria	Proteobacteria	Alphaproteobacteria	Rhizobiales	Hyphomicrobiaceae	Hyphomicrobium	Unclassified	0.87055478
7babdd53fadaf9af69881596b6109b6b	Bacteria	Proteobacteria	Alphaproteobacteria	Rhizobiales	Hyphomicrobiaceae	Unclassified	Unclassified	0.996318809
75dbc10e1d5af9aaa2faa1af556e9b13	Bacteria	Actinobacteriota	Actinobacteria	Frankiales	Sporichthyaceae	Unclassified	uncultured_Sporichthya	0.74163085
f1bcc77b150948a8a7cb98aa2a4920cb	Bacteria	Proteobacteria	Alphaproteobacteria	Rhizobiales	Rhizobiaceae	Aliihoeflea	Unclassified	0.981447174
c543c34da3e13823c6bb10464b71e8a1	Bacteria	Proteobacteria	Alphaproteobacteria	Rhizobiales	Rhizobiaceae	Aliihoeflea	Unclassified	0.990664493
6dc8ade904ee3fb2f7c6303a27c41b6d	Bacteria	Proteobacteria	Alphaproteobacteria	Rhizobiales	Rhizobiaceae	Aliihoeflea	uncultured_Aliihoeflea	0.952096558
d52d9b687f620ab12c8050352fb617f5	Bacteria	Proteobacteria	Alphaproteobacteria	Rhizobiales	Kaistiaceae	Kaistia	Unclassified	0.998560313
cf680e2a861177e13db47791718203ae	Bacteria	Proteobacteria	Alphaproteobacteria	Rhizobiales	Kaistiaceae	Kaistia	Unclassified	0.993131164
27e5a07a0088fff7fd020e11342218d7	Bacteria	Proteobacteria	Alphaproteobacteria	Rhizobiales	Kaistiaceae	Kaistia	Unclassified	0.995764335
6686c2b5c794fba2df5b673a642c677a	Bacteria	Proteobacteria	Alphaproteobacteria	Rhizobiales	NA	Unclassified	Unclassified	0.828697225
dd97de93ba6d8378984cbbb33b337593	Bacteria	Proteobacteria	Alphaproteobacteria	Rhizobiales	Rhodomicrobiaceae	Rhodomicrobium	uncultured_Alphaproteobacteria	0.70542668
594ccd80a2d59090bcb2d467771e864e	Bacteria	Proteobacteria	Alphaproteobacteria	Rhizobiales	Rhodomicrobiaceae	Rhodomicrobium	Unclassified	0.998798217
b4ecf71353b79bd2815a882362a533be	Bacteria	Proteobacteria	Alphaproteobacteria	Rhizobiales	NA	Unclassified	Unclassified	0.990979514
9e1eea97e4386f390ed5bf8819165482	Bacteria	Proteobacteria	Alphaproteobacteria	Rhizobiales	NA	Unclassified	Unclassified	0.993487557
bff7091705290527a81bc1ad0843298e	Bacteria	Proteobacteria	Alphaproteobacteria	Rhizobiales	Labraceae	Labrys	Xanthobacteraceae_bacterium	0.775842477
52b72c81b3a1ee2565e527447d56f34e	Bacteria	Proteobacteria	Alphaproteobacteria	uncultured	uncultured	Unclassified	Unclassified	0.998264121
1a16012a8dec171a5312f3d11ffa3ae7	Bacteria	Proteobacteria	Alphaproteobacteria	Rhizobiales	Beijerinckiaceae	Unclassified	Unclassified	0.722613884
6de0913cd26e84755adb49dc6c803b97	Bacteria	Proteobacteria	Alphaproteobacteria	Rhizobiales	Beijerinckiaceae	alphaI_cluster	Unclassified	0.87359245
dccedb08319b20f0ca1459e43ca99f4b	Bacteria	Proteobacteria	Alphaproteobacteria	Rhizobiales	Xanthobacteraceae	Pseudorhodoplanes	Unclassified	0.988997092
32a68b3a9bee2d7dc5dcf941a1b7ca6f	Bacteria	Proteobacteria	Alphaproteobacteria	Rhizobiales	Xanthobacteraceae	Pseudorhodoplanes	Unclassified	0.993694663
80a40907c6546072d832b48f2a75f90e	Bacteria	Proteobacteria	Alphaproteobacteria	Rhizobiales	Xanthobacteraceae	Pseudolabrys	uncultured_Bradyrhizobiaceae	0.891935102
31bf20ac238ce071c9406d641c9bca4b	Bacteria	Proteobacteria	Alphaproteobacteria	Rhizobiales	Xanthobacteraceae	Pseudorhodoplanes	Unclassified	0.992236974
0b4af1754dcd14580b447ddc38fcf002	Bacteria	Proteobacteria	Alphaproteobacteria	Rhizobiales	Xanthobacteraceae	Pseudorhodoplanes	Unclassified	0.989642206
65c27cf198a910f2f6aa36352c74317d	Bacteria	Proteobacteria	Alphaproteobacteria	Rhizobiales	Xanthobacteraceae	Pseudorhodoplanes	Unclassified	0.933331849
9122d4f646e8764933ea1f416ab724d9	Bacteria	Proteobacteria	Alphaproteobacteria	Rhizobiales	NA	Unclassified	Unclassified	0.933478509
acc1d9630a5e1a86ea9d11a7fe0e3b11	Bacteria	Proteobacteria	Alphaproteobacteria	Rhizobiales	Beijerinckiaceae	alphaI_cluster	Alsobacter_sp.	0.925912614
b39e82d750aa279a7682700ea087a122	Bacteria	Proteobacteria	Alphaproteobacteria	Rhizobiales	Beijerinckiaceae	Methylocella	Unclassified	0.772737834
35aff6ceca45990bad526a23f5359e8d	Bacteria	Proteobacteria	Alphaproteobacteria	Rhizobiales	Beijerinckiaceae	alphaI_cluster	Unclassified	0.708929856
04e1a58c54db5dfdcb430aae7d244a93	Bacteria	Proteobacteria	Alphaproteobacteria	Rhizobiales	Beijerinckiaceae	Unclassified	Unclassified	0.703312634
bcb4a0863324e39524684236639b3bb6	Bacteria	Proteobacteria	Alphaproteobacteria	Rhizobiales	Xanthobacteraceae	Unclassified	Unclassified	0.870420567
20163f004ae400cf480f6d1b93b5f8d5	Bacteria	Proteobacteria	Alphaproteobacteria	Rhizobiales	Xanthobacteraceae	Unclassified	Unclassified	0.786350242
faaa30129a3b62cbe6aa5df5055de983	Bacteria	Proteobacteria	Alphaproteobacteria	Rhizobiales	Xanthobacteraceae	Unclassified	uncultured_Caulobacterales	0.769965629
5e728ed076410eaa4778eed8eb883c19	Bacteria	Proteobacteria	Alphaproteobacteria	Rhizobiales	Xanthobacteraceae	Unclassified	Unclassified	0.943180944
b83960f69ba537d026a7abb73f7685ac	Bacteria	Proteobacteria	Alphaproteobacteria	Rhizobiales	Xanthobacteraceae	Unclassified	Unclassified	0.967295061
341e411dc1b8a11d380c96d6e6ff8cda	Bacteria	Proteobacteria	Alphaproteobacteria	Rhizobiales	Xanthobacteraceae	Unclassified	Unclassified	0.748479247
7533b2fea009c6dcc9d0674b4c5760de	Bacteria	Proteobacteria	Alphaproteobacteria	Rhizobiales	Xanthobacteraceae	Unclassified	Unclassified	0.863244871
24a6b1a2cf94c3f84b9657e6e18e62b7	Bacteria	Proteobacteria	Alphaproteobacteria	Rhizobiales	Xanthobacteraceae	Unclassified	Unclassified	0.994216715
fb386bdf8d74af08b3fc756421590277	Bacteria	Proteobacteria	Alphaproteobacteria	Rhizobiales	Xanthobacteraceae	Unclassified	Unclassified	0.995757495
3249f3557687d70a6b6f09d2a5a78ea9	Bacteria	Proteobacteria	Alphaproteobacteria	Rhizobiales	Pleomorphomonadaceae	Chthonobacter	uncultured_bacterium	0.957910813
04422ae58272a262feacf86eb5a8a393	Bacteria	Proteobacteria	Alphaproteobacteria	Rhizobiales	Xanthobacteraceae	Unclassified	Unclassified	0.970829696
201341dd174c7413722ae400080b1c63	Bacteria	Proteobacteria	Alphaproteobacteria	Rhizobiales	Xanthobacteraceae	Unclassified	uncultured_Bradyrhizobiaceae	0.920145617
01c93986a418888837c518c35d961e95	Bacteria	Proteobacteria	Alphaproteobacteria	Rhizobiales	Xanthobacteraceae	Pseudorhodoplanes	Unclassified	0.816748262
ff4034d19b96b057232d1e1b4e46ea5b	Bacteria	Proteobacteria	Alphaproteobacteria	Rhizobiales	Beijerinckiaceae	FFCH5858	Unclassified	0.817524229
5f60bd6493e2521367759612c8cf8d0f	Bacteria	Proteobacteria	Alphaproteobacteria	Rhizobiales	NA	Unclassified	Unclassified	0.999558823
7c7c87af8f46c845bc1b42219a0e9c27	Bacteria	Proteobacteria	Alphaproteobacteria	Rhizobiales	Beijerinckiaceae	Unclassified	Unclassified	0.780172297
a12dcf30153d403c33928d4624f06402	Bacteria	Proteobacteria	Alphaproteobacteria	Rhizobiales	Beijerinckiaceae	Microvirga	Unclassified	0.722551551
0740fd617c5d021af8de30e2baa5662b	Bacteria	Proteobacteria	Alphaproteobacteria	Rhizobiales	NA	Unclassified	Unclassified	0.960044505
b5461fd284ebe63dfa3bf991118840af	Bacteria	Proteobacteria	Alphaproteobacteria	Rhizobiales	Xanthobacteraceae	Rhodoplanes	Unclassified	0.764343922
61a597cd872ef1a2d34754b6440468d9	Bacteria	Proteobacteria	Alphaproteobacteria	Rhizobiales	Xanthobacteraceae	Unclassified	Unclassified	0.988729222
0e005ea52306d40be5f3084c3637e46f	Bacteria	Proteobacteria	Alphaproteobacteria	Rhizobiales	Xanthobacteraceae	Unclassified	Unclassified	0.850065173
18347fe0eef6e75bdc5f8b8a8813d171	Bacteria	Proteobacteria	Alphaproteobacteria	Rhizobiales	Xanthobacteraceae	Unclassified	Unclassified	0.993900516
22c4a765fe347955ec90b22809efe0e3	Bacteria	Proteobacteria	Alphaproteobacteria	Rhizobiales	Amb-16S-1323	Amb-16S-1323	uncultured_bacterium	0.995364324
771cc71ae4062f8bf9c12931ae6ab9fc	Bacteria	Proteobacteria	Alphaproteobacteria	Rhizobiales	Xanthobacteraceae	Unclassified	Unclassified	0.784794453
3fa07cbeb9a2c603a3536c93e0251625	Bacteria	Proteobacteria	Alphaproteobacteria	Rhizobiales	Xanthobacteraceae	Unclassified	Unclassified	0.95820913
f015e18c26c730a6daa22933e1f04b33	Bacteria	Proteobacteria	Alphaproteobacteria	Rhizobiales	Xanthobacteraceae	Unclassified	Unclassified	0.702612909
ab424be65956bc7ecfa2b7b21c796914	Bacteria	Proteobacteria	Alphaproteobacteria	Rhizobiales	NA	Unclassified	Unclassified	0.986089382
7dc63b05d0c36c14e505bd0783b0ad4e	Bacteria	Proteobacteria	Alphaproteobacteria	Rhizobiales	Beijerinckiaceae	Unclassified	Unclassified	0.826180458
a36cf6e8acca31c0b238f28427e03e24	Bacteria	Proteobacteria	Alphaproteobacteria	Rhizobiales	Xanthobacteraceae	Unclassified	Unclassified	0.903960136
1223dd9b9bbdbfcb15a998b36f1e5b7a	Bacteria	Proteobacteria	Alphaproteobacteria	Rhizobiales	KF-JG30-B3	KF-JG30-B3	Unclassified	0.989712331
0c87bacfbe0175352b7d3cdf7ee72502	Bacteria	Proteobacteria	Alphaproteobacteria	Rhizobiales	NA	Unclassified	Unclassified	0.999649496
97cf63463728f652ccb6f858389d7cd4	Bacteria	Proteobacteria	Alphaproteobacteria	Rhizobiales	Xanthobacteraceae	Unclassified	Unclassified	0.848642017
285cb5251778411a88340ff502cc9de6	Bacteria	Proteobacteria	Alphaproteobacteria	Rhizobiales	Xanthobacteraceae	Unclassified	Unclassified	0.956977985
c1b8f8239a5a530196783a44ae7d0aa5	Bacteria	Proteobacteria	Alphaproteobacteria	Rhizobiales	Xanthobacteraceae	Unclassified	Unclassified	0.936455344
1eed7addd3e70ca3cd3541010ceafdb1	Bacteria	Proteobacteria	Alphaproteobacteria	Rhizobiales	Xanthobacteraceae	Unclassified	Unclassified	0.962930745
73f549a75631f45cb97b3835dea9dfe0	Bacteria	Proteobacteria	Alphaproteobacteria	Rhizobiales	Xanthobacteraceae	Unclassified	Unclassified	0.857822273
754da61904c608d8c2f310bb9c95284b	Bacteria	Proteobacteria	Alphaproteobacteria	Rhizobiales	Xanthobacteraceae	Unclassified	Unclassified	0.891198535
12397827fbf5db5244e591f72b0c04bd	Bacteria	Bdellovibrionota	Bdellovibrionia	Bdellovibrionales	Bdellovibrionaceae	OM27_clade	Unclassified	0.968116038
3bc556b2cbc92d0d4d678c64a801ecb1	Bacteria	Bdellovibrionota	Bdellovibrionia	Bdellovibrionales	Bdellovibrionaceae	OM27_clade	Unclassified	0.996156409
5dd2d5f31b74947af5c205eba15c0b30	Bacteria	Bdellovibrionota	Bdellovibrionia	Bdellovibrionales	Bdellovibrionaceae	OM27_clade	Unclassified	0.998621133
6b7e9e200735a6a85c4e4b824b54bd90	Bacteria	Patescibacteria	Saccharimonadia	Saccharimonadales	Saccharimonadales	Saccharimonadales	Unclassified	0.977373555
ab2a474d78641912436ba5aec4cb5c0c	Bacteria	Myxococcota	Myxococcia	Myxococcales	Anaeromyxobacteraceae	Anaeromyxobacter	Unclassified	0.996266244
0233a9ad51742ad061f52cd35f7e4e43	Bacteria	Myxococcota	Myxococcia	Myxococcales	Anaeromyxobacteraceae	Anaeromyxobacter	uncultured_bacterium	0.778855806
c2f51d71902d653b98b1df76fde7db5e	Bacteria	Patescibacteria	Saccharimonadia	Saccharimonadales	Saccharimonadales	Saccharimonadales	Unclassified	0.891826077
0ac4b0a5a012f6b4d2d0d7b53cfcef78	Bacteria	Patescibacteria	Saccharimonadia	Saccharimonadales	Saccharimonadales	Saccharimonadales	Unclassified	0.951511775
4167deced4c273abda929c8077b8eb17	Bacteria	Patescibacteria	Saccharimonadia	Saccharimonadales	Saccharimonadales	Saccharimonadales	Unclassified	0.924226305
32625ae909bba4fdde19ca3410915a01	Bacteria	Patescibacteria	Saccharimonadia	Saccharimonadales	Saccharimonadales	Saccharimonadales	Unclassified	0.991665737
f421c669c66d92e0bfa0066bf3b9e433	Bacteria	Patescibacteria	Saccharimonadia	Saccharimonadales	Saccharimonadales	Saccharimonadales	Unclassified	0.988850189
7af09c894f0567bec2f29015c527b725	Bacteria	Patescibacteria	Saccharimonadia	Saccharimonadales	Saccharimonadales	Saccharimonadales	uncultured_gamma	0.945097408
61e3584f51ecb6f91010570129be7c4a	Bacteria	Myxococcota	Myxococcia	Myxococcales	NA	Unclassified	Unclassified	0.760105903
8941285684d014fd3e8d3950c5a8a523	Bacteria	Proteobacteria	Alphaproteobacteria	Rhizobiales	D05-2	D05-2	alpha_proteobacterium	0.991312843
a639b1b18f2d7b125b1508ff4791524d	Bacteria	Proteobacteria	Alphaproteobacteria	Rhizobiales	D05-2	D05-2	alpha_proteobacterium	0.919460893
73a1ce1e151d71f0419145aef2cea210	Bacteria	Proteobacteria	Alphaproteobacteria	Rhizobiales	D05-2	D05-2	Unclassified	0.826041303
f24a4f961d0b1c08637658485ee1a80b	Bacteria	Planctomycetota	Pla4_lineage	Pla4_lineage	Pla4_lineage	Pla4_lineage	uncultured_bacterium	0.940104513
6dd44176e8ade7d99397b15295a9d513	Bacteria	Proteobacteria	Alphaproteobacteria	Rhizobiales	D05-2	D05-2	alpha_proteobacterium	0.997752434
3a7ca9dbd34ea7270222592dc9497968	Bacteria	Cyanobacteria	Sericytochromatia	Sericytochromatia	Sericytochromatia	Sericytochromatia	uncultured_soil	0.936018151
e7d901a2e7c826e71084c6a915afe588	Bacteria	Actinobacteriota	Thermoleophilia	Gaiellales	uncultured	Unclassified	Unclassified	0.973610996
ae92422c4ed661ca3afb6f3d77327565	Bacteria	Actinobacteriota	Thermoleophilia	Gaiellales	uncultured	Unclassified	Unclassified	0.929880519
8f20c6a36a05de33ff9a3ece576e8676	Bacteria	Actinobacteriota	Thermoleophilia	Gaiellales	uncultured	Unclassified	Unclassified	0.881932631
976fda331f0a4f63b881871e40702faf	Bacteria	Actinobacteriota	Thermoleophilia	Gaiellales	uncultured	Unclassified	Unclassified	0.988774077
dbe0315f3e8e387b146a95a4cce916a3	Bacteria	Actinobacteriota	Thermoleophilia	Gaiellales	uncultured	Unclassified	Unclassified	0.98038575
76bff1e8444a0081f8ac155f2ca1e362	Bacteria	Actinobacteriota	Thermoleophilia	Gaiellales	uncultured	Unclassified	Unclassified	0.984029011
9df3dc6f77f2855d72fdbd43e868d744	Bacteria	Actinobacteriota	Thermoleophilia	Gaiellales	uncultured	Unclassified	Unclassified	0.988930826
788e4b137c04051cea6a0c4aec76cb5c	Bacteria	Myxococcota	Polyangia	Haliangiales	Haliangiaceae	Haliangium	Unclassified	0.999123571
34d4d519b260acc903aed2fc61582b39	Bacteria	Myxococcota	Polyangia	Haliangiales	Haliangiaceae	Haliangium	Unclassified	0.985590666
d19ed26be3d32dfc05f226c695c010b1	Bacteria	Myxococcota	Polyangia	Haliangiales	Haliangiaceae	Haliangium	uncultured_bacterium	0.716999739
25b0fab4c42ab8e458ff51d01929b157	Bacteria	Myxococcota	Polyangia	Haliangiales	Haliangiaceae	Haliangium	Unclassified	0.998030119
593ab79480e1dcb5cb9b6119a9e38a20	Bacteria	Myxococcota	Polyangia	Haliangiales	Haliangiaceae	Haliangium	Unclassified	0.996603039
8c6e9687e8d884e11e0f7a04522d47fc	Bacteria	Proteobacteria	Alphaproteobacteria	Caulobacterales	Hyphomonadaceae	Unclassified	Unclassified	0.982283538
4936b296f81344e6db381737aae0a231	Bacteria	Myxococcota	Myxococcia	Myxococcales	Anaeromyxobacteraceae	Anaeromyxobacter	uncultured_bacterium	0.956242452
ebd70516b4c85d90458544e6e1ec7148	Bacteria	Chloroflexi	Chloroflexia	Chloroflexales	Roseiflexaceae	Unclassified	uncultured_bacterium	0.788950181
226e2358d4b9b3013fb1681d59c41282	Bacteria	Chloroflexi	Chloroflexia	Chloroflexales	Roseiflexaceae	Unclassified	uncultured_bacterium	0.919368713
5f823cac9d794e3330c47f3f27586eff	Bacteria	Chloroflexi	Chloroflexia	Chloroflexales	Roseiflexaceae	Unclassified	uncultured_bacterium	0.749466554
9a7f292a9b1225323738298a839c076a	Bacteria	Chloroflexi	Anaerolineae	NA	NA	Unclassified	Unclassified	0.826201181
d577848d3e19d2ceb032e36ecdb7e459	Bacteria	Chloroflexi	NA	NA	NA	Unclassified	Unclassified	0.859812019
5c47ddf5cc3bcf2ff06959d8314c8d56	Bacteria	Chloroflexi	Chloroflexia	Chloroflexales	Roseiflexaceae	Unclassified	Unclassified	0.999945596
3cab2767beca3e6bfddfbdb161a7290c	Bacteria	Chloroflexi	Chloroflexia	Chloroflexales	Roseiflexaceae	Unclassified	uncultured_Chloroflexi	0.852534521
01d35db52306fdddce90787b288ef970	Bacteria	Firmicutes	Bacilli	Bacillales	Bacillaceae	Bacillus	Unclassified	0.772525776
62cbbe513132bb026f968147e800bafb	Bacteria	Chloroflexi	Chloroflexia	Chloroflexales	Roseiflexaceae	Unclassified	Unclassified	0.999954325
dd7c9321e93000e0d91168143c2df078	Bacteria	Chloroflexi	Chloroflexia	Chloroflexales	Roseiflexaceae	Unclassified	Unclassified	0.999956111
24e5005b5d0ad84f4677d0505de52c12	Bacteria	Chloroflexi	Chloroflexia	Chloroflexales	Roseiflexaceae	Unclassified	uncultured_Chloroflexi	0.860682907
1871de144884729a58fcb0a0930c626f	Bacteria	Chloroflexi	Chloroflexia	Chloroflexales	Roseiflexaceae	Unclassified	uncultured_Chloroflexi	0.940569226
5fc1ad1c9d18da8e40466c5b81dc304c	Bacteria	Chloroflexi	Chloroflexia	Chloroflexales	Roseiflexaceae	Unclassified	Unclassified	0.998890217
719e97406c470ee1fb1221c7ef3252fc	Bacteria	Chloroflexi	Chloroflexia	Chloroflexales	Roseiflexaceae	Unclassified	Unclassified	0.999199642
070a9025a394510a575eca6e4b254dc6	Bacteria	Chloroflexi	Chloroflexia	Chloroflexales	Roseiflexaceae	Unclassified	uncultured_bacterium	0.906486967
96f799080d81309fda4e842a21a1fd41	Bacteria	Chloroflexi	Chloroflexia	Chloroflexales	Roseiflexaceae	Unclassified	uncultured_bacterium	0.919877935
e5af8442d3c18a9a2ee936e7e490a1ba	Bacteria	Chloroflexi	Chloroflexia	Chloroflexales	Roseiflexaceae	Unclassified	Unclassified	0.998894928
25535d51a488633ff2b84011bced470e	Bacteria	Chloroflexi	Chloroflexia	Chloroflexales	Roseiflexaceae	Unclassified	uncultured_bacterium	0.881747277
b155d40222055b21ff2c8dad45ff130f	Bacteria	Chloroflexi	Chloroflexia	Chloroflexales	Roseiflexaceae	Unclassified	uncultured_bacterium	0.881204525
a5146465e60ea9160a2c38ddd8d7f671	Bacteria	Chloroflexi	Chloroflexia	Chloroflexales	Roseiflexaceae	Unclassified	uncultured_Chloroflexaceae	0.908257702
7ad99105d40b2c1bfc761adecbcdbeaf	Bacteria	Chloroflexi	Chloroflexia	Chloroflexales	Roseiflexaceae	Unclassified	Unclassified	0.999792293
bb84bb5954f31c4f7ab0ee0e798ac664	Bacteria	Chloroflexi	Chloroflexia	Chloroflexales	Roseiflexaceae	Unclassified	uncultured_bacterium	0.779970507
288f5bd31dcf341ebbb768831bd94415	Bacteria	Chloroflexi	Chloroflexia	Chloroflexales	Roseiflexaceae	Unclassified	Unclassified	0.999714007
b89fd8605c2103d67d5be94e61b9c96a	Bacteria	Chloroflexi	Chloroflexia	Chloroflexales	Roseiflexaceae	Unclassified	uncultured_bacterium	0.89313629
cd7a99e4445533915c2843f0bb3164dc	Bacteria	Chloroflexi	Chloroflexia	Chloroflexales	Roseiflexaceae	Unclassified	uncultured_bacterium	0.701349699
99a4ee639545374fd3c131c6e345bf88	Bacteria	Chloroflexi	Chloroflexia	Chloroflexales	Roseiflexaceae	Unclassified	Unclassified	0.999639225
aa921cc31cfca41efbc8b430afdf7413	Bacteria	Chloroflexi	Chloroflexia	Chloroflexales	Roseiflexaceae	Unclassified	Unclassified	0.999708588
ca63c196e0593e53a039ce49884cabc8	Bacteria	Chloroflexi	Chloroflexia	Chloroflexales	Roseiflexaceae	Unclassified	Unclassified	0.998768899
ff8d29c37b16f11df0999a033aea49b0	Bacteria	Chloroflexi	Chloroflexia	Chloroflexales	Roseiflexaceae	Unclassified	uncultured_bacterium	0.724259277
80007ed4043125896b1a0843aa76c1d7	Bacteria	Chloroflexi	Chloroflexia	Chloroflexales	Roseiflexaceae	Unclassified	uncultured_bacterium	0.907245055
7fc6b52a8b4205160bd6fb495c774370	Bacteria	Gemmatimonadota	Gemmatimonadetes	Gemmatimonadales	Gemmatimonadaceae	Gemmatimonas	Unclassified	0.9802124
827535c879e2f56dd53b505437c8c16a	Bacteria	Actinobacteriota	Thermoleophilia	Gaiellales	uncultured	Unclassified	uncultured_microorganism	0.995240518
85616e90f35156e419fcac4969f23758	Bacteria	Actinobacteriota	Thermoleophilia	Gaiellales	uncultured	Unclassified	uncultured_microorganism	0.796302561
f4ef074461ac6b42548b07c1f9bf0d48	Bacteria	Actinobacteriota	Thermoleophilia	Gaiellales	uncultured	Unclassified	Unclassified	0.999787635
85084879b16bdce84efa9e487aec686a	Bacteria	Actinobacteriota	Thermoleophilia	Gaiellales	uncultured	Unclassified	Unclassified	0.98749563
a1d91dc95aa3b7891f32de63d6d197fc	Bacteria	Gemmatimonadota	Longimicrobia	Longimicrobiales	Longimicrobiaceae	YC-ZSS-LKJ147	metagenome	0.955052872
21f123007c7dfd5cf8d7facccc907d7f	Bacteria	Gemmatimonadota	Longimicrobia	Longimicrobiales	Longimicrobiaceae	YC-ZSS-LKJ147	metagenome	0.935912979
2c0b4c7e23972e00471970931a3d7474	Bacteria	Gemmatimonadota	Longimicrobia	Longimicrobiales	Longimicrobiaceae	YC-ZSS-LKJ147	uncultured_bacterium	0.810343102
e462db58e5ec1e2451745686069a705e	Bacteria	Gemmatimonadota	Longimicrobia	Longimicrobiales	Longimicrobiaceae	Longimicrobium	uncultured_bacterium	0.728593084
07ee7dde7486b3fcec218c3a51e77adb	Bacteria	Gemmatimonadota	Longimicrobia	Longimicrobiales	Longimicrobiaceae	YC-ZSS-LKJ147	Unclassified	0.987259896
b2dc1197be861c17b03a3773ad542712	Bacteria	Gemmatimonadota	Longimicrobia	Longimicrobiales	Longimicrobiaceae	Unclassified	Unclassified	0.996692554
a82379f0449d1a5d77262f7633d0705e	Bacteria	Gemmatimonadota	Longimicrobia	Longimicrobiales	Longimicrobiaceae	YC-ZSS-LKJ147	Unclassified	0.991569569
67827260d205be86b23f9fa60ad8fcab	Bacteria	Gemmatimonadota	Longimicrobia	Longimicrobiales	Longimicrobiaceae	Longimicrobiaceae	uncultured_bacterium	0.868933476
3fd2a4f02d77cf9999916b74e95d3369	Bacteria	Gemmatimonadota	Longimicrobia	Longimicrobiales	Longimicrobiaceae	Longimicrobiaceae	uncultured_bacterium	0.875371309
1c8710697ac41c3fec11e41cc40c0132	Bacteria	NA	NA	NA	NA	Unclassified	Unclassified	0.999999998
b2eeb887b235497fd6f35cf07394e683	Bacteria	Gemmatimonadota	Longimicrobia	Longimicrobiales	Longimicrobiaceae	Longimicrobiaceae	uncultured_bacterium	0.9353011
6abbe22678db293b4ac3a2376deeaa26	Bacteria	Gemmatimonadota	BD2-11_terrestrial_group	BD2-11_terrestrial_group	BD2-11_terrestrial_group	BD2-11_terrestrial_group	Unclassified	0.999898161
c7b7770d036cfe69115062fdc344bc46	Bacteria	Gemmatimonadota	Gemmatimonadetes	Gemmatimonadales	Gemmatimonadaceae	Gemmatimonas	Unclassified	0.986843779
9cee439c86e26af7c089de3f54106f5f	Bacteria	Gemmatimonadota	Gemmatimonadetes	Gemmatimonadales	Gemmatimonadaceae	Gemmatimonas	Unclassified	0.913214657
debacb35a48455505765c593849d3d31	Bacteria	Gemmatimonadota	Gemmatimonadetes	Gemmatimonadales	Gemmatimonadaceae	Gemmatimonas	uncultured_Gemmatimonadetes	0.738626121
40b63df16b10239b59be0d171596c173	Bacteria	Actinobacteriota	Thermoleophilia	Gaiellales	uncultured	Unclassified	Gaiella_sp.	0.898554243
9ae4087858f8a3776b51051ad3791c0a	Bacteria	Actinobacteriota	Thermoleophilia	Gaiellales	uncultured	Unclassified	Gaiella_sp.	0.81079122
25217762d0e4639d150196034eea6b94	Bacteria	Chloroflexi	TK10	TK10	TK10	TK10	Unclassified	0.913740358
78d8515a6ca7f9cb0dd53a41ea1aeaeb	Bacteria	Gemmatimonadota	Gemmatimonadetes	Gemmatimonadales	Gemmatimonadaceae	Gemmatimonas	Unclassified	0.991235895
0b6697a86d7760730b4a6fe7f3e2de9d	Bacteria	Gemmatimonadota	Gemmatimonadetes	Gemmatimonadales	Gemmatimonadaceae	Gemmatimonas	Unclassified	0.994608772
ee488b27353402c971a0326e99c88aee	Bacteria	Gemmatimonadota	Gemmatimonadetes	Gemmatimonadales	Gemmatimonadaceae	Gemmatimonas	Unclassified	0.995896605
a5e1fcbcc01b6c21a06ac50a9ef01283	Bacteria	Gemmatimonadota	Gemmatimonadetes	Gemmatimonadales	Gemmatimonadaceae	Gemmatimonas	Unclassified	0.996832444
97c37d970bd31049bdc2c7ffd160312f	Bacteria	Gemmatimonadota	Gemmatimonadetes	Gemmatimonadales	Gemmatimonadaceae	Gemmatimonas	Unclassified	0.996390206
33abfc923e6619b9b206b70ad0cb1b46	Bacteria	Gemmatimonadota	Gemmatimonadetes	Gemmatimonadales	Gemmatimonadaceae	Gemmatimonas	Unclassified	0.996869735
60bb171dcbb20a92f263a734f8f7f635	Bacteria	Gemmatimonadota	Gemmatimonadetes	Gemmatimonadales	Gemmatimonadaceae	Gemmatimonas	Unclassified	0.996685248
9853423e42129245ac7bb7a73496cab7	Bacteria	Gemmatimonadota	Gemmatimonadetes	Gemmatimonadales	Gemmatimonadaceae	Gemmatimonas	Unclassified	0.988421566
7e5bd71603b9dfa08c65113b0615b73c	Bacteria	Gemmatimonadota	Gemmatimonadetes	Gemmatimonadales	Gemmatimonadaceae	Gemmatimonas	Unclassified	0.978869498
6024057feea276fa1033d729a92580f0	Bacteria	Gemmatimonadota	Gemmatimonadetes	Gemmatimonadales	Gemmatimonadaceae	Gemmatimonas	Unclassified	0.968075288
5faa6beaea64fc083edb348f57c84c04	Bacteria	Gemmatimonadota	Gemmatimonadetes	Gemmatimonadales	Gemmatimonadaceae	Unclassified	uncultured_Alphaproteobacteria	0.88006383
3f4f0f34299e451934e0daf212bfda8b	Bacteria	Gemmatimonadota	Gemmatimonadetes	Gemmatimonadales	Gemmatimonadaceae	Unclassified	uncultured_Alphaproteobacteria	0.910476648
684bd14ac818d94667f4b6c2a1e39c21	Bacteria	Gemmatimonadota	Gemmatimonadetes	Gemmatimonadales	Gemmatimonadaceae	Unclassified	Unclassified	0.999350568
4f4c5ad50d53c2f38cf80b11668e8a04	Bacteria	Gemmatimonadota	Gemmatimonadetes	Gemmatimonadales	Gemmatimonadaceae	Unclassified	Unclassified	0.999072678
4908a029000d4961261e2cbf5f73ff9d	Bacteria	Gemmatimonadota	Gemmatimonadetes	Gemmatimonadales	Gemmatimonadaceae	Unclassified	Unclassified	0.99836909
380aa8d36771ab0ecb3d45da650c3e00	Bacteria	Gemmatimonadota	Gemmatimonadetes	Gemmatimonadales	Gemmatimonadaceae	Unclassified	Unclassified	0.998961932
3072f106f03de5c2c4eda739eee4a3d2	Bacteria	Gemmatimonadota	Gemmatimonadetes	Gemmatimonadales	Gemmatimonadaceae	Unclassified	Unclassified	0.999146659
7010e4896b4181de83ce387aa94aa7c4	Bacteria	Planctomycetota	OM190	OM190	OM190	OM190	planctomycete_A-2	0.858620941
d83389423d45e03817bb326b2748e88b	Bacteria	Gemmatimonadota	Gemmatimonadetes	Gemmatimonadales	Gemmatimonadaceae	Unclassified	Unclassified	0.96159749
4841bde318f4b24f9d398c3a3c8983e2	Bacteria	Gemmatimonadota	Gemmatimonadetes	Gemmatimonadales	Gemmatimonadaceae	Unclassified	Unclassified	0.996778894
1cf970274d8209bd55f766b908782d6e	Bacteria	Gemmatimonadota	Gemmatimonadetes	Gemmatimonadales	Gemmatimonadaceae	Unclassified	uncultured_soil	0.711509405
184f0daa79135618f0e3a9f60ccf0577	Bacteria	Gemmatimonadota	Gemmatimonadetes	Gemmatimonadales	Gemmatimonadaceae	Unclassified	Unclassified	0.999119842
271b656bc0e825d0fbc9796668f30de6	Bacteria	Gemmatimonadota	Gemmatimonadetes	Gemmatimonadales	Gemmatimonadaceae	Unclassified	Unclassified	0.979332447
da04fa64aaa8912e4d3d4a41ba37ae49	Bacteria	Gemmatimonadota	S0134_terrestrial_group	S0134_terrestrial_group	S0134_terrestrial_group	S0134_terrestrial_group	Unclassified	0.999708396
4c2a86dbf8ce646501b28c2ed266d1bb	Bacteria	Gemmatimonadota	S0134_terrestrial_group	S0134_terrestrial_group	S0134_terrestrial_group	S0134_terrestrial_group	uncultured_Gemmatimonadetes	0.838388488
7a51612dd2d991cc3cde6a99aee035ae	Bacteria	Gemmatimonadota	S0134_terrestrial_group	S0134_terrestrial_group	S0134_terrestrial_group	S0134_terrestrial_group	Unclassified	0.999977197
35083a1877412597001cff3acb578a73	Bacteria	Gemmatimonadota	S0134_terrestrial_group	S0134_terrestrial_group	S0134_terrestrial_group	S0134_terrestrial_group	uncultured_bacterium	0.826454892
a1e69666c6d9a91a76974ad631cac528	Bacteria	Gemmatimonadota	BD2-11_terrestrial_group	BD2-11_terrestrial_group	BD2-11_terrestrial_group	BD2-11_terrestrial_group	Unclassified	0.99994463200000006
3b42ad98153c0d86e979dbfd2baa7341	Bacteria	Gemmatimonadota	Gemmatimonadetes	Gemmatimonadales	Gemmatimonadaceae	Unclassified	Unclassified	0.76369649
42c56d7a57ac9cc36a65ae9bc5eac8ca	Bacteria	Gemmatimonadota	Gemmatimonadetes	Gemmatimonadales	Gemmatimonadaceae	Unclassified	Unclassified	0.999095938
6cdbabc252d6b41306bb74a159684760	Bacteria	Gemmatimonadota	Gemmatimonadetes	Gemmatimonadales	Gemmatimonadaceae	Unclassified	Unclassified	0.985227395
0c40ac1cdbe09a9e76bdcc3c9ec03348	Bacteria	Gemmatimonadota	Gemmatimonadetes	Gemmatimonadales	Gemmatimonadaceae	Unclassified	Unclassified	0.960370906
3f3c679ba3e255b2295a5603d5344934	Bacteria	Gemmatimonadota	Gemmatimonadetes	Gemmatimonadales	Gemmatimonadaceae	Unclassified	Unclassified	0.995382122
039ac0e0468b92440cb9d401bdf318b3	Bacteria	Gemmatimonadota	Gemmatimonadetes	Gemmatimonadales	Gemmatimonadaceae	Gemmatimonas	Unclassified	0.985159216
21ebcd4ce6bbb3e38d448a471261a7b6	Bacteria	Gemmatimonadota	Gemmatimonadetes	Gemmatimonadales	Gemmatimonadaceae	Unclassified	Unclassified	0.99625561
f8a288565c2556c42e6b60ebeb734b2c	Bacteria	Gemmatimonadota	Gemmatimonadetes	Gemmatimonadales	Gemmatimonadaceae	Unclassified	Unclassified	0.999681135
1a5657748966e29b9c8cec06bead724a	Bacteria	Firmicutes	NA	NA	NA	Unclassified	Unclassified	0.988119595
8fc30961e6aff784e533d74515558185	Bacteria	Actinobacteriota	Thermoleophilia	Solirubrobacterales	Solirubrobacteraceae	JCM_18997	Unclassified	0.907630895
f47e73109ef4325bd17b57e1a290df6a	Bacteria	Myxococcota	Polyangia	Polyangiales	Sandaracinaceae	Unclassified	metagenome	0.712599447
faef16d0432b94789b75a7dc1c404935	Bacteria	Myxococcota	Polyangia	Polyangiales	Sandaracinaceae	Unclassified	Unclassified	0.939747673
6b2a75d9b3b19151f580ab6ab5ac6b46	Bacteria	Actinobacteriota	Thermoleophilia	uncultured	uncultured	Unclassified	uncultured_bacterium	0.999682168
c9300b70c1d3f6e6358a93500cd2354f	Bacteria	Actinobacteriota	Thermoleophilia	uncultured	uncultured	Unclassified	uncultured_bacterium	0.999675398
5f048efc31221dc09906b3b66d50afba	Bacteria	Actinobacteriota	Thermoleophilia	uncultured	uncultured	Unclassified	uncultured_bacterium	0.999436568
b6859fe03ae15aff687a39cb2a45e11a	Bacteria	Entotheonellaeota	Entotheonellia	Entotheonellales	Entotheonellaceae	Entotheonellaceae	uncultured_bacterium	0.978422347
99536232fbdce5e022d24efdbf3a4be1	Bacteria	Entotheonellaeota	Entotheonellia	Entotheonellales	Entotheonellaceae	Candidatus_Entotheonella	uncultured_bacterium	0.93490606
b6250e31c24d4ad6b5455c8f55682532	Bacteria	Entotheonellaeota	Entotheonellia	Entotheonellales	Entotheonellaceae	Candidatus_Entotheonella	uncultured_bacterium	0.929143783
2a364900db05cdc33ac02785832e839a	Bacteria	Entotheonellaeota	Entotheonellia	Entotheonellales	Entotheonellaceae	Entotheonellaceae	uncultured_bacterium	0.905757839
f79bdcb7307a6ba34aef5845e61b233a	Bacteria	Entotheonellaeota	Entotheonellia	Entotheonellales	Entotheonellaceae	Candidatus_Entotheonella	uncultured_bacterium	0.957068825
234083319772783c8893e88fd8e38efb	Bacteria	Myxococcota	bacteriap25	bacteriap25	bacteriap25	bacteriap25	uncultured_Syntrophobacterales	0.810599895
d10e6c48c72d392d6fc881875530efed	Bacteria	Myxococcota	bacteriap25	bacteriap25	bacteriap25	bacteriap25	uncultured_Syntrophobacterales	0.90007217
0a727fa2d78b74ae21858b37d83aeff3	Bacteria	Myxococcota	bacteriap25	bacteriap25	bacteriap25	bacteriap25	uncultured_Syntrophobacterales	0.951961309
e6990530891d828d063dae81e276405a	Bacteria	Chloroflexi	TK10	TK10	TK10	TK10	Unclassified	0.993676088
571e877cd48c473452c165ab0c9573de	Bacteria	Chloroflexi	TK10	TK10	TK10	TK10	Unclassified	0.979831637
97d5bf8dea615b81c7856342562744de	Bacteria	Chloroflexi	TK10	TK10	TK10	TK10	Unclassified	0.996211672
c000bb4dc71cb04b41494737df1cde69	Bacteria	Proteobacteria	Gammaproteobacteria	Burkholderiales	Comamonadaceae	Unclassified	Unclassified	0.909441453
d42f098da97f5949915184e6d5782795	Bacteria	Actinobacteriota	Thermoleophilia	Solirubrobacterales	67-14	67-14	Unclassified	0.996356867
ac95966a49ae0ded7648042f5150714d	Bacteria	Actinobacteriota	Thermoleophilia	Solirubrobacterales	NA	Unclassified	Unclassified	0.995932508
79ae384f0e350f033c50715777dd0218	Bacteria	Actinobacteriota	Thermoleophilia	Solirubrobacterales	67-14	67-14	Unclassified	0.77003661
747879ec0a309f34057ceda25d49c547	Bacteria	Actinobacteriota	Thermoleophilia	Solirubrobacterales	Solirubrobacteraceae	Conexibacter	Unclassified	0.918506154
cb954566e71c568597a352479402bacd	Bacteria	Actinobacteriota	Thermoleophilia	Solirubrobacterales	Solirubrobacteraceae	Unclassified	Unclassified	0.972193351
8e3f02cfa0b88859067c2e7f26cad1bb	Bacteria	Actinobacteriota	Thermoleophilia	Solirubrobacterales	NA	Unclassified	Unclassified	0.995047084
a6cb5f82705c19f8085d8aa958c81954	Bacteria	Actinobacteriota	Thermoleophilia	Solirubrobacterales	67-14	67-14	Unclassified	0.995019621
8efa4934f19c8463d7d6c8f590956aec	Bacteria	Actinobacteriota	Thermoleophilia	Solirubrobacterales	67-14	67-14	Unclassified	0.994164066
4a4ba1bd6b1eae28915e72c0d39942b3	Bacteria	Actinobacteriota	Thermoleophilia	Solirubrobacterales	67-14	67-14	Unclassified	0.994962747
69035a085343e87d3637da15b4c03832	Bacteria	Actinobacteriota	Thermoleophilia	Solirubrobacterales	67-14	67-14	Unclassified	0.998580473
427534333df96994c53278925d0ff0bc	Bacteria	Actinobacteriota	Thermoleophilia	Solirubrobacterales	67-14	67-14	Unclassified	0.996554481
d97f3142e6584766d7c07f666c483843	Bacteria	Actinobacteriota	Thermoleophilia	Solirubrobacterales	67-14	67-14	Unclassified	0.976294877
e08b8fe8db288df497d951e9c2bb82da	Bacteria	Actinobacteriota	Thermoleophilia	Solirubrobacterales	67-14	67-14	uncultured_actinobacterium	0.94404224
bf350740ccf5e4e968003d3c5b20a3bb	Bacteria	Actinobacteriota	Thermoleophilia	Solirubrobacterales	67-14	67-14	Unclassified	0.947505825
ab0e6f5e4a67b8500c8c1fef754c2869	Bacteria	Actinobacteriota	Thermoleophilia	Solirubrobacterales	NA	Unclassified	Unclassified	0.937071441
7e4cc663c555db4e87eac513d549c1f0	Bacteria	Actinobacteriota	Thermoleophilia	Solirubrobacterales	67-14	67-14	Unclassified	0.782099902
5d9a0763fe16f202f532d5ed3e9385a6	Bacteria	Actinobacteriota	Thermoleophilia	Solirubrobacterales	NA	Unclassified	Unclassified	0.996641886
fbd0bbddadfd6ffc2be35a2a4249a5ee	Bacteria	Actinobacteriota	Thermoleophilia	Solirubrobacterales	67-14	67-14	Unclassified	0.949641912
db1fbe1ca45dba27f7d04489f75a989c	Bacteria	Actinobacteriota	Thermoleophilia	Solirubrobacterales	67-14	67-14	Unclassified	0.931502794
c9e4a140036df3f4a9feae1af55427e4	Bacteria	Actinobacteriota	Thermoleophilia	Solirubrobacterales	NA	Unclassified	Unclassified	0.999470346
0a7b1308dafc6cdd4c2e3395b6711118	Bacteria	Actinobacteriota	Thermoleophilia	Solirubrobacterales	67-14	67-14	Unclassified	0.901519938
fda766c4eed0da25f3540dad6d1458c4	Bacteria	Actinobacteriota	Thermoleophilia	Solirubrobacterales	67-14	67-14	Unclassified	0.888996696
b31f0ed2dceed03f71bda181a6e68af7	Bacteria	Actinobacteriota	Thermoleophilia	Solirubrobacterales	67-14	67-14	Unclassified	0.923328404
7eef5fb0a174ec3dc436e20a2ba535b0	Bacteria	Actinobacteriota	Thermoleophilia	Solirubrobacterales	67-14	67-14	Unclassified	0.861811042
2832b673db384b95510df4eea3f5de60	Bacteria	Actinobacteriota	Thermoleophilia	Solirubrobacterales	67-14	67-14	Unclassified	0.858555876
cde10329fbd398f21af8172a38489cee	Bacteria	Actinobacteriota	Thermoleophilia	Solirubrobacterales	67-14	67-14	Unclassified	0.850485783
008dc14383c2a1e179b5353dccc8a072	Bacteria	Actinobacteriota	Thermoleophilia	Solirubrobacterales	67-14	67-14	Unclassified	0.854351725
a237b6960ac0138e93ea9dccc62572d9	Bacteria	Actinobacteriota	Thermoleophilia	Solirubrobacterales	67-14	67-14	Unclassified	0.995751937
50e30bef525dfc5f1cbb06e8af0e8371	Bacteria	Actinobacteriota	Thermoleophilia	Solirubrobacterales	67-14	67-14	Unclassified	0.98483447
8deffba4d6f85a396c4b029d60e275ea	Bacteria	Actinobacteriota	Thermoleophilia	Solirubrobacterales	67-14	67-14	Unclassified	0.999414674
163c8251f8dd6fa281284ae3be6269b4	Bacteria	Actinobacteriota	Thermoleophilia	Solirubrobacterales	67-14	67-14	Unclassified	0.997843317
25995346c4a45c4b6b4b171f5aaab398	Bacteria	Actinobacteriota	Thermoleophilia	Solirubrobacterales	67-14	67-14	Unclassified	0.99689361
00d757db5d3af63343c880cae91ba3b7	Bacteria	Actinobacteriota	Thermoleophilia	Solirubrobacterales	67-14	67-14	Unclassified	0.998944248
14e3c5d39a9b24e4379d725ca3445a76	Bacteria	Actinobacteriota	Thermoleophilia	Solirubrobacterales	67-14	67-14	Unclassified	0.99768164
a2869e2217b25dab37d41c358cdb2289	Bacteria	Actinobacteriota	Thermoleophilia	Solirubrobacterales	67-14	67-14	Unclassified	0.998342438
f95b6a9a2fde277449f448bb93752245	Bacteria	Actinobacteriota	Thermoleophilia	Solirubrobacterales	67-14	67-14	Unclassified	0.998711972
4edfc1789d1789d27084f70351a689fd	Bacteria	Actinobacteriota	Thermoleophilia	Solirubrobacterales	67-14	67-14	Unclassified	0.999844777
6ac2e4f15ba2b95de3e72eb85557bf70	Bacteria	Actinobacteriota	Thermoleophilia	Gaiellales	Gaiellaceae	Gaiella	uncultured_Rubrobacterales	0.991516695
523c24ba77a19af6f3fb31a3feb0f398	Bacteria	Actinobacteriota	Thermoleophilia	Solirubrobacterales	67-14	67-14	Unclassified	0.990029038
67f6d39b0b7e0117d4bf28649fa31a68	Bacteria	Actinobacteriota	Thermoleophilia	Solirubrobacterales	NA	Unclassified	Unclassified	0.995360446
092b2fe28ad32e6a23fcebdd0afcedef	Bacteria	Actinobacteriota	Thermoleophilia	Solirubrobacterales	Solirubrobacteraceae	Unclassified	Unclassified	0.725135429
4d878bc4900639e4216c059d523f5084	Bacteria	Actinobacteriota	Thermoleophilia	Gaiellales	Gaiellaceae	Gaiella	uncultured_Rubrobacterales	0.994191132
344dad0438f3151e87d55d16b505a534	Bacteria	Actinobacteriota	Thermoleophilia	Solirubrobacterales	67-14	67-14	Unclassified	0.981038836
bded9e7f5491b42d6218f31192ad6a9f	Bacteria	Actinobacteriota	Thermoleophilia	Solirubrobacterales	67-14	67-14	Unclassified	0.97989415
cf09ed2dc1e11718370fb19d963c9e58	Bacteria	Actinobacteriota	Thermoleophilia	Solirubrobacterales	NA	Unclassified	Unclassified	0.998577301
483e81ad0858a9ddbd720582ff6dda73	Bacteria	Actinobacteriota	Thermoleophilia	Solirubrobacterales	Solirubrobacteraceae	Conexibacter	Unclassified	0.893176063
e71fc4b8f26de456a628995523c3524f	Bacteria	Actinobacteriota	Thermoleophilia	Solirubrobacterales	Solirubrobacteraceae	Conexibacter	Unclassified	0.856807112
70f0c1110296f10acadc3bfbfef42dbf	Bacteria	Actinobacteriota	Thermoleophilia	Solirubrobacterales	Solirubrobacteraceae	Unclassified	Unclassified	0.991188033
7b08e0126440f6d1f6a679384c08f289	Bacteria	Actinobacteriota	Thermoleophilia	Solirubrobacterales	Solirubrobacteraceae	Unclassified	Unclassified	0.985892496
d7b22a2c61abeced252f63a897350f80	Bacteria	Actinobacteriota	Thermoleophilia	Solirubrobacterales	Solirubrobacteraceae	Unclassified	Unclassified	0.954647628
5698b19291953338b0a9a6e37caee1e7	Bacteria	Actinobacteriota	Thermoleophilia	Solirubrobacterales	Solirubrobacteraceae	Conexibacter	Unclassified	0.868236832
1d14cedc77da46eff118d94f1a2f10a6	Bacteria	Actinobacteriota	Thermoleophilia	Solirubrobacterales	Solirubrobacteraceae	Conexibacter	Unclassified	0.736870113
6e89888af15cd0af166ac2ac724d0000	Bacteria	Actinobacteriota	Thermoleophilia	Solirubrobacterales	Solirubrobacteraceae	Solirubrobacter	uncultured_bacterium	0.798369284
bf8771e205224aa3526178935b0cab34	Bacteria	Actinobacteriota	Thermoleophilia	Solirubrobacterales	Solirubrobacteraceae	Solirubrobacter	uncultured_bacterium	0.833038444
c13540a942201c94cde7dae8dcce81a9	Bacteria	Actinobacteriota	Thermoleophilia	Solirubrobacterales	Solirubrobacteraceae	Solirubrobacter	uncultured_bacterium	0.778761718
823cb82f4db1320c086228222083999d	Bacteria	Actinobacteriota	Thermoleophilia	Solirubrobacterales	Solirubrobacteraceae	Unclassified	Unclassified	0.9788169
ad2d6687f58e66ad8aa05dc023c6436b	Bacteria	Actinobacteriota	Thermoleophilia	Solirubrobacterales	Solirubrobacteraceae	Unclassified	Unclassified	0.984458764
0958832a9ca91c6dc3192e479ce7cfc2	Bacteria	Actinobacteriota	Thermoleophilia	Solirubrobacterales	Solirubrobacteraceae	Unclassified	Unclassified	0.99195366
71dc5f094f1e8af325720511aba0ef12	Bacteria	Actinobacteriota	Thermoleophilia	Solirubrobacterales	Solirubrobacteraceae	Solirubrobacter	Unclassified	0.749286603
2fd8d4b87c971a95e139e3f4c9083283	Bacteria	Actinobacteriota	Thermoleophilia	Solirubrobacterales	Solirubrobacteraceae	Unclassified	Unclassified	0.966808836
87779a83e982840103e8e2c6fcb538d2	Bacteria	Entotheonellaeota	Entotheonellia	Entotheonellales	Entotheonellaceae	Entotheonellaceae	uncultured_bacterium	0.97998517
4d83609b6e74da11eb37d963164f9a09	Bacteria	Actinobacteriota	Thermoleophilia	Solirubrobacterales	NA	Unclassified	Unclassified	0.99926419
7d05edd02c78728ef20a6fd745dd6afc	Bacteria	Actinobacteriota	Thermoleophilia	Solirubrobacterales	67-14	67-14	Unclassified	0.74538535
ac39784bde76c37e739487497c7637a0	Bacteria	Actinobacteriota	Thermoleophilia	Solirubrobacterales	67-14	67-14	Unclassified	0.732677515
1f5e8d2361b6f5a66c0c31176a37b264	Bacteria	Acidobacteriota	Thermoanaerobaculia	Thermoanaerobaculales	Thermoanaerobaculaceae	Subgroup_10	uncultured_bacterium	0.715113213
a71c6b2c57f2c51967ae26dc47b84dab	Bacteria	Gemmatimonadota	Longimicrobia	Longimicrobiales	Longimicrobiaceae	YC-ZSS-LKJ147	uncultured_bacterium	0.849095843
b75dfe37e830c419703cbb6034b2a9b4	Bacteria	Gemmatimonadota	Longimicrobia	Longimicrobiales	Longimicrobiaceae	YC-ZSS-LKJ147	Unclassified	0.793967577
5179bd0fb7e5bfff0ac8355c5ba1a0cc	Bacteria	Actinobacteriota	Thermoleophilia	Solirubrobacterales	67-14	67-14	Unclassified	0.998136754
23422b184c786901c30c8f3c6b1d0e89	Bacteria	Actinobacteriota	Thermoleophilia	Solirubrobacterales	67-14	67-14	uncultured_Rubrobacteria	0.721912206
4446498a21dfe1975138293bcd295903	Bacteria	Actinobacteriota	Thermoleophilia	Solirubrobacterales	67-14	67-14	Unclassified	0.996658457
9c11e661021b828c05df2f7a71e74ae0	Bacteria	NA	NA	NA	NA	Unclassified	Unclassified	1
794543063774c73c5e6a88120f55d79f	Bacteria	Actinobacteriota	Rubrobacteria	Rubrobacterales	Rubrobacteriaceae	Rubrobacter	Unclassified	0.999287119
db3bca244c3f92cd75a59541c4412606	Bacteria	Actinobacteriota	Rubrobacteria	Rubrobacterales	Rubrobacteriaceae	Rubrobacter	uncultured_Actinomycetales	0.998295481
26fc7afa1ad6bdfed374e79c23f8b263	Bacteria	Actinobacteriota	Rubrobacteria	Rubrobacterales	Rubrobacteriaceae	Rubrobacter	Unclassified	0.999127801
fe4194f0967b41d9147ed966a8199615	Bacteria	Actinobacteriota	Thermoleophilia	Gaiellales	uncultured	Unclassified	Unclassified	0.977880851
f621cdabee2c29f0f10412bd61a72b7f	Bacteria	Actinobacteriota	Thermoleophilia	Gaiellales	Gaiellaceae	Gaiella	Unclassified	0.707358858
e0e407d1c9ba184b5d1d5dd77a3936d7	Bacteria	Actinobacteriota	Thermoleophilia	Gaiellales	Gaiellaceae	Gaiella	uncultured_Acidimicrobiia	0.98380405
aff09efa64590287a22c65d059536a9f	Bacteria	Actinobacteriota	Thermoleophilia	Gaiellales	Gaiellaceae	Gaiella	uncultured_Acidimicrobiia	0.793357021
16c7b0da907fdc0bfbaa56a4a747a9d6	Bacteria	Actinobacteriota	Thermoleophilia	Gaiellales	uncultured	Unclassified	Unclassified	0.953612165
fae7d3c861c9b2a0a259087594da312d	Bacteria	Actinobacteriota	Thermoleophilia	Gaiellales	uncultured	Unclassified	metagenome	0.990233333
0c271ecd41b88b7e5fb617dad6f790bd	Bacteria	Actinobacteriota	Thermoleophilia	Gaiellales	uncultured	Unclassified	Unclassified	0.981308857
9c2af3c0c330dd486ec1d65f843581d5	Bacteria	Actinobacteriota	Thermoleophilia	Gaiellales	uncultured	Unclassified	Unclassified	0.940867834
54fdf339c2d710c6be46a9eaecadeca4	Bacteria	Actinobacteriota	Thermoleophilia	Gaiellales	uncultured	Unclassified	Unclassified	0.938727734
13ee160fbd4531f9bf6c0cd3e85cf7ec	Bacteria	Actinobacteriota	Thermoleophilia	Gaiellales	uncultured	Unclassified	Unclassified	0.945687006
fdbbd7f7acea20df22470c53770011ec	Bacteria	Actinobacteriota	Thermoleophilia	Gaiellales	uncultured	Unclassified	Unclassified	0.705479926
c4860d20bb2859846c6ff95ce38c3994	Bacteria	Gemmatimonadota	Longimicrobia	Longimicrobiales	Longimicrobiaceae	Unclassified	Unclassified	0.917375923
271fffa53b35e04d71b0992350a40515	Bacteria	SAR324_clade(Marine_group_B)	SAR324_clade(Marine_group_B)	SAR324_clade(Marine_group_B)	SAR324_clade(Marine_group_B)	SAR324_clade(Marine_group_B)	Unclassified	0.926404239
2c97176a4a7a0daa86a8057d0ceccba2	Bacteria	Actinobacteriota	Thermoleophilia	Solirubrobacterales	67-14	67-14	Unclassified	0.99315095900000006
4e05b870f7cda8334fa92299482386b6	Bacteria	Bdellovibrionota	Oligoflexia	0319-6G20	0319-6G20	0319-6G20	Unclassified	0.951099015
f0101a516580259149b34c2b38f743fa	Bacteria	Bdellovibrionota	Oligoflexia	0319-6G20	0319-6G20	0319-6G20	Unclassified	0.953224524
d69b8522c0fc9650bba253ffeb33516f	Bacteria	Bdellovibrionota	Oligoflexia	0319-6G20	0319-6G20	0319-6G20	Unclassified	0.763778797
d98f3ddbf98547971622563ead319476	Bacteria	Bdellovibrionota	Oligoflexia	0319-6G20	0319-6G20	0319-6G20	Unclassified	0.999326457
d15b4dbe5645d0ee8a160499b7884d2d	Bacteria	Gemmatimonadota	Gemmatimonadetes	Gemmatimonadales	Gemmatimonadaceae	Unclassified	Unclassified	0.996569645
66f950e6a4ef14fdf7d92a1641cabf95	Bacteria	Gemmatimonadota	Gemmatimonadetes	Gemmatimonadales	Gemmatimonadaceae	Unclassified	metagenome	0.925909931
5c19e08b2e7cb5eec64c543a8298775b	Bacteria	Bdellovibrionota	Oligoflexia	0319-6G20	0319-6G20	0319-6G20	Unclassified	0.999960745
3185da2865c29eb33ca90be6402a1c47	Bacteria	Bdellovibrionota	Oligoflexia	0319-6G20	0319-6G20	0319-6G20	Unclassified	0.999902483
5767f04c804168bb241306e25c111d6c	Bacteria	Bdellovibrionota	Oligoflexia	0319-6G20	0319-6G20	0319-6G20	Unclassified	0.999849827
30373cb4d3d47051055afa97d4029c4e	Bacteria	Bdellovibrionota	Oligoflexia	0319-6G20	0319-6G20	0319-6G20	uncultured_bacterium	0.761020699
0472a980e8ec433dfd3ee9be78a036e1	Bacteria	Bdellovibrionota	Oligoflexia	0319-6G20	0319-6G20	0319-6G20	uncultured_bacterium	0.826252305
922d20e495628a0ac8a0f2ec35129d62	Bacteria	Gemmatimonadota	Gemmatimonadetes	Gemmatimonadales	Gemmatimonadaceae	Unclassified	Unclassified	0.948339573
d2e7b2eb5550242bca8bba0d07b00f11	Bacteria	Gemmatimonadota	Gemmatimonadetes	Gemmatimonadales	Gemmatimonadaceae	Unclassified	Unclassified	0.940980207
6754fa6a24a9c500b835d938aa3da533	Bacteria	Gemmatimonadota	Gemmatimonadetes	Gemmatimonadales	Gemmatimonadaceae	Unclassified	Unclassified	0.945886233
6b8572a574f121bf39054883795f244a	Bacteria	Gemmatimonadota	Gemmatimonadetes	Gemmatimonadales	Gemmatimonadaceae	Unclassified	Unclassified	0.90660429
dc3b94ed183d8cf7569bf0f17ed8047f	Bacteria	Gemmatimonadota	Gemmatimonadetes	Gemmatimonadales	Gemmatimonadaceae	Unclassified	Unclassified	0.826059992
82a302cac0056cb66de51662902ccafe	Bacteria	Firmicutes	Clostridia	Clostridiales	Clostridiaceae	Clostridium_sensu_stricto_8	uncultured_bacterium	0.83470457
6f0776b60b3c6fb83f69c65e4b8f48fc	Bacteria	Firmicutes	Clostridia	Clostridiales	Clostridiaceae	Clostridium_sensu_stricto_9	uncultured_bacterium	0.815657294
193232f53c6600a1f0df7f5e3ca785b3	Bacteria	Actinobacteriota	Thermoleophilia	Solirubrobacterales	67-14	67-14	Unclassified	0.998121692
7b820c8b72465f61e734f498607d6278	Bacteria	Actinobacteriota	Thermoleophilia	Solirubrobacterales	67-14	67-14	Unclassified	0.999716281
675f4d0a711d803d208db74357a3255f	Bacteria	Actinobacteriota	Thermoleophilia	Solirubrobacterales	67-14	67-14	Unclassified	0.999738204
b6782bd1075e68c625b50666a40d4fa0	Bacteria	Firmicutes	Clostridia	Clostridiales	Clostridiaceae	Clostridium_sensu_stricto_8	uncultured_bacterium	0.86263292
c0c6971991367738dcefbae35c9b02e1	Bacteria	Bdellovibrionota	Oligoflexia	0319-6G20	0319-6G20	0319-6G20	Unclassified	0.825706799
1f416cd359e29df7de054cfa2c9c5885	Bacteria	Bdellovibrionota	Oligoflexia	0319-6G20	0319-6G20	0319-6G20	Unclassified	0.946460439
cfba982458e7ea28b3dcae51006fe10e	Bacteria	Myxococcota	Myxococcia	Myxococcales	Myxococcaceae	P3OB-42	Unclassified	0.991032342
bc94a6fc80dd44d5190d5079d26e60be	Bacteria	Bdellovibrionota	Oligoflexia	0319-6G20	0319-6G20	0319-6G20	Unclassified	0.952108981
4f8ec6af625ddc1c21443bda02a9df97	Bacteria	Actinobacteriota	Thermoleophilia	Solirubrobacterales	67-14	67-14	Unclassified	0.871814686
4732323d2209db5a2efdc11baff0db77	Bacteria	Actinobacteriota	Thermoleophilia	Solirubrobacterales	67-14	67-14	Unclassified	0.713501676
da88cc427051d60727bd967ac0ea0946	Bacteria	Acidobacteriota	Thermoanaerobaculia	Thermoanaerobaculales	Thermoanaerobaculaceae	Subgroup_10	uncultured_bacterium	0.784580477
f7bff213899a2bb2a271441c093378e7	Bacteria	Bdellovibrionota	Bdellovibrionia	Bdellovibrionales	Bdellovibrionaceae	Bdellovibrio	uncultured_bacterium	0.774023836
64c08998d36492cca04f37ba2b54f1ab	Bacteria	Bdellovibrionota	Bdellovibrionia	Bdellovibrionales	Bdellovibrionaceae	Bdellovibrio	unidentified	0.999869769
d50b240c6450978b6495782373b597ee	Bacteria	Bdellovibrionota	Bdellovibrionia	Bdellovibrionales	Bdellovibrionaceae	Bdellovibrio	uncultured_bacterium	0.767194073
f0118fdcde6c81d80962a553a8f5a94b	Bacteria	Bdellovibrionota	Bdellovibrionia	Bdellovibrionales	Bdellovibrionaceae	Bdellovibrio	uncultured_bacterium	0.801017566
2c31d9bb8761e28bab4993c89dd76d33	Bacteria	Bdellovibrionota	Bdellovibrionia	Bdellovibrionales	Bdellovibrionaceae	Bdellovibrio	Unclassified	0.996378147
f2b278dc8a350b2d44820b3a7c64f9cd	Bacteria	Bdellovibrionota	Bdellovibrionia	Bdellovibrionales	Bdellovibrionaceae	Bdellovibrio	Unclassified	0.9988053
3281bd2e9fe9242f8abba2de0c0a3175	Bacteria	NA	NA	NA	NA	Unclassified	Unclassified	0.999998984
0eadc29085d2f9cb7dee846051526753	Bacteria	NA	NA	NA	NA	Unclassified	Unclassified	0.999998502
f5dc2f10a843b9c83cc5078c53f0c468	Bacteria	NA	NA	NA	NA	Unclassified	Unclassified	0.999998918
bb21b9c53f97b8056a114b88575e63aa	Bacteria	Proteobacteria	Alphaproteobacteria	Reyranellales	Reyranellaceae	Reyranella	Unclassified	0.999997875
5c1766b171dce85e002a048aaeca872d	Bacteria	Proteobacteria	Alphaproteobacteria	Reyranellales	Reyranellaceae	Reyranella	Unclassified	0.999997886
9d0ee545dfa42dc38abe5ebcbb608419	Bacteria	Proteobacteria	Alphaproteobacteria	Reyranellales	Reyranellaceae	Reyranella	Unclassified	0.999998931
a8db4ddbe94f925e3ece7f6ced3106e4	Bacteria	Proteobacteria	Alphaproteobacteria	Reyranellales	Reyranellaceae	Reyranella	Unclassified	0.999998398
5b2eb3cab24a4a45f2f6ee9b13f1b4fa	Bacteria	Proteobacteria	Alphaproteobacteria	Reyranellales	Reyranellaceae	Reyranella	Unclassified	0.99997831
355bc1ea9ddaae6ea3779b5f5f4201ff	Bacteria	Proteobacteria	Alphaproteobacteria	Reyranellales	Reyranellaceae	Reyranella	Unclassified	0.999983351
5d5ff8a43abfb79a3042f65b5a14f974	Bacteria	Proteobacteria	Alphaproteobacteria	Reyranellales	Reyranellaceae	Reyranella	Unclassified	0.999921691
8a23f193b1fddd91b7b6bdea9d9b9256	Bacteria	Proteobacteria	Alphaproteobacteria	Reyranellales	Reyranellaceae	Reyranella	Unclassified	0.999991511
eccbde03a1c25e2a85c05c0e077c5b00	Bacteria	Proteobacteria	Alphaproteobacteria	Reyranellales	Reyranellaceae	Reyranella	Unclassified	0.999998952
e9c618f03deac0f4bda97f48d373969f	Bacteria	Proteobacteria	Alphaproteobacteria	Reyranellales	Reyranellaceae	Reyranella	Unclassified	0.999993393
2b1ca57ccf2b5ee872aa7a5dfd64625c	Bacteria	Proteobacteria	Alphaproteobacteria	Reyranellales	Reyranellaceae	Reyranella	Unclassified	0.999966955
e4028671be9e1624f7424837aac07471	Bacteria	Proteobacteria	Alphaproteobacteria	Reyranellales	Reyranellaceae	Reyranella	Unclassified	0.999994552
8c5bbdfce73b1e48b927268b0c9f15f5	Bacteria	NA	NA	NA	NA	Unclassified	Unclassified	0.999999917
15a1681b1f5ea698efaec18b7e6969dd	Bacteria	Proteobacteria	Alphaproteobacteria	Rickettsiales	SM2D12	SM2D12	uncultured_bacterium	0.784555271
f50baaabbebf1c4dba3ab78de44b6852	Bacteria	Myxococcota	Polyangia	Polyangiales	Phaselicystidaceae	Phaselicystis	uncultured_bacterium	0.859021887
41165b7041b1df40633c5d88662f7bea	Bacteria	Proteobacteria	Alphaproteobacteria	Defluviicoccales	Defluviicoccaceae	Defluviicoccus	uncultured_bacterium	0.819878041
25694737f7af0a215537654840bd8212	Bacteria	Desulfobacterota	Desulfuromonadia	PB19	PB19	PB19	uncultured_Desulfuromonadales	0.999736726
4f037c7ca699a1d28ce5f5de22026a79	Bacteria	Desulfobacterota	Desulfuromonadia	PB19	PB19	PB19	uncultured_Desulfuromonadales	0.99973866
2d0c8f86889218f2943ca8b4324e9305	Bacteria	Proteobacteria	Alphaproteobacteria	Rhizobiales	Rhizobiales_Incertae_Sedis	Bauldia	Unclassified	0.994778056
b1b03a42bf636dfa4de09b3cc5010818	Bacteria	Proteobacteria	Alphaproteobacteria	Rhizobiales	Pleomorphomonadaceae	Chthonobacter	uncultured_bacterium	0.779005676
93074e8acc1386df6cf7cfa8f66357ab	Bacteria	Proteobacteria	Alphaproteobacteria	Rickettsiales	SM2D12	SM2D12	metagenome	0.88393458
65e7c2fc3fe6e35596ab117f241b4c5b	Bacteria	Myxococcota	Myxococcia	Myxococcales	Anaeromyxobacteraceae	Anaeromyxobacter	uncultured_bacterium	0.705929046
42df8a9d92530e62c80fa5f2285c9c16	Bacteria	Myxococcota	Polyangia	Polyangiales	Phaselicystidaceae	Phaselicystis	uncultured_delta	0.895790269
6d41475433bcf6b29818120729a76638	Bacteria	Myxococcota	Polyangia	Polyangiales	Phaselicystidaceae	Phaselicystis	uncultured_delta	0.889021742
643363ba0d8fd13d1cca46667e740d12	Bacteria	Myxococcota	Polyangia	Polyangiales	Polyangiaceae	Pajaroellobacter	bacterium_enrichment	0.825412219
c80a9070be5d261754c41e1a8d1709db	Bacteria	Myxococcota	Polyangia	Polyangiales	Polyangiaceae	Pajaroellobacter	Unclassified	0.947473607
ca44885062ee7d0e43a358feb23b304f	Bacteria	Myxococcota	Polyangia	Polyangiales	Polyangiaceae	Unclassified	Unclassified	0.999985324
37c8df03d94d7bf82ec39f8a9d903dbf	Bacteria	Actinobacteriota	Thermoleophilia	Gaiellales	uncultured	Unclassified	Unclassified	0.972422132
94e2681cd736071166ef7665384199a3	Bacteria	Actinobacteriota	Thermoleophilia	Gaiellales	uncultured	Unclassified	Unclassified	0.847205961
cb1606163318a48f1154186135be3589	Bacteria	Actinobacteriota	Thermoleophilia	Gaiellales	uncultured	Unclassified	Unclassified	0.717325508
03966004fce650be20104bec45f417d7	Bacteria	Actinobacteriota	Thermoleophilia	Gaiellales	uncultured	Unclassified	Unclassified	0.87878789
9db723b4915ac7edb2d51c2810cc0716	Bacteria	Actinobacteriota	Thermoleophilia	Gaiellales	uncultured	Unclassified	Unclassified	0.912300455
1cd784d6eaea62f24e63acf07c592241	Bacteria	Myxococcota	Polyangia	mle1-27	mle1-27	mle1-27	uncultured_Polyangiaceae	0.983193447
ce6121e728bce820ea65502d64474f93	Bacteria	Myxococcota	Polyangia	Polyangiales	Polyangiaceae	Pajaroellobacter	Unclassified	0.889347635
282a171343dc56b3d49f02215a7d9482	Bacteria	Myxococcota	Polyangia	Polyangiales	Polyangiaceae	Pajaroellobacter	uncultured_bacterium	0.91984848
a6346868b91afe4c5bba3d8637047955	Bacteria	Myxococcota	Polyangia	mle1-27	mle1-27	mle1-27	Myxococcales_bacterium	0.990240198
a138fff95fdef406e61e3b984258b61b	Bacteria	Myxococcota	Polyangia	mle1-27	mle1-27	mle1-27	Myxococcales_bacterium	0.937629725
47f6ae3856b50fc0ddb7e1f9ff091d74	Bacteria	Myxococcota	Polyangia	mle1-27	mle1-27	mle1-27	Myxococcales_bacterium	0.943114061
813f41ff9d944a5c6b085d21275fe182	Bacteria	Myxococcota	Polyangia	mle1-27	mle1-27	mle1-27	Unclassified	0.989235179
df9b766e2201e215c4915c6a75231a53	Bacteria	Myxococcota	Polyangia	Polyangiales	Phaselicystidaceae	Phaselicystis	Unclassified	0.923240119
d71a43ea1c511511f36adf840ddc4259	Bacteria	Myxococcota	Polyangia	Polyangiales	Phaselicystidaceae	Phaselicystis	Myxococcales_bacterium	0.999965116
cd5600bc8dc80c3b067263fed7668f4b	Bacteria	Myxococcota	Polyangia	Polyangiales	Polyangiaceae	Minicystis	Unclassified	0.984745077
efd3355d389a705e864f0f76b7f57c34	Bacteria	Myxococcota	Polyangia	Polyangiales	Polyangiaceae	Minicystis	Unclassified	0.838780725
0396c48708f575b636c75c596c4cd257	Bacteria	Myxococcota	Polyangia	Polyangiales	Sandaracinaceae	Sandaracinus	uncultured_bacterium	0.857057253
f1298a4ae004223250bb23ae3d1109cf	Bacteria	Myxococcota	Polyangia	Polyangiales	Phaselicystidaceae	Phaselicystis	Unclassified	0.997688296
9bb9b5e2fea93df218253549d4c732f8	Bacteria	Myxococcota	Polyangia	Polyangiales	Phaselicystidaceae	Phaselicystis	Unclassified	0.995402596
c5951ef334fcba1c5b7a91b0e8c9e624	Bacteria	Myxococcota	Polyangia	Polyangiales	Phaselicystidaceae	Phaselicystis	Unclassified	0.988260817
9f2bc9eba21fd23a4ccbab6610ae9c7e	Bacteria	Myxococcota	Polyangia	Polyangiales	Phaselicystidaceae	Phaselicystis	Unclassified	0.903994237
5e7ffba1e4bb6da01d3ffbecaf6baa12	Bacteria	Myxococcota	Polyangia	Polyangiales	Phaselicystidaceae	Phaselicystis	Unclassified	0.988650951
cdc91e46f9f3b6b3acf0cab123f33546	Bacteria	Myxococcota	Polyangia	Polyangiales	Phaselicystidaceae	Phaselicystis	Unclassified	0.996811909
157df4f738761142b02316354b8b99af	Bacteria	Myxococcota	Polyangia	Polyangiales	Polyangiaceae	Unclassified	Unclassified	0.985518913
d33ad33276003a2ac8d17fb042034b68	Bacteria	Myxococcota	Polyangia	Polyangiales	Polyangiaceae	Unclassified	Unclassified	0.998189068
bcba7cea49fa2d892541540057fcbb2d	Bacteria	Myxococcota	Polyangia	Polyangiales	NA	Unclassified	Unclassified	0.999817933
1bf83c8dbee938356498fa639324bf0a	Bacteria	Myxococcota	Polyangia	Polyangiales	Polyangiaceae	Minicystis	Unclassified	0.719736932
f73b72ca88643e71bbae938be6559d1a	Bacteria	Myxococcota	Polyangia	Polyangiales	Polyangiaceae	Unclassified	Unclassified	0.992681028
b850c8cb7ae11564505c18366370e624	Bacteria	Myxococcota	Polyangia	Polyangiales	Polyangiaceae	Unclassified	Unclassified	0.995836355
109918df68d3a6d4096b41cbfc0ad3f0	Bacteria	Myxococcota	Polyangia	Polyangiales	Polyangiaceae	Polyangium	Unclassified	0.713995926
bd276a93ae77f001b8f7afb01c2bc939	Bacteria	Myxococcota	Polyangia	Polyangiales	Polyangiaceae	Polyangium	Unclassified	0.703943859
10d5fb03d9ee8c0a8b4ede2245c1cc69	Bacteria	Myxococcota	Polyangia	Polyangiales	Polyangiaceae	Unclassified	Unclassified	0.865544721
bf9aa12e92aa9b71f11afa8bb9109f87	Bacteria	Myxococcota	Polyangia	Polyangiales	Phaselicystidaceae	Phaselicystis	Unclassified	0.954871492
866b4115fd66745299b0847604ed851b	Bacteria	Myxococcota	Polyangia	Polyangiales	Phaselicystidaceae	Phaselicystis	Unclassified	0.925079484
999a04c522080ca591343888e688f99d	Bacteria	Myxococcota	Polyangia	Polyangiales	Phaselicystidaceae	Phaselicystis	Unclassified	0.975536407
2a1a75f77dfef9e50bfaa0796d001cce	Bacteria	Myxococcota	Polyangia	Polyangiales	Phaselicystidaceae	Phaselicystis	Unclassified	0.982439379
36bbf885bc1570eb9a75b776d87e66f7	Bacteria	Myxococcota	Polyangia	Polyangiales	Polyangiaceae	Pajaroellobacter	Unclassified	0.989548827
4bd6fff33acb1530c27b8c413c82f7ff	Bacteria	Myxococcota	Polyangia	Polyangiales	Polyangiaceae	Pajaroellobacter	Unclassified	0.972488476
edaaf5db142aff6e67f15ead399ae16d	Bacteria	Myxococcota	Polyangia	Polyangiales	Polyangiaceae	Pajaroellobacter	Unclassified	0.971212735
39110249c6958140be10e18c4ca36d54	Bacteria	Myxococcota	Polyangia	Polyangiales	Polyangiaceae	Unclassified	Unclassified	0.999993896
d756c9d7241fedaf886fde23fb4482f4	Bacteria	Myxococcota	Polyangia	Polyangiales	Polyangiaceae	Pajaroellobacter	Unclassified	0.939843378
d388fb02fa3ac1bf83a06c62136c011c	Bacteria	Myxococcota	Polyangia	Polyangiales	Polyangiaceae	Pajaroellobacter	Unclassified	0.842501676
57c774426b3023601796d2663978e0e2	Bacteria	Myxococcota	Polyangia	Polyangiales	Polyangiaceae	Unclassified	Unclassified	0.999993843
12eeb64534964463046c841ee09f518a	Bacteria	Chloroflexi	TK10	TK10	TK10	TK10	uncultured_bacterium	0.924430807
a16ce91a4016eb8f4f24c5e5cf505e0f	Bacteria	Chloroflexi	TK10	TK10	TK10	TK10	uncultured_bacterium	0.923244635
f1fbf0ca602882f0a78b2a7ee2baeb25	Bacteria	Chloroflexi	TK10	TK10	TK10	TK10	uncultured_bacterium	0.950765619
60e013523710ba9f89c2a1f69d0de64e	Bacteria	Chloroflexi	TK10	TK10	TK10	TK10	uncultured_bacterium	0.940959398
3ce733683784b27bb351ebe6ade9c6db	Bacteria	Chloroflexi	TK10	TK10	TK10	TK10	uncultured_bacterium	0.943305296
cde355f7cde53fd7733c8668daa0cc5e	Bacteria	Myxococcota	Polyangia	Polyangiales	Phaselicystidaceae	Phaselicystis	Unclassified	0.99240312
0318efbd790d9e24901749cfb4d64411	Bacteria	Myxococcota	Polyangia	Polyangiales	Sandaracinaceae	Sandaracinus	uncultured_bacterium	0.739902342
97578d64950b7267a9f740093cb24680	Bacteria	Myxococcota	Polyangia	Polyangiales	Sandaracinaceae	Sandaracinus	Unclassified	0.99972333
10db1569e2776d1d62ebd799876c07a6	Bacteria	Myxococcota	Polyangia	Polyangiales	Sandaracinaceae	Sandaracinus	uncultured_bacterium	0.899027251
0ce4eb4fa55b704caed47810311439da	Bacteria	Myxococcota	Polyangia	Polyangiales	Sandaracinaceae	Sandaracinus	uncultured_bacterium	0.811055718
04475c73351d263a5a93557a8687e478	Bacteria	Myxococcota	Polyangia	Polyangiales	Sandaracinaceae	Sandaracinus	uncultured_bacterium	0.830567029
e0d2d8612ec2350f5daaac411623f9bb	Bacteria	Myxococcota	Polyangia	Polyangiales	Sandaracinaceae	Sandaracinus	Unclassified	0.999886517
15491e7909ee3fb78dd9fd0f22da6fa9	Bacteria	Myxococcota	Polyangia	Polyangiales	Sandaracinaceae	Sandaracinus	delta_proteobacterium	0.965464706
37fccedd991bf5b53f0a804fd0140558	Bacteria	Myxococcota	Polyangia	Polyangiales	Sandaracinaceae	Sandaracinus	Unclassified	0.998702416
21b7bb55076cbb216ddb9e4dd74d4bcd	Bacteria	Myxococcota	Polyangia	Polyangiales	Sandaracinaceae	Sandaracinus	uncultured_bacterium	0.867076243
b9fa2ef0817a97916233640c66d8e601	Bacteria	Actinobacteriota	Thermoleophilia	Gaiellales	Gaiellaceae	Gaiella	Unclassified	0.970677069
51291162c0ebb187beda06d912ce77bb	Bacteria	Actinobacteriota	Thermoleophilia	Gaiellales	Gaiellaceae	Gaiella	Unclassified	0.946219468
2986373fadf70b565a6c3ab8c038bff4	Bacteria	Actinobacteriota	Thermoleophilia	Gaiellales	Gaiellaceae	Gaiella	Unclassified	0.974514104
959923948814592e6ed6505e885162ff	Bacteria	Actinobacteriota	Thermoleophilia	Gaiellales	Gaiellaceae	Gaiella	Unclassified	0.988976578
eaf940b64fa587bd1ac4c05cc6450623	Bacteria	Actinobacteriota	Thermoleophilia	Gaiellales	uncultured	Unclassified	Unclassified	0.974757345
4e95b2714ddcfe166faef0574e015174	Bacteria	Actinobacteriota	Thermoleophilia	Gaiellales	Gaiellaceae	Gaiella	Unclassified	0.962148354
124503272c1dbf16c03e576820909c28	Bacteria	Actinobacteriota	Thermoleophilia	Gaiellales	Gaiellaceae	Gaiella	Unclassified	0.908999394
a4014701b1e9147acc2e3cf33022762b	Bacteria	Actinobacteriota	Thermoleophilia	Gaiellales	Gaiellaceae	Gaiella	Unclassified	0.824424225
6ce18119ba079cb6fa6bc0106dbe1ec6	Bacteria	Actinobacteriota	Thermoleophilia	Gaiellales	Gaiellaceae	Gaiella	Unclassified	0.729451168
e0bfbdd6b911d1eafcf874fadc3c3538	Bacteria	Actinobacteriota	Thermoleophilia	Gaiellales	Gaiellaceae	Gaiella	Unclassified	0.942199815
d12fbdec305883e4f65a8f5ea3036ff4	Bacteria	Actinobacteriota	Thermoleophilia	Gaiellales	Gaiellaceae	Gaiella	Unclassified	0.860699594
596f79d9c93f737158edd9be0073a557	Bacteria	Actinobacteriota	Thermoleophilia	Gaiellales	uncultured	Unclassified	Unclassified	0.9932161
d8dd6d81ead42c5836006fac1426fffb	Bacteria	Actinobacteriota	Thermoleophilia	Gaiellales	uncultured	Unclassified	Unclassified	0.986471816
7d509affc21b3dc3215a5fbd37a55c35	Bacteria	Actinobacteriota	Thermoleophilia	Gaiellales	uncultured	Unclassified	Unclassified	0.989663278
4129c8d4e44291895147e053d368b5bd	Bacteria	Actinobacteriota	Thermoleophilia	Gaiellales	uncultured	Unclassified	Unclassified	0.83092757
b4fb946cc896581f7164834c8ce288c3	Bacteria	Actinobacteriota	Thermoleophilia	Gaiellales	NA	Unclassified	Unclassified	0.999994273
427d6a21d8b366bddaee4f65cf8bb966	Bacteria	Actinobacteriota	Thermoleophilia	Gaiellales	uncultured	Unclassified	Unclassified	0.954969077
bc71421b7bcf08558b42cb2a008b2b0e	Bacteria	Actinobacteriota	Thermoleophilia	Gaiellales	uncultured	Unclassified	Unclassified	0.988980844
2cff059c4bdccfb812fa09feceb3b23d	Bacteria	Actinobacteriota	Thermoleophilia	Gaiellales	uncultured	Unclassified	Unclassified	0.859717275
cc9d3a59e1d6b30da1d8ead6fa72f7fc	Bacteria	Actinobacteriota	Thermoleophilia	Gaiellales	uncultured	Unclassified	Unclassified	0.921338487
af18818b09eca13bf2779cd62436edc0	Bacteria	Actinobacteriota	Thermoleophilia	Gaiellales	uncultured	Unclassified	Unclassified	0.910558428
3bfeded0ecb35116d3cdac0236ff2716	Bacteria	Actinobacteriota	Thermoleophilia	Gaiellales	uncultured	Unclassified	Unclassified	0.960163515
923824176c687da4d534a1c6298cb92f	Bacteria	Actinobacteriota	Thermoleophilia	Gaiellales	uncultured	Unclassified	Unclassified	0.965535414
73b3450997defd6eaf8be03b9f8cd135	Bacteria	Actinobacteriota	Thermoleophilia	Gaiellales	uncultured	Unclassified	Unclassified	0.965346039
bd7e1875dcfe3021145d6b898f7c6496	Bacteria	Actinobacteriota	Thermoleophilia	Gaiellales	uncultured	Unclassified	Unclassified	0.806829204
079a8f68140af2e903acf9834a8ee065	Bacteria	Actinobacteriota	Thermoleophilia	Gaiellales	uncultured	Unclassified	Unclassified	0.838342661
d0fddc9d19b7ff34d05ae0d99d4b4fa8	Bacteria	Actinobacteriota	Thermoleophilia	Gaiellales	uncultured	Unclassified	Unclassified	0.742357073
d177cacbf59dd4072d6e6da7c5fd8bbc	Bacteria	Actinobacteriota	Thermoleophilia	Gaiellales	uncultured	Unclassified	Unclassified	0.95208389
bbbed556fc3e06982ade0c4d6a227b32	Bacteria	Actinobacteriota	Thermoleophilia	Gaiellales	Gaiellaceae	Gaiella	uncultured_Rubrobacteria	0.771590074
0a57a888b4f2432bc80f4a70a9647dc0	Bacteria	Actinobacteriota	Thermoleophilia	Gaiellales	NA	Unclassified	Unclassified	0.999992409
c3c6d743f26232af23380832c1a968f8	Bacteria	Actinobacteriota	Thermoleophilia	Gaiellales	uncultured	Unclassified	Unclassified	0.910226262
2d4cde28d827bf32aa3c67d1e2967626	Bacteria	Actinobacteriota	Thermoleophilia	Gaiellales	uncultured	Unclassified	uncultured_prokaryote	0.81682271
6129d1c7be5328e658fa6a14054b411c	Bacteria	Actinobacteriota	Thermoleophilia	Gaiellales	uncultured	Unclassified	uncultured_prokaryote	0.808993191
d17a72ad59c31d7d4cf722913999722c	Bacteria	Actinobacteriota	Actinobacteria	Nitriliruptorales	Nitriliruptoraceae	Nitriliruptor	Unclassified	0.746977974
70a5b9efd4bb8e4d834a1126513e6359	Bacteria	Actinobacteriota	Actinobacteria	Nitriliruptorales	Nitriliruptoraceae	Unclassified	Unclassified	0.999651185
a8e98ebe4318ac5ca224dd36597d57ef	Bacteria	Actinobacteriota	Thermoleophilia	Gaiellales	Gaiellaceae	Gaiella	Unclassified	0.99416647
d80d6b2fc04b2e04b0ba851026270f56	Bacteria	Actinobacteriota	Thermoleophilia	Gaiellales	NA	Unclassified	Unclassified	0.999578651
ff1df238ad2f49afc0d876ba08e7d2fe	Bacteria	Actinobacteriota	Thermoleophilia	Gaiellales	Gaiellaceae	Gaiella	Unclassified	0.809269436
21a442637f55478cfa1c96afc36ce273	Bacteria	Actinobacteriota	Thermoleophilia	Gaiellales	Gaiellaceae	Gaiella	Unclassified	0.751856263
a980e443c6912984b465ac97e2672e41	Bacteria	Actinobacteriota	Thermoleophilia	Gaiellales	Gaiellaceae	Gaiella	Unclassified	0.724914291
50ab10a669eda06e699d5c155f035890	Bacteria	Actinobacteriota	Thermoleophilia	Gaiellales	Gaiellaceae	Gaiella	uncultured_bacterium	0.814562433
f68bc7989ec25d411a24ae5e6643bd2a	Bacteria	Actinobacteriota	Thermoleophilia	Gaiellales	NA	Unclassified	Unclassified	0.999902253
0c45f0f487d649f291ed832448fec649	Bacteria	Actinobacteriota	Thermoleophilia	Gaiellales	Gaiellaceae	Gaiella	Unclassified	0.987716026
732085fa027518f0634f8fbcf6ca8d75	Bacteria	Actinobacteriota	Thermoleophilia	Gaiellales	Gaiellaceae	Gaiella	Unclassified	0.981333887
bc823e4e5cdcbb2f3cbb06c30b18f904	Bacteria	Actinobacteriota	Thermoleophilia	Gaiellales	uncultured	Unclassified	Unclassified	0.969602689
d6fc10ece03b48d16c5a1c4cb66e6b81	Bacteria	Actinobacteriota	Thermoleophilia	Gaiellales	uncultured	Unclassified	Unclassified	0.977739624
1a4761a99f66baefddf55f81c65f53fd	Bacteria	Actinobacteriota	Thermoleophilia	Gaiellales	uncultured	Unclassified	Unclassified	0.983025835
022e741fe576e58150f44582c8cc3034	Bacteria	Actinobacteriota	Thermoleophilia	Gaiellales	Gaiellaceae	Gaiella	Unclassified	0.98782084
93263bfb5940aefee93c1d3853ff9a19	Bacteria	Actinobacteriota	Thermoleophilia	Gaiellales	NA	Unclassified	Unclassified	0.999684297
42fd174deef35a51cf8f0e748b59929c	Bacteria	Actinobacteriota	Thermoleophilia	Gaiellales	uncultured	Unclassified	uncultured_Conexibacter	0.802689501
fa01601b9ccc144ad1aef8540d0bba23	Bacteria	Actinobacteriota	Thermoleophilia	Gaiellales	uncultured	Unclassified	Unclassified	0.936938877
33d96310b5d96f76a13c91df77ac128d	Bacteria	Actinobacteriota	Actinobacteria	Euzebyales	Euzebyaceae	Unclassified	uncultured_bacterium	0.874270078
33f6c6ba73fab4241ed2fe67f0c65c11	Bacteria	Actinobacteriota	Actinobacteria	Euzebyales	Euzebyaceae	Unclassified	uncultured_bacterium	0.839813219
85b9c6add5b54ed3a893d80a58c7d72a	Bacteria	Actinobacteriota	Thermoleophilia	Gaiellales	uncultured	Unclassified	Unclassified	0.945651702
d4444355a28e84d520bdb58ccc70ec1b	Bacteria	Actinobacteriota	Thermoleophilia	Gaiellales	uncultured	Unclassified	Unclassified	0.969959053
a60ac755274177d4f9189c538e1fdab2	Bacteria	Myxococcota	Polyangia	mle1-27	mle1-27	mle1-27	Unclassified	0.985083533
806bce1775662c5c78f7bd9f3e169bbb	Bacteria	Myxococcota	Polyangia	mle1-27	mle1-27	mle1-27	Unclassified	0.987156336
a4a99998df57b57ccb94210fbb4cbe4f	Bacteria	Myxococcota	Polyangia	Polyangiales	Sandaracinaceae	Sandaracinus	uncultured_bacterium	0.774818116
2a0e66e22c3a8d682c1b15eec3674496	Bacteria	Myxococcota	Polyangia	Polyangiales	Sandaracinaceae	Sandaracinus	uncultured_soil	0.96726929
1c26108df6faa5e2b16004582f2e024f	Bacteria	Myxococcota	Polyangia	Polyangiales	Polyangiaceae	Unclassified	Unclassified	0.997362464
a3ba3fb82137508b21972ca15d10ab5b	Bacteria	Myxococcota	Polyangia	Polyangiales	Polyangiaceae	Unclassified	Unclassified	0.813046638
252ff5395a68039ab08788f217303e22	Bacteria	Actinobacteriota	Thermoleophilia	Solirubrobacterales	67-14	67-14	uncultured_Conexibacter	0.735444406
35ce4b3bcad6565e13eb851d84befef1	Bacteria	Actinobacteriota	Thermoleophilia	Solirubrobacterales	67-14	67-14	uncultured_soil	0.978161395
10badf67494ab536a21bd2b90201665a	Bacteria	Actinobacteriota	Thermoleophilia	Solirubrobacterales	67-14	67-14	uncultured_soil	0.792010658
4650823e3f69e1d344e0d01f24113c67	Bacteria	Actinobacteriota	Thermoleophilia	Solirubrobacterales	67-14	67-14	uncultured_soil	0.875545838
0110c46f73e401b074038a446bbbc92c	Bacteria	Actinobacteriota	Thermoleophilia	Solirubrobacterales	67-14	67-14	Unclassified	0.999095295
54c09c2af340f7aa1a679ce736e12fb8	Bacteria	Actinobacteriota	Thermoleophilia	Solirubrobacterales	67-14	67-14	uncultured_soil	0.847315715
81cc8aff89ca9749fc76e770e0b3f16d	Bacteria	Actinobacteriota	Thermoleophilia	Solirubrobacterales	67-14	67-14	uncultured_soil	0.873939878
5ccc4d6c02adbd7ef19e83fe33cd5e42	Bacteria	Bdellovibrionota	Oligoflexia	Oligoflexales	Oligoflexales	Oligoflexus	uncultured_bacterium	0.911487794
87671c6f7467d9da82565f7601cfddef	Bacteria	Planctomycetota	Phycisphaerae	Phycisphaerales	Phycisphaeraceae	SM1A02	metagenome	0.973037276
208d959b13eba677ad5100ceeb5bd5a9	Bacteria	Firmicutes	Bacilli	Paenibacillales	Paenibacillaceae	Paenibacillus	Unclassified	0.975810914
0dd41999681cdfbc38f1478f5993b0d8	Bacteria	Planctomycetota	Phycisphaerae	Phycisphaerales	Phycisphaeraceae	SM1A02	metagenome	0.959858853
92f37831a67d3c708e427e70f2082adf	Bacteria	Planctomycetota	Phycisphaerae	Phycisphaerales	Phycisphaeraceae	SM1A02	metagenome	0.967791707
852c985e0e66c19d0790c186f73def50	Bacteria	Planctomycetota	Phycisphaerae	Phycisphaerales	Phycisphaeraceae	SM1A02	metagenome	0.969065334
2e7c41a41384d02937831db238df2ee7	Bacteria	NA	NA	NA	NA	Unclassified	Unclassified	0.999998809
0e926f5702d6725dfa7b8b1b0a4f7e7b	Bacteria	Chloroflexi	Anaerolineae	Ardenticatenales	Ardenticatenaceae	Unclassified	unidentified_marine	0.937421468
95551b0584ad5da45a03e3f5cd5132b1	Bacteria	NA	NA	NA	NA	Unclassified	Unclassified	0.999999413
7c133a002c514ad01eb72a165d474d2b	Bacteria	Proteobacteria	Gammaproteobacteria	Pseudomonadales	Pseudomonadaceae	Pseudomonas	Unclassified	0.999692357
b2cae61c71957ac05700b3e8859bb92d	Bacteria	Proteobacteria	Gammaproteobacteria	Pseudomonadales	Pseudomonadaceae	Pseudomonas	Unclassified	0.998928489
b99e9603f42a6a5acf7defb8bcf75a41	Bacteria	Proteobacteria	Gammaproteobacteria	Pseudomonadales	Pseudomonadaceae	Pseudomonas	Unclassified	0.99955746
f1ae5186abe96e12c4e2039232ef6478	Bacteria	Proteobacteria	Gammaproteobacteria	Pseudomonadales	Pseudomonadaceae	Pseudomonas	Unclassified	0.999435647
c5832b87b652a80b87b95fb97d62ade0	Bacteria	Proteobacteria	Gammaproteobacteria	Pseudomonadales	Pseudomonadaceae	Pseudomonas	Unclassified	0.999628601
fef294c73176727ad24aea5387d69fe2	Bacteria	Proteobacteria	Gammaproteobacteria	Pseudomonadales	Pseudomonadaceae	Pseudomonas	Unclassified	0.999350735
ffb055d1fcbf4040731986ae9b7d0e75	Bacteria	Proteobacteria	Gammaproteobacteria	Pseudomonadales	Pseudomonadaceae	Pseudomonas	Unclassified	0.999826887
c1eb13de2eb718ea8058e94642ec4c2d	Bacteria	Proteobacteria	Gammaproteobacteria	Pseudomonadales	Pseudomonadaceae	Pseudomonas	Unclassified	0.999752235
e67eb78ac7c0fc6788f869e621fcc5eb	Bacteria	Proteobacteria	Gammaproteobacteria	Pseudomonadales	Moraxellaceae	Unclassified	metagenome	0.982236595
a785bd3297e9ef2c37570190f03aeb7e	Bacteria	Proteobacteria	Gammaproteobacteria	Pseudomonadales	Pseudomonadaceae	Pseudomonas	Unclassified	0.999040629
fcf3f14056a9599ec4eb92556ef898de	Bacteria	Proteobacteria	Gammaproteobacteria	Pseudomonadales	Pseudomonadaceae	Pseudomonas	Unclassified	0.998675397
dc41f4fc1537051b866e9abcf0ae5ba1	Bacteria	Proteobacteria	Gammaproteobacteria	NA	NA	Unclassified	Unclassified	0.99690481
07fc188e1c1f3b6350072d19e96ba3a2	Bacteria	Firmicutes	Bacilli	Bacillales	Bacillaceae	Bacillus	Unclassified	0.938426162
f645d12b562e3129f715095f93528625	Bacteria	Proteobacteria	Gammaproteobacteria	NA	NA	Unclassified	Unclassified	0.746845559
fa1ae48802a89d31a01929b4569c8193	Bacteria	Proteobacteria	NA	NA	NA	Unclassified	Unclassified	0.814212754
b6b6c71e85a5afeedfeeae2bb79c8cf9	Bacteria	Verrucomicrobiota	Verrucomicrobiae	Pedosphaerales	Pedosphaeraceae	Unclassified	Unclassified	0.876338709
e7a7c45847855742e0de0fa1cd69510a	Bacteria	NA	NA	NA	NA	Unclassified	Unclassified	0.999999946
db6c07096d9564d9b6023a54f97e1149	Bacteria	Myxococcota	bacteriap25	bacteriap25	bacteriap25	bacteriap25	Unclassified	0.830620856
34e24f63f664c93dc821c885a2d30063	Bacteria	Proteobacteria	Gammaproteobacteria	Pseudomonadales	Pseudomonadaceae	Pseudomonas	Unclassified	0.999579703
4f8ac5c68935137df1c168f84aa0dde7	Bacteria	Proteobacteria	Gammaproteobacteria	Pseudomonadales	Pseudomonadaceae	Pseudomonas	Unclassified	0.999013639
d4a07ea41543edf4e8033fffe959ea55	Bacteria	Proteobacteria	Gammaproteobacteria	Pseudomonadales	Pseudomonadaceae	Pseudomonas	Unclassified	0.998859121
bceb655d7d55f9e8a7df6e5c0c977663	Bacteria	Proteobacteria	Gammaproteobacteria	Pseudomonadales	Pseudomonadaceae	Pseudomonas	Unclassified	0.999476125
407a2afb4e4896e6bed33a3f9a89c525	Bacteria	Proteobacteria	Gammaproteobacteria	Pseudomonadales	Pseudomonadaceae	Pseudomonas	Unclassified	0.999452141
8bb520d59685445230a7efab133ef970	Bacteria	Proteobacteria	Gammaproteobacteria	Pseudomonadales	Pseudomonadaceae	Pseudomonas	Unclassified	0.998902702
d27f9c8757eabc4f7a1960f2a0b136cc	Bacteria	Proteobacteria	Gammaproteobacteria	Pseudomonadales	Pseudomonadaceae	Pseudomonas	Unclassified	0.998313549
68ebd7aa7f9d8248a229deda43322a7a	Bacteria	Proteobacteria	Gammaproteobacteria	Pseudomonadales	Pseudomonadaceae	Pseudomonas	Unclassified	0.998353921
47b23b8db606a1ff7ca32936fca87b4b	Bacteria	Proteobacteria	Gammaproteobacteria	Pseudomonadales	Pseudomonadaceae	Pseudomonas	Unclassified	0.998983927
7838317bf107adeab0380e4b502ebd69	Bacteria	Proteobacteria	Gammaproteobacteria	Pseudomonadales	Pseudomonadaceae	Pseudomonas	Unclassified	0.908189597
50b3d3d4198530efc69204d8522620a6	Bacteria	NA	NA	NA	NA	Unclassified	Unclassified	0.999999965
ab3e86c17bf42d9903947a1e4bab66f2	Bacteria	NA	NA	NA	NA	Unclassified	Unclassified	0.999999885
778e5e1e70b210a4278e46300c675904	Bacteria	Proteobacteria	Gammaproteobacteria	Pseudomonadales	Pseudomonadaceae	Pseudomonas	Unclassified	0.999549351
ca1d044011016cc7a435848e865fc12f	Bacteria	Proteobacteria	Gammaproteobacteria	Pseudomonadales	Pseudomonadaceae	Pseudomonas	Unclassified	0.999580275
466a259a7b481a407bf9595eb13d17af	Bacteria	Proteobacteria	Gammaproteobacteria	Oceanospirillales	Pseudohongiellaceae	BIyi10	Unclassified	0.737027913
c058aa13cb9ea3c58c41798bde67b280	Bacteria	Proteobacteria	Gammaproteobacteria	Pseudomonadales	Pseudomonadaceae	Pseudomonas	Unclassified	0.998105415
495282cda68200b9fd738a501c3e229a	Bacteria	Proteobacteria	Gammaproteobacteria	Oceanospirillales	Pseudohongiellaceae	BIyi10	Unclassified	0.970270775
f9a65294b0bf51ba2d3325c2c83fc667	Bacteria	Proteobacteria	Gammaproteobacteria	Oceanospirillales	Pseudohongiellaceae	BIyi10	Unclassified	0.913423511
a661ac3f7ef42ac550f1c2c533fdc0aa	Bacteria	Proteobacteria	Gammaproteobacteria	NA	NA	Unclassified	Unclassified	0.999996481
444be9ff3f3e82a073ab783877788b10	Bacteria	Proteobacteria	Gammaproteobacteria	NA	NA	Unclassified	Unclassified	0.999579187
bec9597a1d121067f0688d1aa40921ae	Bacteria	Proteobacteria	Gammaproteobacteria	Pseudomonadales	Pseudomonadaceae	Pseudomonas	Unclassified	0.999064529
518b62ab59620985396f2af67b41baf2	Bacteria	Proteobacteria	Gammaproteobacteria	Pseudomonadales	Pseudomonadaceae	Pseudomonas	Unclassified	0.999766062
d36f193eba6db863ed29722530f5b9f3	Bacteria	Proteobacteria	Gammaproteobacteria	Pseudomonadales	Pseudomonadaceae	Pseudomonas	Unclassified	0.999677907
5a875406cfbaef93169006d29a562a6c	Bacteria	Proteobacteria	Gammaproteobacteria	Pseudomonadales	Pseudomonadaceae	Pseudomonas	Unclassified	0.99963135
6ebb21fd7a436d3680622ab624d8afc0	Bacteria	Proteobacteria	Gammaproteobacteria	Pseudomonadales	Pseudomonadaceae	Pseudomonas	Unclassified	0.999660973
f8f425cb6e13663176d49a3007fe4854	Bacteria	Proteobacteria	Gammaproteobacteria	Alteromonadales	Idiomarinaceae	Aliidiomarina	Unclassified	0.730944626
f10f9d17e98509d1d863b45d73cc210a	Bacteria	Proteobacteria	Gammaproteobacteria	Alteromonadales	Idiomarinaceae	Unclassified	Unclassified	0.999145886
9901dc29934f033aa5e943ceb8b258b1	Bacteria	Proteobacteria	Gammaproteobacteria	Alteromonadales	Idiomarinaceae	Aliidiomarina	Unclassified	0.710395799
e86574f7927ce141cf80e89cd4ca13cc	Bacteria	Proteobacteria	Gammaproteobacteria	Alteromonadales	Idiomarinaceae	Aliidiomarina	Unclassified	0.742442163
11e75ef07401d440aa647cb76fbd2db1	Bacteria	Proteobacteria	Gammaproteobacteria	Alteromonadales	Idiomarinaceae	Unclassified	Unclassified	0.996214057
32eedff746fce21ce27d6c55d37b711d	Bacteria	Proteobacteria	Gammaproteobacteria	Alteromonadales	Idiomarinaceae	Aliidiomarina	Unclassified	0.730390141
6965fbc2fbe58456f123b813c980c2b3	Bacteria	Proteobacteria	Gammaproteobacteria	Oceanospirillales	Halomonadaceae	Kushneria	Unclassified	0.999996286
0d843e853ccf0fd033b785e4b8542dce	Bacteria	Proteobacteria	Gammaproteobacteria	Oceanospirillales	Halomonadaceae	Halomonas	Unclassified	0.999392759
76a353348a46d57c80bf095d372a2cfb	Bacteria	Proteobacteria	Gammaproteobacteria	Oceanospirillales	Halomonadaceae	Halomonas	Unclassified	0.995696357
4292b7748c3b1489a82d1f3dd8a21a77	Bacteria	Proteobacteria	Gammaproteobacteria	Oceanospirillales	Halomonadaceae	Halomonas	Halomonas_zhanjiangensis	0.836047458
891e5b55b0d64697abf408d0673b84c5	Bacteria	Proteobacteria	Gammaproteobacteria	Oceanospirillales	Halomonadaceae	Halomonas	Halomonas_zhanjiangensis	0.807741223
315aa64230fb5ac62d016b4c12ab6575	Bacteria	Proteobacteria	Gammaproteobacteria	Oceanospirillales	Halomonadaceae	Halomonas	Unclassified	0.999561945
4cb19d3eb91f7e4a13c475d64fdf71a5	Bacteria	Proteobacteria	Alphaproteobacteria	Sphingomonadales	Sphingomonadaceae	Unclassified	Unclassified	0.924528562
3996299dbf03b202603f57c799c0508f	Bacteria	Proteobacteria	Gammaproteobacteria	Pseudomonadales	Moraxellaceae	Permianibacter	uncultured_bacterium	0.998368064
f97d5bc067cb7f877229c7cfe757f4ab	Bacteria	Proteobacteria	Gammaproteobacteria	Pseudomonadales	Moraxellaceae	Permianibacter	uncultured_bacterium	0.994420461
c99c22bcea510e678de73291b54d8d12	Bacteria	Proteobacteria	Gammaproteobacteria	Pseudomonadales	Moraxellaceae	Unclassified	metagenome	0.991960213
3fdf0bb1cc820fed5efbdc3a8aac507c	Bacteria	Chloroflexi	Anaerolineae	Ardenticatenales	Ardenticatenaceae	Unclassified	Unclassified	0.956009898
483033db3d3b8bf08927aa4da06e8d01	Bacteria	Proteobacteria	Gammaproteobacteria	Pseudomonadales	Moraxellaceae	Unclassified	Unclassified	0.778867459
c4cd66e2e8f7373d2473a841d9ba3a2a	Bacteria	Proteobacteria	Gammaproteobacteria	Pseudomonadales	Moraxellaceae	Unclassified	uncultured_gamma	0.757253201
a2e90b75f3c90ad3a8178e8b1ec7df0a	Bacteria	Proteobacteria	Gammaproteobacteria	Pseudomonadales	Pseudomonadaceae	Pseudomonas	Unclassified	0.996481753
c637092b62c89503a9f15bcacd6f79f4	Bacteria	Proteobacteria	Gammaproteobacteria	Pseudomonadales	Pseudomonadaceae	Pseudomonas	Unclassified	0.99573233
f9b2a5f78e0b7ff8fa7e381a5d686a60	Bacteria	Proteobacteria	Gammaproteobacteria	Oceanospirillales	Pseudohongiellaceae	BIyi10	uncultured_bacterium	0.806800901
0bc21f49d4701b4041c80b162e399cb1	Bacteria	Proteobacteria	Gammaproteobacteria	Oceanospirillales	Halomonadaceae	Halomonas	Halomonas_desiderata	0.877152162
c012e8bde559b08d7f6fd91deb0affc1	Bacteria	Proteobacteria	Gammaproteobacteria	Oceanospirillales	Halomonadaceae	Halomonas	Halomonas_nitritophilus	0.816320214
8fc6e9f476cb4e82a6af660315b33fc9	Bacteria	Proteobacteria	Gammaproteobacteria	Oceanospirillales	Halomonadaceae	Halomonas	Halomonas_nitritophilus	0.720578477
d05c3985ef2ee907e898a7be1abb386b	Bacteria	Proteobacteria	Gammaproteobacteria	Pseudomonadales	Pseudomonadaceae	Pseudomonas	Unclassified	0.981813709
2c73dbdc1922bf4d6c66c3bda10fe2b0	Bacteria	Proteobacteria	NA	NA	NA	Unclassified	Unclassified	0.986837188
6c8f4dd83ff849185c0795aa2c180e6c	Bacteria	Proteobacteria	Gammaproteobacteria	NA	NA	Unclassified	Unclassified	0.991587596
9a8612766219ae3df4b21e6e690eb409	Bacteria	Chloroflexi	Chloroflexia	Chloroflexales	Chloroflexaceae	FFCH7168	uncultured_bacterium	0.996819316
19fee605250a182572f782c6f13330fd	Bacteria	Chloroflexi	Chloroflexia	Chloroflexales	Chloroflexaceae	FFCH7168	uncultured_bacterium	0.998378969
a99866e8f6a5b1b3402b5a16047c94b2	Bacteria	Chloroflexi	Chloroflexia	Chloroflexales	Chloroflexaceae	FFCH7168	uncultured_bacterium	0.99749324
c3b2646223d0ce3e78e173902402af8a	Bacteria	Chloroflexi	Chloroflexia	Chloroflexales	Chloroflexaceae	FFCH7168	uncultured_bacterium	0.997781744
b0c5d89ee147fb1dc9cfa6b218c7b466	Bacteria	Chloroflexi	Chloroflexia	Chloroflexales	Chloroflexaceae	FFCH7168	uncultured_bacterium	0.997051774
e328b1f5661f0b0e664ed893f8b814de	Bacteria	Chloroflexi	Chloroflexia	Chloroflexales	Chloroflexaceae	FFCH7168	uncultured_bacterium	0.998083375
4c3390861e023de80256e5c4fd54329c	Bacteria	Chloroflexi	Chloroflexia	Chloroflexales	Chloroflexaceae	FFCH7168	uncultured_bacterium	0.998711504
2f3be0c68af247d62f61e91d13a536ef	Bacteria	Chloroflexi	Chloroflexia	Chloroflexales	Chloroflexaceae	FFCH7168	uncultured_bacterium	0.998216459
7211a283efd956c95777ec2d76d2cc9d	Bacteria	Chloroflexi	Chloroflexia	Chloroflexales	NA	Unclassified	Unclassified	0.875160266
bedc4ac3af22cf199a79d5c5bf67dcdb	Bacteria	Proteobacteria	Gammaproteobacteria	Enterobacterales	Erwiniaceae	Pantoea	Pantoea_eucrina	0.802834653
ad56de2bacb4ed67601bfffac2dff088	Bacteria	Proteobacteria	Gammaproteobacteria	Enterobacterales	Enterobacteriaceae	Unclassified	Unclassified	0.832091257
b0acecd57b0bd595cff60d3aabd2da16	Bacteria	Proteobacteria	Gammaproteobacteria	Enterobacterales	Enterobacteriaceae	Unclassified	Unclassified	0.91758634
ba911d3a61f4fe428b3f7cbfce592458	Bacteria	Proteobacteria	Gammaproteobacteria	Enterobacterales	Erwiniaceae	Unclassified	Unclassified	0.902079257
784aba18e198161df14ee49593c0c285	Bacteria	NA	NA	NA	NA	Unclassified	Unclassified	0.999999637
1decddaa749b2d07bb61ca7b449300ec	Bacteria	Proteobacteria	Gammaproteobacteria	Enterobacterales	Enterobacteriaceae	Unclassified	Unclassified	0.943120947
d89795fc142345373b8c7d9c0512f690	Bacteria	Proteobacteria	Gammaproteobacteria	Enterobacterales	Enterobacteriaceae	Unclassified	Unclassified	0.947698086
08baa2a7e7ee8c078e66938ebf88a7bb	Bacteria	Proteobacteria	Gammaproteobacteria	Enterobacterales	Enterobacteriaceae	Unclassified	Unclassified	0.824412942
f5b251e60d6842c97aa09f1af3d9f67d	Bacteria	Proteobacteria	Gammaproteobacteria	Enterobacterales	Enterobacteriaceae	Enterobacter	Unclassified	0.730141807
176ce4a5d7a3ca4fa8da8821b09435c4	Bacteria	Proteobacteria	Gammaproteobacteria	Enterobacterales	Enterobacteriaceae	Unclassified	Unclassified	0.953768866
e5d2e45a4b46a0e039434783db54b697	Bacteria	Proteobacteria	Gammaproteobacteria	Enterobacterales	Enterobacteriaceae	Unclassified	Unclassified	0.911660676
365358c40143e688ded8de6b4ee4d66e	Bacteria	Proteobacteria	Gammaproteobacteria	Enterobacterales	Enterobacteriaceae	Unclassified	Unclassified	0.890419098
e1787790ba9d5d845bb9f9261024e559	Bacteria	Proteobacteria	Gammaproteobacteria	Enterobacterales	Erwiniaceae	Erwinia	Unclassified	0.852067468
7cf06f6bcbe8321f26318cd4b04bb611	Bacteria	Proteobacteria	Gammaproteobacteria	Enterobacterales	Erwiniaceae	Erwinia	Unclassified	0.861938281
f15c122bfa2b3aee2465121e8faa0155	Bacteria	Proteobacteria	Gammaproteobacteria	Enterobacterales	Erwiniaceae	Unclassified	Unclassified	0.820946341
9430155b58de900c0ce22b22f0f3c4a7	Bacteria	Proteobacteria	Gammaproteobacteria	Enterobacterales	Erwiniaceae	Unclassified	Unclassified	0.857164488
a36059428d1bfa8d512661d930e9cd64	Bacteria	Proteobacteria	Gammaproteobacteria	Enterobacterales	Enterobacteriaceae	Unclassified	Unclassified	0.985438191
0620811787202ad29196ecd02f2c89cf	Bacteria	Proteobacteria	Gammaproteobacteria	Enterobacterales	NA	Unclassified	Unclassified	0.999604073
4fd6e00e5c8fb200d0c4a986455298de	Bacteria	Proteobacteria	Gammaproteobacteria	Enterobacterales	Enterobacteriaceae	Unclassified	Unclassified	0.986642681
b1368eb2e23de35b317fecf7d6a2b824	Bacteria	Proteobacteria	Gammaproteobacteria	Enterobacterales	Enterobacteriaceae	Escherichia-Shigella	Unclassified	0.839266283
ada5bf4d1cf911de37c9112ff76f9f75	Bacteria	Proteobacteria	Gammaproteobacteria	Enterobacterales	Enterobacteriaceae	Escherichia-Shigella	Unclassified	0.837131374
c7d0787b9d9f171f362c6d97d649927c	Bacteria	Acidobacteriota	Thermoanaerobaculia	Thermoanaerobaculales	Thermoanaerobaculaceae	Subgroup_10	Holophaga_sp.	0.731320017
a2a4fc447ca89139d3e6c99a55d14a40	Bacteria	Proteobacteria	Gammaproteobacteria	NA	NA	Unclassified	Unclassified	0.995143252
e79b37ae3f476bf98494e19ad797acca	Bacteria	Proteobacteria	Gammaproteobacteria	Enterobacterales	Erwiniaceae	Unclassified	Unclassified	0.778604453
4b2eb302c80437d6dd00b1749098ee09	Bacteria	Proteobacteria	Gammaproteobacteria	Enterobacterales	Erwiniaceae	Pantoea	Unclassified	0.831671455
6dbfa66d949c5a3ae289025766282e28	Bacteria	Proteobacteria	Gammaproteobacteria	Enterobacterales	Erwiniaceae	Pantoea	Unclassified	0.789928723
e702c613089d191aa02b734b31e0f446	Bacteria	Proteobacteria	Gammaproteobacteria	Enterobacterales	Erwiniaceae	Pantoea	Unclassified	0.737816615
83d89b5a7db6ed3e86c8b866b788701e	Bacteria	Proteobacteria	Gammaproteobacteria	Enterobacterales	Erwiniaceae	Unclassified	Unclassified	0.795023866
bdea67cbb993faa2044aa8ac85195335	Bacteria	Proteobacteria	Gammaproteobacteria	Enterobacterales	Enterobacteriaceae	Unclassified	Unclassified	0.845804506
5addf6e34d0832c8e6f6f19bfe60ae6a	Bacteria	Proteobacteria	Gammaproteobacteria	Enterobacterales	NA	Unclassified	Unclassified	0.999997188
4dfe7c241eecdbe1a4f0c8bfc70cfc69	Bacteria	Proteobacteria	Gammaproteobacteria	Enterobacterales	Erwiniaceae	Unclassified	Unclassified	0.798023789
034bd3bcb9aa3e67fd9db674e6cba044	Bacteria	Proteobacteria	Gammaproteobacteria	Enterobacterales	NA	Unclassified	Unclassified	0.999614253
01cd1cdfd2020dcbaf573c407f58734c	Bacteria	Proteobacteria	Gammaproteobacteria	Enterobacterales	Erwiniaceae	Pantoea	Unclassified	0.736225075
d6f947801cca68f8235a36a1f67b8b40	Bacteria	Proteobacteria	Gammaproteobacteria	Enterobacterales	Enterobacteriaceae	Unclassified	Unclassified	0.724231863
19fe2689b30b33a7bc2bfbce23e7c8cd	Bacteria	Proteobacteria	Gammaproteobacteria	Enterobacterales	Erwiniaceae	Pantoea	Unclassified	0.717603241
7feaaa7841a10631752532832c6c8806	Bacteria	Proteobacteria	Gammaproteobacteria	Enterobacterales	Erwiniaceae	Pantoea	Unclassified	0.817037082
64459cffe432f946788615480651a42f	Bacteria	Proteobacteria	Gammaproteobacteria	Aeromonadales	Aeromonadaceae	Aeromonas	Unclassified	0.999993683
c7a565436fdcccdb2e14f81af2562210	Bacteria	Proteobacteria	Gammaproteobacteria	Aeromonadales	Aeromonadaceae	Aeromonas	Unclassified	0.999981637
c308544f39f41c1332d4a5931a270f58	Bacteria	Proteobacteria	Gammaproteobacteria	Aeromonadales	Aeromonadaceae	Aeromonas	Unclassified	0.99999733
0aa3ce8b276a987078723e80e4b2ffcb	Bacteria	Proteobacteria	Gammaproteobacteria	Enterobacterales	Enterobacteriaceae	Unclassified	Unclassified	0.953712136
67b3a5455f0bfa717da852704b23521b	Bacteria	Proteobacteria	Gammaproteobacteria	Cellvibrionales	NA	Unclassified	Unclassified	0.745482747
cf259606c8249795e25a0c940faf208a	Bacteria	Proteobacteria	Gammaproteobacteria	Cellvibrionales	Cellvibrionaceae	Cellvibrio	Unclassified	0.993800726
6b43f1cbacef51ff20e39a65cbccdb99	Bacteria	Proteobacteria	Gammaproteobacteria	Cellvibrionales	Cellvibrionaceae	Cellvibrio	Unclassified	0.995750246
d0f94b2715644cc1704e477597bf21a7	Bacteria	Proteobacteria	Gammaproteobacteria	Cellvibrionales	Cellvibrionaceae	Cellvibrio	Unclassified	0.989990962
c6ae115ee8a1b193fc369412d0c9c119	Bacteria	Proteobacteria	Gammaproteobacteria	Cellvibrionales	Cellvibrionaceae	Cellvibrio	Unclassified	0.997453092
e65a7d43e67f3f93397989676d44ae75	Bacteria	Proteobacteria	Gammaproteobacteria	Cellvibrionales	Cellvibrionaceae	Cellvibrio	Unclassified	0.986212568
0375f2aa0cdcbc1f5987ef27b48cff17	Bacteria	Proteobacteria	Gammaproteobacteria	Cellvibrionales	Cellvibrionaceae	Cellvibrio	Unclassified	0.972473354
d95776085909ea50d2fced7be6677e2f	Bacteria	Proteobacteria	Gammaproteobacteria	Cellvibrionales	Cellvibrionaceae	Cellvibrio	Unclassified	0.988317572
4fe5c1ca0f40ca51a3329847eadf56e7	Bacteria	Proteobacteria	Gammaproteobacteria	Alteromonadales	Alteromonadaceae	Rheinheimera	Unclassified	0.939317297
a8a925b4a67dc64b5f8106af011ad1ab	Bacteria	Proteobacteria	Gammaproteobacteria	Alteromonadales	Alteromonadaceae	Rheinheimera	Unclassified	0.995495953
ed48f74b115a0613f4d11b139ca511ab	Bacteria	Proteobacteria	Gammaproteobacteria	Alteromonadales	Alteromonadaceae	Rheinheimera	Unclassified	0.998215189
3cf2ae95ae9172f90f8e97f3e95064fb	Bacteria	Proteobacteria	Gammaproteobacteria	Enterobacterales	Enterobacteriaceae	Unclassified	Unclassified	0.978195495
8d8e6c6124e009b524ba4e0b09c153e9	Bacteria	Proteobacteria	Gammaproteobacteria	Enterobacterales	Enterobacteriaceae	Unclassified	Unclassified	0.960382695
e3a7aae696b3e9158702b36e360ba79b	Bacteria	Proteobacteria	Gammaproteobacteria	Enterobacterales	Enterobacteriaceae	Unclassified	Unclassified	0.957388907
80aae6ee75e257a6ba3ceb1cb8f64495	Bacteria	Proteobacteria	Alphaproteobacteria	Rhodospirillales	uncultured	Unclassified	Unclassified	0.984364273
e443dd27200c2ebb2f7d2a23a66950de	Bacteria	Proteobacteria	Alphaproteobacteria	Rhodospirillales	uncultured	Unclassified	Unclassified	0.974669067
e892e131cf817c9714787f336c468bbd	Bacteria	Proteobacteria	Alphaproteobacteria	Rhodospirillales	uncultured	Unclassified	uncultured_bacterium	0.742799217
1bc2d59715b5084821de6d448e27fefc	Bacteria	Proteobacteria	Alphaproteobacteria	NA	NA	Unclassified	Unclassified	0.99828253
770e9a6f51bd0102f0afb9c099096415	Bacteria	Proteobacteria	Alphaproteobacteria	Ferrovibrionales	Ferrovibrionaceae	Ferrovibrio	Unclassified	0.99848314
59931ebbfa7da0cd049d9e6829e9af33	Bacteria	Proteobacteria	Alphaproteobacteria	Acetobacterales	Acetobacteraceae	Roseomonas	Unclassified	0.999351176
43a6d8194ae9c34ac9f84a37ef34ce43	Bacteria	Proteobacteria	Alphaproteobacteria	Acetobacterales	Acetobacteraceae	Roseomonas	Unclassified	0.784783044
a9923ad9af3d3811b6bde7bfa392d84a	Bacteria	Proteobacteria	Alphaproteobacteria	Acetobacterales	Acetobacteraceae	Roseomonas	unidentified	0.845703569
d67f517ae590da480ecc716da9f8e6ea	Bacteria	Proteobacteria	Alphaproteobacteria	Acetobacterales	Acetobacteraceae	Unclassified	Unclassified	0.81796158
608e7a49fa8acb9b3dcd4d000dd1d54c	Bacteria	Proteobacteria	Alphaproteobacteria	Acetobacterales	Acetobacteraceae	Roseomonas	Unclassified	0.982139401
cb430b2aea5640f5b35e1ee31347d656	Bacteria	Proteobacteria	Alphaproteobacteria	Acetobacterales	Acetobacteraceae	Roseomonas	Roseomonas_vinacea	0.947381788
926c5b4cbca040119fd131914616840c	Bacteria	Proteobacteria	Alphaproteobacteria	Acetobacterales	Acetobacteraceae	Roseomonas	Unclassified	0.986881064
c772a257c162354525121f77f867177a	Bacteria	Proteobacteria	Alphaproteobacteria	Acetobacterales	Acetobacteraceae	Roseomonas	Unclassified	0.990566557
13afb6641ed695c07e7be1839784a85f	Bacteria	Proteobacteria	Alphaproteobacteria	Acetobacterales	Acetobacteraceae	Unclassified	Unclassified	0.99932696
745ddfe7dfa2cf531c6042d4b5923cb2	Bacteria	Proteobacteria	Alphaproteobacteria	Acetobacterales	Acetobacteraceae	Roseomonas	Unclassified	0.897286976
94ed28a2f02c4224e321f6980c53835b	Bacteria	Proteobacteria	Alphaproteobacteria	Acetobacterales	Acetobacteraceae	Roseomonas	Unclassified	0.99778293
a6cc866e4b25264523ebcef3f00cb3df	Bacteria	Proteobacteria	Alphaproteobacteria	Acetobacterales	Acetobacteraceae	Belnapia	Unclassified	0.863797937
56c78cd035c708e6bcd03af01b7b7750	Bacteria	Proteobacteria	Alphaproteobacteria	Acetobacterales	Acetobacteraceae	Roseomonas	Unclassified	0.959919851
d5762782a493c4f49a054488ab49cf9b	Bacteria	Proteobacteria	Alphaproteobacteria	Acetobacterales	Acetobacteraceae	Craurococcus-Caldovatus	Unclassified	0.999704814
b4cd41d593fa95e6c837106b8cde2302	Bacteria	Chloroflexi	Chloroflexia	Kallotenuales	AKIW781	AKIW781	uncultured_bacterium	0.926518182
653819eb082b3e01ab33cd271de7909f	Bacteria	Chloroflexi	Chloroflexia	Kallotenuales	AKIW781	AKIW781	uncultured_Chloroflexi	0.790370974
a691d9904def6a0ee41f279fcf54032c	Bacteria	Chloroflexi	Chloroflexia	Kallotenuales	AKIW781	AKIW781	uncultured_Kouleothrix	0.779831659
8761a8c6a708438e893aa276891285a8	Bacteria	Chloroflexi	Chloroflexia	Kallotenuales	AKIW781	AKIW781	uncultured_bacterium	0.803243094
47ef8351490e96f2ebfec11d81a5c9b2	Bacteria	Proteobacteria	Alphaproteobacteria	Ferrovibrionales	Ferrovibrionaceae	Ferrovibrio	uncultured_bacterium	0.701124574
507daaa8b6ea6fe083323bffbf589983	Bacteria	Proteobacteria	Alphaproteobacteria	Ferrovibrionales	Ferrovibrionaceae	Ferrovibrio	Unclassified	0.998581896
ab936caa10920baf5876c6d65ad9057f	Bacteria	Proteobacteria	Alphaproteobacteria	Ferrovibrionales	Ferrovibrionaceae	Ferrovibrio	Unclassified	0.993343699
d5c2aaa7ae5ab6e1d7a41b035db66607	Bacteria	Proteobacteria	Alphaproteobacteria	Ferrovibrionales	Ferrovibrionaceae	Ferrovibrio	Unclassified	0.999160688
8548db0317b99083cd3fdef50ecfe01d	Bacteria	Proteobacteria	Alphaproteobacteria	Ferrovibrionales	Ferrovibrionaceae	Ferrovibrio	Unclassified	0.995231776
0dd2b0d6a72fec5e5b272bff28f8c014	Bacteria	Proteobacteria	Alphaproteobacteria	Ferrovibrionales	Ferrovibrionaceae	Ferrovibrio	Unclassified	0.998982483
750112c9caee052ed4a44f218610d48b	Bacteria	Proteobacteria	Alphaproteobacteria	Ferrovibrionales	Ferrovibrionaceae	Ferrovibrio	Unclassified	0.986255245
11a457d2643f05f322395cafa1e05c2b	Bacteria	Proteobacteria	Alphaproteobacteria	Ferrovibrionales	Ferrovibrionaceae	Ferrovibrio	uncultured_bacterium	0.890145187
c688dcdcb4e69a2fb0dec1f5f6e487b6	Bacteria	Proteobacteria	Alphaproteobacteria	Ferrovibrionales	Ferrovibrionaceae	Ferrovibrio	Unclassified	0.998561597
03e2f7b079ab850e1ae950da97b94113	Bacteria	Proteobacteria	Alphaproteobacteria	Elsterales	uncultured	Unclassified	Unclassified	0.99778114
ad3d96b8a23b00401767461ef1203c97	Bacteria	Proteobacteria	Alphaproteobacteria	Azospirillales	Inquilinaceae	Inquilinus	Inquilinus_sp.	0.751709961
cb3ba06f8753a428b6ac95dd54494f24	Bacteria	Proteobacteria	Alphaproteobacteria	Micavibrionales	uncultured	Unclassified	uncultured_bacterium	0.966559659
81402594d2481814bb241a8485b8c8b3	Bacteria	Proteobacteria	Alphaproteobacteria	Micavibrionales	uncultured	Unclassified	uncultured_bacterium	0.8354208
db6302f5f48385f9357d812983e25f10	Bacteria	Proteobacteria	Alphaproteobacteria	Micavibrionales	uncultured	Unclassified	uncultured_bacterium	0.871424857
483fe44e5c7c4a3d0512e5595040bb9b	Bacteria	Proteobacteria	Alphaproteobacteria	Micavibrionales	uncultured	Unclassified	uncultured_bacterium	0.915723055
77320dd96e49cf9a86a9f0e2273621a2	Bacteria	Proteobacteria	Alphaproteobacteria	Micavibrionales	uncultured	Unclassified	uncultured_bacterium	0.73729774
ca65067393e9fd0c3142e4fac1c31509	Bacteria	Proteobacteria	Alphaproteobacteria	Micavibrionales	uncultured	Unclassified	Unclassified	0.989310834
224f00d26f60e8c50512bc67613c1671	Bacteria	Proteobacteria	Alphaproteobacteria	Micavibrionales	uncultured	Unclassified	Unclassified	0.962941866
aabd4393895408fe66900f4026a545fc	Bacteria	Proteobacteria	Alphaproteobacteria	Micavibrionales	uncultured	Unclassified	uncultured_bacterium	0.82166514
25029f539ac11f44f1d19cae828ee529	Bacteria	Chloroflexi	Anaerolineae	Ardenticatenales	Ardenticatenaceae	Unclassified	Unclassified	0.976109512
c2dc18d3b95c77dcd2ac6e3b240eb88b	Bacteria	Chloroflexi	Anaerolineae	Ardenticatenales	Ardenticatenaceae	Unclassified	unidentified_marine	0.980496341
681ca8b89cd6cf9710cf1ad7e6049239	Bacteria	Chloroflexi	Anaerolineae	Ardenticatenales	Ardenticatenaceae	Unclassified	unidentified_marine	0.95787959
a4e981e9e10d24fe3cbd5610e037abb5	Bacteria	Chloroflexi	Anaerolineae	Ardenticatenales	Ardenticatenaceae	Unclassified	unidentified_marine	0.960773334
47506e2d0e229ce9edd9dae4bd48b71c	Bacteria	Chloroflexi	Anaerolineae	Ardenticatenales	Ardenticatenaceae	Unclassified	uncultured_Chloroflexus	0.760719127
d3d05dc3d6d67645b041cf9be7c92107	Bacteria	NA	NA	NA	NA	Unclassified	Unclassified	0.999996873
b281b4b5929c965dc25904daac8e6344	Bacteria	Chloroflexi	Anaerolineae	Ardenticatenales	Ardenticatenaceae	Unclassified	uncultured_Chloroflexus	0.715218483
c711995ec493cc8a19b270c4293f9a53	Bacteria	Chloroflexi	Anaerolineae	Ardenticatenales	Ardenticatenaceae	Unclassified	uncultured_Chloroflexus	0.730278534
706cf85d784667c66cc85d4bb656378f	Bacteria	Chloroflexi	Anaerolineae	Ardenticatenales	Ardenticatenaceae	Unclassified	Unclassified	0.999998636
5cdc60626a443f9e8542626cd01fd7bb	Bacteria	Chloroflexi	Anaerolineae	Ardenticatenales	Ardenticatenaceae	Unclassified	Unclassified	0.999997475
188d88bbd4ecb554dfdd867c59a636f8	Bacteria	Chloroflexi	Anaerolineae	Ardenticatenales	Ardenticatenaceae	Unclassified	Unclassified	0.982376617
80a1f78f00806ffccd30ab77b11b2983	Bacteria	Chloroflexi	Anaerolineae	Ardenticatenales	Ardenticatenaceae	Unclassified	Unclassified	0.999993973
89afb84127ed6a98c62227a8911251ad	Bacteria	Chloroflexi	Anaerolineae	Ardenticatenales	Ardenticatenaceae	Unclassified	uncultured_Chloroflexi	0.874866867
7a2d2786c92157f098904dc36aacb84f	Bacteria	Chloroflexi	Anaerolineae	Ardenticatenales	Ardenticatenaceae	Unclassified	uncultured_Chloroflexi	0.872657254
0e30b7a5eec080a448291661c962f6e7	Bacteria	Chloroflexi	Anaerolineae	Ardenticatenales	Ardenticatenaceae	Unclassified	Unclassified	0.999869405
9f8795f1519def852d23ab49bd1001d7	Bacteria	Chloroflexi	Anaerolineae	Ardenticatenales	Ardenticatenaceae	Unclassified	uncultured_Chloroflexus	0.86239308
35f03d125182a047dd206f7c70009614	Bacteria	Chloroflexi	Anaerolineae	Ardenticatenales	Ardenticatenaceae	Unclassified	Unclassified	0.998678765
f3f8796c494d656200c0e599e0254a09	Bacteria	Chloroflexi	Anaerolineae	Ardenticatenales	Ardenticatenaceae	Unclassified	uncultured_Chloroflexus	0.722004741
2d8a50bde6bb8c2bee827ae7714270b9	Bacteria	Chloroflexi	Anaerolineae	Ardenticatenales	Ardenticatenaceae	Unclassified	Unclassified	0.999796276
96e2bc3df6cb2f420a15e0289ab68ac1	Bacteria	Proteobacteria	Alphaproteobacteria	Micavibrionales	uncultured	Unclassified	metagenome	0.998479687
747c21f10fb395c893d422090cc878e0	Bacteria	Bdellovibrionota	Bdellovibrionia	Bdellovibrionales	Bdellovibrionaceae	OM27_clade	uncultured_bacterium	0.771097896
b97253db204faeb8135367c1e27a6bf5	Bacteria	Bdellovibrionota	Bdellovibrionia	Bdellovibrionales	Bdellovibrionaceae	OM27_clade	Unclassified	0.99443019
95e082ab0317b8e640b8a7d4a9b82e51	Bacteria	Proteobacteria	Alphaproteobacteria	Acetobacterales	Acetobacteraceae	Rhodovastum	metagenome	0.969269746
3b90dfef52d1a3bce82fcd4004523f5b	Bacteria	Proteobacteria	Alphaproteobacteria	Acetobacterales	Acetobacteraceae	Unclassified	Unclassified	0.921687092
79ee58c46d5b1564df16ed4cc7d07e02	Bacteria	Proteobacteria	Alphaproteobacteria	Acetobacterales	Acetobacteraceae	Unclassified	Unclassified	0.899271893
f02ef1a12efb5efcb9d08b80f996d9f9	Bacteria	Proteobacteria	Alphaproteobacteria	Acetobacterales	Acetobacteraceae	Roseomonas	Roseomonas_lacus	0.802356855
a837d1f20e55c474107da4d709b6b43a	Bacteria	Proteobacteria	Alphaproteobacteria	Acetobacterales	Acetobacteraceae	Unclassified	Unclassified	0.999925612
0685a020a8dfb4632e358dc27c85d77d	Bacteria	Proteobacteria	Alphaproteobacteria	Rhodospirillales	uncultured	Unclassified	Unclassified	0.99951123100000006
1d9c2dc1df0412ad504300e600c5f943	Bacteria	Proteobacteria	Alphaproteobacteria	Rhodospirillales	uncultured	Unclassified	Unclassified	0.848695961
e6e0653f5fdde10500b0395937a81149	Bacteria	Proteobacteria	Alphaproteobacteria	Rhodospirillales	uncultured	Unclassified	uncultured_Magnetospirillum	0.769007469
db7fcbd1a5e7ce1cd841ebb8fe27ee02	Bacteria	NA	NA	NA	NA	Unclassified	Unclassified	0.999999105
3b4b7c84c779bd7a450073e775983ed5	Bacteria	Bacteroidota	Bacteroidia	Bacteroidales	Prolixibacteraceae	Unclassified	Unclassified	0.993499851
a39849cab093b7d65be5985110e4f779	Bacteria	Bacteroidota	Bacteroidia	Bacteroidales	Prolixibacteraceae	Unclassified	Unclassified	0.741725575
c17f1a9c8a79334aacc23285a70178d5	Bacteria	NA	NA	NA	NA	Unclassified	Unclassified	0.999999687
2f42dfdfa4c2d32ba7891a4cc5513aa7	Bacteria	NB1-j	NB1-j	NB1-j	NB1-j	NB1-j	uncultured_Green	0.767839444
ec8d5b1a8749e4ab809cf48f3d058833	Bacteria	Chloroflexi	NA	NA	NA	Unclassified	Unclassified	0.990018508
d1c5ca2237ab62641177f1565d72b0f6	Bacteria	Chloroflexi	NA	NA	NA	Unclassified	Unclassified	0.989847546
b25ce87ee96ca64fc5a4837beff70264	Bacteria	Actinobacteriota	Actinobacteria	Bifidobacteriales	Bifidobacteriaceae	Bifidobacterium	Unclassified	0.999996156
a6d5747d8e797c714685cd57af0203d4	Bacteria	Actinobacteriota	Actinobacteria	Bifidobacteriales	Bifidobacteriaceae	Bifidobacterium	Bifidobacterium_thermophilum	0.840050082
db11c9b569bdbdc3e426231931f3d889	Bacteria	Actinobacteriota	Actinobacteria	Pseudonocardiales	Pseudonocardiaceae	Unclassified	Unclassified	0.985471438
e64658147736bb80af408a98f3b47207	Bacteria	Actinobacteriota	Actinobacteria	Frankiales	Nakamurellaceae	Nakamurella	Sanguibacter_sp.	0.89254511
83925758783b5a7c12a7c1d206ad71c7	Bacteria	Actinobacteriota	Actinobacteria	Pseudonocardiales	Pseudonocardiaceae	Unclassified	Unclassified	0.700823751
e3f3f295ee40bf1ee55db0ee97e344e8	Bacteria	Actinobacteriota	Actinobacteria	Streptomycetales	Streptomycetaceae	Streptomyces	Unclassified	0.97174496
4d74568d7d30b2f9208f36a3757183d2	Bacteria	Actinobacteriota	Actinobacteria	Streptomycetales	Streptomycetaceae	Streptomyces	Unclassified	0.997903473
c35aac7d50a7a8fd1c248ecdaa53ff9c	Bacteria	Actinobacteriota	Actinobacteria	Streptomycetales	Streptomycetaceae	Streptomyces	Unclassified	0.999823913
771718252b2a20f84c4b468ccd2ff81b	Bacteria	Actinobacteriota	Actinobacteria	Streptomycetales	Streptomycetaceae	Streptomyces	Unclassified	0.99934813
4c5b7bf2fab97157584eeb42407a7832	Bacteria	Actinobacteriota	Actinobacteria	Streptomycetales	Streptomycetaceae	Streptomyces	Unclassified	0.995465694
0a3f5cb81bd83d89238fc86856cf328c	Bacteria	Actinobacteriota	Actinobacteria	Streptomycetales	Streptomycetaceae	Streptomyces	Unclassified	0.983628298
f6e0d29ff08a3a43812c3c2d575529ca	Bacteria	Actinobacteriota	Actinobacteria	Streptomycetales	Streptomycetaceae	Streptomyces	Unclassified	0.999499395
8d839e9b2f6cc80dc033980fa42f304d	Bacteria	Actinobacteriota	Actinobacteria	Streptomycetales	Streptomycetaceae	Streptomyces	Unclassified	0.99958087
3529ecadab9c5a590ba7732980342692	Bacteria	Actinobacteriota	Actinobacteria	Streptomycetales	Streptomycetaceae	Streptomyces	Unclassified	0.998570919
8863823321c2aa84d4770a022548e8de	Bacteria	Actinobacteriota	Actinobacteria	Streptomycetales	Streptomycetaceae	Streptomyces	Unclassified	0.991123543
881cadba01f2ce1cca6ac8b07d375efc	Bacteria	Actinobacteriota	Actinobacteria	Streptomycetales	Streptomycetaceae	Streptomyces	Unclassified	0.982462109
468ddc0f46a88a00ce30e0d58c27f544	Bacteria	Actinobacteriota	Actinobacteria	Streptomycetales	Streptomycetaceae	Streptomyces	Unclassified	0.999415389
e418cc1634c733b0da3ccc623465e5ed	Bacteria	Actinobacteriota	Actinobacteria	Streptomycetales	Streptomycetaceae	Streptomyces	Unclassified	0.993903331
6a7ec21c9619f63760c62a8eb4c24e52	Bacteria	Actinobacteriota	Actinobacteria	Streptomycetales	Streptomycetaceae	Streptomyces	Unclassified	0.999754475
f7599286ee1c7c58686414caaa1f8146	Bacteria	Actinobacteriota	Actinobacteria	Streptomycetales	Streptomycetaceae	Streptomyces	Unclassified	0.999451115
e94c3ed1d044727d151660dd949b1176	Bacteria	Actinobacteriota	Actinobacteria	Streptomycetales	Streptomycetaceae	Streptomyces	Unclassified	0.999854818
ae2816143d27aa01fd27c0f3233f5ac8	Bacteria	Actinobacteriota	Actinobacteria	Streptomycetales	Streptomycetaceae	Streptomyces	Unclassified	0.999642048
ed70d1d8a6dc479b29a3373d8627ad68	Bacteria	Actinobacteriota	Actinobacteria	Streptomycetales	Streptomycetaceae	Streptomyces	Unclassified	0.997591707
d660db5cb8c44376879c9047a7b11bad	Bacteria	Actinobacteriota	Actinobacteria	Streptomycetales	Streptomycetaceae	Streptomyces	Unclassified	0.999236722
123ab5a1581d922b5c5b50449da56d5f	Bacteria	Actinobacteriota	Actinobacteria	Streptomycetales	Streptomycetaceae	Streptomyces	Unclassified	0.998371928
273c58e3ffb51797b527aadfd033aa51	Bacteria	Actinobacteriota	Actinobacteria	Streptomycetales	Streptomycetaceae	Streptomyces	Unclassified	0.990593469
0fdf559d40cb4ead559b794de31e9b9a	Bacteria	Actinobacteriota	Actinobacteria	Streptomycetales	Streptomycetaceae	Streptomyces	Unclassified	0.999625272
0d7718f777a4b49790a61956f7a3ff54	Bacteria	Actinobacteriota	Actinobacteria	Streptomycetales	Streptomycetaceae	Streptomyces	Unclassified	0.999050926
dbba25869f314d9d507b4750373a51be	Bacteria	Actinobacteriota	Actinobacteria	Streptomycetales	Streptomycetaceae	Streptomyces	Unclassified	0.999233239
62e93ab9549068e01848f2d2ae098c33	Bacteria	Actinobacteriota	Actinobacteria	Streptomycetales	Streptomycetaceae	Streptomyces	Unclassified	0.999088432
b97db76ebdf52fa5d271fab260e6e935	Bacteria	Actinobacteriota	Actinobacteria	Streptomycetales	Streptomycetaceae	Streptomyces	Unclassified	0.998948771
59230203a9fca1e836db4a884cee9ea1	Bacteria	Actinobacteriota	Actinobacteria	Streptomycetales	Streptomycetaceae	Streptomyces	Unclassified	0.950865738
e4f986cf4ee57624c4073735040541d4	Bacteria	Actinobacteriota	Actinobacteria	Propionibacteriales	Propionibacteriaceae	Microlunatus	Unclassified	0.981784703
9e13b2c0f3a84c9046eca110500eeeb4	Bacteria	Actinobacteriota	Actinobacteria	Propionibacteriales	Propionibacteriaceae	Microlunatus	Unclassified	0.963369087
046dd0533b66312f15b607e0568a2734	Bacteria	Actinobacteriota	Actinobacteria	Propionibacteriales	Propionibacteriaceae	Microlunatus	Unclassified	0.973962017
6e2a8eeb71531bcb00d68e2af046cbab	Bacteria	Actinobacteriota	Actinobacteria	Propionibacteriales	Propionibacteriaceae	Unclassified	Unclassified	0.999989125
d730bd3f362306085af52f649ba5b0e6	Bacteria	Actinobacteriota	Acidimicrobiia	Microtrichales	NA	Unclassified	Unclassified	0.918230261
e199cbf29a39b39a60f7b06e4cdb7ac9	Bacteria	Actinobacteriota	Acidimicrobiia	Microtrichales	Microtrichaceae	Unclassified	Unclassified	0.769103799
02ef38202fcb00caf46c569e497157c5	Bacteria	Actinobacteriota	Acidimicrobiia	Microtrichales	NA	Unclassified	Unclassified	0.874431375
617b0c841588cbae6388d169742c642c	Bacteria	Actinobacteriota	Actinobacteria	Streptomycetales	Streptomycetaceae	Streptomyces	Unclassified	0.999997301
4b77a945ff0f67a31b3de00b9e5e9e7f	Bacteria	Actinobacteriota	Actinobacteria	Streptomycetales	Streptomycetaceae	Streptomyces	Unclassified	0.999997928
40875a16a14da6530ec6febbd0796f73	Bacteria	Actinobacteriota	Actinobacteria	Streptomycetales	Streptomycetaceae	Streptomyces	Unclassified	0.999999076
743aae3503c4b0e5fc3bcdbeefc95e28	Bacteria	Actinobacteriota	Actinobacteria	Streptomycetales	Streptomycetaceae	Streptomyces	Unclassified	0.999999506
876393ed1681e88b9ee23fad9dad33c3	Bacteria	Actinobacteriota	Actinobacteria	Streptomycetales	Streptomycetaceae	Streptomyces	Unclassified	0.999998379
3bcd91e8b711f3e2637d048a421a2b44	Bacteria	Actinobacteriota	Actinobacteria	Streptomycetales	Streptomycetaceae	Streptomyces	Unclassified	0.999999031
4d0ca5a9e5488351b25db4eecf2a1596	Bacteria	Actinobacteriota	Actinobacteria	Streptomycetales	Streptomycetaceae	Streptomyces	Unclassified	0.999994577
627c01b9b5cc04bf41f8831e4e3962c3	Bacteria	Actinobacteriota	Actinobacteria	Propionibacteriales	Propionibacteriaceae	Microlunatus	Unclassified	0.744209288
bdf1d02f896364d6eedbf6b29f940515	Bacteria	Actinobacteriota	Acidimicrobiia	Microtrichales	Microtrichaceae	Unclassified	uncultured_Actinomycetales	0.746886764
4c1050f064773853aa22a005c304c58e	Bacteria	Actinobacteriota	Actinobacteria	Propionibacteriales	Propionibacteriaceae	Friedmanniella	Unclassified	0.939082917
9defb857d5c7fea57f1ea51e9938c27e	Bacteria	Actinobacteriota	Actinobacteria	Pseudonocardiales	Pseudonocardiaceae	Pseudonocardia	Unclassified	0.999745333
a3ab101d31313d157b308081eac3f3bd	Bacteria	Actinobacteriota	Actinobacteria	Micrococcales	Microbacteriaceae	Unclassified	Unclassified	0.999903841
9d896e2b2557d7c2828465435e2d91bd	Bacteria	Acidobacteriota	Vicinamibacteria	Vicinamibacterales	Vicinamibacteraceae	Unclassified	Unclassified	0.710273958
f3901f2b04d7b7042e3b4bbecc23a77b	Bacteria	Actinobacteriota	Actinobacteria	Streptosporangiales	Thermomonosporaceae	Actinocorallia	uncultured_bacterium	0.861967563
b8b3b196b75932c889ae106a73bbb82a	Bacteria	Actinobacteriota	Actinobacteria	Streptosporangiales	Thermomonosporaceae	Actinocorallia	metagenome	0.946477441
e7abceeef5734eaa14ee7447931dc61b	Bacteria	Actinobacteriota	Actinobacteria	Streptosporangiales	Thermomonosporaceae	Actinocorallia	metagenome	0.832478035
9deee15bf68061d67ebe6177c42dab33	Bacteria	Actinobacteriota	Actinobacteria	Streptosporangiales	Thermomonosporaceae	Actinocorallia	metagenome	0.80974511
a0649415547fa71be34430ccc95f13f4	Bacteria	Actinobacteriota	Actinobacteria	Streptosporangiales	Thermomonosporaceae	Actinocorallia	metagenome	0.91736442
c3eff638ed9320b32b9f79f08e62ad77	Bacteria	Actinobacteriota	Actinobacteria	NA	NA	Unclassified	Unclassified	0.998866216
2d511c2cec58b19fa18e2453e9183109	Bacteria	Actinobacteriota	Actinobacteria	Propionibacteriales	Propionibacteriaceae	Unclassified	Unclassified	0.702705537
9ffdbfdd65caa22efcfb46a09b2a936f	Bacteria	Actinobacteriota	Actinobacteria	NA	NA	Unclassified	Unclassified	0.999609878
5f028b4e981d87743c93c6b9f69ce94e	Bacteria	Actinobacteriota	Actinobacteria	Frankiales	Frankiaceae	Jatrophihabitans	Unclassified	0.99859323
f4027948a7478f22093885920b37ae8d	Bacteria	Actinobacteriota	Actinobacteria	Pseudonocardiales	Pseudonocardiaceae	Pseudonocardia	Unclassified	0.999287653
a9ed90a56ee5164ae1c353ecade4f613	Bacteria	Actinobacteriota	Actinobacteria	Pseudonocardiales	Pseudonocardiaceae	Pseudonocardia	Unclassified	0.999258254
542931a8988b99f8d010d582d136c0e0	Bacteria	Actinobacteriota	Actinobacteria	Pseudonocardiales	Pseudonocardiaceae	Pseudonocardia	Unclassified	0.998135216
e12608b7c7b66d3f426fbe6e5c352031	Bacteria	Actinobacteriota	Actinobacteria	Pseudonocardiales	Pseudonocardiaceae	Pseudonocardia	Unclassified	0.998777966
a89cb41cc8ef5ea31acc49c7334fb6e3	Bacteria	Actinobacteriota	Actinobacteria	Corynebacteriales	Nocardiaceae	Rhodococcus	Unclassified	0.999974207
2ef8efc8c6f52c96cf76693a5e1fda84	Bacteria	Actinobacteriota	Actinobacteria	Corynebacteriales	Nocardiaceae	Rhodococcus	Unclassified	0.999094831
29712bf5714e2bd17f4b23ae33d98fb7	Bacteria	Actinobacteriota	Actinobacteria	Corynebacteriales	Nocardiaceae	Rhodococcus	Unclassified	0.999301955
37d7a59fea392cdfe6cd719c9cddb95c	Bacteria	Actinobacteriota	Actinobacteria	Corynebacteriales	Nocardiaceae	Rhodococcus	Unclassified	0.999022951
9ff6c4b882fa199dba68eb7fe682a76e	Bacteria	Actinobacteriota	Actinobacteria	Corynebacteriales	Nocardiaceae	Rhodococcus	Unclassified	0.910905537
b4b67f3c541592c8224c2b8d51d69c4c	Bacteria	Actinobacteriota	Actinobacteria	Corynebacteriales	Mycobacteriaceae	Hoyosella	Unclassified	0.846451963
9f8971ea9e449bf8f0ab2e37365f8a5e	Bacteria	Actinobacteriota	Actinobacteria	Corynebacteriales	Mycobacteriaceae	Mycobacterium	Unclassified	0.999282279
81c48c666b0ad95026b40fa512c8a26f	Bacteria	Actinobacteriota	Actinobacteria	Corynebacteriales	Nocardiaceae	Gordonia	Unclassified	0.977241991
3d3c853e83e071c445ab0d09dd7fb4d7	Bacteria	Actinobacteriota	Actinobacteria	Corynebacteriales	Nocardiaceae	Nocardia	Unclassified	0.999859771
1e6e4f133f18434a439abde94e4a3592	Bacteria	Actinobacteriota	Actinobacteria	Corynebacteriales	Nocardiaceae	Nocardia	Unclassified	0.998217993
aa239c9b929572aaf86277c877cd55f5	Bacteria	Actinobacteriota	Actinobacteria	Corynebacteriales	Mycobacteriaceae	Mycobacterium	Unclassified	0.99968593
c596ebdde4d4b5bd7b64594af117f573	Bacteria	Actinobacteriota	Actinobacteria	Corynebacteriales	Mycobacteriaceae	Mycobacterium	Unclassified	0.999782155
e4f7f27e282b7f75290c9b405b23708c	Bacteria	Actinobacteriota	Actinobacteria	Corynebacteriales	Mycobacteriaceae	Mycobacterium	Unclassified	0.998958444
8e621f5b5c9994a56c3619e47143c43f	Bacteria	Actinobacteriota	Actinobacteria	Corynebacteriales	Mycobacteriaceae	Mycobacterium	Unclassified	0.999661033
9bb2d8a0f3fc9f175b35a7dc536139c9	Bacteria	Actinobacteriota	Actinobacteria	Corynebacteriales	Mycobacteriaceae	Mycobacterium	Unclassified	0.999674258
1f236d535043c73cd6376f1d91e0ed66	Bacteria	Actinobacteriota	Actinobacteria	Corynebacteriales	Mycobacteriaceae	Mycobacterium	Unclassified	0.999922105
c28166bf7b16ff42931970059db555f9	Bacteria	Actinobacteriota	Actinobacteria	Corynebacteriales	Mycobacteriaceae	Mycobacterium	Unclassified	0.999770489
79d8bc34d07b2378c68c4b1debcfa22b	Bacteria	Actinobacteriota	Actinobacteria	Corynebacteriales	Mycobacteriaceae	Mycobacterium	Unclassified	0.999863702
49528f579fab95ec92d99a251502c82f	Bacteria	Actinobacteriota	Actinobacteria	Corynebacteriales	Mycobacteriaceae	Mycobacterium	Unclassified	0.996331758
4039091de01dd4b9aad5bef66a6932d4	Bacteria	Actinobacteriota	Actinobacteria	Corynebacteriales	Mycobacteriaceae	Mycobacterium	Unclassified	0.999880802
420ef95396fbfe2cc1304f8e3473a69d	Bacteria	Actinobacteriota	Actinobacteria	Corynebacteriales	Mycobacteriaceae	Mycobacterium	Unclassified	0.999842363
f91c3b3a136d1985696f4a539ad1c2e6	Bacteria	Actinobacteriota	Actinobacteria	Corynebacteriales	Mycobacteriaceae	Mycobacterium	Unclassified	0.9998765
f901a0b6a46a2ab313b3f1308ff92bac	Bacteria	Actinobacteriota	Actinobacteria	Corynebacteriales	Mycobacteriaceae	Mycobacterium	Unclassified	0.999385656
c5bae3e5bc815eb80816fa3c22c71887	Bacteria	Actinobacteriota	Actinobacteria	Corynebacteriales	Mycobacteriaceae	Mycobacterium	uncultured_microorganism	0.717031648
143b10d9d362690f93157f36bc3f0b68	Bacteria	Actinobacteriota	Actinobacteria	Corynebacteriales	Mycobacteriaceae	Mycobacterium	Unclassified	0.999634846
5ec37a5426e2e0cd73df0bbac8f4343a	Bacteria	Actinobacteriota	Actinobacteria	Corynebacteriales	Mycobacteriaceae	Mycobacterium	Unclassified	0.999500159
6765097c49890b6d24fd592f187968fe	Bacteria	Actinobacteriota	Actinobacteria	Corynebacteriales	Mycobacteriaceae	Mycobacterium	Unclassified	0.999689894
f190ce90a928457689f98d30353a1193	Bacteria	Actinobacteriota	Actinobacteria	Corynebacteriales	Mycobacteriaceae	Mycobacterium	Unclassified	0.906676983
5b600356f787fbac1017a0384e1836d7	Bacteria	Actinobacteriota	Actinobacteria	Corynebacteriales	Mycobacteriaceae	Mycobacterium	Unclassified	0.998681887
1cc204d7e03728008cd2b91aa0ab3b6f	Bacteria	Actinobacteriota	Actinobacteria	Corynebacteriales	Mycobacteriaceae	Mycobacterium	Unclassified	0.999857119
1274aaff09f21025114849d1157d8a8d	Bacteria	Actinobacteriota	Actinobacteria	Corynebacteriales	Mycobacteriaceae	Mycobacterium	Unclassified	0.999355265
68590312da5bfbdb85b0347d3b14e76e	Bacteria	Actinobacteriota	Actinobacteria	Corynebacteriales	Mycobacteriaceae	Mycobacterium	Unclassified	0.99968347
f1b01c3cd1f3d46549c2ac351b88ca82	Bacteria	Actinobacteriota	Actinobacteria	Corynebacteriales	Mycobacteriaceae	Mycobacterium	Unclassified	0.999767424
0c70098efe886353c7ef965061c425ef	Bacteria	Actinobacteriota	Actinobacteria	Corynebacteriales	Mycobacteriaceae	Mycobacterium	Unclassified	0.999700027
70790d518d0584cb8fa9b976c79160cf	Bacteria	Actinobacteriota	Actinobacteria	Corynebacteriales	Mycobacteriaceae	Mycobacterium	Unclassified	0.999285158
fd95ea6bdc3ddc6841b7c836717220f0	Bacteria	Actinobacteriota	Actinobacteria	Corynebacteriales	Mycobacteriaceae	Mycobacterium	Unclassified	0.999060076
0f9e21cc5190e6b9fa34c8cd6df68da3	Bacteria	Actinobacteriota	Actinobacteria	Corynebacteriales	Mycobacteriaceae	Mycobacterium	Unclassified	0.998932309
c40605dfaa327a1a6568d92e3e559a24	Bacteria	Actinobacteriota	Actinobacteria	Corynebacteriales	Mycobacteriaceae	Mycobacterium	Unclassified	0.999831223
d7a79cd42c83d20ecd061af2fe435757	Bacteria	Actinobacteriota	Actinobacteria	Corynebacteriales	Mycobacteriaceae	Mycobacterium	Unclassified	0.999509362
f873f394f8b713d1d0d5b92583915603	Bacteria	Actinobacteriota	Actinobacteria	Corynebacteriales	Mycobacteriaceae	Mycobacterium	Unclassified	0.999256123
31495d2fc9a2fe8b340ec8fb85787c18	Bacteria	Actinobacteriota	Actinobacteria	Corynebacteriales	Corynebacteriales_Incertae_Sedis	Tomitella	Rhodococcus_sp.	0.711861261
69c659b04e185adde5f2fccf9e735dc6	Bacteria	Actinobacteriota	Actinobacteria	Frankiales	uncultured	Unclassified	Unclassified	0.999099248
12efafe73000ce2247ed54fac5faa7f2	Bacteria	Actinobacteriota	Actinobacteria	Frankiales	uncultured	Unclassified	Unclassified	0.999851428
821a3562327bce65b41f03b71c45e758	Bacteria	Actinobacteriota	Actinobacteria	Frankiales	uncultured	Unclassified	Unclassified	0.999637959
c630665b7f2b9721014fbacc3da7f07e	Bacteria	Actinobacteriota	Actinobacteria	Frankiales	uncultured	Unclassified	Unclassified	0.999030899
330513c6ef9f494f05b960d7c405a3c1	Bacteria	Actinobacteriota	Actinobacteria	Frankiales	uncultured	Unclassified	Unclassified	0.958317609
2bf33bcd4cb1e129a88d4857dd3200a9	Bacteria	Actinobacteriota	Actinobacteria	Frankiales	uncultured	Unclassified	uncultured_bacterium	0.837456627
2feb96fa85447c09a626ca25acce581e	Bacteria	Actinobacteriota	Actinobacteria	Frankiales	uncultured	Unclassified	Unclassified	0.999970025
7bac264b95b1c4471cd2c621470fcaa7	Bacteria	Actinobacteriota	Actinobacteria	Frankiales	uncultured	Unclassified	Unclassified	0.999982656
2a0a46caf3ce9c80110cd4c7abb18895	Bacteria	Actinobacteriota	Actinobacteria	Pseudonocardiales	Pseudonocardiaceae	Saccharothrix	Unclassified	0.987809207
d798879c8f2e3e5d28c79f4eadc5f425	Bacteria	Actinobacteriota	Actinobacteria	Pseudonocardiales	Pseudonocardiaceae	Saccharothrix	Unclassified	0.986041661
839eb38ea3269b2f7923a9dcfa01586a	Bacteria	Actinobacteriota	Actinobacteria	Pseudonocardiales	Pseudonocardiaceae	Saccharothrix	Unclassified	0.969406063
7ac273538be26b56dfd0bccd319051f9	Bacteria	Actinobacteriota	Actinobacteria	Pseudonocardiales	Pseudonocardiaceae	Unclassified	Unclassified	0.997878607
f8c0c4ab5e4102353eeb5e372806bc21	Bacteria	Actinobacteriota	Actinobacteria	Pseudonocardiales	Pseudonocardiaceae	Lechevalieria	Unclassified	0.964084597
7faf27a84d516a4645069c41c413d580	Bacteria	Actinobacteriota	Actinobacteria	Pseudonocardiales	Pseudonocardiaceae	Lechevalieria	Unclassified	0.976488725
2fb797b4cfa56c355ef4a4dbb8f72ada	Bacteria	Gemmatimonadota	AKAU4049	AKAU4049	AKAU4049	AKAU4049	uncultured_bacterium	0.776358507
36ff0f87e5013d19e88c5b183be0b1ba	Bacteria	Proteobacteria	Alphaproteobacteria	Sphingomonadales	Sphingomonadaceae	Novosphingobium	Unclassified	0.914549259
41a23826c7f1980fb11005729432839c	Bacteria	Actinobacteriota	Actinobacteria	Pseudonocardiales	Pseudonocardiaceae	Lechevalieria	Unclassified	0.832476281
cf1bec24631fef69064501fc74977aae	Bacteria	Actinobacteriota	Actinobacteria	Pseudonocardiales	Pseudonocardiaceae	Unclassified	Unclassified	0.98804564
15d9ae4fe08d2cd6176dd89ea7c1b686	Bacteria	Actinobacteriota	Actinobacteria	Pseudonocardiales	Pseudonocardiaceae	Lechevalieria	Unclassified	0.98978896
cf89f266ee59d29731be053b087915f9	Bacteria	Actinobacteriota	Actinobacteria	Pseudonocardiales	Pseudonocardiaceae	Lechevalieria	Unclassified	0.98801611
5010f745dc38656543e10beb40491a75	Bacteria	Actinobacteriota	Actinobacteria	Pseudonocardiales	Pseudonocardiaceae	Lechevalieria	Unclassified	0.973914232
b2fd0839d0f231ff593f11bb4a6f946d	Bacteria	Actinobacteriota	Actinobacteria	NA	NA	Unclassified	Unclassified	0.999961627
2da3d0913977279126a1d331667879ca	Bacteria	Actinobacteriota	Actinobacteria	Pseudonocardiales	Pseudonocardiaceae	Lechevalieria	Unclassified	0.934752487
0eea45173b8060da77c75edb07e07e71	Bacteria	Actinobacteriota	Actinobacteria	Pseudonocardiales	Pseudonocardiaceae	Lechevalieria	Unclassified	0.776256661
37cbdec87be7803ccf0e987f47126a6b	Bacteria	Actinobacteriota	Actinobacteria	Pseudonocardiales	Pseudonocardiaceae	Lechevalieria	Unclassified	0.999537939
540f09a3a9713940770ca289fe11e046	Bacteria	Actinobacteriota	Actinobacteria	Pseudonocardiales	Pseudonocardiaceae	Lechevalieria	Unclassified	0.994766609
a3e26af70cb1c1437c6d4995e4be06ac	Bacteria	Actinobacteriota	Actinobacteria	Pseudonocardiales	Pseudonocardiaceae	Lechevalieria	Unclassified	0.998269556
7005ac5c00046ae969b78b895b29c7c7	Bacteria	Actinobacteriota	Actinobacteria	Pseudonocardiales	Pseudonocardiaceae	Lechevalieria	Unclassified	0.998401616
8c0f7573074dfe0eb0664b09e2fbce4f	Bacteria	Actinobacteriota	Actinobacteria	Pseudonocardiales	Pseudonocardiaceae	Lechevalieria	Unclassified	0.997349291
c602d22a1bd7719d90f800d15b84a846	Bacteria	Actinobacteriota	Actinobacteria	Pseudonocardiales	Pseudonocardiaceae	Lechevalieria	Unclassified	0.996181516
8a261036ae94b8c0f1295664bd30f0fe	Bacteria	Proteobacteria	Alphaproteobacteria	Sphingomonadales	Sphingomonadaceae	Sphingopyxis	Unclassified	0.820224074
481e45cef70cc8c36605f66adc5a3714	Bacteria	Margulisbacteria	Margulisbacteria	Margulisbacteria	Margulisbacteria	Margulisbacteria	uncultured_bacterium	0.988608441
ed3e1b770ad9af146d6dd2402d147730	Bacteria	Bdellovibrionota	Bdellovibrionia	Bacteriovoracales	Bacteriovoracaceae	Peredibacter	Unclassified	0.954646298
70b85dacf9c5083ae06923c4b6cf554c	Bacteria	Bacteroidota	Bacteroidia	Sphingobacteriales	NS11-12_marine_group	NS11-12_marine_group	Unclassified	0.987695107
01445188bb9e784270293c69f9b050d9	Bacteria	Bacteroidota	Bacteroidia	Sphingobacteriales	NS11-12_marine_group	NS11-12_marine_group	Unclassified	0.994036688
fe406105e30f9877c6f1fa6ee194f835	Bacteria	Bacteroidota	Bacteroidia	Sphingobacteriales	NS11-12_marine_group	NS11-12_marine_group	Unclassified	0.993171889
d158b6a14328f8896e95011eb84bcce6	Bacteria	Bacteroidota	Bacteroidia	Sphingobacteriales	NS11-12_marine_group	NS11-12_marine_group	Unclassified	0.995369586
dcdb67aaa9b9218d84fcbd7fc9502a04	Bacteria	Bacteroidota	Bacteroidia	Sphingobacteriales	NS11-12_marine_group	NS11-12_marine_group	Unclassified	0.995961809
b9a1e9a89c5b216d41b6c4dc0611fe72	Bacteria	NB1-j	NB1-j	NB1-j	NB1-j	NB1-j	Unclassified	0.99969928
e4eb76ca9e5550cec64bae5592db3a18	Bacteria	Firmicutes	Bacilli	Bacillales	Salisediminibacteriaceae	Salipaludibacillus	Unclassified	0.932547765
701109f9d85ac01770e1afb23f84a0aa	Bacteria	Actinobacteriota	Acidimicrobiia	IMCC26256	IMCC26256	IMCC26256	uncultured_actinobacterium	0.855577656
4fa9c4f7d86e773e210effa24250dbe9	Bacteria	Actinobacteriota	Actinobacteria	Micrococcales	Microbacteriaceae	Unclassified	Unclassified	0.999959318
030808b94bc77e92ba1fb786780d3cd9	Bacteria	Actinobacteriota	Actinobacteria	Micrococcales	Microbacteriaceae	Unclassified	Unclassified	0.999906808
7830aff18a41073f8f83cf14191f200b	Bacteria	Actinobacteriota	Actinobacteria	Micrococcales	Microbacteriaceae	Labedella	Unclassified	0.731072567
f2102103923e5faea1ec59bcdd4bf6de	Bacteria	Patescibacteria	Saccharimonadia	Saccharimonadales	NA	Unclassified	Unclassified	0.999989565
bb34b25401035c085ffbfbf94f387b6f	Bacteria	Actinobacteriota	Actinobacteria	Micrococcales	Microbacteriaceae	Agrococcus	Unclassified	0.994021722
ebef2fe2174a21d99ae9da34f68bda3d	Bacteria	Actinobacteriota	Actinobacteria	Micrococcales	Microbacteriaceae	Agrococcus	Unclassified	0.993819588
b02145b73d9dfa545b12b4193db44aa9	Bacteria	Actinobacteriota	Actinobacteria	Micrococcales	Microbacteriaceae	Microbacteriaceae	metagenome	0.707220998
1dc554124af8c0f92396e22e3f9af63b	Bacteria	Actinobacteriota	Actinobacteria	Micrococcales	Microbacteriaceae	Unclassified	Unclassified	0.998573514
6ed0006059f115634800a7af6768ba46	Bacteria	Actinobacteriota	Actinobacteria	Micrococcales	Microbacteriaceae	Unclassified	Unclassified	0.999901477
b59d4202dfd84012b9b4b969bb82f84c	Bacteria	Actinobacteriota	Actinobacteria	Micrococcales	Microbacteriaceae	Unclassified	Unclassified	0.999893086
a71cf2af6493c830980b8b5e45e1c53a	Bacteria	Actinobacteriota	Actinobacteria	Micrococcales	Microbacteriaceae	Unclassified	Unclassified	0.999677272
99e2c30d04ff6c34e92e80eb176ecb43	Bacteria	Actinobacteriota	Actinobacteria	Micrococcales	Microbacteriaceae	Unclassified	Unclassified	0.998920426
634a8223e40b99157b9a8025e78d0bda	Bacteria	Actinobacteriota	Actinobacteria	Streptomycetales	Streptomycetaceae	Streptomyces	Unclassified	0.997947227
2e2dea81dd69b78a9448235a8d8c1421	Bacteria	Actinobacteriota	Actinobacteria	Streptomycetales	Streptomycetaceae	Streptomyces	Unclassified	0.999944713
0beecb00519e00b8ddbcd0c9e98cd497	Bacteria	Actinobacteriota	Acidimicrobiia	Microtrichales	NA	Unclassified	Unclassified	0.882587131
41861b2b9d6ceb1bbcbd6896cda032c2	Bacteria	Actinobacteriota	Acidimicrobiia	Microtrichales	NA	Unclassified	Unclassified	0.705835815
703d09c47edde28a5077fcc302798abf	Bacteria	Actinobacteriota	Acidimicrobiia	NA	NA	Unclassified	Unclassified	0.857073443
4b7568daa872cec95d36b0ee600e5504	Bacteria	Actinobacteriota	Actinobacteria	Catenulisporales	Catenulisporaceae	Catenulispora	Unclassified	0.999851119
ab232f9cb2621c9379cf67e768068440	Bacteria	Actinobacteriota	Acidimicrobiia	Microtrichales	NA	Unclassified	Unclassified	0.841241658
8a2704118d6eba82d8d5e70efdd45f53	Bacteria	Actinobacteriota	Actinobacteria	Micrococcales	Intrasporangiaceae	Phycicoccus	Unclassified	0.886585604
e8f2c8d6aaf5a61524fb5d2047b63c5e	Bacteria	Actinobacteriota	Actinobacteria	Micrococcales	Intrasporangiaceae	Unclassified	uncultured_bacterium	0.914610888
932f59b59030c256f7d53922ae4e4fdc	Bacteria	Actinobacteriota	Actinobacteria	Micrococcales	Intrasporangiaceae	Unclassified	uncultured_bacterium	0.894141286
ef6ea04ed4b761a728ef311185c33265	Bacteria	Actinobacteriota	Actinobacteria	Micrococcales	Intrasporangiaceae	Unclassified	Unclassified	0.908146069
ecf3d207d1a444bd4009db564693b975	Bacteria	Actinobacteriota	Actinobacteria	Micrococcales	Intrasporangiaceae	Unclassified	uncultured_bacterium	0.715047506
27bff8d3b82cf397c1ba23938f8aa9d5	Bacteria	Actinobacteriota	Actinobacteria	Micrococcales	Intrasporangiaceae	Unclassified	Unclassified	0.983083373
4b1ebc98bbafba018ef851d5cf6d220d	Bacteria	NA	NA	NA	NA	Unclassified	Unclassified	0.9999956
1306b24018d0c467465cff17f784dba2	Bacteria	Actinobacteriota	Acidimicrobiia	Microtrichales	Ilumatobacteraceae	Unclassified	Unclassified	0.84946093600000006
4154fde7a26a1a07e479d3069ba9ccaa	Bacteria	Actinobacteriota	Actinobacteria	Streptomycetales	Streptomycetaceae	Streptomyces	Unclassified	0.966562349
ab9f2e5d175a993acbe0e3d8567ece65	Bacteria	Actinobacteriota	Actinobacteria	Streptomycetales	Streptomycetaceae	Kitasatospora	Unclassified	0.818237887
b1871b94987fd97041a743404543f409	Bacteria	Actinobacteriota	Actinobacteria	Streptomycetales	Streptomycetaceae	Streptomyces	Unclassified	0.996154594
fc641eecb2c19bc1ad430a785a37570d	Bacteria	Actinobacteriota	Actinobacteria	Streptomycetales	Streptomycetaceae	Streptomyces	Unclassified	0.997703437
4d7a1c4dc1d6b451660e548c4f9dcbd1	Bacteria	Actinobacteriota	Actinobacteria	Streptomycetales	Streptomycetaceae	Streptomyces	Unclassified	0.999801602
3672e459b608c5f3629f390908b91a5e	Bacteria	Actinobacteriota	Actinobacteria	Streptomycetales	Streptomycetaceae	Streptomyces	Unclassified	0.9962645
27bb0563e5d17830ef4de5391aa6a6bc	Bacteria	Actinobacteriota	Acidimicrobiia	Microtrichales	Microtrichaceae	Unclassified	Unclassified	0.745992044
440f7136bb65729bbca63e0a0c93caeb	Bacteria	Actinobacteriota	Acidimicrobiia	Microtrichales	Microtrichaceae	Unclassified	Unclassified	0.725061535
31960c272abd74dec7e5c64127716bd2	Bacteria	Actinobacteriota	Acidimicrobiia	NA	NA	Unclassified	Unclassified	0.972471879
b479825b03c1ae4605ffd66e5656890f	Bacteria	Actinobacteriota	Acidimicrobiia	uncultured	uncultured	Unclassified	uncultured_soil	0.770201019
3832d1f1ab249fb773dbc53cfe314889	Bacteria	Actinobacteriota	Acidimicrobiia	uncultured	uncultured	Unclassified	Unclassified	0.803719705
b1e59c55fd5ed3083ac16a4328efb855	Bacteria	Actinobacteriota	Acidimicrobiia	uncultured	uncultured	Unclassified	Unclassified	0.815385347
c4f76e3153ca609dea352f39da8a8f91	Bacteria	Actinobacteriota	Acidimicrobiia	NA	NA	Unclassified	Unclassified	0.959464734
9f55977e8f3434d4b05bba3e00fb7e65	Bacteria	Actinobacteriota	Acidimicrobiia	IMCC26256	IMCC26256	IMCC26256	Unclassified	0.993920911
7138dc3c35a3054a096727af105c38d3	Bacteria	Actinobacteriota	Acidimicrobiia	IMCC26256	IMCC26256	IMCC26256	uncultured_Acidimicrobiia	0.888286463
99fa5c2040619291e8664f594abdf23c	Bacteria	Actinobacteriota	Acidimicrobiia	Microtrichales	Ilumatobacteraceae	Unclassified	uncultured_Actinomycetales	0.775747366
249b78bd96a3c6e50cc1850c44016c3b	Bacteria	Actinobacteriota	Acidimicrobiia	Microtrichales	Ilumatobacteraceae	Unclassified	uncultured_Actinomycetales	0.745757017
4972f8d68841534b485454d5af1822c6	Bacteria	Actinobacteriota	Acidimicrobiia	NA	NA	Unclassified	Unclassified	0.998013381
6eb846e3d6243a5c72bca787705f95cb	Bacteria	Actinobacteriota	Acidimicrobiia	Microtrichales	Ilumatobacteraceae	Unclassified	Unclassified	0.930511194
a94b69db0e80797e0172883e0c34f032	Bacteria	Actinobacteriota	Acidimicrobiia	Microtrichales	NA	Unclassified	Unclassified	0.903952885
a670b77529a3d5764feccbb4fe3bfcc9	Bacteria	Actinobacteriota	Acidimicrobiia	Microtrichales	NA	Unclassified	Unclassified	0.867887101
203178ccc428274991aacb32e03cfadf	Bacteria	Actinobacteriota	Acidimicrobiia	Microtrichales	NA	Unclassified	Unclassified	0.771868548
e4b4adbcdfd7abae35d3d8ce17459454	Bacteria	Actinobacteriota	Acidimicrobiia	Microtrichales	NA	Unclassified	Unclassified	0.742536403
3ca6dc484a6e6e19ac2bb0e284e2f19b	Bacteria	Actinobacteriota	Acidimicrobiia	Microtrichales	NA	Unclassified	Unclassified	0.925715514
152c385e433ed9d85cbaaa4f6bc41d53	Bacteria	Actinobacteriota	Acidimicrobiia	Microtrichales	NA	Unclassified	Unclassified	0.740017547
5b87826daab24e8a1810d610d6a95fe4	Bacteria	Actinobacteriota	Actinobacteria	Streptomycetales	Streptomycetaceae	Streptomyces	Unclassified	0.981451588
a1787046e77be7cc8cf8b30ff8c4bd1b	Bacteria	Actinobacteriota	Actinobacteria	Streptomycetales	Streptomycetaceae	Streptomyces	Unclassified	0.990712305
e1c59ef098c218d86b806b78e04674e9	Bacteria	Actinobacteriota	Actinobacteria	Streptomycetales	Streptomycetaceae	Streptomyces	Unclassified	0.99500959
9b99fb273aff805d96d233ad32095ead	Bacteria	Actinobacteriota	Acidimicrobiia	uncultured	uncultured	Unclassified	Unclassified	0.713591692
099f2fce71759263c04ea18d2f602ba5	Bacteria	Actinobacteriota	Acidimicrobiia	IMCC26256	IMCC26256	IMCC26256	Unclassified	0.732770421
b51e2c3b67d056aaf18f10300095d23c	Bacteria	Actinobacteriota	Acidimicrobiia	Microtrichales	NA	Unclassified	Unclassified	0.876571215
d456870cbdb1c0d82ceb17fcea7a8ea2	Bacteria	Actinobacteriota	Acidimicrobiia	Microtrichales	Microtrichaceae	Unclassified	Unclassified	0.812099595
d969f86e2b3ef021453e0db31b0b583a	Bacteria	Actinobacteriota	Acidimicrobiia	IMCC26256	IMCC26256	IMCC26256	uncultured_Ferrimicrobium	0.974502586
9b3eb426c7cbd90cbfa3fd8c51eaccb2	Bacteria	NA	NA	NA	NA	Unclassified	Unclassified	0.999999515
803c546b049ec8a527ac9eaf203c4b2b	Bacteria	Actinobacteriota	Acidimicrobiia	Microtrichales	NA	Unclassified	Unclassified	0.774423081
c6306e3178187615c7607848296453e6	Bacteria	Actinobacteriota	Acidimicrobiia	Microtrichales	NA	Unclassified	Unclassified	0.81958349
50ba567211c9368300c479a58fc38ee2	Bacteria	Actinobacteriota	Acidimicrobiia	Microtrichales	uncultured	Unclassified	Unclassified	0.721396159
3f1a7d608b7e69d1a8e267c7eb5d21f6	Bacteria	Actinobacteriota	Acidimicrobiia	Microtrichales	NA	Unclassified	Unclassified	0.806191032
dfbc631455d70db8dc07135ed9743293	Bacteria	Actinobacteriota	Acidimicrobiia	Microtrichales	NA	Unclassified	Unclassified	0.802873685
1331ec4cd3961552b318705a6e7d5330	Bacteria	Actinobacteriota	Acidimicrobiia	NA	NA	Unclassified	Unclassified	0.993447967
56a796a7ef80818a68bf31b9a2462593	Bacteria	Actinobacteriota	Acidimicrobiia	NA	NA	Unclassified	Unclassified	0.991562375
ad9256a6a7625d392a2064d86a63381f	Bacteria	Actinobacteriota	Acidimicrobiia	Microtrichales	NA	Unclassified	Unclassified	0.97912717
5e9742ad62867428002db212fc325ef8	Bacteria	Actinobacteriota	Acidimicrobiia	Microtrichales	NA	Unclassified	Unclassified	0.974147104
2fc08fde0610bb7737bc1f7cceb88921	Bacteria	Actinobacteriota	Acidimicrobiia	IMCC26256	IMCC26256	IMCC26256	uncultured_Actinomycetales	0.731750374
dc65535234e5c4229b90e3a209537138	Bacteria	Actinobacteriota	Acidimicrobiia	NA	NA	Unclassified	Unclassified	0.985897162
ce8eab4785d53d7e3758292486d23113	Bacteria	Actinobacteriota	Acidimicrobiia	NA	NA	Unclassified	Unclassified	0.990770267
5b90dc959c1c958012d2bbbde90df1fc	Bacteria	Actinobacteriota	Actinobacteria	Actinomycetales	Actinomycetaceae	Actinomyces	Unclassified	0.999884185
f5ec551f4e4b0867cf78f1cd1cf63021	Bacteria	Actinobacteriota	Actinobacteria	NA	NA	Unclassified	Unclassified	0.806508278
8732c08230342666bbe3e92f13c1c4f7	Bacteria	Actinobacteriota	Acidimicrobiia	Microtrichales	NA	Unclassified	Unclassified	0.723323359
2807b13cf3bc876008e9e89ea93e4cda	Bacteria	Actinobacteriota	NA	NA	NA	Unclassified	Unclassified	0.994885549
72913dd13b6c4274178c33bc1b9d8724	Bacteria	Actinobacteriota	Acidimicrobiia	uncultured	uncultured	Unclassified	Unclassified	0.734386226
e9f5cd1f7e399a2b8f2e30b1b894f576	Bacteria	Actinobacteriota	Acidimicrobiia	Microtrichales	Iamiaceae	Iamia	Unclassified	0.90402497
2be8c4d3c7ceff05a2eeee340ab82111	Bacteria	Actinobacteriota	Acidimicrobiia	Microtrichales	Iamiaceae	Iamia	Unclassified	0.921272448
bd9a3d4f56faa4d05d48a777abf92c5c	Bacteria	Actinobacteriota	Acidimicrobiia	Microtrichales	Iamiaceae	Iamia	Unclassified	0.950455374
0778fcf3883a3692d913258e6941dea3	Bacteria	Actinobacteriota	Acidimicrobiia	Microtrichales	Iamiaceae	Iamia	Unclassified	0.983147669
458c41e53cacbd182f50a63022a16168	Bacteria	Actinobacteriota	Acidimicrobiia	Microtrichales	Iamiaceae	Iamia	Unclassified	0.955837941
a98be1bc9a8639ae2c0652b73df0c11c	Bacteria	Actinobacteriota	Acidimicrobiia	Microtrichales	Iamiaceae	Iamia	Unclassified	0.977642842
d3f558fad99fac9e741ab25761320d79	Bacteria	Actinobacteriota	Acidimicrobiia	Microtrichales	Iamiaceae	Iamia	Unclassified	0.982083596
40c4eb6c49c923858fe894aa9969cf26	Bacteria	Actinobacteriota	Acidimicrobiia	Microtrichales	Iamiaceae	Iamia	Unclassified	0.977053634
161bac1789673af9782f72896b222258	Bacteria	Actinobacteriota	Acidimicrobiia	uncultured	uncultured	Unclassified	Unclassified	0.831335098
162fc91ef189a797cfdc69e2f8637416	Bacteria	Actinobacteriota	Acidimicrobiia	Microtrichales	NA	Unclassified	Unclassified	0.968896492
a9247e820a584ad57d7be9d410b78862	Bacteria	Actinobacteriota	Acidimicrobiia	NA	NA	Unclassified	Unclassified	0.990729132
3df4bdb0e9c7cb2b73ffe0ffb1d6beab	Bacteria	Actinobacteriota	Acidimicrobiia	NA	NA	Unclassified	Unclassified	0.992573266
46ec6dc42d18c4d2c3598d0bfec00fc9	Bacteria	Actinobacteriota	Acidimicrobiia	NA	NA	Unclassified	Unclassified	0.99643608
7c96418510ada05701be372127172ae0	Bacteria	Actinobacteriota	Acidimicrobiia	NA	NA	Unclassified	Unclassified	0.99348001
da676eef45a68cf694e4a6f3447c50ec	Bacteria	Actinobacteriota	Acidimicrobiia	Microtrichales	NA	Unclassified	Unclassified	0.96973881
4c442c50098f25fb18bb593c43b02f88	Bacteria	Actinobacteriota	Acidimicrobiia	IMCC26256	IMCC26256	IMCC26256	Unclassified	0.913547836
dc5275c4bd5293be1159f9128754cae0	Bacteria	Actinobacteriota	Acidimicrobiia	uncultured	uncultured	Unclassified	uncultured_Acidimicrobiia	0.916948073
e0ce241a7446ee14be712460eed539ee	Bacteria	Actinobacteriota	Acidimicrobiia	Microtrichales	Microtrichaceae	Unclassified	Unclassified	0.757885862
fac9c9f4aa6e8efd93229f1da34b6e21	Bacteria	Actinobacteriota	Acidimicrobiia	Microtrichales	NA	Unclassified	Unclassified	0.899273382
7507a60b9dc500ddb7149600a7d6caf3	Bacteria	Actinobacteriota	Acidimicrobiia	Microtrichales	NA	Unclassified	Unclassified	0.899679633
af462c80b3cfc5a68aad470f5e402072	Bacteria	Actinobacteriota	Acidimicrobiia	Microtrichales	NA	Unclassified	Unclassified	0.856280393
8e10332dcdb9d1dac46d8d2662039ff3	Bacteria	Actinobacteriota	Acidimicrobiia	Microtrichales	NA	Unclassified	Unclassified	0.897924259
c9d2d1583c3110439285e1f42afab3c9	Bacteria	Actinobacteriota	Acidimicrobiia	Microtrichales	NA	Unclassified	Unclassified	0.754417629
b5284485a219102871286f789e902053	Bacteria	Actinobacteriota	Acidimicrobiia	Microtrichales	Ilumatobacteraceae	Unclassified	Unclassified	0.999278699
1672d5e5e2560a280adfbd62ffc886c6	Bacteria	Actinobacteriota	Acidimicrobiia	Microtrichales	Ilumatobacteraceae	Unclassified	Unclassified	0.983451404
33bb6055722451bb82120b5b3eb0c62d	Bacteria	Actinobacteriota	Acidimicrobiia	Microtrichales	Ilumatobacteraceae	CL500-29_marine_group	Unclassified	0.795239166
bad2cfa657add0b5ea024a622543f03f	Bacteria	Actinobacteriota	Acidimicrobiia	Microtrichales	Ilumatobacteraceae	CL500-29_marine_group	metagenome	0.79076629
14869a73e15ed1499dc2a7ea277ea7ba	Bacteria	Actinobacteriota	Acidimicrobiia	Microtrichales	Ilumatobacteraceae	CL500-29_marine_group	Unclassified	0.937264113
fdc351b750d39f11d524ec665e0fc262	Bacteria	Actinobacteriota	Acidimicrobiia	Microtrichales	Ilumatobacteraceae	CL500-29_marine_group	Unclassified	0.958003317
0b5474a58c23499d46dd471ef17ca09a	Bacteria	Actinobacteriota	Acidimicrobiia	Microtrichales	Ilumatobacteraceae	CL500-29_marine_group	Unclassified	0.911201184
514c9840946697e607322e147d5cd633	Bacteria	Actinobacteriota	Acidimicrobiia	Microtrichales	Ilumatobacteraceae	Ilumatobacter	Unclassified	0.935485255
e6b3f85d1a5a984595bfc1be4b05ae33	Bacteria	Actinobacteriota	Acidimicrobiia	Microtrichales	Ilumatobacteraceae	Ilumatobacter	Unclassified	0.945775553
b3c3b05c6e732c561f21bf70a7a6fd1c	Bacteria	Actinobacteriota	Acidimicrobiia	Microtrichales	Ilumatobacteraceae	Ilumatobacter	Unclassified	0.945789432
744224d10595f039ff6ff566598daeab	Bacteria	Actinobacteriota	Acidimicrobiia	Microtrichales	Ilumatobacteraceae	Ilumatobacter	Unclassified	0.892435448
1364eee199775875f187771ccfd6cb17	Bacteria	Bacteroidota	Bacteroidia	Flavobacteriales	Flavobacteriaceae	Flavobacterium	Unclassified	0.700111623
922ee713101ff04623e2e6b3e3d6ffb6	Bacteria	Actinobacteriota	Acidimicrobiia	Microtrichales	Ilumatobacteraceae	Unclassified	Unclassified	0.995126285
009caf4563a5cfd526bfa53158cf983c	Bacteria	Actinobacteriota	Acidimicrobiia	Microtrichales	Ilumatobacteraceae	Unclassified	Unclassified	0.827707504
42b93bae477ba5fb2f89eb5f51d0ad25	Bacteria	Actinobacteriota	Acidimicrobiia	Microtrichales	Ilumatobacteraceae	Unclassified	Unclassified	0.834160906
b88df0a19ba4a10252a1dd9904c133db	Bacteria	Actinobacteriota	Acidimicrobiia	Microtrichales	uncultured	Unclassified	Unclassified	0.891347007
a8d4505c8fc36926276b6e19877cf762	Bacteria	Actinobacteriota	Acidimicrobiia	Microtrichales	NA	Unclassified	Unclassified	0.896258026
852b502d41b1911200de8011f8ae0a9c	Bacteria	Actinobacteriota	Acidimicrobiia	Microtrichales	NA	Unclassified	Unclassified	0.811502993
f91c04f63331e0fe6e5a765293b7d694	Bacteria	Actinobacteriota	Acidimicrobiia	Microtrichales	NA	Unclassified	Unclassified	0.860925677
2291b646982329b4bbb54e093525e97e	Bacteria	Actinobacteriota	Acidimicrobiia	Microtrichales	NA	Unclassified	Unclassified	0.816521103
69a4c8eb75194a9677002ad06d715838	Bacteria	Actinobacteriota	Acidimicrobiia	Microtrichales	NA	Unclassified	Unclassified	0.892324599
88339a8f752b78a0d7c2b7b966f4b014	Bacteria	Actinobacteriota	Acidimicrobiia	Microtrichales	NA	Unclassified	Unclassified	0.908214727
3011c990c1e5b1b9efbfc2075977a140	Bacteria	Actinobacteriota	Acidimicrobiia	Microtrichales	NA	Unclassified	Unclassified	0.886848128
c42e3ce381eb1997f16c8fa3f93a8b64	Bacteria	Actinobacteriota	Acidimicrobiia	Microtrichales	NA	Unclassified	Unclassified	0.901646198
908264109f07e2bd93fff70b0cf66f7d	Bacteria	Actinobacteriota	Acidimicrobiia	NA	NA	Unclassified	Unclassified	0.986438755
680b757157965dde0210320877497096	Bacteria	Actinobacteriota	Acidimicrobiia	Microtrichales	Ilumatobacteraceae	CL500-29_marine_group	Unclassified	0.986733255
9870fa5f7a3214cf62fb6363587b4674	Bacteria	Actinobacteriota	Acidimicrobiia	Microtrichales	Ilumatobacteraceae	CL500-29_marine_group	metagenome	0.850393007
2b3ce4221589c5683868bc0191e748bd	Bacteria	Actinobacteriota	Acidimicrobiia	Microtrichales	Ilumatobacteraceae	CL500-29_marine_group	metagenome	0.890548962
ed9c03c74ceacea8487ae98db1a3312b	Bacteria	Actinobacteriota	Acidimicrobiia	Microtrichales	uncultured	Unclassified	Unclassified	0.780891166
e39478b4b163fc7a4b7a170120cdde78	Bacteria	Actinobacteriota	Acidimicrobiia	Microtrichales	uncultured	Unclassified	Unclassified	0.788315433
f173b21513877d8e3790c0bf3f8ff25e	Bacteria	Actinobacteriota	Acidimicrobiia	Microtrichales	Ilumatobacteraceae	Unclassified	Unclassified	0.82739748
99fa89c13855476326fccd22dee54bd4	Bacteria	Actinobacteriota	Acidimicrobiia	Microtrichales	Ilumatobacteraceae	Unclassified	metagenome	0.897904298
c47a7be0d16f1a88f48780487ce719b2	Bacteria	Actinobacteriota	Acidimicrobiia	Microtrichales	Ilumatobacteraceae	Unclassified	metagenome	0.88345469
eb93196f326026103525bc9577fbbe2e	Bacteria	Actinobacteriota	Actinobacteria	Micrococcales	Microbacteriaceae	Curtobacterium	Unclassified	0.999370213
8def201eed6ecd4c5e470bedd1fea778	Bacteria	Actinobacteriota	Actinobacteria	Micrococcales	Microbacteriaceae	Curtobacterium	Unclassified	0.998141129
d366c1ec7f1a8a2db72425bf330b7a48	Bacteria	Actinobacteriota	Actinobacteria	Micrococcales	Microbacteriaceae	Leifsonia	Unclassified	0.948011731
d7e4b66be3171d372874cd09b2044ad6	Bacteria	Actinobacteriota	Actinobacteria	Micrococcales	Microbacteriaceae	Lysinimonas	Unclassified	0.754471106
79d97970e7e879693a3665a5a27477f9	Bacteria	Actinobacteriota	Actinobacteria	Micrococcales	Microbacteriaceae	Unclassified	Unclassified	0.996237656
c9e3da59abcdc9782a2d7d1c1417114e	Bacteria	Actinobacteriota	Actinobacteria	Micrococcales	Microbacteriaceae	Agromyces	Unclassified	0.98998063
f603d924a5f604b617cc2ebed8f5bcb7	Bacteria	Actinobacteriota	Actinobacteria	Micrococcales	Microbacteriaceae	Agromyces	Unclassified	0.999830965
0df2a6eca8a0061d7fa3df12d67c15ff	Bacteria	Actinobacteriota	Actinobacteria	Micrococcales	Microbacteriaceae	Agromyces	Unclassified	0.999730895
ca5121e72d4746f088497ba54b9957a3	Bacteria	Actinobacteriota	Actinobacteria	Micrococcales	Microbacteriaceae	Agromyces	Unclassified	0.999556045
c87843e446184cf5d3fa28aef330c910	Bacteria	Actinobacteriota	Actinobacteria	Micrococcales	Microbacteriaceae	Agromyces	Unclassified	0.99954407
7eaff1b18b03d80dc9dbbccf391b1d31	Bacteria	Actinobacteriota	Actinobacteria	Micrococcales	Microbacteriaceae	Agromyces	Unclassified	0.999390581
9e53e426e01d60333f53dc80c4f9e427	Bacteria	Actinobacteriota	Actinobacteria	Micrococcales	Microbacteriaceae	Agromyces	Unclassified	0.998552082
f6b4704ddb6bd5c83608e612d4812b27	Bacteria	Actinobacteriota	Actinobacteria	Micrococcales	Microbacteriaceae	Agromyces	Unclassified	0.998508531
e9f7836035df87c6f39ec31d7a6ea5eb	Bacteria	Actinobacteriota	Actinobacteria	Micrococcales	Microbacteriaceae	Agromyces	Unclassified	0.999125315
c81bcaaa623fc50804269488a385dc88	Bacteria	Actinobacteriota	Actinobacteria	Micrococcales	Microbacteriaceae	Agromyces	Unclassified	0.999136625
74ccce747bfdc1df10edc331c418f9fa	Bacteria	Actinobacteriota	Actinobacteria	Micrococcales	Microbacteriaceae	Agromyces	Unclassified	0.995100996
13213dde858f19a210a6b05120a00ff5	Bacteria	Actinobacteriota	Actinobacteria	Micrococcales	Microbacteriaceae	Agromyces	Unclassified	0.99781069
613d42996755c2b03a5ba0e44e06e47d	Bacteria	Actinobacteriota	Actinobacteria	Micrococcales	Microbacteriaceae	Agromyces	Agromyces_ramosus	0.796765867
0a2f8137c529e25c69ba90c89f178660	Bacteria	Actinobacteriota	Actinobacteria	Micrococcales	Microbacteriaceae	Agromyces	Unclassified	0.999252049
37f210b89a5595a796871eb756d3e245	Bacteria	Actinobacteriota	Actinobacteria	Micrococcales	Microbacteriaceae	Agromyces	Unclassified	0.999142119
d1fa5b34b8fc8349e7f1a5fcc3422d26	Bacteria	Actinobacteriota	Actinobacteria	Micrococcales	Microbacteriaceae	Agromyces	Unclassified	0.999583215
0b7b5cafaf250da0178e9f7481aeedeb	Bacteria	Actinobacteriota	Actinobacteria	Micrococcales	Microbacteriaceae	Agromyces	Unclassified	0.999424041
3ad2ceedf66f9ee138f9626ac7eedec1	Bacteria	Actinobacteriota	Actinobacteria	Micrococcales	Microbacteriaceae	Agromyces	Unclassified	0.999601327
8dfc9d8385ba5bf575a06d3ca15ae61d	Bacteria	Actinobacteriota	Actinobacteria	Micrococcales	Microbacteriaceae	Agromyces	Agromyces_atrinae	0.814389998
191e06b2276cde0bc283b9be813f2394	Bacteria	Actinobacteriota	Actinobacteria	Micrococcales	Microbacteriaceae	Agromyces	Agromyces_atrinae	0.74677113
7ee6286977f45ca45f27188b69e89fdf	Bacteria	Actinobacteriota	Actinobacteria	Streptosporangiales	Streptosporangiaceae	Nonomuraea	Nonomuraea_flavida	0.930326484
ef880d474c073b565ff1ab4710306e5d	Bacteria	Actinobacteriota	Actinobacteria	Frankiales	Frankiaceae	Unclassified	Unclassified	0.817634244
2b6eaa3fdeaa92f5e93731ef57375b7f	Bacteria	Actinobacteriota	Actinobacteria	Frankiales	Sporichthyaceae	Unclassified	Unclassified	0.936546452
4f4812c6b53c29262d29e255bf061a1e	Bacteria	Actinobacteriota	Actinobacteria	Frankiales	Sporichthyaceae	Unclassified	uncultured_bacterium	0.936038746
fb3fbae098c07c07b40680c29a4f4cfb	Bacteria	Actinobacteriota	Actinobacteria	Frankiales	Sporichthyaceae	Unclassified	Unclassified	0.853274194
05e80c0bfbed211e0e05b871092add93	Bacteria	Actinobacteriota	Actinobacteria	Frankiales	Sporichthyaceae	Unclassified	Unclassified	0.926826954
73f7521ce36b8a28db44c686a11fd4b6	Bacteria	Actinobacteriota	Actinobacteria	Pseudonocardiales	Pseudonocardiaceae	Pseudonocardia	Unclassified	0.999315725
1c6893fc9fa0329f69456959e80b57bc	Bacteria	Actinobacteriota	Actinobacteria	Pseudonocardiales	Pseudonocardiaceae	Pseudonocardia	Unclassified	0.994105895
dbff2c5b3010277dae356d217c3b16e8	Bacteria	Actinobacteriota	Actinobacteria	NA	NA	Unclassified	Unclassified	0.966681657
e766ef56b8b4d2d309c9151baa606e3a	Bacteria	Actinobacteriota	Actinobacteria	Streptosporangiales	Thermomonosporaceae	Actinocorallia	Unclassified	0.871636505
4620f5528e946fe9fb7778a77db9ca9f	Bacteria	Actinobacteriota	Actinobacteria	Catenulisporales	Actinospicaceae	Actinospica	Unclassified	0.999969595
5a13a9469fd19c4055a87daecedcf8d8	Bacteria	Actinobacteriota	Actinobacteria	Streptosporangiales	Nocardiopsaceae	Thermobifida	Thermobifida_fusca	0.877574481
7e16f67987a3365363c62edaf48c9b9c	Bacteria	Actinobacteriota	Actinobacteria	Frankiales	Sporichthyaceae	Sporichthya	Unclassified	0.995113985
4b7ade48935597ce9283d96417fa3c78	Bacteria	Actinobacteriota	Actinobacteria	Pseudonocardiales	Pseudonocardiaceae	Saccharopolyspora	Saccharopolyspora_hordei	0.75655916
f4123bb028ae2852c2dcfbe8b7e98456	Bacteria	Actinobacteriota	Actinobacteria	Kineosporiales	Kineosporiaceae	Quadrisphaera	Unclassified	0.99844062
16af73da4d8f768ea816e048fde9ff37	Bacteria	Actinobacteriota	Actinobacteria	Frankiales	Geodermatophilaceae	Blastococcus	Unclassified	0.90706454
fb876fe41041ef1f488dd743b9b13f35	Bacteria	Actinobacteriota	Actinobacteria	Frankiales	Geodermatophilaceae	Blastococcus	Unclassified	0.964259427
b22d0bf2e90730f755d9e2b975a90197	Bacteria	Actinobacteriota	Actinobacteria	Frankiales	Geodermatophilaceae	Blastococcus	Unclassified	0.957515983
198b4bfa03f0e9ee3be2b1ac0feb5671	Bacteria	Actinobacteriota	Actinobacteria	Frankiales	Geodermatophilaceae	Blastococcus	Unclassified	0.93905191
f409e3df93983dcf833de277eaeb6680	Bacteria	Actinobacteriota	Actinobacteria	Frankiales	Geodermatophilaceae	Blastococcus	Unclassified	0.971479377
b3b0ae6aa74077e84d93701cd29fe4f6	Bacteria	Actinobacteriota	Actinobacteria	Frankiales	Geodermatophilaceae	Blastococcus	Unclassified	0.96122882
54d10b777eda6224f0be9f95be69728d	Bacteria	Actinobacteriota	Actinobacteria	Frankiales	Geodermatophilaceae	Blastococcus	Unclassified	0.977697536
8f12f0d5b68197b9309973644172eaef	Bacteria	Actinobacteriota	Actinobacteria	Frankiales	Geodermatophilaceae	Blastococcus	Unclassified	0.84036427
bec38de9544985c0bbd20f2d83d5798e	Bacteria	Actinobacteriota	Actinobacteria	Frankiales	Geodermatophilaceae	Blastococcus	Unclassified	0.873183917
e247a256ac6989b7fd22acbaf7c19115	Bacteria	Actinobacteriota	Actinobacteria	Frankiales	Geodermatophilaceae	Blastococcus	Unclassified	0.876829813
eee2998661085b332fe900a43e3806d5	Bacteria	Actinobacteriota	Actinobacteria	Frankiales	Geodermatophilaceae	Blastococcus	Unclassified	0.786424207
657c132225ddb640e0d07f4828dbc829	Bacteria	Actinobacteriota	Actinobacteria	Frankiales	Geodermatophilaceae	Blastococcus	Unclassified	0.810477788
3aa4cbc7267be484229ea817143d8945	Bacteria	Actinobacteriota	Actinobacteria	Frankiales	Geodermatophilaceae	Blastococcus	Unclassified	0.867272223
1aae2419b45d30d127c83940795c94c7	Bacteria	Actinobacteriota	Actinobacteria	Frankiales	Geodermatophilaceae	Blastococcus	Unclassified	0.793860853
65d5417d65bac4084142544897253790	Bacteria	Actinobacteriota	Actinobacteria	Frankiales	Geodermatophilaceae	Blastococcus	Unclassified	0.863482367
98ffcb8b6f92d7a628f9ce15073334f6	Bacteria	Actinobacteriota	Actinobacteria	Frankiales	Geodermatophilaceae	Blastococcus	Unclassified	0.886159757
8fb070650959ef489641e77ead0acb6b	Bacteria	Actinobacteriota	Actinobacteria	Frankiales	Geodermatophilaceae	Blastococcus	Unclassified	0.86954052
3cf7b5e36717c508b9d7b20c39097076	Bacteria	Actinobacteriota	Actinobacteria	Kineosporiales	Kineosporiaceae	Kineosporia	uncultured_bacterium	0.921047623
64ff7f1f54cd66c4817ecb60ed37c66b	Bacteria	Actinobacteriota	Actinobacteria	Streptomycetales	Streptomycetaceae	Streptomyces	Unclassified	0.973901097
ed21559bcb0280ddf6b56e45d8370b66	Bacteria	Actinobacteriota	Actinobacteria	Propionibacteriales	Nocardioidaceae	Unclassified	Unclassified	0.992573277
e737caab3480e36392352a15cc94f6ba	Bacteria	Actinobacteriota	Actinobacteria	Propionibacteriales	Nocardioidaceae	Kribbella	Unclassified	0.872955661
c22404039a7d414a3835050c22659c70	Bacteria	Actinobacteriota	Actinobacteria	Propionibacteriales	Nocardioidaceae	Kribbella	Unclassified	0.99927025
7cbc5063db8c327159c7a929127a6f45	Bacteria	Actinobacteriota	Actinobacteria	Propionibacteriales	Nocardioidaceae	Kribbella	Unclassified	0.999191359
a7e3c1a0350d690aaee3498b9f42c513	Bacteria	Actinobacteriota	Actinobacteria	Propionibacteriales	Nocardioidaceae	Kribbella	Kribbella_deserti	0.785098175
fd76272a1a2e47d4d186452ea56dc21f	Bacteria	Actinobacteriota	Actinobacteria	Frankiales	NA	Unclassified	Unclassified	0.945376239
5aa0c13f5a242c4928a5c3195a86bb9f	Bacteria	Actinobacteriota	Actinobacteria	Frankiales	Sporichthyaceae	Unclassified	uncultured_bacterium	0.970130411
d94fb779180fd054e52ef02a14780502	Bacteria	Actinobacteriota	Actinobacteria	Frankiales	Geodermatophilaceae	Geodermatophilus	Unclassified	0.769985036
b4dcbca34a9d1096c6e89bc5174725bb	Bacteria	Actinobacteriota	Actinobacteria	Frankiales	Geodermatophilaceae	Geodermatophilus	Unclassified	0.859443981
7b7d31483d4ffaff317626680077aed9	Bacteria	Actinobacteriota	Actinobacteria	Frankiales	Geodermatophilaceae	Klenkia	Unclassified	0.991495347
c605566635eeb60296f74ec6973a8616	Bacteria	Actinobacteriota	Actinobacteria	Pseudonocardiales	Pseudonocardiaceae	Pseudonocardia	Unclassified	0.99881958
0a006ae00c4f9526f230d699b5755131	Bacteria	Actinobacteriota	Actinobacteria	Streptosporangiales	Thermomonosporaceae	Actinocorallia	Unclassified	0.791050668
e9ac1de38e6f50638b7cac5b69877368	Bacteria	Actinobacteriota	Actinobacteria	Micromonosporales	Micromonosporaceae	Unclassified	Unclassified	0.998912369
9b4737209a0f9805a534ddaf248c54eb	Bacteria	Actinobacteriota	Actinobacteria	Frankiales	Nakamurellaceae	Nakamurella	uncultured_Nakamurellaceae	0.727761992
02a61165247143a069bc9c67c75cb91e	Bacteria	Actinobacteriota	Actinobacteria	Frankiales	Nakamurellaceae	Nakamurella	Unclassified	0.999372846
aa24c5207661bf9874fb88fe24b64146	Bacteria	Actinobacteriota	Actinobacteria	Propionibacteriales	Propionibacteriaceae	Unclassified	Unclassified	0.749868102
fb6bf6dbcd5b14f333553cff7990aee1	Bacteria	Actinobacteriota	Actinobacteria	Propionibacteriales	Propionibacteriaceae	Unclassified	Unclassified	0.761500043
e659a7f3abc1cde7ef1c6d73d439bbaf	Bacteria	Actinobacteriota	Actinobacteria	Pseudonocardiales	Pseudonocardiaceae	Kibdelosporangium	Kibdelosporangium_lantanae	0.832037075
70f78dfb0dc2a2a072058c767865bbed	Bacteria	Actinobacteriota	Actinobacteria	Frankiales	Nakamurellaceae	Nakamurella	uncultured_Nakamurellaceae	0.716861932
4be85c2d49af8618db926aa19a775fda	Bacteria	Actinobacteriota	Actinobacteria	Streptosporangiales	Thermomonosporaceae	Unclassified	Unclassified	0.99995224
41896afe245e4ff0d2ec80760c3ec091	Bacteria	Actinobacteriota	Actinobacteria	Micrococcales	Intrasporangiaceae	Ornithinimicrobium	Unclassified	0.988403046
8201e18a61848b70dfdf0665ec044ebc	Bacteria	Actinobacteriota	Actinobacteria	Micrococcales	Intrasporangiaceae	Ornithinimicrobium	Unclassified	0.989621252
52cdb8d16c59ac0c4d28a459377ffcd9	Bacteria	Actinobacteriota	Actinobacteria	Frankiales	Frankiaceae	Jatrophihabitans	Frankiales_bacterium	0.859911121
1391ac9a4c65b95ee3efbf93d2ffc355	Bacteria	Actinobacteriota	Actinobacteria	Frankiales	Frankiaceae	Jatrophihabitans	Frankiales_bacterium	0.949733345
5c24cc8ea2d14ecc91f05df9737dd6b9	Bacteria	Actinobacteriota	Actinobacteria	Frankiales	NA	Unclassified	Unclassified	0.928333644
2b3862c0a24400451c64336931c9bf89	Bacteria	Proteobacteria	Alphaproteobacteria	NA	NA	Unclassified	Unclassified	0.865753828
4d3fe81a11ed902c60304ed91e358b68	Bacteria	Actinobacteriota	Acidimicrobiia	Microtrichales	Ilumatobacteraceae	Unclassified	Unclassified	0.947803361
2ce89edd64762600c21cd5cfcef185cc	Bacteria	Actinobacteriota	Acidimicrobiia	Microtrichales	Ilumatobacteraceae	Unclassified	uncultured_bacterium	0.737381945
36ea84a2d079b345660598df9598716a	Bacteria	Actinobacteriota	Acidimicrobiia	NA	NA	Unclassified	Unclassified	0.992625966
cbd8474ce9d0a921d1e72571a25a1517	Bacteria	Actinobacteriota	Acidimicrobiia	Microtrichales	NA	Unclassified	Unclassified	0.847403473
a7b35645cb61d74019e152a7c7f339bd	Bacteria	Actinobacteriota	Acidimicrobiia	Microtrichales	Iamiaceae	Iamia	uncultured_Acidimicrobiales	0.731645015
492f71da5b0f8cff485eccd4a6ce67a2	Bacteria	Actinobacteriota	Acidimicrobiia	Microtrichales	Iamiaceae	Iamia	Unclassified	0.994584719
d45bc155720d9c5088dcb5ac9060be0f	Bacteria	Actinobacteriota	Acidimicrobiia	Microtrichales	Iamiaceae	Iamia	Unclassified	0.996836817
f855c4e14045c23cdf4884f5b1a067d7	Bacteria	Actinobacteriota	Acidimicrobiia	Microtrichales	Iamiaceae	Iamia	Unclassified	0.978814677
ac595d4fb866d09fb6c9a59a931aeaa6	Bacteria	Actinobacteriota	Acidimicrobiia	Microtrichales	NA	Unclassified	Unclassified	0.893892045
8720416a849bec48e24f4191cf1d1539	Bacteria	Actinobacteriota	Acidimicrobiia	Microtrichales	Iamiaceae	Iamia	Unclassified	0.992032852
7676f4f1d09d231dbba72c77ff40c42b	Bacteria	NB1-j	NB1-j	NB1-j	NB1-j	NB1-j	uncultured_Desulfoglaeba	0.9358979
1efc1e95a37b8ff0d246bd510f18fb79	Bacteria	NB1-j	NB1-j	NB1-j	NB1-j	NB1-j	uncultured_Desulfoglaeba	0.964939418
ec814b8dfe3bd845053a3ca8acd2fe80	Bacteria	Proteobacteria	Alphaproteobacteria	Sphingomonadales	Sphingomonadaceae	Unclassified	Unclassified	0.838575881
93ff36b50c045055c603506aff02b120	Bacteria	Bdellovibrionota	Oligoflexia	0319-6G20	0319-6G20	0319-6G20	uncultured_bacterium	0.716682493
06b15728dcc76eacdfc679c884a609ae	Bacteria	Bacteroidota	Bacteroidia	Flavobacteriales	Crocinitomicaceae	Fluviicola	Unclassified	0.999963789
0d3113fadb60f34642f891f3dd9b79f5	Bacteria	Bdellovibrionota	Oligoflexia	0319-6G20	0319-6G20	0319-6G20	uncultured_Roseobacter	0.908021037
15d36b485970d64a89dad68f4492c9bf	Bacteria	Bdellovibrionota	Oligoflexia	0319-6G20	0319-6G20	0319-6G20	uncultured_Roseobacter	0.992158014
c729dee85b76bac444ba7ebe344a258c	Bacteria	Bdellovibrionota	Oligoflexia	0319-6G20	0319-6G20	0319-6G20	uncultured_Roseobacter	0.99673808
8489abc01ce35809fa95e5bb662d4819	Bacteria	Bdellovibrionota	Oligoflexia	0319-6G20	0319-6G20	0319-6G20	uncultured_Roseobacter	0.998616195
a2f0d6c3987606bca888db225b48ec20	Bacteria	Patescibacteria	Saccharimonadia	Saccharimonadales	Saccharimonadales	Saccharimonadales	Unclassified	0.989931775
eda67c4a666fdb416cf3b4f7abec96b2	Bacteria	Patescibacteria	Gracilibacteria	NA	NA	Unclassified	Unclassified	0.994779004
3670e4b838b72d01b03bcea92ee0f537	Bacteria	Proteobacteria	Gammaproteobacteria	NA	NA	Unclassified	Unclassified	0.999536716
059a7369893efabb4d76f7b0fe35c0c5	Bacteria	Proteobacteria	Gammaproteobacteria	NA	NA	Unclassified	Unclassified	0.999026963
acb07012051c66d2807164ca1f7853fc	Bacteria	Proteobacteria	Gammaproteobacteria	NA	NA	Unclassified	Unclassified	0.999119822
9db8fe2c99d882704904d04f5a4f6c23	Bacteria	Proteobacteria	Gammaproteobacteria	Gammaproteobacteria_Incertae_Sedis	Unknown_Family	Unclassified	Unclassified	0.715875187
fd031423db5f385d89492211d5012a6d	Bacteria	Proteobacteria	Alphaproteobacteria	Rhodobacterales	Rhodobacteraceae	Amaricoccus	uncultured_bacterium	0.793102157
f2f6aa6b72bd89dafa5d18a218f6d2ea	Bacteria	Proteobacteria	Alphaproteobacteria	Rhodobacterales	Rhodobacteraceae	Amaricoccus	uncultured_bacterium	0.872365259
c32e8a22014c185175273b9cb6f784d8	Bacteria	Proteobacteria	Alphaproteobacteria	Rhodobacterales	Rhodobacteraceae	Amaricoccus	uncultured_bacterium	0.847769971
5d475ec043842501408b0a4b580de006	Bacteria	Proteobacteria	Alphaproteobacteria	Rhodobacterales	Rhodobacteraceae	Amaricoccus	uncultured_bacterium	0.768561885
0c2994c3ccd79e95c6e59de5c62e5ddc	Bacteria	Proteobacteria	Alphaproteobacteria	Rhodobacterales	Rhodobacteraceae	Amaricoccus	uncultured_bacterium	0.842379073
5d0923dcebbd4cd58e52f8c24f2a4a51	Bacteria	Proteobacteria	Alphaproteobacteria	Rhizobiales	Rhizobiaceae	Mesorhizobium	Aquamicrobium_aerolatum	0.772122349
fb40246806040289f5e36ba7666234e4	Bacteria	Proteobacteria	Alphaproteobacteria	Rhizobiales	Rhizobiaceae	Unclassified	Unclassified	0.996592206
fd9ce69636c4fc409e859826a3d0a3aa	Bacteria	Proteobacteria	Alphaproteobacteria	Rhizobiales	Rhizobiaceae	Mesorhizobium	Unclassified	0.82864579
36df077bbc48ffa634b546227df54346	Bacteria	Proteobacteria	Alphaproteobacteria	Rhizobiales	Rhizobiaceae	Unclassified	Unclassified	0.993350431
a85234cefa76f60fb96c2218f2a6f23b	Bacteria	Proteobacteria	Alphaproteobacteria	Rhizobiales	Rhizobiaceae	Unclassified	Unclassified	0.801997959
62fabfcf37c88b7f066072ae4b3436c2	Bacteria	Proteobacteria	Alphaproteobacteria	Rhizobiales	Rhizobiaceae	Phyllobacterium	Unclassified	0.998212133
17bab0976460b728a353a946e2e53c8f	Bacteria	Proteobacteria	Alphaproteobacteria	Rhizobiales	Rhizobiaceae	Phyllobacterium	Unclassified	0.997489431
a932d522229764b9a9595f8dbef52adf	Bacteria	Proteobacteria	Alphaproteobacteria	Rhizobiales	Devosiaceae	Devosia	Unclassified	0.99868108
6321d2aed9b1b2e72e2d2e02ebc638dc	Bacteria	Proteobacteria	Alphaproteobacteria	Rhizobiales	Devosiaceae	Devosia	Unclassified	0.99911919
f4a9f1fcbc84b1680cc6f6458b737980	Bacteria	Proteobacteria	Alphaproteobacteria	Rhizobiales	Devosiaceae	Devosia	Unclassified	0.992975949
a3147c993dff80e14c5ced7e26dfa8e1	Bacteria	Proteobacteria	Alphaproteobacteria	Rhizobiales	Devosiaceae	Devosia	Unclassified	0.998772407
58f07dcb06725a58cc3fe6b0124c083d	Bacteria	Bdellovibrionota	Bdellovibrionia	Bdellovibrionales	Bdellovibrionaceae	OM27_clade	Unclassified	0.700650791
c3f6f160c106d723b15ae4db0ec1fa9e	Bacteria	Proteobacteria	Alphaproteobacteria	Rhizobiales	NA	Unclassified	Unclassified	0.790138547
1f2be6056ce9f62754e53a0e30b94c3c	Bacteria	Proteobacteria	Alphaproteobacteria	Rhizobiales	Devosiaceae	Devosia	Devosia_yakushimensis	0.776349759
77757f60d9a996736963320f8fb1c0f2	Bacteria	Proteobacteria	Alphaproteobacteria	Rhizobiales	Devosiaceae	Devosia	Unclassified	0.961327279
ef7ed5c71e2529a6364c5d583c3fe126	Bacteria	Proteobacteria	Alphaproteobacteria	Rhizobiales	Devosiaceae	Devosia	Unclassified	0.992313938
337994750ab7d7b7e3a89c1680080d77	Bacteria	Proteobacteria	Alphaproteobacteria	Rhizobiales	Devosiaceae	Devosia	Unclassified	0.996433751
a26c012db85422071fc3dc09c5671df5	Bacteria	Proteobacteria	Alphaproteobacteria	Rhizobiales	Devosiaceae	Devosia	Unclassified	0.997442829
c7f69bb217e0481c9245fab81d22aa2d	Bacteria	Proteobacteria	Alphaproteobacteria	Rhizobiales	Devosiaceae	Devosia	Unclassified	0.964766363
1f0b63508ce3cc0eb34d2494452c6fb5	Bacteria	Proteobacteria	Alphaproteobacteria	Rhizobiales	Devosiaceae	Devosia	Unclassified	0.978759392
9fcc527214e91f8b567a37cc19b9cda5	Bacteria	Proteobacteria	Alphaproteobacteria	Rhizobiales	Devosiaceae	Devosia	Unclassified	0.976505884
aa72265c383cf20735d35c7028b1238b	Bacteria	Proteobacteria	Alphaproteobacteria	Rhizobiales	Devosiaceae	Devosia	Unclassified	0.965270732
78cb8bc9755053f9370fac0e31e7107f	Bacteria	Proteobacteria	Alphaproteobacteria	Rhizobiales	Devosiaceae	Devosia	Unclassified	0.992071618
11f11760336f044687042fa02fab82b1	Bacteria	Proteobacteria	Alphaproteobacteria	Rhizobiales	Devosiaceae	Devosia	Unclassified	0.963267595
23e16937e90d68bbb86e92af488dbab3	Bacteria	Proteobacteria	Alphaproteobacteria	Rhizobiales	Devosiaceae	Devosia	Unclassified	0.986079639
97dad603e2ef33d523d95a8feb507565	Bacteria	NA	NA	NA	NA	Unclassified	Unclassified	0.999999303
f84c7e631e11e805ba0429b0d7b96753	Bacteria	Proteobacteria	Alphaproteobacteria	Rhizobiales	NA	Unclassified	Unclassified	0.771716547
6fc54c3c51b91584976d32e611287451	Bacteria	Proteobacteria	Alphaproteobacteria	Rhizobiales	NA	Unclassified	Unclassified	0.805370715
78d7f9298a7d772e33bc631a8ecccdc2	Bacteria	NA	NA	NA	NA	Unclassified	Unclassified	0.999999981
70b5aab856143e43781e9a6ea2621977	Bacteria	Proteobacteria	Alphaproteobacteria	Rhizobiales	Devosiaceae	Devosia	Unclassified	0.960941937
ddddeb9bbaaed293c5cfb09a99eac7ed	Bacteria	Proteobacteria	Alphaproteobacteria	Rhizobiales	Devosiaceae	Devosia	Unclassified	0.964838067
4dba46ef4c4a1dcf3fc11bba7ab66526	Bacteria	NA	NA	NA	NA	Unclassified	Unclassified	0.999999977
1849d62b097940478a0a098e04daef15	Bacteria	Proteobacteria	Alphaproteobacteria	Rhizobiales	Devosiaceae	Devosia	unidentified_eubacterium	0.786940073
11ad5e9191004b7ff212c542d59cdeec	Bacteria	Proteobacteria	Alphaproteobacteria	Rhizobiales	Devosiaceae	Devosia	Unclassified	0.954894904
1ce23b94b0bb3da6d151fab8a5941838	Bacteria	Proteobacteria	Alphaproteobacteria	Rhizobiales	Devosiaceae	Devosia	Unclassified	0.992708475
3a089565bf29d98fc6769373ec0c7b8b	Bacteria	Proteobacteria	Alphaproteobacteria	Rhizobiales	Devosiaceae	Devosia	Unclassified	0.993245907
4a9467eee663d5987e801b9dcb327821	Bacteria	Proteobacteria	Alphaproteobacteria	Rhizobiales	Devosiaceae	Devosia	Unclassified	0.998119508
4acd689898d7ef45e69580c2d4470f4f	Bacteria	Proteobacteria	Alphaproteobacteria	Rhizobiales	Devosiaceae	Devosia	Unclassified	0.955430968
4bb0d4848817875031f09c3c65246ca0	Bacteria	Proteobacteria	Alphaproteobacteria	Rhizobiales	Devosiaceae	Devosia	Unclassified	0.972449727
47968ffcc94428f88d212d44964f7b6d	Bacteria	Proteobacteria	Alphaproteobacteria	Rhizobiales	Devosiaceae	Devosia	Unclassified	0.998654764
acc81d31f4e5c5f7e99ac87eddd21218	Bacteria	Proteobacteria	Alphaproteobacteria	Rhizobiales	Devosiaceae	Devosia	Unclassified	0.995513014
9435eb6cbcac9adec2e017813f06c335	Bacteria	Proteobacteria	Alphaproteobacteria	Rhizobiales	Devosiaceae	Devosia	Unclassified	0.991491311
46acfb9d520fc73f7f434d3b7d71b67e	Bacteria	Proteobacteria	Alphaproteobacteria	Rhizobiales	Devosiaceae	Devosia	Unclassified	0.999712707
049cba11bf8b7b09fcd6d1347dfd7a8c	Bacteria	Proteobacteria	Alphaproteobacteria	Rhizobiales	Devosiaceae	Devosia	Unclassified	0.999331226
c88316eb2d32c9645f501add21b7c48d	Bacteria	Proteobacteria	Alphaproteobacteria	Rhizobiales	Devosiaceae	Devosia	Unclassified	0.998829634
7db013febaaaf36a3933a5e06bbdfddb	Bacteria	Proteobacteria	Alphaproteobacteria	Rhizobiales	Devosiaceae	Devosia	Unclassified	0.998167245
8a6d7d021b2501855392c5cae8144fb4	Bacteria	Proteobacteria	Alphaproteobacteria	Rhizobiales	Devosiaceae	Devosia	Unclassified	0.996231986
d4ab4a979aedf8945c9cb41fea68de52	Bacteria	Proteobacteria	Alphaproteobacteria	Rhizobiales	Devosiaceae	Devosia	Unclassified	0.993419043
af3e3a36185b1cd2d6e4afd38855c1d2	Bacteria	Proteobacteria	Alphaproteobacteria	Rhizobiales	Devosiaceae	Devosia	Devosia_riboflavina	0.805293946
39a84cc0d15cab7a8b63a56eaa79616d	Bacteria	Proteobacteria	Alphaproteobacteria	Rhizobiales	Devosiaceae	Devosia	Unclassified	0.997003315
305029ea1be774863c6f40a73bedaa51	Bacteria	Proteobacteria	Alphaproteobacteria	Rhizobiales	Devosiaceae	Devosia	Unclassified	0.99711475
fb4f6ea3fa1c019d154386076e47415e	Bacteria	Proteobacteria	Alphaproteobacteria	Rhizobiales	Devosiaceae	Devosia	Unclassified	0.997927836
a28272f99dc43240930a66bcb4a779bd	Bacteria	Proteobacteria	Alphaproteobacteria	Rhizobiales	NA	Unclassified	Unclassified	0.774125727
21b919083857718f25e9c5f971247727	Bacteria	Proteobacteria	Alphaproteobacteria	Rhizobiales	Rhizobiaceae	Chelativorans	uncultured_Alphaproteobacteria	0.842911688
a6f92e719a0724c516700505935d35fb	Bacteria	Proteobacteria	Alphaproteobacteria	Rhizobiales	Devosiaceae	Devosia	Unclassified	0.98167725
712957a15c586ad94fabceafb1e2297e	Bacteria	Proteobacteria	Alphaproteobacteria	Rhizobiales	Devosiaceae	Devosia	Unclassified	0.992056833
0256a9802474da99cbe8f8e06865ec4d	Bacteria	Proteobacteria	Alphaproteobacteria	Rhizobiales	Devosiaceae	Devosia	Unclassified	0.998413889
742f745433f235b6bbc2d4ea91deff69	Bacteria	Proteobacteria	Alphaproteobacteria	Rhizobiales	Devosiaceae	Devosia	Unclassified	0.998896292
714803f3869ad71a369b07aa19d059cd	Bacteria	Proteobacteria	Alphaproteobacteria	Rhizobiales	Devosiaceae	Devosia	Unclassified	0.993272572
10d7bc09f6409ef99f45a4285c4a8ebb	Bacteria	Proteobacteria	Alphaproteobacteria	Rhizobiales	Devosiaceae	Devosia	Unclassified	0.986347594
6ec49d7143c5ef1b9e2d799a0513ee94	Bacteria	NA	NA	NA	NA	Unclassified	Unclassified	0.999999913
b066b9f8cc8320968664dc2dc8c566ea	Bacteria	Proteobacteria	Alphaproteobacteria	Rhizobiales	Devosiaceae	Devosia	Unclassified	0.964971044
829703e923432baeaf7de1d7ad8a86f8	Bacteria	Proteobacteria	Alphaproteobacteria	Rhizobiales	Devosiaceae	Devosia	Unclassified	0.959935767
0b55fb066f75de282f9fbf1b730f7554	Bacteria	Proteobacteria	Alphaproteobacteria	Rhizobiales	Devosiaceae	Devosia	Unclassified	0.975208345
21561a3e3b632bede412770ed7253214	Bacteria	Proteobacteria	Alphaproteobacteria	Rhizobiales	NA	Unclassified	Unclassified	0.924667598
31cf9df4aae808e6c0ed27a16e98ce60	Bacteria	Proteobacteria	Alphaproteobacteria	Rhizobiales	Devosiaceae	Devosia	Unclassified	0.935729005
202c0e3c35e1afb79a2d1cffe5decbc6	Bacteria	Proteobacteria	Alphaproteobacteria	Rhizobiales	Devosiaceae	Devosia	Unclassified	0.969901496
2e6fd4972777e452781e0e9a9bcea89b	Bacteria	Proteobacteria	Alphaproteobacteria	Rhizobiales	Devosiaceae	Unclassified	Unclassified	0.88073026
f068df8b237b432673c0962ff5f72be4	Bacteria	NA	NA	NA	NA	Unclassified	Unclassified	0.999999967
137622b7c61fb169d6dbc89ba746bd37	Bacteria	Proteobacteria	Alphaproteobacteria	Rhizobiales	Devosiaceae	Devosia	Unclassified	0.993153673
4e7b489f5ac044fca241faf215ff9ffb	Bacteria	NA	NA	NA	NA	Unclassified	Unclassified	0.999999657
0c91297dbf1c9af579921ce46bb21175	Bacteria	Proteobacteria	Alphaproteobacteria	Rhizobiales	Devosiaceae	Devosia	Unclassified	0.985636824
986b701d7e9033b3e8711ce891f17af4	Bacteria	Proteobacteria	Alphaproteobacteria	Rhizobiales	Devosiaceae	Devosia	Unclassified	0.937514912
a311e6d80416fcbdfb591883427597b9	Bacteria	Proteobacteria	Alphaproteobacteria	Rhizobiales	Devosiaceae	Devosia	Unclassified	0.959700342
30c9b77dc3e9b622caca36b5798a0575	Bacteria	Proteobacteria	Alphaproteobacteria	Rhizobiales	Devosiaceae	Devosia	Unclassified	0.935645158
db1606fa719ba76d714aad0b8eacdf43	Bacteria	Proteobacteria	Alphaproteobacteria	Rhizobiales	Devosiaceae	Devosia	Unclassified	0.912425417
a9fa10029f54d78caa86371c5fc47e4a	Bacteria	Proteobacteria	Alphaproteobacteria	Rhizobiales	Devosiaceae	Devosia	Unclassified	0.979635751
cfc516ec50d372383344eb0fc12bf0dd	Bacteria	Proteobacteria	Alphaproteobacteria	Rhizobiales	Devosiaceae	Devosia	Unclassified	0.971910125
fd80a27e8b5560a4d3a8109b45ddc966	Bacteria	Proteobacteria	Alphaproteobacteria	Rhizobiales	Devosiaceae	Devosia	Unclassified	0.963702449
01859fd87ca7eececa2a3e31bff12dec	Bacteria	Proteobacteria	Alphaproteobacteria	Rhizobiales	Devosiaceae	Pelagibacterium	Unclassified	0.988958419
433957dd72a6c80fd555dc4390a6e426	Bacteria	Proteobacteria	Alphaproteobacteria	Rhizobiales	Devosiaceae	Pelagibacterium	Unclassified	0.99757528
a87e1592c9461a8b2a9ad702208d15e6	Bacteria	Proteobacteria	Gammaproteobacteria	Xanthomonadales	Xanthomonadaceae	Lysobacter	Unclassified	0.74887115
7bbb10a422cc1d3b3529cbc3a8e1141d	Bacteria	Proteobacteria	Alphaproteobacteria	Rhizobiales	Devosiaceae	Devosia	Unclassified	0.997830141
86fbc034a9250eb8460ffc674e55a2f3	Bacteria	Proteobacteria	Alphaproteobacteria	Rhizobiales	Devosiaceae	Devosia	Unclassified	0.996049422
e00e092f10aeb263b2dcd5b7cd4597ae	Bacteria	Proteobacteria	Alphaproteobacteria	Rhizobiales	Devosiaceae	Devosia	Unclassified	0.997039044
c093a4003f38b68e3e661a28d3bff1f5	Bacteria	Proteobacteria	Alphaproteobacteria	Rhizobiales	Devosiaceae	Devosia	Unclassified	0.992015214
942001c20fe28589a210be3d346bf722	Bacteria	Proteobacteria	Alphaproteobacteria	Sphingomonadales	Sphingomonadaceae	Unclassified	Unclassified	0.751647201
2926f50a1ab0902d0e440b6468abf10f	Bacteria	Proteobacteria	Alphaproteobacteria	Rhizobiales	Devosiaceae	Devosia	Unclassified	0.999329052
326025e23629f88f0265f58e86316410	Bacteria	Proteobacteria	Alphaproteobacteria	Rhizobiales	Devosiaceae	Devosia	Unclassified	0.996909878
b406a966a0bd2336650de00e0b3bd0b4	Bacteria	Proteobacteria	Alphaproteobacteria	Rhizobiales	Devosiaceae	Devosia	Unclassified	0.994907607
e7a5f681172f5d32ce53c1d3343fd6a2	Bacteria	Proteobacteria	Alphaproteobacteria	Rhizobiales	Devosiaceae	Devosia	Unclassified	0.998540183
91279690c1043d820a98cd3b9be809ef	Bacteria	Proteobacteria	Alphaproteobacteria	Rhizobiales	Devosiaceae	Devosia	Unclassified	0.997482014
a38745e8df697572d771f8d4935c76ce	Bacteria	Proteobacteria	Alphaproteobacteria	Rhizobiales	Devosiaceae	Devosia	Unclassified	0.990840262
ad40d60fbf00dbac249aae39cfa4c728	Bacteria	Proteobacteria	Alphaproteobacteria	Rhizobiales	Devosiaceae	Devosia	Unclassified	0.999540008
f499fe277cf1b506be2353ba9f0fc38c	Bacteria	Proteobacteria	Alphaproteobacteria	Rhizobiales	Devosiaceae	Devosia	Unclassified	0.998196631
90b413b5fb36c55cefb7ea3c3df81228	Bacteria	Proteobacteria	Alphaproteobacteria	Rhizobiales	Devosiaceae	Devosia	Unclassified	0.996639118
5db76145f0cd8691cc7017585bc84571	Bacteria	NA	NA	NA	NA	Unclassified	Unclassified	0.999999998
5915416b7065d05bb3cc6a5de783f571	Bacteria	Proteobacteria	Alphaproteobacteria	Rhizobiales	Rhizobiales_Incertae_Sedis	Phreatobacter	Unclassified	0.982233547
320129ea615cf75599088c58fff0fd0c	Bacteria	Proteobacteria	Alphaproteobacteria	Rhizobiales	NA	Unclassified	Unclassified	0.864661435
0cec6f1ef42b3a5a059b765d093c97bd	Bacteria	Bdellovibrionota	Bdellovibrionia	Bacteriovoracales	Bacteriovoracaceae	Peredibacter	uncultured_bacterium	0.716995062
d362ffdd7705bd20321828cedf5ad72d	Bacteria	Proteobacteria	Gammaproteobacteria	EV818SWSAP88	EV818SWSAP88	EV818SWSAP88	metagenome	0.973682775
e1e28b329e61b65e6ccc2fc63891e445	Bacteria	Proteobacteria	Gammaproteobacteria	EV818SWSAP88	EV818SWSAP88	EV818SWSAP88	metagenome	0.973539779
ecee6db0122a4f079fc7c11f5c6bf163	Bacteria	Proteobacteria	Alphaproteobacteria	Defluviicoccales	uncultured	Unclassified	metagenome	0.993247929
a14762878b7063b96abb2b488edc5e58	Bacteria	Myxococcota	Polyangia	Blfdi19	Blfdi19	Blfdi19	uncultured_bacterium	0.816427242
70c71d2183d54a60b19bebeb68d8fe29	Bacteria	Bdellovibrionota	Bdellovibrionia	Bdellovibrionales	Bdellovibrionaceae	Bdellovibrio	Unclassified	0.996268988
b996d8c64c91d2431f14c78d15b3b92e	Bacteria	Bacteroidota	Bacteroidia	Flavobacteriales	Crocinitomicaceae	Fluviicola	Fluviicola_hefeinensis	0.737487545
38fa48697274014f6b3a6d27b3f7d339	Bacteria	Bacteroidota	Bacteroidia	Flavobacteriales	Crocinitomicaceae	Crocinitomix	metagenome	0.97572311
5223ea9c3485af7e13e3f96df4dd4fc8	Bacteria	Bdellovibrionota	Oligoflexia	0319-6G20	0319-6G20	0319-6G20	uncultured_Roseobacter	0.99998708
81a6cecd7bee38acd60cf3029f107106	Bacteria	Bdellovibrionota	Oligoflexia	0319-6G20	0319-6G20	0319-6G20	uncultured_Roseobacter	0.994814456
665c1441dcd3256349348f5d6656dd10	Bacteria	Bdellovibrionota	Oligoflexia	0319-6G20	0319-6G20	0319-6G20	uncultured_Roseobacter	0.921189038
933a2b902c7049cf69d3e9c8dfb55a98	Bacteria	Bdellovibrionota	Oligoflexia	0319-6G20	0319-6G20	0319-6G20	uncultured_bacterium	0.761041022
c023da3456768e2f1210c0513e2a1cad	Bacteria	Bdellovibrionota	Oligoflexia	0319-6G20	0319-6G20	0319-6G20	uncultured_Roseobacter	0.993443572
ae0e08e24e6e1f1bc8f338c5d9551cbc	Bacteria	Bdellovibrionota	Oligoflexia	0319-6G20	0319-6G20	0319-6G20	uncultured_Roseobacter	0.966816228
411866b2999d674c0cc77a54e7e75858	Bacteria	Bdellovibrionota	Oligoflexia	0319-6G20	0319-6G20	0319-6G20	uncultured_Roseobacter	0.977216719
147c4f050f8b448ba61ed9db95927c94	Bacteria	Bdellovibrionota	Oligoflexia	0319-6G20	0319-6G20	0319-6G20	uncultured_Roseobacter	0.994551151
1dd940ad00cff47fb0b2fe498d7a7a75	Bacteria	Proteobacteria	Alphaproteobacteria	uncultured	uncultured	Unclassified	Rhodospirillaceae_bacterium	0.997890615
bfe54eb88f1b17a6c4c81de05f07fb48	Bacteria	Proteobacteria	Alphaproteobacteria	Rhizobiales	Stappiaceae	Agaricicola	Unclassified	0.984837089
dd2edec5421323885e105ef74bda13c4	Bacteria	Proteobacteria	Alphaproteobacteria	Rhizobiales	Rhizobiales_Incertae_Sedis	Unclassified	Unclassified	0.970070244
f5931565e8a529c332c1ef3415f4a1e2	Bacteria	Proteobacteria	Alphaproteobacteria	Rhizobiales	Rhizobiales_Incertae_Sedis	Unclassified	uncultured_bacterium	0.744351708
28fec855d2f24d08adfee3cbb026f606	Bacteria	Proteobacteria	Alphaproteobacteria	Rhizobiales	NA	Unclassified	Unclassified	0.953627546
52e4aa4f6bf2f8277daad438d6197fa7	Bacteria	Proteobacteria	Alphaproteobacteria	Rhizobiales	Rhizobiales_Incertae_Sedis	Unclassified	Unclassified	0.993103066
e96fc9a68dd7ed62733f744d420db9f6	Bacteria	Proteobacteria	Alphaproteobacteria	Rhizobiales	Rhizobiales_Incertae_Sedis	Unclassified	Unclassified	0.991936617
4454250d2233f4355cd7b4724d49285d	Bacteria	Proteobacteria	Alphaproteobacteria	Rhizobiales	Rhizobiales_Incertae_Sedis	Unclassified	metagenome	0.742567955
77f06b21499582946591618b7259ae59	Bacteria	Proteobacteria	Alphaproteobacteria	Rhizobiales	Rhizobiales_Incertae_Sedis	Unclassified	metagenome	0.703830993
99ff4646659c98587a59e46d09f62bdd	Bacteria	Proteobacteria	Alphaproteobacteria	Rhizobiales	Rhizobiales_Incertae_Sedis	Unclassified	Unclassified	0.990212724
05992f5b521c873fe85ec22ea0243916	Bacteria	Proteobacteria	Alphaproteobacteria	Rhizobiales	Rhizobiales_Incertae_Sedis	Unclassified	Unclassified	0.935834445
6ae204b12d4c5b05f7acbe9bde3782ff	Bacteria	Proteobacteria	Alphaproteobacteria	Rhizobiales	Rhizobiaceae	Unclassified	Unclassified	0.971187185
570775faf28f9972a3814f2e35be19cb	Bacteria	Proteobacteria	Alphaproteobacteria	Rhizobiales	Rhizobiaceae	Unclassified	Unclassified	0.971874063
4f7a3e204fce7417d10be50703ddf652	Bacteria	Proteobacteria	Alphaproteobacteria	Rhizobiales	Rhizobiaceae	Unclassified	Unclassified	0.976469346
c83cb00187ca93599200bf98d8a28394	Bacteria	Proteobacteria	Alphaproteobacteria	Rhizobiales	Rhizobiaceae	Aureimonas	Rhizobiales_bacterium	0.729424749
7cd98dd3be3a43135fc11916b76fc900	Bacteria	Proteobacteria	Alphaproteobacteria	Rhizobiales	Devosiaceae	Unclassified	uncultured_bacterium	0.842326072
fa2fc9eae097b5ff641da486b1decfd9	Bacteria	Proteobacteria	Alphaproteobacteria	Rhizobiales	NA	Unclassified	Unclassified	0.940970778
d994fa864d1d9f5273a4c7710cfa236c	Bacteria	Proteobacteria	Alphaproteobacteria	Rhizobiales	Devosiaceae	Pelagibacterium	Unclassified	0.976914213
b4b7720ef7053c58c2bb6e83832de60b	Bacteria	Proteobacteria	Alphaproteobacteria	Rhizobiales	Devosiaceae	Pelagibacterium	uncultured_Alphaproteobacteria	0.750653716
c85815ed1cde7974250a6964c98cd073	Bacteria	Chloroflexi	Dehalococcoidia	S085	S085	S085	uncultured_soil	0.78671322
c3d5a16163780ca901853120c104f213	Bacteria	NA	NA	NA	NA	Unclassified	Unclassified	0.999999207
841f3c6cde875c733d31c0e76e549c3b	Bacteria	Patescibacteria	Saccharimonadia	Saccharimonadales	Saccharimonadales	Saccharimonadales	Unclassified	0.939289678
f1d70ce193b8e7e831878ec28aa094fc	Bacteria	Patescibacteria	Saccharimonadia	Saccharimonadales	Saccharimonadales	Saccharimonadales	Unclassified	0.714397201
8ad802a6a1fa21e60e260f7100fc3b30	Bacteria	Patescibacteria	Saccharimonadia	Saccharimonadales	Saccharimonadales	Saccharimonadales	Unclassified	0.91773445
c53e1deb914e494718db63a32243c529	Bacteria	Patescibacteria	Saccharimonadia	Saccharimonadales	Saccharimonadales	Saccharimonadales	Unclassified	0.928114058
fd2c62ece8cc9e6062363ce80c465849	Bacteria	Bdellovibrionota	Oligoflexia	Oligoflexales	uncultured	Unclassified	Unclassified	0.999949726
bb2265474b98b8a87ea92474a562d897	Bacteria	Bdellovibrionota	Oligoflexia	Oligoflexales	uncultured	Unclassified	Unclassified	0.999932839
1b04a59e55947deba8e19f27587f04d9	Bacteria	Proteobacteria	Alphaproteobacteria	Rhizobiales	Rhizobiales_Incertae_Sedis	Nordella	uncultured_bacterium	0.97046792
c427535ebca7e7f762ec3f3b0a849e66	Bacteria	Proteobacteria	Alphaproteobacteria	Rhizobiales	Hyphomicrobiaceae	Hyphomicrobium	Unclassified	0.808095383
c7bdf64226a9896f38c4f37b6495079e	Bacteria	Proteobacteria	Alphaproteobacteria	Rhizobiales	Hyphomicrobiaceae	Hyphomicrobium	Unclassified	0.949086938
39fc3c1a1b1560d1bedac765a7a12a90	Bacteria	Proteobacteria	Alphaproteobacteria	Rhizobiales	Hyphomicrobiaceae	Hyphomicrobium	Unclassified	0.983165862
3df602101bfb2be1bacf9aab0d984dcd	Bacteria	Proteobacteria	Alphaproteobacteria	Rhizobiales	Hyphomicrobiaceae	Hyphomicrobium	Unclassified	0.899620888
76bcb5a1b72db1d25bef90aeb0229be7	Bacteria	Proteobacteria	Alphaproteobacteria	Rhizobiales	Hyphomicrobiaceae	Hyphomicrobium	Unclassified	0.753431684
6f7a63522ec51f14e2705d3575c86ad7	Bacteria	Proteobacteria	Alphaproteobacteria	Rhizobiales	Hyphomicrobiaceae	Unclassified	Unclassified	0.998326887
5eab119d61e4a4e0e57320b04fd5554a	Bacteria	Proteobacteria	Alphaproteobacteria	Rhizobiales	Hyphomicrobiaceae	Hyphomicrobium	Unclassified	0.743756977
e8b251eef49da03662721864247ff5f1	Bacteria	Proteobacteria	Alphaproteobacteria	Rhizobiales	Hyphomicrobiaceae	Hyphomicrobium	Unclassified	0.776672506
fe0f051e5875d73e8e170716275b9e34	Bacteria	Proteobacteria	Alphaproteobacteria	Rhizobiales	Hyphomicrobiaceae	Hyphomicrobium	Unclassified	0.996385442
a275faf0c06ac57981220feb66ca28cb	Bacteria	Proteobacteria	Alphaproteobacteria	Rhizobiales	Hyphomicrobiaceae	Hyphomicrobium	Unclassified	0.997171551
80645f1bddd009f72a38324855295ff1	Bacteria	Proteobacteria	Alphaproteobacteria	Rhizobiales	Hyphomicrobiaceae	Hyphomicrobium	Unclassified	0.984700528
df5e270ec868394492e4285049d067b2	Bacteria	Patescibacteria	Saccharimonadia	Saccharimonadales	S32	TM7	uncultured_bacterium	0.947884727
d577ac8325fb8c650c394ae6603e1a22	Bacteria	Patescibacteria	Saccharimonadia	Saccharimonadales	S32	TM7	Unclassified	0.882830643
f38d2a144de16f17803519b17aac3f8a	Bacteria	Patescibacteria	Saccharimonadia	Saccharimonadales	S32	TM7	uncultured_Candidatus	0.933659565
621971bf7fba7c06d14e0ef4184fa2b0	Bacteria	Patescibacteria	Saccharimonadia	Saccharimonadales	S32	TM7	uncultured_Candidatus	0.919404403
d695d768249b476d8f5a810bd285a479	Bacteria	Patescibacteria	Saccharimonadia	Saccharimonadales	NA	Unclassified	Unclassified	0.999983316
7cab5f0cd61903f4cacf048a6da39379	Bacteria	Patescibacteria	Saccharimonadia	Saccharimonadales	Saccharimonadales	Saccharimonadales	Unclassified	0.989736559
9cd603900958ec7ee47df6a58eca49de	Bacteria	Patescibacteria	Saccharimonadia	Saccharimonadales	Saccharimonadales	Saccharimonadales	Unclassified	0.831520778
8a821fdf3c12ce49041e2c8431864432	Bacteria	Patescibacteria	Saccharimonadia	Saccharimonadales	Saccharimonadales	Saccharimonadales	Unclassified	0.993131394
ae16bcb1f2fcb3a55c25abcb6bec0f2f	Bacteria	Patescibacteria	Saccharimonadia	Saccharimonadales	Saccharimonadales	Saccharimonadales	Unclassified	0.991473693
09ebe2ba52fe918308fef3c9721940c7	Bacteria	Proteobacteria	Alphaproteobacteria	Rhizobiales	Rhizobiales_Incertae_Sedis	Nordella	Unclassified	0.995075289
0576d2427878e36033e85e6a95165c9e	Bacteria	Proteobacteria	Alphaproteobacteria	Rhizobiales	Rhizobiales_Incertae_Sedis	Unclassified	Unclassified	0.983278324
2b2758c58a8fefe9ca796376fbf0cdd0	Bacteria	Proteobacteria	Alphaproteobacteria	Rhizobiales	Methyloligellaceae	Unclassified	Unclassified	0.956147783
3e98d58ca60f21d504b46f49e628be2c	Bacteria	Proteobacteria	Alphaproteobacteria	Rhizobiales	Methyloligellaceae	Unclassified	metagenome	0.779343145
484aa63c6358556cc4cffcfd3546f446	Bacteria	Proteobacteria	Alphaproteobacteria	Rhizobiales	Methyloligellaceae	Unclassified	Unclassified	0.971887887
58b91d8fa6d2a8a143aa216e01125bc6	Bacteria	Proteobacteria	Alphaproteobacteria	Rhizobiales	Methyloligellaceae	Unclassified	Unclassified	0.84826001
77a10f8d455090b18cbcb8209dee5ac7	Bacteria	Proteobacteria	Alphaproteobacteria	Rhizobiales	Methyloligellaceae	Unclassified	Unclassified	0.941249751
780394468c22e168272ab0810bc1cd8e	Bacteria	Proteobacteria	Alphaproteobacteria	Rhizobiales	Methyloligellaceae	Unclassified	Unclassified	0.999910464
90ceaf121d1cc66262cbba3193b1c6f3	Bacteria	Proteobacteria	Alphaproteobacteria	Rhizobiales	Methyloligellaceae	Unclassified	Unclassified	0.999965068
39d38aa6c19434a9a321fa8ec814d870	Bacteria	Proteobacteria	Alphaproteobacteria	Rhizobiales	Methyloligellaceae	Unclassified	Unclassified	0.751839063
2d0a1d48f19c2bd5cc04f48c764526e0	Bacteria	Proteobacteria	Alphaproteobacteria	Rhizobiales	Methyloligellaceae	Unclassified	Unclassified	0.7383124
5dba59a71ebfa77152618851a40867d7	Bacteria	Proteobacteria	Alphaproteobacteria	Rhizobiales	Methyloligellaceae	Methyloligellaceae	uncultured_bacterium	0.901393859
ffc376e6c74896a59c7f431cd0de6319	Bacteria	Proteobacteria	Alphaproteobacteria	Rhizobiales	Rhizobiales_Incertae_Sedis	Nordella	uncultured_bacterium	0.835582743
50e1a26f18885f16377f9888095292d7	Bacteria	Proteobacteria	Alphaproteobacteria	Rhizobiales	Rhizobiales_Incertae_Sedis	Nordella	uncultured_bacterium	0.750289279
5867f4af90f2047afeeb074142d5e0ba	Bacteria	Proteobacteria	Alphaproteobacteria	Rhizobiales	Rhizobiales_Incertae_Sedis	Unclassified	uncultured_Alphaproteobacteria	0.844340484
ae0bdeadf8b7af463099419f0d479d85	Bacteria	Proteobacteria	Alphaproteobacteria	Rhizobiales	Rhizobiales_Incertae_Sedis	Unclassified	uncultured_Alphaproteobacteria	0.721834777
86cdc0fccffe28d169ea4cdb8a97adaf	Bacteria	Proteobacteria	Alphaproteobacteria	Rhizobiales	Rhizobiales_Incertae_Sedis	Unclassified	Unclassified	0.982665733
64fb6a5db6d057b7104d48e48e41916c	Bacteria	Proteobacteria	Alphaproteobacteria	Rhizobiales	Rhizobiales_Incertae_Sedis	Unclassified	Unclassified	0.981395651
c6a49c56b40b088221173f08b6a76633	Bacteria	Proteobacteria	Alphaproteobacteria	Rhizobiales	Rhizobiales_Incertae_Sedis	Nordella	Unclassified	0.997190757
a17c0122d48a7fa0bc9d6a50e1def3d4	Bacteria	Proteobacteria	Alphaproteobacteria	Rhizobiales	Rhizobiales_Incertae_Sedis	Nordella	Unclassified	0.996523872
e554f5be7be2ee6c9ae47bdedfdd84c7	Bacteria	Proteobacteria	Alphaproteobacteria	Rhizobiales	Rhizobiales_Incertae_Sedis	Nordella	Nordella_oligomobilis	0.814193898
ccab1bbe8383531e877df4b7bb2eb9f0	Bacteria	Proteobacteria	Alphaproteobacteria	Rhizobiales	Rhizobiales_Incertae_Sedis	Nordella	Nordella_oligomobilis	0.854165834
02afbb834ce6d62852b6b3a0d0fdf92b	Bacteria	Proteobacteria	Alphaproteobacteria	Rhizobiales	Rhizobiales_Incertae_Sedis	Nordella	Unclassified	0.999759827
cf5acf898544ba413151ffaecf5c8fa3	Bacteria	Proteobacteria	Alphaproteobacteria	Rhizobiales	Rhizobiales_Incertae_Sedis	Nordella	Unclassified	0.999766593
a8f719cd014fce29d87bac3965cf969a	Bacteria	Bdellovibrionota	Bdellovibrionia	Bdellovibrionales	Bdellovibrionaceae	Bdellovibrio	Unclassified	0.992445683
4391dd7f07890ac5fcc5dd3d7d7a105c	Bacteria	Bdellovibrionota	Bdellovibrionia	Bdellovibrionales	Bdellovibrionaceae	Bdellovibrio	Unclassified	0.99103036
3bf7271568b1fe86196f023c4dbae542	Bacteria	Bdellovibrionota	Bdellovibrionia	Bdellovibrionales	Bdellovibrionaceae	Bdellovibrio	uncultured_bacterium	0.762688591
ebba398ad4f415565400f28c305665dd	Bacteria	Bacteroidota	Bacteroidia	Sphingobacteriales	env.OPS_17	env.OPS_17	Unclassified	0.802810282
340c0dafc079f7edf85cdcae4ce18a06	Bacteria	Bacteroidota	Bacteroidia	Sphingobacteriales	env.OPS_17	env.OPS_17	Unclassified	0.774046602
4cb4666efe2bf89bfe829237cd0046c1	Bacteria	Actinobacteriota	Actinobacteria	Euzebyales	Euzebyaceae	Unclassified	Unclassified	0.999242378
265bd71f03f4a0b015f84add5a2d5a90	Bacteria	Bdellovibrionota	Bdellovibrionia	Bdellovibrionales	Bdellovibrionaceae	Bdellovibrio	uncultured_soil	0.744697426
05e0d6513557f6be8c05ebdcf71a76fb	Bacteria	Firmicutes	Clostridia	Oscillospirales	Oscillospiraceae	Unclassified	Unclassified	0.98540993
cb3d4852b480524ba7e2132ba4e22395	Bacteria	Chloroflexi	TK10	TK10	TK10	TK10	Unclassified	0.999859884
f975527266c3a12898ccda85cbe9f37f	Bacteria	NA	NA	NA	NA	Unclassified	Unclassified	0.999996053
96e3dd89222a512fae8b14faf1e9438d	Bacteria	Proteobacteria	Gammaproteobacteria	Oceanospirillales	Halomonadaceae	Halomonas	Halomonas_zhanjiangensis	0.834938264
177e66ee5c146136da448a7ad01fc68a	Bacteria	Patescibacteria	Saccharimonadia	Saccharimonadales	Saccharimonadales	Saccharimonadales	Unclassified	0.996694609
213674c1a2c857463e30d95c553439f0	Bacteria	Proteobacteria	Gammaproteobacteria	NA	NA	Unclassified	Unclassified	0.927867967
46f8cada39a1a090593bd2bab88e603d	Bacteria	Proteobacteria	Gammaproteobacteria	Coxiellales	Coxiellaceae	Coxiella	Unclassified	0.831432501
fd0dc7ba6e06a06ee72f2399fad215d3	Bacteria	Proteobacteria	Gammaproteobacteria	Coxiellales	Coxiellaceae	Coxiella	Unclassified	0.803760221
26126773857f85cf075581cb84f4fac6	Bacteria	Proteobacteria	Alphaproteobacteria	Sphingomonadales	Sphingomonadaceae	Novosphingobium	Unclassified	0.797198017
508a3af923756814b9c7eafb6a3bcc78	Bacteria	Proteobacteria	Alphaproteobacteria	NA	NA	Unclassified	Unclassified	0.991003766
a852cd3411d7834b45518a178a84ccad	Bacteria	Bacteroidota	SJA-28	SJA-28	SJA-28	SJA-28	Unclassified	0.999854265
bba20d111f2bad0c4185b7b97a6f9660	Bacteria	Bacteroidota	SJA-28	SJA-28	SJA-28	SJA-28	Unclassified	0.999692948
8b5a7a8469485170590a5434e380b708	Bacteria	Bdellovibrionota	NA	NA	NA	Unclassified	Unclassified	0.70908843
6504a6c9eb50e05ca2d09da49b4f41e1	Bacteria	Proteobacteria	Alphaproteobacteria	Caulobacterales	Hyphomonadaceae	Hirschia	uncultured_bacterium	0.704853544
ef20fa68b20ed52e3c622a144bc3229e	Bacteria	Proteobacteria	Alphaproteobacteria	Caulobacterales	Hyphomonadaceae	Hirschia	Unclassified	0.999999042
5d50f51018721ba8b36d5774a93a0a93	Bacteria	Proteobacteria	Alphaproteobacteria	Caulobacterales	Hyphomonadaceae	Hirschia	Unclassified	0.999999386
5253c6c9746bc040d10ecd4b355dfed2	Bacteria	Bdellovibrionota	Bdellovibrionia	Bdellovibrionales	Bdellovibrionaceae	Bdellovibrio	uncultured_bacterium	0.747780671
78da78d9a1904a5500e4b6af56b9f1c1	Bacteria	Bdellovibrionota	Bdellovibrionia	Bdellovibrionales	Bdellovibrionaceae	Bdellovibrio	uncultured_bacterium	0.743451492
eab65bd043fd599e97780525998f288d	Bacteria	Bdellovibrionota	Bdellovibrionia	Bdellovibrionales	Bdellovibrionaceae	Bdellovibrio	Unclassified	0.995193041
f28d29a604ff8f29b3884b9bdf0f331a	Bacteria	Bdellovibrionota	Bdellovibrionia	Bdellovibrionales	Bdellovibrionaceae	Bdellovibrio	Bdellovibrio_sp.	0.874217908
65b67abb185574cc5bb6c91befecd887	Bacteria	Bacteroidota	Bacteroidia	Cytophagales	Cytophagaceae	Cytophaga	uncultured_bacterium	0.984203191
95d8581775ca7103e2f721970d5ec3c9	Bacteria	Bacteroidota	Bacteroidia	Cytophagales	Cytophagaceae	Cytophaga	uncultured_bacterium	0.978422623
22409c67a53fcb02f67e64b0a67aa87c	Bacteria	Proteobacteria	Gammaproteobacteria	Xanthomonadales	Rhodanobacteraceae	Unclassified	uncultured_bacterium	0.828870367
b7dd671a4d83ea407ae8cdd7cb7e1dd0	Bacteria	Proteobacteria	Alphaproteobacteria	Rhizobiales	Rhizobiaceae	Unclassified	Unclassified	0.976956595
a29d2f5a2183a905b7154000cfd32996	Bacteria	Proteobacteria	Alphaproteobacteria	Rhizobiales	Rhizobiaceae	Unclassified	Unclassified	0.978518356
e3046711e1202242842b951d99d991a6	Bacteria	Nitrospirota	Nitrospiria	Nitrospirales	Nitrospiraceae	Nitrospira	Unclassified	0.997475503
7333c6c5ad1af1053a991f2e3de02561	Bacteria	Nitrospirota	Nitrospiria	Nitrospirales	Nitrospiraceae	Nitrospira	Unclassified	0.993858507
e18d20b6594fdcc380735bb527fa6298	Bacteria	Nitrospirota	Nitrospiria	Nitrospirales	Nitrospiraceae	Nitrospira	Unclassified	0.995363176
f5ec9bb4410ed873df38ab01570f9416	Bacteria	Nitrospirota	Nitrospiria	Nitrospirales	Nitrospiraceae	Nitrospira	Unclassified	0.998330914
b104d1c3db86e7e2e8611dd88df32c73	Bacteria	Nitrospirota	Nitrospiria	Nitrospirales	Nitrospiraceae	Nitrospira	Unclassified	0.99844261
ffe2ec2af79d2aeec880209d88b576f1	Bacteria	Nitrospirota	Nitrospiria	Nitrospirales	Nitrospiraceae	Nitrospira	uncultured_soil	0.720094605
0bf250460b9ac1123bed7f37d0d1b111	Bacteria	Nitrospirota	Nitrospiria	Nitrospirales	Nitrospiraceae	Nitrospira	Unclassified	0.999793095
ef7a3c5874d1b5285040e6d51e0a0f07	Bacteria	Nitrospirota	Nitrospiria	Nitrospirales	Nitrospiraceae	Nitrospira	Unclassified	0.999901234
1ca63c39247147782a075d8f6341f450	Bacteria	Nitrospirota	Nitrospiria	Nitrospirales	Nitrospiraceae	Nitrospira	Unclassified	0.998965408
3de1cafe0d65419778b716805031e673	Bacteria	Nitrospirota	Nitrospiria	Nitrospirales	Nitrospiraceae	Nitrospira	Unclassified	0.999197055
5acaf555e3c643bc211551cd133b51ed	Bacteria	Nitrospirota	Nitrospiria	Nitrospirales	Nitrospiraceae	Nitrospira	Unclassified	0.999608228
38f6208b03811585254819a2550a79ea	Bacteria	Nitrospirota	Nitrospiria	Nitrospirales	Nitrospiraceae	Nitrospira	Unclassified	0.999625242
c4c8a38e55d276234a585f467725719f	Bacteria	Nitrospirota	Nitrospiria	Nitrospirales	Nitrospiraceae	Nitrospira	Unclassified	0.99429787
c3e6258a919b35f788dca28b0fcb2274	Bacteria	Nitrospirota	Nitrospiria	Nitrospirales	Nitrospiraceae	Nitrospira	Unclassified	0.997838603
3e25dbad2a13983132e98e07b72a8187	Bacteria	Proteobacteria	Alphaproteobacteria	Rhizobiales	Hyphomicrobiaceae	Pedomicrobium	uncultured_Alphaproteobacteria	0.718177431
639494fd17e4b2548e5f28e2d0aecc7f	Bacteria	Proteobacteria	Alphaproteobacteria	Micavibrionales	uncultured	Unclassified	uncultured_bacterium	0.967811584
77c2bb50aa6fecd25c028ec7e993a2e5	Bacteria	Bdellovibrionota	Bdellovibrionia	Bdellovibrionales	Bdellovibrionaceae	Bdellovibrio	Unclassified	0.999730484
8dfbba82ed1090f2217b95e76c41d52b	Bacteria	Proteobacteria	NA	NA	NA	Unclassified	Unclassified	0.717814969
9d5417ce5096bd20955e2d1bf86daf25	Bacteria	NA	NA	NA	NA	Unclassified	Unclassified	0.99999896
f85a853c2dee583e98d76b6adc33c33d	Bacteria	Firmicutes	Clostridia	Lachnospirales	Lachnospiraceae	Unclassified	Unclassified	0.99846151
f54bbb5f6429d04b922f2f42ea9897f0	Bacteria	Firmicutes	Clostridia	Lachnospirales	Lachnospiraceae	Unclassified	Unclassified	0.998353999
e71019030b923bc8464bcdda4744233c	Bacteria	Proteobacteria	Gammaproteobacteria	Diplorickettsiales	Diplorickettsiaceae	Rickettsiella	Candidatus_Rickettsiella	0.77446513
33e0708f560039a397dad00875d050b3	Bacteria	Firmicutes	Bacilli	NA	NA	Unclassified	Unclassified	0.966835614
692a3cfeda22b029b37b98f4cef2d287	Bacteria	Chloroflexi	Chloroflexia	Chloroflexales	Chloroflexaceae	Oscillochloris	uncultured_Chloroflexi	0.94799938
b5fc33e527efe41c64574b36982bbb71	Bacteria	Chloroflexi	Chloroflexia	Chloroflexales	Roseiflexaceae	Unclassified	uncultured_bacterium	0.965529387
930b246b76aca5401277524f93daa264	Bacteria	NA	NA	NA	NA	Unclassified	Unclassified	0.999994022
62b725b8d57baae42dde32100855ec02	Bacteria	Chloroflexi	Anaerolineae	Ardenticatenales	Ardenticatenaceae	Unclassified	uncultured_bacterium	0.884459496
53a15796aab758fce26f1ca512930f98	Bacteria	Bdellovibrionota	Oligoflexia	Oligoflexales	uncultured	Unclassified	uncultured_bacterium	0.947577624
c11f75bf77ea8b697b865dded2e02dde	Bacteria	Proteobacteria	Gammaproteobacteria	Burkholderiales	Comamonadaceae	Unclassified	Unclassified	0.768038184
4c2eb98eefdec7bd19ee0fe62f0800b0	Bacteria	Chloroflexi	TK10	TK10	TK10	TK10	uncultured_bacterium	0.915294393
4ae4731db68ce76626ce3acd4c9bdd85	Bacteria	Bdellovibrionota	Oligoflexia	0319-6G20	0319-6G20	0319-6G20	uncultured_Bacteriovorax	0.995151992
13e54b2cb8e16765ee8352016324b64f	Bacteria	NA	NA	NA	NA	Unclassified	Unclassified	0.999999896
cd7d3824926f944502b09a3aec58686c	Bacteria	Proteobacteria	Gammaproteobacteria	NA	NA	Unclassified	Unclassified	0.936394944
ebe8ccfbd3d8222ec2168598ec6ae20a	Bacteria	Firmicutes	Clostridia	Christensenellales	Christensenellaceae	Unclassified	Unclassified	0.744614556
9e1194f63135aafededb9226efdd5fca	Bacteria	Bdellovibrionota	Bdellovibrionia	Bacteriovoracales	Bacteriovoracaceae	Bacteriovorax	uncultured_bacterium	0.895850024
a10174644f78ab01bf83eac774e4ac1b	Bacteria	Myxococcota	Myxococcia	Myxococcales	Myxococcaceae	P3OB-42	Unclassified	0.994335044
41cafba1b33a0cb7e2fb4d3f1ae23e55	Bacteria	Acidobacteriota	Holophagae	Holophagales	Holophagaceae	Unclassified	Unclassified	0.999991115
a215101eb43c0e4c5708b55c940dd2a6	Bacteria	Bdellovibrionota	Bdellovibrionia	Bdellovibrionales	Bdellovibrionaceae	Bdellovibrio	uncultured_bacterium	0.937609482
ec19d80778d1582e8492509201a51796	Bacteria	Bdellovibrionota	Bdellovibrionia	Bacteriovoracales	Bacteriovoracaceae	Bacteriovorax	uncultured_bacterium	0.947823612
508ae9b0d01346e138d8ee6481d27036	Bacteria	Bdellovibrionota	Bdellovibrionia	Bacteriovoracales	Bacteriovoracaceae	Bacteriovorax	uncultured_bacterium	0.916218799
580f5a29120bc3e53e37e69cbcc1caa6	Bacteria	Bdellovibrionota	Bdellovibrionia	Bacteriovoracales	Bacteriovoracaceae	Bacteriovorax	Unclassified	0.999963213
e8c540fb80602a624a22e7ed6633728c	Bacteria	Myxococcota	Myxococcia	Myxococcales	Myxococcaceae	P3OB-42	Unclassified	0.987439524
a3020f86de6218152e1ad6b5f3bda831	Bacteria	Proteobacteria	Alphaproteobacteria	NA	NA	Unclassified	Unclassified	0.953174231
0f3c34b1e6a7ff3699403697554f15ba	Bacteria	Bdellovibrionota	Oligoflexia	0319-6G20	0319-6G20	0319-6G20	Unclassified	0.99750889
5e22771fa4d089e391ce4c464daab3d2	Bacteria	Proteobacteria	Alphaproteobacteria	Paracaedibacterales	Paracaedibacteraceae	Candidatus_Paracaedibacter	uncultured_Alphaproteobacteria	0.914076371
e734e88e4f4a4e6e307bb88bb4821b42	Bacteria	Proteobacteria	Alphaproteobacteria	Rhizobiales	Beijerinckiaceae	Methylobacterium-Methylorubrum	Methylobacterium_aquaticum	0.86554316
f437c237052a8c7d13120cd28b9ec00a	Bacteria	Proteobacteria	Alphaproteobacteria	Rhizobiales	Beijerinckiaceae	Methylobacterium-Methylorubrum	Unclassified	0.999926359
994f930aa46a5d392c1bbaa574e2b419	Bacteria	Proteobacteria	Alphaproteobacteria	Rhizobiales	Beijerinckiaceae	Methylobacterium-Methylorubrum	Unclassified	0.999950371
e37930764850fa866233eb5d695b7c23	Bacteria	Proteobacteria	Alphaproteobacteria	Rhizobiales	Beijerinckiaceae	Methylobacterium-Methylorubrum	Unclassified	0.999784572
7b8fe2e3ad6301da2d5ead9c19777f8c	Bacteria	Proteobacteria	Alphaproteobacteria	Rhizobiales	Beijerinckiaceae	Methylobacterium-Methylorubrum	Unclassified	0.999952923
95ea27fc8388b2497f15d574470d72dd	Bacteria	Proteobacteria	Alphaproteobacteria	Rickettsiales	SM2D12	SM2D12	uncultured_bacterium	0.763888554
c6120c4fcafdb9b2050f6dfbcd05d8ed	Bacteria	Myxococcota	Polyangia	mle1-27	mle1-27	mle1-27	Unclassified	0.995588142
0f650803db070a567a7d8c90dcfaedf2	Bacteria	Methylomirabilota	Methylomirabilia	Rokubacteriales	Rokubacteriales	Rokubacteriales	uncultured_bacterium	0.969525046
c8d269bb5523b52f172eaa6daecc9f4f	Bacteria	Proteobacteria	Gammaproteobacteria	Salinisphaerales	Solimonadaceae	Unclassified	Unclassified	0.750631832
76288d5bdaafb8ed6042185267293e33	Bacteria	Proteobacteria	Gammaproteobacteria	Gammaproteobacteria_Incertae_Sedis	Unknown_Family	Candidatus_Berkiella	uncultured_bacterium	0.710287575
1854d5f839e686e7eccedbdd36553a4f	Bacteria	Proteobacteria	Gammaproteobacteria	NA	NA	Unclassified	Unclassified	0.977116248
d3682933232aa64822b6d0590bf35a8f	Bacteria	Proteobacteria	Gammaproteobacteria	NA	NA	Unclassified	Unclassified	0.997178773
60063bd01409f30ea78de6b70878833a	Bacteria	Proteobacteria	Gammaproteobacteria	Diplorickettsiales	Diplorickettsiaceae	Unclassified	Unclassified	0.97735731
fe152f684a8a912aa91eb0d062e72539	Bacteria	Proteobacteria	Gammaproteobacteria	Diplorickettsiales	Diplorickettsiaceae	Unclassified	Unclassified	0.971164215
915ea79d85b3dce1d3909616f4fb43a7	Bacteria	Proteobacteria	Gammaproteobacteria	Diplorickettsiales	Diplorickettsiaceae	Unclassified	Unclassified	0.992175285
98b31b57a1e39d93b0b7739736662781	Bacteria	Proteobacteria	Gammaproteobacteria	Oceanospirillales	Alcanivoracaceae	Ketobacter	uncultured_proteobacterium	0.731331235
f6688a5b588537adabf1d61f93e23f27	Bacteria	Proteobacteria	Gammaproteobacteria	Oceanospirillales	Alcanivoracaceae	Ketobacter	Unclassified	0.997336998
32ccb323d2ef04ac039557a481613179	Bacteria	Proteobacteria	Gammaproteobacteria	Diplorickettsiales	Diplorickettsiaceae	Unclassified	Unclassified	0.89429371
5727f500f350bdf0331fe64f63e63ecc	Bacteria	Proteobacteria	Gammaproteobacteria	Diplorickettsiales	Diplorickettsiaceae	Unclassified	Unclassified	0.723272194
010e79010432d275d91e8f75b89fa17c	Bacteria	Proteobacteria	Gammaproteobacteria	NA	NA	Unclassified	Unclassified	0.992284333
a0b2095928f987a262bf3d43753de9f1	Bacteria	Proteobacteria	Gammaproteobacteria	NA	NA	Unclassified	Unclassified	0.996485334
147891684ba3e7427ec7793b7ca02e34	Bacteria	Myxococcota	Myxococcia	Myxococcales	Myxococcaceae	P3OB-42	Unclassified	0.999086859
dc203e80193a6431d6eaf99307b84dce	Bacteria	Myxococcota	Myxococcia	Myxococcales	Myxococcaceae	P3OB-42	metagenome	0.73971901
e4ca578c13d6d73dccaf08879711b82c	Bacteria	Myxococcota	Myxococcia	Myxococcales	Myxococcaceae	P3OB-42	uncultured_Archangiaceae	0.794383294
0d0aebddafedeb426563b3567cd3b430	Bacteria	Myxococcota	Myxococcia	Myxococcales	Myxococcaceae	P3OB-42	uncultured_Archangiaceae	0.74630235599999994
2daf6591ae85d39592da6372673c13f4	Bacteria	Proteobacteria	Alphaproteobacteria	Rickettsiales	Mitochondria	Mitochondria	Unclassified	0.788873805
7af756bbf5a8fca8e6fb08d9962067fa	Bacteria	Proteobacteria	Gammaproteobacteria	NA	NA	Unclassified	Unclassified	0.948129326
515043db8aea4dfea12a1ead35af1737	Bacteria	Proteobacteria	Gammaproteobacteria	NA	NA	Unclassified	Unclassified	0.979960271
3359b53bf643962f1745930b21c0d72d	Bacteria	Proteobacteria	Gammaproteobacteria	NA	NA	Unclassified	Unclassified	0.984790728
a94d857acec1a0b6f74960a0420de229	Bacteria	Proteobacteria	Gammaproteobacteria	Diplorickettsiales	Diplorickettsiaceae	Unclassified	uncultured_Coxiellaceae	0.852817287
5b9024c6ff0f316887633b30f01e627b	Bacteria	Proteobacteria	Gammaproteobacteria	NA	NA	Unclassified	Unclassified	0.973686039
02740c2bd17c273d9702b1d6cbce9c66	Bacteria	Proteobacteria	Gammaproteobacteria	NA	NA	Unclassified	Unclassified	0.976558697
f1fdfc245f2ed780d5df40d1171c4b75	Bacteria	Proteobacteria	Gammaproteobacteria	Diplorickettsiales	Diplorickettsiaceae	Unclassified	Unclassified	0.812343363
12985eead2a7a6cba6c5b1b93d7009eb	Bacteria	Proteobacteria	Gammaproteobacteria	Gammaproteobacteria_Incertae_Sedis	Unknown_Family	Candidatus_Ovatusbacter	uncultured_bacterium	0.953734103
0bbd7a2ceb20eb767db36a0998988740	Bacteria	Proteobacteria	Gammaproteobacteria	NA	NA	Unclassified	Unclassified	0.95140736
82e5fc87585a5efcf290db0ac70a2fd2	Bacteria	Proteobacteria	Gammaproteobacteria	NA	NA	Unclassified	Unclassified	0.980143644
f2ee62deb6f114fb5fd28535accfc2bd	Bacteria	Proteobacteria	Gammaproteobacteria	NA	NA	Unclassified	Unclassified	0.965498281
90a16de89ac937e08a2fe4b40b6ffa2c	Bacteria	Proteobacteria	Gammaproteobacteria	NA	NA	Unclassified	Unclassified	0.965670572
6a6ce5deeea2541a64343b871b202fe2	Bacteria	Proteobacteria	Alphaproteobacteria	Caulobacterales	Hyphomonadaceae	SWB02	Unclassified	0.999988928
083fd233f7cd62af7d74e242a9c0d6c4	Bacteria	Proteobacteria	Alphaproteobacteria	Caulobacterales	Hyphomonadaceae	SWB02	uncultured_soil	0.865382697
ea718275b8552a740c3479d853fc3b90	Bacteria	Proteobacteria	Alphaproteobacteria	Caulobacterales	Hyphomonadaceae	SWB02	Unclassified	0.999945783
1db0e04e9668c6561ee295e78e57ce65	Bacteria	Proteobacteria	Alphaproteobacteria	Caulobacterales	Hyphomonadaceae	Unclassified	Unclassified	0.778132358
6a602cebcba6d4a3dc734557bb536f6a	Bacteria	Desulfobacterota	uncultured	uncultured	uncultured	Unclassified	Unclassified	0.875701739
c5997687e88d95803769c7c18c5274c2	Bacteria	Desulfobacterota	uncultured	uncultured	uncultured	Unclassified	Unclassified	0.960424639
ae76e5493da747e339fd29c3d60b274f	Bacteria	Desulfobacterota	uncultured	uncultured	uncultured	Unclassified	Unclassified	0.965824953
d453eedd2dd3f4ceb94975661a68439f	Bacteria	Chloroflexi	TK10	TK10	TK10	TK10	Unclassified	0.999866763
00054cb56894ea95a770a7537d794e68	Bacteria	Desulfobacterota	uncultured	uncultured	uncultured	Unclassified	Unclassified	0.90043659
8485048db6c11bc8a981532af9769109	Bacteria	Proteobacteria	Alphaproteobacteria	Paracaedibacterales	Paracaedibacteraceae	Candidatus_Paracaedibacter	Unclassified	0.909753918
38dfb219afd9318ce65d7e9bd0914272	Bacteria	Myxococcota	Polyangia	Polyangiales	Sandaracinaceae	Unclassified	Unclassified	0.999454797
6f4070a91ccd0ca9b00ecdda4a472d81	Bacteria	Proteobacteria	Gammaproteobacteria	Diplorickettsiales	Diplorickettsiaceae	Unclassified	Unclassified	0.960202819
8c574adeb4ee87d27c2f79e80053fff9	Bacteria	Proteobacteria	Gammaproteobacteria	Diplorickettsiales	Diplorickettsiaceae	Unclassified	Unclassified	0.735719787
9a505c6a0fef846b57ef6fbb0683736d	Bacteria	Proteobacteria	Gammaproteobacteria	Gammaproteobacteria_Incertae_Sedis	Unknown_Family	Unclassified	Unclassified	0.930029644
a2080e1f619d9c5da91f5ac672ef4da4	Bacteria	Proteobacteria	Gammaproteobacteria	Gammaproteobacteria_Incertae_Sedis	Unknown_Family	Unclassified	Unclassified	0.918499799
8d963dc495c9182c68a2ae497533d8d9	Bacteria	Proteobacteria	Gammaproteobacteria	NA	NA	Unclassified	Unclassified	0.95514088
f2e95ed4591f9382465ac6453138eb41	Bacteria	Proteobacteria	Gammaproteobacteria	NA	NA	Unclassified	Unclassified	0.964874166
619478cfe6e44072b6f00405d39b5773	Bacteria	Proteobacteria	Gammaproteobacteria	Xanthomonadales	NA	Unclassified	Unclassified	0.894590615
0906b68eb59a07a8e4dff6502c81a405	Bacteria	Proteobacteria	Gammaproteobacteria	NA	NA	Unclassified	Unclassified	0.968784842
0b80579b613ebb85fdb3306b3708e2ef	Bacteria	Proteobacteria	Gammaproteobacteria	Gammaproteobacteria_Incertae_Sedis	Unknown_Family	Unclassified	Unclassified	0.723881646
6fc5ba82a2527a89be5709b67bf64d55	Bacteria	Firmicutes	Bacilli	Acholeplasmatales	Acholeplasmataceae	Candidatus_Phytoplasma	Unclassified	0.999999999
979ff84e85a6a5d234e6ac62df77dc96	Bacteria	Proteobacteria	Alphaproteobacteria	Rickettsiales	Rickettsiaceae	Unclassified	uncultured_bacterium	0.992467992
75efc341f2d201f89ad434a946466b58	Bacteria	Bdellovibrionota	Oligoflexia	0319-6G20	0319-6G20	0319-6G20	Unclassified	0.999959316
fa121e79827c19690ac97ce19feb431b	Bacteria	Chloroflexi	TK10	TK10	TK10	TK10	Unclassified	0.999538368
f7d159294576f173441c4929aacda2dd	Bacteria	Chloroflexi	TK10	TK10	TK10	TK10	Unclassified	0.999933796
40f8e747439ec8ecd98bae7fe7ccc6c9	Bacteria	Chloroflexi	TK10	TK10	TK10	TK10	Unclassified	0.999939014
723b54603b439b18d42c8764cdae59b0	Bacteria	Chloroflexi	TK10	TK10	TK10	TK10	Unclassified	0.999979333
d6f094128e409750e7dbe34dbf7bde61	Bacteria	Chloroflexi	TK10	TK10	TK10	TK10	Unclassified	0.999973754
8b9d92e1c4375348de7311bca909d75a	Bacteria	Firmicutes	Clostridia	Peptostreptococcales-Tissierellales	Peptostreptococcales-Tissierellales	Brassicibacter	Unclassified	0.817398295
ee0afb8e974762c33d5040071e64b88e	Bacteria	Chloroflexi	TK10	TK10	TK10	TK10	metagenome	0.777559161
28f34f694147cdd417b066520edcb7d6	Bacteria	Chloroflexi	TK10	TK10	TK10	TK10	metagenome	0.91714471
37868989d7aa03ccb68049374f74af84	Bacteria	Chloroflexi	TK10	TK10	TK10	TK10	metagenome	0.874857206
3cef4262116ec6d9f98e0e00bf848e2e	Bacteria	Bdellovibrionota	Oligoflexia	0319-6G20	0319-6G20	0319-6G20	Unclassified	0.998386029
8223218cc4dea1d342ac2331bf0cae57	Bacteria	Firmicutes	Bacilli	Bacillales	Bacillaceae	Unclassified	Unclassified	0.83291505
5e75dc9207259ffc6f356ca34556f6b0	Bacteria	Proteobacteria	Alphaproteobacteria	NA	NA	Unclassified	Unclassified	0.997541757
a3c82a49b40c609ba79164136969f319	Bacteria	Proteobacteria	Alphaproteobacteria	NA	NA	Unclassified	Unclassified	0.995970232
c39115a6538cda79df1a984a5f919b95	Bacteria	Myxococcota	Polyangia	Nannocystales	Nannocystaceae	Nannocystis	Unclassified	0.999837169
9f0268a11ab80b289ae469692fe41cf3	Bacteria	Myxococcota	Polyangia	Blfdi19	Blfdi19	Blfdi19	Unclassified	0.99975791
aabbea3efb4f64c93becefe9126bcdf5	Bacteria	Myxococcota	Polyangia	Blfdi19	Blfdi19	Blfdi19	metagenome	0.732069315
65af2326f67a8977a8c4be61475fcd2c	Bacteria	NA	NA	NA	NA	Unclassified	Unclassified	0.999999808
2484925d39753b597324d218f847f610	Bacteria	NA	NA	NA	NA	Unclassified	Unclassified	0.999999812
fefca9c4025cd56c4708625ead683006	Bacteria	Proteobacteria	Alphaproteobacteria	NA	NA	Unclassified	Unclassified	0.99305321
0c5bfdf15c4e1b7b91426738824f1e90	Bacteria	Myxococcota	Polyangia	Blfdi19	Blfdi19	Blfdi19	metagenome	0.97372305
4b7b4a3f661f7c302ee1c01a4b03be8c	Bacteria	Proteobacteria	Alphaproteobacteria	Caedibacterales	Caedibacteraceae	Candidatus_Nucleicultrix	metagenome	0.998467161
4c92400d9da3932038db2aa1255f2c15	Bacteria	Proteobacteria	Alphaproteobacteria	Holosporales	Holosporaceae	Unclassified	uncultured_bacterium	0.978660493
f6ee1a31ce8b2156d5ee21fd9e376a1b	Bacteria	Proteobacteria	Alphaproteobacteria	Holosporales	Holosporaceae	Unclassified	uncultured_bacterium	0.955882065
a9b27bfc4d0fc7076895db590bf32e64	Bacteria	Proteobacteria	Alphaproteobacteria	uncultured	uncultured	Unclassified	uncultured_Rhodospirillales	0.837228593
c9ad9c841217759b2377f353decc0017	Bacteria	Proteobacteria	Alphaproteobacteria	Holosporales	Holosporaceae	Unclassified	uncultured_bacterium	0.967462117
4931dd7771e26665a0ee4d5903bd28f6	Bacteria	Proteobacteria	Alphaproteobacteria	Rickettsiales	Rickettsiaceae	Unclassified	Unclassified	0.999795954
e24a0e30f604c831c2f70ef2e477f7b2	Bacteria	Proteobacteria	Alphaproteobacteria	Rickettsiales	Rickettsiaceae	Unclassified	Unclassified	0.999760081
c62ec176336501fdaea002c362c6a3f5	Bacteria	Myxococcota	Polyangia	Haliangiales	Haliangiaceae	Haliangium	Unclassified	0.999896417
7aa26742f8834c96f47dd361325d48f2	Bacteria	Myxococcota	Polyangia	Haliangiales	Haliangiaceae	Haliangium	Unclassified	0.999826881
5d9feea241febf0b555acd9deb6dcca7	Bacteria	Proteobacteria	Alphaproteobacteria	Rickettsiales	Candidatus_Hepatincola	Candidatus_Hepatincola	Unclassified	0.872054755
76162e8e47a1c7bb19ed6acc8a33d3c2	Bacteria	Proteobacteria	Alphaproteobacteria	Paracaedibacterales	Paracaedibacteraceae	Candidatus_Paracaedibacter	uncultured_Candidatus	0.904306121
4dc66e6f619357e8298533bfd8969217	Bacteria	Proteobacteria	Alphaproteobacteria	Paracaedibacterales	Paracaedibacteraceae	Candidatus_Paracaedibacter	uncultured_Candidatus	0.866274289
aaec559ed117014727fb42322a5b217c	Bacteria	Proteobacteria	Alphaproteobacteria	Paracaedibacterales	Paracaedibacteraceae	Candidatus_Paracaedibacter	uncultured_bacterium	0.755242954
53a248b1d5d2fc16b2750b39b56c4c79	Bacteria	Proteobacteria	Alphaproteobacteria	Paracaedibacterales	Paracaedibacteraceae	Candidatus_Paracaedibacter	Unclassified	0.999779348
ac20b5e3a233da6b587ec59526e4e6d5	Bacteria	Proteobacteria	Alphaproteobacteria	Paracaedibacterales	Paracaedibacteraceae	Candidatus_Paracaedibacter	Unclassified	0.999745936
0b7d857c3b02fdd7e2928a39020d4336	Bacteria	Bdellovibrionota	Bdellovibrionia	Bdellovibrionales	Bdellovibrionaceae	OM27_clade	uncultured_Myxococcales	0.773795292
0257c26c69ce9170570557b196a19e5b	Bacteria	Bdellovibrionota	Bdellovibrionia	Bdellovibrionales	Bdellovibrionaceae	OM27_clade	Unclassified	0.919007482
2ac1950a6aa722c155416a2c2eb7778e	Bacteria	Myxococcota	Polyangia	Nannocystales	Nannocystaceae	Nannocystis	uncultured_Myxococcales	0.895572159
0a39750b3da87cb1a62b6fb1722cc59b	Bacteria	Myxococcota	Polyangia	Nannocystales	Nannocystaceae	Nannocystis	uncultured_Myxococcales	0.76937298
b05edd1ffb7c334ed7d92d2894a6ec78	Bacteria	Proteobacteria	Alphaproteobacteria	Rhizobiales	A0839	A0839	Unclassified	0.999991264
9fb57a0d0ee8f5a8d2234028b6c1e62c	Bacteria	Myxococcota	Polyangia	Haliangiales	Haliangiaceae	Haliangium	Unclassified	0.999413285
a0b407786816086b6bd2e21c2642bbb2	Bacteria	Firmicutes	Desulfitobacteriia	Desulfitobacteriales	Desulfitobacteriaceae	Desulfosporosinus	Unclassified	0.738011018
dc6d99bceb621201ab40054e2d751592	Bacteria	Spirochaetota	MVP-15	MVP-15	MVP-15	MVP-15	uncultured_bacterium	0.979413884
070e67cf6594f54251c16b70eac1551e	Bacteria	Firmicutes	Clostridia	Peptostreptococcales-Tissierellales	Peptostreptococcales-Tissierellales	Peptoniphilus	uncultured_bacterium	0.849596637
b69af61f8530615ef56339d7e225cb98	Bacteria	Firmicutes	Clostridia	Peptostreptococcales-Tissierellales	Peptostreptococcales-Tissierellales	Peptoniphilus	uncultured_bacterium	0.787805576
bb37ecc7a4552e8ad2bb3f6156b5641d	Bacteria	Myxococcota	Polyangia	Polyangiales	Sandaracinaceae	Unclassified	Unclassified	0.998871017
24cf84b2500f6b611a455ccb5cf223b5	Bacteria	Myxococcota	Polyangia	Polyangiales	Sandaracinaceae	Unclassified	Unclassified	0.999307767
fae1bd56a60e9bc9f0b7e36730ae0fd8	Bacteria	Actinobacteriota	Thermoleophilia	Gaiellales	NA	Unclassified	Unclassified	0.998971302
6e57f2dd50e50e55b79e501d1dc82f8b	Bacteria	Firmicutes	Bacilli	Paenibacillales	Paenibacillaceae	Saccharibacillus	Saccharibacillus_sacchari	0.770922326
c998c8e3da933472a819e066328732f8	Bacteria	Firmicutes	Clostridia	Peptostreptococcales-Tissierellales	Sedimentibacteraceae	Sedimentibacter	Unclassified	0.999197075
71e0f2a65da5641b1d1d118b50015db7	Bacteria	Firmicutes	Clostridia	Peptostreptococcales-Tissierellales	Peptostreptococcales-Tissierellales	Gottschalkia	uncultured_bacterium	0.99884375
a595ce8cf2bde5e8f7fab3f6ffdbaa6a	Bacteria	Myxococcota	Polyangia	Polyangiales	Sandaracinaceae	Unclassified	Unclassified	0.983221308
0eb1df71c2e5d48e64fadfc0cb99d836	Bacteria	Myxococcota	Polyangia	Polyangiales	Sandaracinaceae	Unclassified	Unclassified	0.980440312
d12e35be110c887ba6ef4a94828133e3	Bacteria	Bdellovibrionota	Bdellovibrionia	Bdellovibrionales	Bdellovibrionaceae	OM27_clade	uncultured_bacterium	0.80401571
f96b67a2ca6bb96f1cce056d6022c25a	Bacteria	Bdellovibrionota	Bdellovibrionia	Bdellovibrionales	Bdellovibrionaceae	OM27_clade	uncultured_bacterium	0.733779702
dc69c7ff9acaa8f5cd7cbf53228f09bc	Bacteria	NA	NA	NA	NA	Unclassified	Unclassified	0.999999999
2cbdcfff2bc179665aa996891f567362	Bacteria	Proteobacteria	Alphaproteobacteria	Caulobacterales	Caulobacteraceae	Caulobacter	Unclassified	0.969095462
e34a3549fec00edf8a22142238478985	Bacteria	Proteobacteria	Alphaproteobacteria	Caulobacterales	Caulobacteraceae	Caulobacter	Unclassified	0.904014036
7ba1940f951f8771d526d1ccc2be6ca9	Bacteria	Proteobacteria	Alphaproteobacteria	Caulobacterales	Caulobacteraceae	Caulobacter	Unclassified	0.953209673
7926bf28a77ff48178895b0fa0bffaec	Bacteria	Proteobacteria	Alphaproteobacteria	Caulobacterales	Caulobacteraceae	Caulobacter	Caulobacter_rhizosphaerae	0.926684275
e3bc65ab182b80c18ece0c5e078f0cda	Bacteria	Proteobacteria	Alphaproteobacteria	Caulobacterales	Caulobacteraceae	Caulobacter	Unclassified	0.963708408
34a84d3060174768864f30223c3fc0c8	Bacteria	Proteobacteria	Alphaproteobacteria	Caulobacterales	Caulobacteraceae	Phenylobacterium	Unclassified	0.723962572
8cbc67c20c5481e96a01ea6974a0bcec	Bacteria	Proteobacteria	Alphaproteobacteria	Caulobacterales	Caulobacteraceae	Caulobacter	Caulobacter_fusiformis	0.788670784
f3c691bd428faa3dc38de3c9b26bd7f9	Bacteria	Proteobacteria	Alphaproteobacteria	Caulobacterales	Caulobacteraceae	Caulobacter	Unclassified	0.994705781
499c6e7f379dba59efcf88c9e53c6086	Bacteria	Proteobacteria	Alphaproteobacteria	Caulobacterales	Caulobacteraceae	Phenylobacterium	Unclassified	0.793312745
5c1cb0db34a504b196917a257d6bd355	Bacteria	Proteobacteria	Alphaproteobacteria	Caulobacterales	Caulobacteraceae	Phenylobacterium	Unclassified	0.83504902
b3d4febd0bd45aeaf5f3a1c0adc68884	Bacteria	Proteobacteria	Alphaproteobacteria	Caulobacterales	Caulobacteraceae	Phenylobacterium	Unclassified	0.798071938
6b5e144299dfde76b28dbecf0dfe29ab	Bacteria	Proteobacteria	Alphaproteobacteria	Caulobacterales	Caulobacteraceae	Phenylobacterium	Unclassified	0.869334013
79832ba493bffde997b0c7525b09ebac	Bacteria	Proteobacteria	Alphaproteobacteria	Caulobacterales	Caulobacteraceae	Unclassified	Unclassified	0.999998322
8a86297184486baf1be76dc8089ad15c	Bacteria	Proteobacteria	Alphaproteobacteria	Caulobacterales	Caulobacteraceae	Phenylobacterium	Unclassified	0.961152581
f26550c42930765ab6aeb0e8c32a32a7	Bacteria	Proteobacteria	Alphaproteobacteria	Caulobacterales	Caulobacteraceae	Phenylobacterium	Unclassified	0.894155229
701303edf156b8a83cfc3d6ff754c3e0	Bacteria	Proteobacteria	Alphaproteobacteria	Caulobacterales	Caulobacteraceae	Caulobacter	Caulobacter_fusiformis	0.931258169
4a216d76c1d25e5e1fdbd82e14bad77f	Bacteria	Proteobacteria	Alphaproteobacteria	Caulobacterales	Caulobacteraceae	Caulobacter	Unclassified	0.974251216
f2d1ce42536500339a41d3c32b4427bb	Bacteria	Proteobacteria	Alphaproteobacteria	Caulobacterales	Caulobacteraceae	Caulobacter	Caulobacter_fusiformis	0.773301006
6324996c90e23b6c528d6d4f432dfe50	Bacteria	Proteobacteria	Alphaproteobacteria	Caulobacterales	Caulobacteraceae	Caulobacter	Unclassified	0.951085546
fdd6898cc4a22a08e4cf8fbbc46a85e4	Bacteria	Proteobacteria	Alphaproteobacteria	Caulobacterales	Caulobacteraceae	Phenylobacterium	Unclassified	0.927766708
95b35b9cc4cb5ad3bd12692d4e032f4f	Bacteria	Proteobacteria	Alphaproteobacteria	Caulobacterales	Caulobacteraceae	Phenylobacterium	Caulobacter_sp.	0.854003334
c18512f268f14be92e8c2891dab5e009	Bacteria	Proteobacteria	Alphaproteobacteria	Caulobacterales	Caulobacteraceae	Phenylobacterium	Unclassified	0.946214272
1731de8df229bcc94f4cf86e23f28cd3	Bacteria	Proteobacteria	Alphaproteobacteria	Caulobacterales	Caulobacteraceae	Phenylobacterium	Unclassified	0.964166236
b457c7f5cf20f33d13e0b3eff7b798ca	Bacteria	Proteobacteria	Alphaproteobacteria	Caulobacterales	Caulobacteraceae	Unclassified	Unclassified	0.742308423
7ec370204b5bc566d5e6a7dec2df3adf	Bacteria	Proteobacteria	Alphaproteobacteria	Caulobacterales	Caulobacteraceae	Unclassified	Unclassified	0.999908189
dcd7afd73444c072d1c2befbe102bf57	Bacteria	Proteobacteria	Alphaproteobacteria	Rickettsiales	SM2D12	SM2D12	uncultured_bacterium	0.767576536
da7e1e18d1d745e946b7c8cd2e2d2537	Bacteria	NA	NA	NA	NA	Unclassified	Unclassified	0.9999995
3570f702af25926f29d4cddd2ded14d6	Bacteria	Proteobacteria	Alphaproteobacteria	Rickettsiales	SM2D12	SM2D12	uncultured_bacterium	0.772029808
ece6e410fc4dabb1f6b13ad1b64d0bc3	Bacteria	Proteobacteria	Alphaproteobacteria	Rickettsiales	SM2D12	SM2D12	Unclassified	0.985493351
9a2afc21f24843bf3bd72f496536cfa1	Bacteria	Acidobacteriota	Thermoanaerobaculia	Thermoanaerobaculales	Thermoanaerobaculaceae	Subgroup_10	bacterium_3-5_YC-ZSS-LKJ-3024	0.936479858
08efa78367620c17c6ba5ee20db8fb4a	Bacteria	Acidobacteriota	Thermoanaerobaculia	Thermoanaerobaculales	Thermoanaerobaculaceae	Subgroup_10	uncultured_bacterium	0.70612636
039828b655d93234f3e4bfa96cfde58b	Bacteria	Acidobacteriota	Thermoanaerobaculia	Thermoanaerobaculales	Thermoanaerobaculaceae	Subgroup_10	Unclassified	0.999833756
0dce910e0feafa97ec0751c8aa7cfae9	Bacteria	Acidobacteriota	Thermoanaerobaculia	Thermoanaerobaculales	Thermoanaerobaculaceae	Subgroup_10	Unclassified	0.999865746
2ddf9c08e567f7718bc753f1f11bd937	Bacteria	Acidobacteriota	Thermoanaerobaculia	Thermoanaerobaculales	Thermoanaerobaculaceae	Subgroup_10	Unclassified	0.999822323
9dfef6cbbd2bc26589f5643ccc0d51d9	Bacteria	Firmicutes	Bacilli	Bacillales	Bacillaceae	Bacillus	Unclassified	0.976632712
d5657900720b76aae5de261168a515f7	Bacteria	Proteobacteria	Alphaproteobacteria	Rhizobiales	Xanthobacteraceae	Pseudorhodoplanes	Unclassified	0.766138589
027a5eefc40298c221490fe99fef2a00	Bacteria	Myxococcota	Polyangia	Nannocystales	Nannocystaceae	Nannocystis	Unclassified	0.999985194
e141da32881e659c9f1bb34233162800	Bacteria	Myxococcota	Polyangia	Nannocystales	Nannocystaceae	Nannocystis	Unclassified	0.999992203
269b25cb05df418ceb0d965b0781d987	Bacteria	Proteobacteria	Alphaproteobacteria	Reyranellales	Reyranellaceae	Unclassified	uncultured_Rhodospirillales	0.985820463
30c41b4f2cb58041254ea12ecf13a53d	Bacteria	Proteobacteria	Alphaproteobacteria	Reyranellales	Reyranellaceae	Unclassified	uncultured_Rhodospirillales	0.99236023
2824fbba104b8f217e91aa045f11235c	Bacteria	Proteobacteria	Alphaproteobacteria	Reyranellales	Reyranellaceae	Unclassified	uncultured_Rhodospirillales	0.984624335
19af3771f4d075f72f5c6ee34ee72e46	Bacteria	Proteobacteria	Alphaproteobacteria	Reyranellales	Reyranellaceae	Unclassified	uncultured_bacterium	0.76277621
bd6dac38ea839fc9d5b13c7d749a6145	Bacteria	Proteobacteria	Alphaproteobacteria	Reyranellales	Reyranellaceae	Unclassified	Unclassified	0.998717048
d20b6d79c4412a976b6015cd34092b18	Bacteria	Proteobacteria	Alphaproteobacteria	Reyranellales	Reyranellaceae	Unclassified	uncultured_soil	0.822247988
87e96dae360d6370aa91c632e1836709	Bacteria	Proteobacteria	Alphaproteobacteria	NA	NA	Unclassified	Unclassified	0.711848129
9d278947703cd29cf1ccf23da6f43d5f	Bacteria	Myxococcota	Polyangia	Polyangiales	Sandaracinaceae	Unclassified	uncultured_bacterium	0.978651279
89f1c993f8c05232c81a703a67b8d4ce	Bacteria	Proteobacteria	Alphaproteobacteria	Rickettsiales	Rickettsiaceae	Unclassified	uncultured_bacterium	0.938388687
67e48515a376ede90c6bfa4f185f04cf	Bacteria	Proteobacteria	Alphaproteobacteria	Rickettsiales	Rickettsiaceae	Unclassified	uncultured_bacterium	0.935594329
7a0896366934f590fbe919665cbfefc9	Bacteria	Proteobacteria	Alphaproteobacteria	Rickettsiales	Rickettsiaceae	Unclassified	uncultured_Alphaproteobacteria	0.888428596
67a58ff7917b15dee0ee1060316b7645	Bacteria	Proteobacteria	Alphaproteobacteria	Sphingomonadales	Sphingomonadaceae	Unclassified	Unclassified	0.99981835
e9b5a2447e4e54ea4953e9bf12769590	Bacteria	Proteobacteria	Alphaproteobacteria	Sphingomonadales	Sphingomonadaceae	Sphingobium	Unclassified	0.95841342
64c80880f4e562cab5894891213ddd2c	Bacteria	Proteobacteria	Alphaproteobacteria	Sphingomonadales	Sphingomonadaceae	Sphingobium	Unclassified	0.99583408
568630cea6261bbb4c6d04dc5fd065a5	Bacteria	Bacteroidota	Bacteroidia	Cytophagales	Hymenobacteraceae	Adhaeribacter	Adhaeribacter_sp.	0.70501277
8182203af2a8f575870ae5f87d915ccc	Bacteria	Bacteroidota	Bacteroidia	Cytophagales	Hymenobacteraceae	Adhaeribacter	Adhaeribacter_sp.	0.713511953
a87cd4f7b467d7c1973e93e8b98d3e3a	Bacteria	Bacteroidota	Bacteroidia	Cytophagales	Hymenobacteraceae	Adhaeribacter	Adhaeribacter_sp.	0.711425595
d06c0c2b17780a434818db354a52751e	Bacteria	Bacteroidota	Bacteroidia	Cytophagales	Hymenobacteraceae	Adhaeribacter	Unclassified	0.999824327
e5298b07003693ecf3cb3fcf8b42e8f3	Bacteria	Bacteroidota	Bacteroidia	Cytophagales	Hymenobacteraceae	Adhaeribacter	Adhaeribacter_aerolatus	0.771093883
805aaad5779d5dde3facbf0f50dd0ddc	Bacteria	Dependentiae	Babeliae	Babeliales	NA	Unclassified	Unclassified	0.999784153
c656aa6dc64c3a5c8ee603964c21100a	Bacteria	Dependentiae	Babeliae	Babeliales	Babeliales	Babeliales	uncultured_bacterium	0.778589138
36ec4ccf735b4bafca5b314f6d199bf2	Bacteria	Dependentiae	Babeliae	Babeliales	Vermiphilaceae	Vermiphilaceae	Unclassified	0.759939174
795c34e6bfcdd4f8d3ee8760014fe4dc	Bacteria	Bacteroidota	Bacteroidia	Cytophagales	Hymenobacteraceae	Adhaeribacter	Unclassified	0.993762447
23c8e6de17b3a9728e8844226e1d4c98	Bacteria	Firmicutes	Clostridia	Oscillospirales	Ruminococcaceae	Ruminococcus	Unclassified	0.892301422
e9e32a1680e940ffe7f6038231e9a041	Bacteria	Firmicutes	Clostridia	Oscillospirales	Ruminococcaceae	Ruminococcus	Unclassified	0.925593346
582682dcd8608c6ccf067189810c6d33	Bacteria	Bacteroidota	Bacteroidia	Cytophagales	Hymenobacteraceae	Adhaeribacter	Unclassified	0.999602677
826bc88d93597b985bd7a2f89a23030a	Bacteria	Bacteroidota	Bacteroidia	Cytophagales	Hymenobacteraceae	Adhaeribacter	Unclassified	0.999957553
57d71c01a296ff14350a8b871558e46b	Bacteria	Bacteroidota	Bacteroidia	Cytophagales	Cytophagaceae	Rhodocytophaga	uncultured_Bacteroidetes	0.775095873
ea94f2d08cc62c7b88da8306f0b81011	Bacteria	Bacteroidota	Bacteroidia	Cytophagales	Cytophagaceae	Rhodocytophaga	uncultured_Bacteroidetes	0.78481414
c6d6f1dcb34f5e7b183dffec809f20a1	Bacteria	Bacteroidota	Bacteroidia	Cytophagales	NA	Unclassified	Unclassified	0.960117805
8f09bc0f4c10048c92da5cb1fa5654a2	Bacteria	Bacteroidota	Bacteroidia	Cytophagales	Cytophagaceae	Rhodocytophaga	uncultured_Bacteroidetes	0.970050269
a5f9df8f49853fc28f61436c4e32a3b2	Bacteria	Bacteroidota	Bacteroidia	Cytophagales	Cytophagaceae	Rhodocytophaga	uncultured_Bacteroidetes	0.980165724
e80267727623eb580230e2481575104f	Bacteria	Bacteroidota	Bacteroidia	Cytophagales	Cytophagaceae	Rhodocytophaga	uncultured_Bacteroidetes	0.97635238
318128756a7040cc3bedf8eab5527a1a	Bacteria	Bacteroidota	Bacteroidia	Cytophagales	Hymenobacteraceae	Adhaeribacter	Unclassified	0.998986383
618e0c4adbee2e32db219fd9aaa791b9	Bacteria	Bacteroidota	Bacteroidia	Cytophagales	Hymenobacteraceae	Adhaeribacter	Unclassified	0.999234533
4dd70ad0396cb2c776727a6affca7b3c	Bacteria	Bacteroidota	Bacteroidia	Cytophagales	Hymenobacteraceae	Adhaeribacter	Unclassified	0.999918727
61b0e043438130c26b36a5ffe952c420	Bacteria	Bacteroidota	Bacteroidia	Cytophagales	Hymenobacteraceae	Adhaeribacter	Unclassified	0.999968972
1432369900fedd8bf1c3028cc326fba1	Bacteria	Bacteroidota	Bacteroidia	Cytophagales	Hymenobacteraceae	Adhaeribacter	Unclassified	0.999002503
5a217309b3cb62588ab2ea7112933e24	Bacteria	Bacteroidota	Bacteroidia	Cytophagales	Hymenobacteraceae	Adhaeribacter	Unclassified	0.999853549
0be9f6a0e19c68f179316e21af3398ca	Bacteria	Bacteroidota	Bacteroidia	Cytophagales	Hymenobacteraceae	Adhaeribacter	Unclassified	0.999490873
919c7676edddec87c1108c9c4b9c8a79	Bacteria	Bacteroidota	Bacteroidia	Flavobacteriales	Cryomorphaceae	Vicingus	Unclassified	0.998869828
7f88581ac33892e696b3cd2521b0ae5d	Bacteria	Bacteroidota	Bacteroidia	NA	NA	Unclassified	Unclassified	0.999896147
bf5b28f9f7eff283237a4e280886ff22	Bacteria	Proteobacteria	Alphaproteobacteria	Caulobacterales	Caulobacteraceae	Asticcacaulis	uncultured_Asticcacaulis	0.865413554
81189ebcf30f10d5fccf6c08e4a1c234	Bacteria	Proteobacteria	Alphaproteobacteria	Caulobacterales	Caulobacteraceae	Asticcacaulis	Unclassified	0.93643078
098c09698fc06e370ad9f0ba1904a384	Bacteria	Proteobacteria	Alphaproteobacteria	Caulobacterales	Caulobacteraceae	Asticcacaulis	uncultured_bacterium	0.844064649
8b2f02433c0f5ef1c767a8a4610ec4e8	Bacteria	Proteobacteria	Alphaproteobacteria	Caulobacterales	Caulobacteraceae	Asticcacaulis	Unclassified	0.999445172
a12733f9e9f75361f0c3ad57ae79d1c1	Bacteria	Proteobacteria	Alphaproteobacteria	Caulobacterales	Caulobacteraceae	Asticcacaulis	Unclassified	0.996895407
0222bd175fccac31944f0fbf2b962b71	Bacteria	Proteobacteria	Alphaproteobacteria	Caulobacterales	Caulobacteraceae	Asticcacaulis	Asticcacaulis_biprosthecium	0.826519243
cd3001dce1bd8b30076c8cb01413c9cd	Bacteria	Proteobacteria	Alphaproteobacteria	Caulobacterales	Caulobacteraceae	Asticcacaulis	Unclassified	0.984235722
0048f808e7851777b2d1a41859524107	Bacteria	Proteobacteria	Alphaproteobacteria	Caulobacterales	Caulobacteraceae	Asticcacaulis	Asticcacaulis_sp.	0.785031614
5887d500bbaf246c75639a87b3934779	Bacteria	Bacteroidota	Bacteroidia	Cytophagales	NA	Unclassified	Unclassified	0.990066716
eaf94f5827b38fd1c380df8c1c98e617	Bacteria	Chloroflexi	TK10	TK10	TK10	TK10	Unclassified	0.999930541
8064c5ca106311e171b05872d1dfef66	Bacteria	Chloroflexi	TK10	TK10	TK10	TK10	Unclassified	0.999861781
476024b8c791691ff56c6c25b2208c12	Bacteria	Proteobacteria	Alphaproteobacteria	uncultured	uncultured	Unclassified	uncultured_Acetobacteraceae	0.964861336
10c3a1659745c5ae1dc1e3ca7a502739	Bacteria	Bacteroidota	Bacteroidia	Flavobacteriales	Weeksellaceae	Chryseobacterium	Unclassified	0.974235532
198b1460e28a7a2c6e99956cb5a7ad10	Bacteria	Bacteroidota	Bacteroidia	Flavobacteriales	Weeksellaceae	Chryseobacterium	Unclassified	0.999911313
6f26774d0d33d8b19a32cf09f8ad5d72	Bacteria	Proteobacteria	Alphaproteobacteria	Rhizobiales	Rhizobiaceae	Mesorhizobium	Unclassified	0.96283404399999994
8d50b4772a349bdd687ef1affec819b8	Bacteria	Proteobacteria	Alphaproteobacteria	Rhizobiales	Rhizobiaceae	Mesorhizobium	Unclassified	0.900858077
ea4f231c83b08647055d06f289b6ed46	Bacteria	Proteobacteria	Alphaproteobacteria	Rhizobiales	Rhizobiaceae	Unclassified	Unclassified	0.990162807
cb940f9450913ad06e4306aa5c56c599	Bacteria	Proteobacteria	Alphaproteobacteria	Rhizobiales	Rhizobiaceae	Unclassified	Unclassified	0.993070838
3221369ef94c84eee54d4f11b3c0a415	Bacteria	Proteobacteria	Alphaproteobacteria	Rhizobiales	Rhizobiaceae	Unclassified	Unclassified	0.994328875
8374a4b18cbf17b42cb9532e48f7c22c	Bacteria	Proteobacteria	Alphaproteobacteria	Rhizobiales	Rhizobiaceae	Unclassified	Unclassified	0.989905228
29a7ac49909666bbc577eee9d48d017c	Bacteria	Proteobacteria	Alphaproteobacteria	Rhizobiales	Rhizobiaceae	Unclassified	Unclassified	0.99325886
e1af82a6477c8b36df77462675730006	Bacteria	Proteobacteria	Alphaproteobacteria	Rhizobiales	Rhizobiaceae	Mesorhizobium	Unclassified	0.944477664
b9c7b3caae20f1de9e6e278c6a1dcade	Bacteria	Proteobacteria	Alphaproteobacteria	Rhizobiales	Rhizobiaceae	Unclassified	Unclassified	0.780733868
91893263c247ad6cbfeee183067198a4	Bacteria	Bdellovibrionota	Oligoflexia	0319-6G20	0319-6G20	0319-6G20	uncultured_organism	0.754397521
10db06816f178d41c447c3672d8debfb	Bacteria	Bdellovibrionota	Oligoflexia	0319-6G20	0319-6G20	0319-6G20	Unclassified	0.99490841
c1fae61d82e5dffee1de6e71b995c089	Bacteria	Bdellovibrionota	Oligoflexia	0319-6G20	0319-6G20	0319-6G20	uncultured_bacterium	0.78647605
26f0925a0b15ccde1067e706ea9561a0	Bacteria	Bdellovibrionota	Oligoflexia	0319-6G20	0319-6G20	0319-6G20	uncultured_bacterium	0.809628334
104dfa099a2e92360a1e7d1d8aba8039	Bacteria	Patescibacteria	Saccharimonadia	Saccharimonadales	Saccharimonadales	Saccharimonadales	Unclassified	0.766726794
6887f800e783b7423b561a3115909f41	Bacteria	Bacteroidota	Bacteroidia	Flavobacteriales	Flavobacteriaceae	Flavobacterium	Unclassified	0.997179785
066a0a76376a15eb6747e9e527d44207	Bacteria	Bacteroidota	Bacteroidia	Flavobacteriales	Flavobacteriaceae	Flavobacterium	Unclassified	0.999172146
eb9855092fd71a9091b11ac91b4916b5	Bacteria	Bdellovibrionota	Oligoflexia	0319-6G20	0319-6G20	0319-6G20	uncultured_bacterium	0.752978344
874062df4f36ddc352876d26416b2678	Bacteria	Firmicutes	Clostridia	Clostridia	Hungateiclostridiaceae	Unclassified	Unclassified	0.891429784
8e6f6378bca57c6c29f2a2046541e8c2	Bacteria	Firmicutes	Clostridia	NA	NA	Unclassified	Unclassified	0.949607317
094cbd99a8efb5b2775a5e78f5206e82	Bacteria	Firmicutes	Clostridia	Oscillospirales	Oscillospiraceae	Colidextribacter	Unclassified	0.79458787
e277f5f483b600c33ba8b0f96c3a0a42	Bacteria	Firmicutes	Clostridia	Oscillospirales	Oscillospiraceae	Unclassified	Unclassified	0.982047775
a2666fe78fda981dcdcc0fe298b9f981	Bacteria	Firmicutes	Clostridia	Christensenellales	Christensenellaceae	Unclassified	Unclassified	0.851824501
82ac27813221fbce1d112785e26d8c86	Bacteria	Firmicutes	Clostridia	Oscillospirales	Oscillospiraceae	Unclassified	Unclassified	0.990428003
67b232e95cec6db30fcc2d63b130e8e2	Bacteria	Firmicutes	Clostridia	Oscillospirales	Oscillospiraceae	Unclassified	Unclassified	0.995192414
1618cfdfde0afcaf0a4749e8a277a24a	Bacteria	Actinobacteriota	Thermoleophilia	Solirubrobacterales	Solirubrobacteraceae	Patulibacter	Patulibacter_minatonensis	0.732883534
e844b6c97897be500ee67eabc90e045c	Bacteria	Bdellovibrionota	Oligoflexia	0319-6G20	0319-6G20	0319-6G20	uncultured_soil	0.808396499
53d8664ee3f52549301ecafc62f5fc56	Bacteria	NA	NA	NA	NA	Unclassified	Unclassified	0.999998857
fbb6ddda0d7096ec52d985a88c6f6e7d	Bacteria	Bdellovibrionota	Oligoflexia	0319-6G20	0319-6G20	0319-6G20	Unclassified	0.891209747
1ee7b406ee93df5811c4d1725fdb12e1	Bacteria	Bdellovibrionota	Bdellovibrionia	Bdellovibrionales	Bdellovibrionaceae	Bdellovibrio	uncultured_bacterium	0.771426637
428cbb3a69b93104772f6e183dc7af0d	Bacteria	Bdellovibrionota	Bdellovibrionia	Bdellovibrionales	Bdellovibrionaceae	Bdellovibrio	uncultured_bacterium	0.88554571
23d4ff2a85be065048b711f4112a396f	Bacteria	Bdellovibrionota	Oligoflexia	0319-6G20	0319-6G20	0319-6G20	marine_metagenome	0.916702397
232451e45836fac51ce70e4139b2d8d5	Bacteria	Bdellovibrionota	Oligoflexia	0319-6G20	0319-6G20	0319-6G20	marine_metagenome	0.925296715
3f6770d3567fc1edb6fc60f7cfb619b6	Bacteria	Myxococcota	Polyangia	Blfdi19	Blfdi19	Blfdi19	Anaeromyxobacter_dehalogenans	0.984486672
7a6fe77ffe857fceb3c20cadf32ed33b	Bacteria	Myxococcota	Polyangia	Blfdi19	Blfdi19	Blfdi19	Anaeromyxobacter_dehalogenans	0.992259901
f1e987f5a3d20d4b35a7b2962c31bba6	Bacteria	Myxococcota	Polyangia	Blfdi19	Blfdi19	Blfdi19	Anaeromyxobacter_dehalogenans	0.989199278
bcb7c07bb329f7d9e0b1036fa29d0032	Bacteria	Desulfobacterota	Desulfovibrionia	Desulfovibrionales	Desulfovibrionaceae	Desulfovibrio	Desulfovibrio_desulfuricans	0.72352842
580b642060759fabd57b86dbff920749	Bacteria	Proteobacteria	Alphaproteobacteria	Paracaedibacterales	Paracaedibacteraceae	Candidatus_Captivus	uncultured_bacterium	0.988959512
f501a15fd0ab65509753093d02a9f4b9	Bacteria	Myxococcota	Polyangia	Haliangiales	Haliangiaceae	Haliangium	Unclassified	0.978270771
360d51bc589b9327631a6da9df3be2ce	Bacteria	Proteobacteria	Alphaproteobacteria	Rhizobiales	Hyphomicrobiaceae	Pedomicrobium	Unclassified	0.999738721
6d6c7f4707abc926ef6dba14141cace9	Bacteria	Proteobacteria	Alphaproteobacteria	Rhizobiales	Rhodomicrobiaceae	Rhodomicrobium	Unclassified	0.999253266
f4b1479546bb7860b00c698d4f2e5369	Bacteria	Proteobacteria	Alphaproteobacteria	Rickettsiales	SM2D12	SM2D12	Unclassified	0.999589299
caf31360d5953ee7be06f955a0c1f3fe	Bacteria	Proteobacteria	Alphaproteobacteria	Rhizobiales	Hyphomicrobiaceae	Pedomicrobium	Unclassified	0.957873349
9b53896dc02c2ab05155ef3fbd4e377b	Bacteria	Proteobacteria	Alphaproteobacteria	Rhizobiales	Xanthobacteraceae	Unclassified	Unclassified	0.997006213
58f012ea31a03b8dd5220eda0d47927f	Bacteria	Proteobacteria	Alphaproteobacteria	Rhizobiales	Xanthobacteraceae	Pseudolabrys	Unclassified	0.957815977
9bba75b98e94a422de04cdd8a51bb3f6	Bacteria	Proteobacteria	Alphaproteobacteria	Rhizobiales	Beijerinckiaceae	Microvirga	Unclassified	0.905578391
7a779ca990489927a4d7c84604311e3c	Bacteria	Proteobacteria	Alphaproteobacteria	Rhizobiales	Xanthobacteraceae	Unclassified	Unclassified	0.981181239
3ca921aca1cd842b9a570dfc86325e0a	Bacteria	Proteobacteria	Alphaproteobacteria	Rhizobiales	Xanthobacteraceae	Pseudorhodoplanes	Unclassified	0.845171283
087c03caeb80d729e28f154f26709d97	Bacteria	Proteobacteria	Alphaproteobacteria	Rhizobiales	Xanthobacteraceae	Unclassified	Unclassified	0.997265008
f370a499f0cfc121e4ecada371bff716	Bacteria	Proteobacteria	Alphaproteobacteria	Rhizobiales	Xanthobacteraceae	Unclassified	Unclassified	0.850597538
74c4661b1892ab2c81b894626417f01a	Bacteria	Proteobacteria	Alphaproteobacteria	Rhizobiales	Xanthobacteraceae	Rhodoplanes	Unclassified	0.746757023
0a4989db4cfa0ed6f8dd3e05693fb5bd	Bacteria	Myxococcota	Polyangia	Haliangiales	Haliangiaceae	Haliangium	Unclassified	0.99529067
1a8ce9232e498ebe38adbdf61aad5e3e	Bacteria	Myxococcota	Polyangia	Haliangiales	Haliangiaceae	Haliangium	Unclassified	0.993614764
8a8b42a74bdc2b730c79a06868d776eb	Bacteria	Proteobacteria	Alphaproteobacteria	Rickettsiales	SM2D12	SM2D12	uncultured_bacterium	0.925808718
89360be06ea812125c50f70ea1086fac	Bacteria	Proteobacteria	Alphaproteobacteria	Rickettsiales	SM2D12	SM2D12	uncultured_bacterium	0.964304852
a607f7c4189e454463191fa63dd597a1	Bacteria	Proteobacteria	Alphaproteobacteria	Rickettsiales	SM2D12	SM2D12	uncultured_bacterium	0.917457906
b84f04f6d9ee120f26c7b292e953eb14	Bacteria	Acidobacteriota	Thermoanaerobaculia	Thermoanaerobaculales	Thermoanaerobaculaceae	Subgroup_10	Unclassified	0.997056464
556915967189ed92d6d26b5f0b490310	Bacteria	Acidobacteriota	Thermoanaerobaculia	Thermoanaerobaculales	Thermoanaerobaculaceae	Subgroup_10	Unclassified	0.996770997
ca9c9192f6c3102ccb90567896e5576c	Bacteria	Acidobacteriota	Thermoanaerobaculia	Thermoanaerobaculales	Thermoanaerobaculaceae	Subgroup_10	Unclassified	0.998333478
4f14ab9fd608d99217dfc155cea5ddec	Bacteria	Proteobacteria	Alphaproteobacteria	Rickettsiales	SM2D12	SM2D12	Unclassified	0.999596128
4d271905ec6ea45e77506ebc89491195	Bacteria	Bdellovibrionota	Oligoflexia	0319-6G20	0319-6G20	0319-6G20	uncultured_bacterium	0.762473451
975b232cb97eef0431fd912b3fd14575	Bacteria	Myxococcota	Myxococcia	Myxococcales	NA	Unclassified	Unclassified	0.764029057
88da0e739433f6a467953f8b0cb35605	Bacteria	Bdellovibrionota	Oligoflexia	0319-6G20	0319-6G20	0319-6G20	Unclassified	0.999900531
7566ba60e389c65aaf3806c7ed0c563c	Bacteria	Myxococcota	Myxococcia	Myxococcales	NA	Unclassified	Unclassified	0.738285312
ce6823d7e05d3b6752da8877e5a931e0	Bacteria	Entotheonellaeota	Entotheonellia	Entotheonellales	Entotheonellaceae	Entotheonellaceae	Unclassified	0.999938965
e80131091c0dabd6f568c93834d7c4a4	Bacteria	Entotheonellaeota	Entotheonellia	Entotheonellales	Entotheonellaceae	Entotheonellaceae	uncultured_bacterium	0.808710624
1a21e23aafeef786fb75933d9212d568	Bacteria	Myxococcota	bacteriap25	bacteriap25	bacteriap25	bacteriap25	Unclassified	0.808472811
4022b74dcb67d470d99aa9393df4a07e	Bacteria	NA	NA	NA	NA	Unclassified	Unclassified	1
3380133b3e1ef3b2bb11ab72e7f2dbdd	Bacteria	NA	NA	NA	NA	Unclassified	Unclassified	1
21a7cf939872b7e84fb06f123850bde4	Bacteria	NA	NA	NA	NA	Unclassified	Unclassified	1
89c22069b57ad5823a4975e02bd3bc00	Bacteria	NA	NA	NA	NA	Unclassified	Unclassified	1
a9dda63b45ed5e921c7e7cfc8754ccd1	Bacteria	Myxococcota	bacteriap25	bacteriap25	bacteriap25	bacteriap25	Unclassified	0.820653559
b79966f5b5ce7b4523353add7b0f90b3	Bacteria	Myxococcota	bacteriap25	bacteriap25	bacteriap25	bacteriap25	Unclassified	0.710795173
8b6ad01bed7b3aaef1d4ce40d3394de9	Bacteria	Myxococcota	bacteriap25	bacteriap25	bacteriap25	bacteriap25	Unclassified	0.836204198
e426f15a3a0ccf27eeac7a0bf00e86c3	Bacteria	Myxococcota	bacteriap25	bacteriap25	bacteriap25	bacteriap25	Unclassified	0.780530241
d0fffd4ba1a122524a9c533790c90775	Bacteria	Entotheonellaeota	Entotheonellia	Entotheonellales	Entotheonellaceae	Candidatus_Entotheonella	Unclassified	0.739021722
91de0e8cd8927c624e924690a8c02970	Bacteria	Actinobacteriota	Thermoleophilia	Solirubrobacterales	Solirubrobacteraceae	Solirubrobacter	uncultured_bacterium	0.791550103
50920f230dfac1c7f7c5ae88860fd23f	Bacteria	Actinobacteriota	Thermoleophilia	Solirubrobacterales	Solirubrobacteraceae	Solirubrobacter	uncultured_bacterium	0.839800514
6763d52076df5fd703ef37c82569cd1c	Bacteria	Actinobacteriota	Thermoleophilia	Solirubrobacterales	Solirubrobacteraceae	Solirubrobacter	Unclassified	0.768215029
121e8d826e33b08dfd8f288a47a19340	Bacteria	Actinobacteriota	Thermoleophilia	Solirubrobacterales	Solirubrobacteraceae	Solirubrobacter	uncultured_bacterium	0.774662733
8bbe0d009fbcbcf992d5a6ee0a6ffab4	Bacteria	Actinobacteriota	Thermoleophilia	Solirubrobacterales	Solirubrobacteraceae	Solirubrobacter	uncultured_bacterium	0.811027227
92f1d415ad4ffe0e30687780591a123c	Bacteria	Actinobacteriota	Thermoleophilia	Solirubrobacterales	Solirubrobacteraceae	Solirubrobacter	uncultured_bacterium	0.808977069
ee60210148bf56778fded09347d2e626	Bacteria	Actinobacteriota	Thermoleophilia	Solirubrobacterales	Solirubrobacteraceae	Solirubrobacter	uncultured_bacterium	0.806494501
59ac47b9166c915915ffb6ac697549fc	Bacteria	Actinobacteriota	Thermoleophilia	Solirubrobacterales	Solirubrobacteraceae	Solirubrobacter	Unclassified	0.910329535
cb9289da6b14015301e87bead2518708	Bacteria	Actinobacteriota	Thermoleophilia	Solirubrobacterales	Solirubrobacteraceae	Solirubrobacter	Unclassified	0.931391734
559f8746f6076418b8f1062361365526	Bacteria	Actinobacteriota	Thermoleophilia	Solirubrobacterales	Solirubrobacteraceae	Solirubrobacter	Unclassified	0.943731746
251637ee93c8b87a45c6af109bf33c86	Bacteria	Actinobacteriota	Thermoleophilia	Solirubrobacterales	Solirubrobacteraceae	Solirubrobacter	Unclassified	0.949717673
105f6ca0387684c268be655a03239dcc	Bacteria	Actinobacteriota	Thermoleophilia	Solirubrobacterales	Solirubrobacteraceae	Solirubrobacter	Unclassified	0.946120032
2242f11a17d729dcfa1d81f1ec099461	Bacteria	Actinobacteriota	Thermoleophilia	Solirubrobacterales	Solirubrobacteraceae	Solirubrobacter	Unclassified	0.885339876
41b6ce503c63f7024652e1fcdfd1f51a	Bacteria	Actinobacteriota	Thermoleophilia	Solirubrobacterales	Solirubrobacteraceae	Solirubrobacter	Unclassified	0.741258645
768358b417cb7301fb83e54e1af936c5	Bacteria	Acidobacteriota	Thermoanaerobaculia	Thermoanaerobaculales	Thermoanaerobaculaceae	Subgroup_10	Unclassified	0.999318607
e911616a3c22d8cec989af2919bd17c5	Bacteria	Acidobacteriota	Thermoanaerobaculia	Thermoanaerobaculales	Thermoanaerobaculaceae	Subgroup_10	Unclassified	0.999589521
642fcc9343eb1e61b98381b95f8e6941	Bacteria	Acidobacteriota	Thermoanaerobaculia	Thermoanaerobaculales	Thermoanaerobaculaceae	Subgroup_10	uncultured_Holophaga	0.985088707
3d855e2a7bfcbd2e5bb9a7fccccd9608	Bacteria	Acidobacteriota	Thermoanaerobaculia	Thermoanaerobaculales	Thermoanaerobaculaceae	Subgroup_10	uncultured_Holophaga	0.778569515
26f9f2e28b48599aff1b33e9580b94f9	Bacteria	Bdellovibrionota	Oligoflexia	0319-6G20	0319-6G20	0319-6G20	Unclassified	0.99996533
f003603efb31aa540b6c785c14e57929	Bacteria	Bdellovibrionota	Oligoflexia	0319-6G20	0319-6G20	0319-6G20	Unclassified	0.999157305
5bf08ea81cfd22bc005a69be76a68fa5	Bacteria	Bdellovibrionota	Oligoflexia	0319-6G20	0319-6G20	0319-6G20	Unclassified	0.988347423
f5d0e25ec79a0869562fbedd561c6f9b	Bacteria	Bdellovibrionota	Oligoflexia	0319-6G20	0319-6G20	0319-6G20	uncultured_Syntrophobacteraceae	0.874246528
6d193c40d57a28fdb326db1244880573	Bacteria	Bdellovibrionota	Oligoflexia	0319-6G20	0319-6G20	0319-6G20	Unclassified	0.999985436
ba3265854a143caf1274a6225daa0005	Bacteria	Bdellovibrionota	Oligoflexia	0319-6G20	0319-6G20	0319-6G20	Unclassified	0.999956467
29087564d27a27a455f5fc9fe172edbd	Bacteria	Bdellovibrionota	Oligoflexia	0319-6G20	0319-6G20	0319-6G20	uncultured_Bacteriovorax	0.990741832
3130e287d5498b59dcee4b89df4caac3	Bacteria	Bdellovibrionota	Oligoflexia	0319-6G20	0319-6G20	0319-6G20	uncultured_Bacteriovorax	0.98024066
10ac0d9eb2b66a209c2a8fb6e4ad4280	Bacteria	Bdellovibrionota	Oligoflexia	0319-6G20	0319-6G20	0319-6G20	uncultured_proteobacterium	0.834958606
0cf39d1d444810f6fdd2d8927a2beb8b	Bacteria	Bdellovibrionota	Oligoflexia	0319-6G20	0319-6G20	0319-6G20	Unclassified	0.999824799
5dcd8baa16ba27b12af2ba1f1405a600	Bacteria	Bdellovibrionota	Oligoflexia	0319-6G20	0319-6G20	0319-6G20	uncultured_gamma	0.926938644
f5bd81e55420d1ad7f624c2814027c4a	Bacteria	Bdellovibrionota	Oligoflexia	0319-6G20	0319-6G20	0319-6G20	uncultured_gamma	0.854657484
781634e062ed8a9dfe40cfaa6735f188	Bacteria	Bdellovibrionota	Oligoflexia	0319-6G20	0319-6G20	0319-6G20	uncultured_gamma	0.829780889
cee9c0fa7ee2d85d7cbf9a225cfabfd4	Bacteria	Bdellovibrionota	Oligoflexia	0319-6G20	0319-6G20	0319-6G20	uncultured_gamma	0.881428263
1da67e812d178489ebcfac521b935350	Bacteria	Bdellovibrionota	Oligoflexia	0319-6G20	0319-6G20	0319-6G20	Unclassified	0.999488654
f871484bd9aeb240fa8bf5653f5696b0	Bacteria	Bdellovibrionota	Oligoflexia	0319-6G20	0319-6G20	0319-6G20	uncultured_gamma	0.920241557
445990ce2e66231479809463720be6f1	Bacteria	Bdellovibrionota	Oligoflexia	0319-6G20	0319-6G20	0319-6G20	Unclassified	0.99998824100000006
a4ec7c859a0ab1c62b4ff011a2beec07	Bacteria	Bdellovibrionota	Oligoflexia	0319-6G20	0319-6G20	0319-6G20	Unclassified	0.999967675
d4da63f360d00c29c3f7f0c5b9b0d27a	Bacteria	NA	NA	NA	NA	Unclassified	Unclassified	1
0a94f7474906c430a9b2bde9e4805d4d	Bacteria	NA	NA	NA	NA	Unclassified	Unclassified	1
f37dd015b580d5fec819c15efa9b74c0	Bacteria	RCP2-54	RCP2-54	RCP2-54	RCP2-54	RCP2-54	Unclassified	0.999073891
4287d73921d68458768ffb6085de6f27	Bacteria	RCP2-54	RCP2-54	RCP2-54	RCP2-54	RCP2-54	uncultured_bacterium	0.918826891
ce9bf915ef963ccb79d17bb14d31cf4f	Bacteria	Bdellovibrionota	Oligoflexia	0319-6G20	0319-6G20	0319-6G20	Unclassified	0.999987789
7ef7d5bb4222dc5f1a8bef27b222d085	Bacteria	Bdellovibrionota	Oligoflexia	0319-6G20	0319-6G20	0319-6G20	Unclassified	0.999984028
02e7ccb2b82f66eeec6441d921f8edfa	Bacteria	Bdellovibrionota	Oligoflexia	0319-6G20	0319-6G20	0319-6G20	Unclassified	0.999983292
0abfc0b5161acb3e5334313c8bd938f3	Bacteria	Bdellovibrionota	Oligoflexia	0319-6G20	0319-6G20	0319-6G20	Unclassified	0.99998401
0d1bda22268860a07cca90e75195de56	Bacteria	Bdellovibrionota	Oligoflexia	0319-6G20	0319-6G20	0319-6G20	Unclassified	0.999988104
358c0e29999b676f96d8442aed11e6e3	Bacteria	Bdellovibrionota	Oligoflexia	0319-6G20	0319-6G20	0319-6G20	Geobacter_sp.	0.763303799
9dea8af7865a0941a8fee5a5e1ef4cfa	Bacteria	Bdellovibrionota	Oligoflexia	0319-6G20	0319-6G20	0319-6G20	Geobacter_sp.	0.80368206
a60a06375321bcbeb9831e31ad4527eb	Bacteria	Bdellovibrionota	Oligoflexia	0319-6G20	0319-6G20	0319-6G20	Unclassified	0.999994951
efca23f6bd48826e32cf90769b0d8412	Bacteria	Bdellovibrionota	Oligoflexia	0319-6G20	0319-6G20	0319-6G20	Unclassified	0.999974375
ff4cd1932ddc4ccd53a9709c580a9691	Bacteria	Bdellovibrionota	Oligoflexia	0319-6G20	0319-6G20	0319-6G20	Geobacter_sp.	0.862746762
9c12e8bd87068a094ec49dbe6b6a595b	Bacteria	Bdellovibrionota	Oligoflexia	0319-6G20	0319-6G20	0319-6G20	Unclassified	0.999991337
75f300bebf70a440dd115e4b8c9179ac	Bacteria	Bdellovibrionota	Oligoflexia	0319-6G20	0319-6G20	0319-6G20	Unclassified	0.998568843
2e8258c74a2547461f81698bf97fd52d	Bacteria	Bdellovibrionota	Oligoflexia	0319-6G20	0319-6G20	0319-6G20	Geobacter_sp.	0.886112103
8fc56a652cdabeb1f78a1b657d7e2534	Bacteria	Bdellovibrionota	Oligoflexia	0319-6G20	0319-6G20	0319-6G20	Geobacter_sp.	0.842338035
8352e3f249d0e8e7ef5c1423b50e4f91	Bacteria	Bdellovibrionota	Oligoflexia	0319-6G20	0319-6G20	0319-6G20	Geobacter_sp.	0.841573927
a63eecb03e14455789f6e0a4aa3a5c02	Bacteria	Bdellovibrionota	Oligoflexia	0319-6G20	0319-6G20	0319-6G20	Unclassified	0.9999914
97102d3cc4605c0a86b3a85628352015	Bacteria	Bdellovibrionota	Oligoflexia	0319-6G20	0319-6G20	0319-6G20	Unclassified	0.999812341
a6c090c0e1ac30fafa255c7268e790a7	Bacteria	Bdellovibrionota	Oligoflexia	0319-6G20	0319-6G20	0319-6G20	Unclassified	0.999964139
b0034699edeabc3b6e472ce213f1d188	Bacteria	Bdellovibrionota	Oligoflexia	0319-6G20	0319-6G20	0319-6G20	Unclassified	0.999990248
d05462c7e4d2a76fe10e71c9aba5d3c2	Bacteria	Bdellovibrionota	Oligoflexia	0319-6G20	0319-6G20	0319-6G20	Unclassified	0.999993425
6da6714dfde51e6337439d5a126f0e1e	Bacteria	Acidobacteriota	Thermoanaerobaculia	Thermoanaerobaculales	Thermoanaerobaculaceae	Subgroup_10	uncultured_bacterium	0.794006176
c2a47f0fee6c5784e4aa41ae839bb678	Bacteria	Acidobacteriota	Thermoanaerobaculia	Thermoanaerobaculales	Thermoanaerobaculaceae	Subgroup_10	Unclassified	0.999798116
614b019769706c60f6e886dcbfc1fe78	Bacteria	Proteobacteria	Alphaproteobacteria	Rickettsiales	Rickettsiaceae	Unclassified	Alphaproteobacteria_bacterium	0.999999936
247d5684c1c9bde89deb33ed93a166bb	Bacteria	Myxococcota	Polyangia	Polyangiales	Phaselicystidaceae	Phaselicystis	Unclassified	0.993715244
667f224a5ff311063877a26814dcb4d1	Bacteria	Proteobacteria	Alphaproteobacteria	Rickettsiales	SM2D12	SM2D12	metagenome	0.794641426
703db00c36a2b4154804b2ddc39b4f98	Bacteria	Proteobacteria	Alphaproteobacteria	Rickettsiales	SM2D12	SM2D12	metagenome	0.887667059
9ea43d0d3adef0d6e5095870a43007a4	Bacteria	Myxococcota	Polyangia	Polyangiales	Phaselicystidaceae	Phaselicystis	metagenome	0.977271855
41ae4507cb7a7bde79a4433870ab1b66	Bacteria	Myxococcota	Polyangia	Polyangiales	Phaselicystidaceae	Phaselicystis	metagenome	0.84426534
368424bbfd98ee5bfd77f6f8b4754e9c	Bacteria	Myxococcota	Polyangia	Polyangiales	Phaselicystidaceae	Phaselicystis	metagenome	0.889646011
df94578f8e7f5041161618dc335ce09c	Bacteria	Myxococcota	Polyangia	Polyangiales	Phaselicystidaceae	Phaselicystis	metagenome	0.887918039
b432f26bd517528d7738a08f692d279f	Bacteria	Myxococcota	Polyangia	Polyangiales	Phaselicystidaceae	Phaselicystis	Unclassified	0.99406337
b75b657c8a8a76c741b0bb9906b8d440	Bacteria	Chloroflexi	TK10	TK10	TK10	TK10	uncultured_bacterium	0.83979811
33f905499ddffee2d8661b6e842ae867	Bacteria	Actinobacteriota	Thermoleophilia	Gaiellales	Gaiellaceae	Gaiella	Unclassified	0.846524643
42bc7ffdd9bc3d913b339b7023b4e786	Bacteria	Actinobacteriota	Actinobacteria	Nitriliruptorales	Nitriliruptoraceae	Nitriliruptoraceae	uncultured_bacterium	0.803458805
4c72f78f71fc8d7c3cb6793a30c8950c	Bacteria	Myxococcota	Myxococcia	Myxococcales	Myxococcaceae	P3OB-42	uncultured_bacterium	0.719870296
9a915484eba877ce1d0d9567b358e0b6	Bacteria	Acidobacteriota	Thermoanaerobaculia	Thermoanaerobaculales	Thermoanaerobaculaceae	Subgroup_10	Unclassified	0.999180816
70f12c8e0437059fe7c42ce32faa2c67	Bacteria	NA	NA	NA	NA	Unclassified	Unclassified	0.999999822
3e224b6e828d680cc8618bec935de072	Bacteria	Acidobacteriota	Thermoanaerobaculia	Thermoanaerobaculales	Thermoanaerobaculaceae	Subgroup_10	Acidobacteria_bacterium	0.888965391
908cfa2bb05875d9bb0d403314891ba5	Bacteria	Acidobacteriota	Thermoanaerobaculia	Thermoanaerobaculales	Thermoanaerobaculaceae	Subgroup_10	Acidobacteria_bacterium	0.727284693
8ab611eba5f9b4be4872c709b945c4e2	Bacteria	Acidobacteriota	Thermoanaerobaculia	Thermoanaerobaculales	Thermoanaerobaculaceae	Subgroup_10	Acidobacteria_bacterium	0.885066717
9fb5cd0a94bb670811984607e779f55e	Bacteria	Acidobacteriota	Thermoanaerobaculia	Thermoanaerobaculales	Thermoanaerobaculaceae	Subgroup_10	uncultured_Alphaproteobacteria	0.92010894
81ebdd18f4954556b2a7d50ef8701c04	Bacteria	Acidobacteriota	Thermoanaerobaculia	Thermoanaerobaculales	Thermoanaerobaculaceae	Subgroup_10	uncultured_Alphaproteobacteria	0.975567659
d780188f17a17be414eb52da4c7a5a93	Bacteria	Acidobacteriota	Thermoanaerobaculia	Thermoanaerobaculales	Thermoanaerobaculaceae	Subgroup_10	Unclassified	0.998927184
565a44381caf49956e8e1d7836a787ca	Bacteria	Acidobacteriota	Thermoanaerobaculia	Thermoanaerobaculales	Thermoanaerobaculaceae	Subgroup_10	metagenome	0.849477301
09d2c241b877f2982fcd9e35b7e65ba4	Bacteria	Acidobacteriota	Thermoanaerobaculia	Thermoanaerobaculales	Thermoanaerobaculaceae	Subgroup_10	Unclassified	0.997397392
6088bf6337b2532489cf7ae858df1c7c	Bacteria	Acidobacteriota	Thermoanaerobaculia	Thermoanaerobaculales	Thermoanaerobaculaceae	Subgroup_10	Unclassified	0.985256534
6273d84c3c061b0cb7ad37efeffe8557	Bacteria	Acidobacteriota	Thermoanaerobaculia	Thermoanaerobaculales	Thermoanaerobaculaceae	Subgroup_10	Unclassified	0.997657352
c3672007dc3c0bf50cc492b5d6d13e53	Bacteria	Acidobacteriota	Thermoanaerobaculia	Thermoanaerobaculales	Thermoanaerobaculaceae	Subgroup_10	Unclassified	0.999869606
60b619bc4e0d0d187899cf96b2ac603a	Bacteria	Acidobacteriota	Thermoanaerobaculia	Thermoanaerobaculales	Thermoanaerobaculaceae	Subgroup_10	Unclassified	0.999971468
085190e416884b370038a3176324878c	Bacteria	Acidobacteriota	Thermoanaerobaculia	Thermoanaerobaculales	Thermoanaerobaculaceae	Subgroup_10	Unclassified	0.999731422
7c24e3f4d175c9c97f71f5f854a932c4	Bacteria	Acidobacteriota	Thermoanaerobaculia	Thermoanaerobaculales	Thermoanaerobaculaceae	Subgroup_10	Acidobacteria_bacterium	0.874267965
7f766051401e1498ac27481babc3e3e1	Bacteria	Acidobacteriota	Thermoanaerobaculia	Thermoanaerobaculales	Thermoanaerobaculaceae	Subgroup_10	Acidobacteria_bacterium	0.909552129
c022a8213230060047f867bf5c8d5572	Bacteria	Acidobacteriota	Thermoanaerobaculia	Thermoanaerobaculales	Thermoanaerobaculaceae	Subgroup_10	Acidobacteria_bacterium	0.748525096
d526028c8fb5604055b3fe15f88842aa	Bacteria	Acidobacteriota	Thermoanaerobaculia	Thermoanaerobaculales	Thermoanaerobaculaceae	Subgroup_10	Unclassified	0.999994763
1c8e1bb5b6c914ceb1a970876df355aa	Bacteria	Acidobacteriota	Thermoanaerobaculia	Thermoanaerobaculales	Thermoanaerobaculaceae	Subgroup_10	Unclassified	0.999923383
f3f16fad076ddce9f9af3973bac04982	Bacteria	Acidobacteriota	Thermoanaerobaculia	Thermoanaerobaculales	Thermoanaerobaculaceae	Subgroup_10	uncultured_Holophaga	0.719781053
73610dc93fa9db06c35f4ddbd2a1efcf	Bacteria	Acidobacteriota	Thermoanaerobaculia	Thermoanaerobaculales	Thermoanaerobaculaceae	Subgroup_10	Unclassified	0.999985949
708153858f2bd03614d04375e6cb0301	Bacteria	Acidobacteriota	Thermoanaerobaculia	Thermoanaerobaculales	Thermoanaerobaculaceae	Subgroup_10	Unclassified	0.999979129
6c51d242fb5974894e47998450f58654	Bacteria	Acidobacteriota	Thermoanaerobaculia	Thermoanaerobaculales	Thermoanaerobaculaceae	Subgroup_10	Unclassified	0.999987501
fc26d06eae0c968980e17191c314177e	Bacteria	Acidobacteriota	Thermoanaerobaculia	Thermoanaerobaculales	Thermoanaerobaculaceae	Subgroup_10	Unclassified	0.999975977
401031834dfd368b18ed8406927e32d7	Bacteria	Acidobacteriota	Thermoanaerobaculia	Thermoanaerobaculales	Thermoanaerobaculaceae	Subgroup_10	Unclassified	0.999992584
248f6354ece880479e2817aa4b2a5d50	Bacteria	Acidobacteriota	Thermoanaerobaculia	Thermoanaerobaculales	Thermoanaerobaculaceae	Subgroup_10	Unclassified	0.999948206
26c0306e5b72489a914fc264c98f6a84	Bacteria	Acidobacteriota	Thermoanaerobaculia	Thermoanaerobaculales	Thermoanaerobaculaceae	Subgroup_10	Unclassified	0.999748542
dc3fc2ac7d4f989685faa9150ce826f9	Bacteria	Acidobacteriota	Thermoanaerobaculia	Thermoanaerobaculales	Thermoanaerobaculaceae	Subgroup_10	Acidobacteria_bacterium	0.730823471
b6a99db9ff8f187d490f43319f9d2411	Bacteria	Acidobacteriota	Thermoanaerobaculia	Thermoanaerobaculales	Thermoanaerobaculaceae	Subgroup_10	Unclassified	0.99997568
9285841dd2220e53824e360ff81d4d2b	Bacteria	Acidobacteriota	Thermoanaerobaculia	Thermoanaerobaculales	Thermoanaerobaculaceae	Subgroup_10	Unclassified	0.999989277
f84dd8053eb0013ecbf3e9f8292d017c	Bacteria	Acidobacteriota	Thermoanaerobaculia	Thermoanaerobaculales	Thermoanaerobaculaceae	Subgroup_10	Unclassified	0.99990616
cd5761df023df384f6485703bc9fba2e	Bacteria	Acidobacteriota	Thermoanaerobaculia	Thermoanaerobaculales	Thermoanaerobaculaceae	Subgroup_10	metagenome	0.999468186
d211eb6082ee635749deaa2de7a28759	Bacteria	Acidobacteriota	Thermoanaerobaculia	Thermoanaerobaculales	Thermoanaerobaculaceae	Subgroup_10	metagenome	0.99769581
d530bbbdbbc13a797e403d939a7f0bd0	Bacteria	Acidobacteriota	Thermoanaerobaculia	Thermoanaerobaculales	Thermoanaerobaculaceae	Subgroup_10	Unclassified	0.999976999
a218f027094640a4549c365f57cdc0ae	Bacteria	Proteobacteria	Alphaproteobacteria	Reyranellales	Reyranellaceae	Unclassified	uncultured_Alphaproteobacteria	0.945404109
7791b612fc6358b4346dac64061bec84	Bacteria	Myxococcota	Polyangia	Polyangiales	Sandaracinaceae	Sandaracinus	Unclassified	0.849588749
d7cafc7b91c3aba3a02cb6e5d0077948	Bacteria	Myxococcota	Polyangia	Polyangiales	Sandaracinaceae	Sandaracinus	Unclassified	0.90930187
9d2db9bf6343cffe4d0f45e95072eaa7	Bacteria	Myxococcota	Polyangia	Polyangiales	Sandaracinaceae	Sandaracinus	Unclassified	0.897179582
ebfad30b7c9b392376a2c7f02258e706	Bacteria	Proteobacteria	Alphaproteobacteria	Micavibrionales	uncultured	Unclassified	uncultured_eubacterium	0.978456613
d73003090d89b9843952af23324004a6	Bacteria	Proteobacteria	Gammaproteobacteria	Oceanospirillales	Pseudohongiellaceae	BIyi10	uncultured_bacterium	0.929899285
166c04c3dcdff742c8fa9df3c5c93839	Bacteria	Proteobacteria	Gammaproteobacteria	Oceanospirillales	Pseudohongiellaceae	BIyi10	Unclassified	0.973540069
80f59c944907990838fb4b2baf5d7e70	Bacteria	Proteobacteria	Gammaproteobacteria	Oceanospirillales	Pseudohongiellaceae	BIyi10	Unclassified	0.971273781
2174605c943fd23e6757ac54edf37ba9	Bacteria	Proteobacteria	Gammaproteobacteria	Legionellales	Legionellaceae	Legionella	Unclassified	0.99721622
c7a1ea060947ce57b3472d7f2f3077e0	Bacteria	Proteobacteria	Gammaproteobacteria	Legionellales	Legionellaceae	Legionella	Legionella_sp.	0.733454323
d1c280c3a8405596915eb436432d2f89	Bacteria	Proteobacteria	Gammaproteobacteria	Legionellales	Legionellaceae	Legionella	Unclassified	0.99968103
e95255d3ced7db6624c1d0cb920c9948	Bacteria	Proteobacteria	Gammaproteobacteria	Legionellales	Legionellaceae	Legionella	Unclassified	0.983360758
2436da4db2ed38fd19f05962eecac705	Bacteria	Proteobacteria	Gammaproteobacteria	Legionellales	Legionellaceae	Legionella	Unclassified	0.991255949
ac45fbc8c9c791cb3e7a9baf1fffe75c	Bacteria	Proteobacteria	Gammaproteobacteria	211ds20	211ds20	211ds20	uncultured_bacterium	0.907582434
bdc7c568399207a769dc9622fb6b2045	Bacteria	Proteobacteria	Gammaproteobacteria	211ds20	211ds20	211ds20	uncultured_bacterium	0.927824234
3de1eb465f305a71fc1982e76e2f4af8	Bacteria	Proteobacteria	Gammaproteobacteria	Alteromonadales	Idiomarinaceae	Unclassified	Unclassified	0.799818728
5ef6f01ba69f69bb8efd41c4dde93658	Bacteria	Proteobacteria	Gammaproteobacteria	Alteromonadales	Idiomarinaceae	Aliidiomarina	Unclassified	0.700155864
ca3ce82c51a4f6ce885b91c078b2fbd1	Bacteria	Proteobacteria	Gammaproteobacteria	Alteromonadales	Idiomarinaceae	Unclassified	Unclassified	0.825944044
8b5bf44ae2c77a5500904fab5a47f59d	Bacteria	Proteobacteria	Gammaproteobacteria	Enterobacterales	NA	Unclassified	Unclassified	0.999869279
8cef2257a15b2f8ab860578a2d5db5cd	Bacteria	Proteobacteria	Gammaproteobacteria	Enterobacterales	Yersiniaceae	Serratia	Unclassified	0.739842873
a64860818ae2b56a075fed25b7dd66e8	Bacteria	Proteobacteria	Gammaproteobacteria	Enterobacterales	Yersiniaceae	Serratia	Unclassified	0.726066451
2412b9c769f1183aef11b99d7f5c43cb	Bacteria	Proteobacteria	Gammaproteobacteria	Enterobacterales	Enterobacteriaceae	Unclassified	Unclassified	0.926507983
c2f3972ad00e90d5c0c9a56ad756d29a	Bacteria	Proteobacteria	Gammaproteobacteria	Enterobacterales	Enterobacteriaceae	Unclassified	Unclassified	0.875378319
2d02aedaa9753374bdb3f421ebd97fd2	Bacteria	Proteobacteria	Gammaproteobacteria	Enterobacterales	Enterobacteriaceae	Unclassified	Unclassified	0.911767002
fad3eeea42f83e2f19e9a18ea5e4f981	Bacteria	Proteobacteria	Gammaproteobacteria	Enterobacterales	Enterobacteriaceae	Unclassified	Unclassified	0.8896807
1aec449f6844a42d173f4a90fe8ed509	Bacteria	Proteobacteria	Gammaproteobacteria	Enterobacterales	NA	Unclassified	Unclassified	0.999604576
05c926b5b0052acf95b1158e7bc23388	Bacteria	Proteobacteria	Gammaproteobacteria	Enterobacterales	NA	Unclassified	Unclassified	0.99983963
e758b688b0958953c23e9ab1539080ec	Bacteria	Proteobacteria	Gammaproteobacteria	Enterobacterales	NA	Unclassified	Unclassified	0.999970495
a5eac6c2f2f59eb61a55bd5b93944035	Bacteria	Proteobacteria	Gammaproteobacteria	Enterobacterales	NA	Unclassified	Unclassified	0.999884709
247de6ee00e6aafdd5e37040aed17755	Bacteria	Proteobacteria	Gammaproteobacteria	Enterobacterales	NA	Unclassified	Unclassified	0.999947305
89b423cd3e33e714f8f8b9c9d337a31c	Bacteria	Proteobacteria	Gammaproteobacteria	Enterobacterales	NA	Unclassified	Unclassified	0.999833794
c77c68cab681a65f2caee6b90aeb0204	Bacteria	Proteobacteria	Gammaproteobacteria	Enterobacterales	Yersiniaceae	Serratia	Ewingella_americana	0.797698422
e7c0bb3e676e164aa77a1f7e41a758d5	Bacteria	Proteobacteria	Gammaproteobacteria	Aeromonadales	Aeromonadaceae	Tolumonas	Unclassified	0.999985775
9120f5442d9fce832142593a766c86ef	Bacteria	Proteobacteria	Alphaproteobacteria	Kiloniellales	Kiloniellaceae	Tagaea	Unclassified	0.986303184
e71c61cd7eba69b522a524b7e25155bc	Bacteria	Proteobacteria	Gammaproteobacteria	Cellvibrionales	NA	Unclassified	Unclassified	0.965946731
0e2ad5194f767322d082de4920c95344	Bacteria	Spirochaetota	Spirochaetia	Spirochaetales	Spirochaetaceae	Salinispira	metagenome	0.994239418
8c06cd7d5be19231fb1c5aff69d029e8	Bacteria	Proteobacteria	Alphaproteobacteria	uncultured	uncultured	Unclassified	uncultured_bacterium	0.728072248
874454ee367be11d8048c05eae3c5b9c	Bacteria	Proteobacteria	Alphaproteobacteria	Acetobacterales	Acetobacteraceae	Roseococcus	Unclassified	0.997757462
9ec972152e487caa33f11a9ff5226110	Bacteria	Proteobacteria	Alphaproteobacteria	Holosporales	Holosporaceae	Unclassified	uncultured_bacterium	0.979329523
1386e0e4d13f71d900f2c2089a5db576	Bacteria	Proteobacteria	Alphaproteobacteria	uncultured	uncultured	Unclassified	uncultured_bacterium	0.762937527
1026d4c4849041b6e2bb78fd32982d26	Bacteria	Proteobacteria	Alphaproteobacteria	Elsterales	uncultured	Unclassified	Unclassified	0.997634794
29a79939d9334551023a6892ffe9356f	Bacteria	Proteobacteria	Alphaproteobacteria	Elsterales	uncultured	Unclassified	Unclassified	0.997459687
bf99e151d7c903cebc1f5df1fccb026b	Bacteria	Proteobacteria	Alphaproteobacteria	Elsterales	uncultured	Unclassified	Unclassified	0.999401478
ef6b5428bf8431d463f2e33143cfdf15	Bacteria	Proteobacteria	Alphaproteobacteria	Elsterales	uncultured	Unclassified	Unclassified	0.997496686
2f7a521836230f966ebe710b2fb941d4	Bacteria	Myxococcota	Polyangia	Polyangiales	Sandaracinaceae	Unclassified	uncultured_delta	0.91413153
1b5451899817fedc2eed44f3e4cce8fe	Bacteria	Proteobacteria	Alphaproteobacteria	Micavibrionales	Micavibrionaceae	Unclassified	uncultured_bacterium	0.786463275
23b70a4b4f786a6dc8a0d74f0c4d8aa2	Bacteria	Proteobacteria	Alphaproteobacteria	Acetobacterales	Acetobacteraceae	Unclassified	Unclassified	0.999951977
65a510fabf51b4d9ba35a94837001232	Bacteria	Actinobacteriota	Actinobacteria	Propionibacteriales	Propionibacteriaceae	Cutibacterium	Cutibacterium_granulosum	0.989734654
7e2c20c3cb140721bc5e3e8a2a3418d3	Bacteria	Actinobacteriota	Actinobacteria	Propionibacteriales	Propionibacteriaceae	Cutibacterium	Unclassified	0.999998885
ae0305e66e1fe1c74bb101c90a422e2b	Bacteria	Actinobacteriota	Actinobacteria	Propionibacteriales	Propionibacteriaceae	Cutibacterium	Unclassified	0.999997965
56a7c14457fac3687b852c1cb36e2442	Bacteria	Actinobacteriota	Actinobacteria	Propionibacteriales	Propionibacteriaceae	Cutibacterium	Unclassified	0.999998623
9119177c622870833cee833f1756f389	Bacteria	Actinobacteriota	Actinobacteria	Propionibacteriales	Propionibacteriaceae	Cutibacterium	Unclassified	0.999997683
7d2aef6aeb9103f02844f22408232772	Bacteria	Actinobacteriota	Actinobacteria	Corynebacteriales	Nocardiaceae	Williamsia	Unclassified	0.988498076
48b84e871005660a3d8f9ed9e897dabb	Bacteria	Bacteroidota	Bacteroidia	Sphingobacteriales	NS11-12_marine_group	NS11-12_marine_group	uncultured_soil	0.960221949
dc63be33664fcaedd67a222f99702650	Bacteria	Bacteroidota	Bacteroidia	Sphingobacteriales	NS11-12_marine_group	NS11-12_marine_group	uncultured_soil	0.840929804
8b04df271668b38af4c79346b2dd16a1	Bacteria	Bacteroidota	Bacteroidia	Sphingobacteriales	NS11-12_marine_group	NS11-12_marine_group	uncultured_soil	0.786127266
64e644a54e7da27be1cffabf4e78c542	Bacteria	Bacteroidota	Bacteroidia	Sphingobacteriales	NS11-12_marine_group	NS11-12_marine_group	uncultured_soil	0.976433161
f758000a7fd01cc76eceb8d6d2bcbab6	Bacteria	Bacteroidota	Bacteroidia	Sphingobacteriales	NS11-12_marine_group	NS11-12_marine_group	Unclassified	0.999510209
6036c134bfa832d6939537df3a83974c	Bacteria	Bacteroidota	Bacteroidia	Sphingobacteriales	NS11-12_marine_group	NS11-12_marine_group	uncultured_soil	0.869459145
c8c33b2c479b01e70d10ad9a6f8e59d4	Bacteria	Bacteroidota	Bacteroidia	Sphingobacteriales	NS11-12_marine_group	NS11-12_marine_group	uncultured_soil	0.999546082
b2ebf4d328ce99404f192b988de2ac89	Bacteria	NB1-j	NB1-j	NB1-j	NB1-j	NB1-j	uncultured_Desulfuromonadaceae	0.999585469
80ea8bec0163c5adf20f60dd7d2aa2e7	Bacteria	Actinobacteriota	Acidimicrobiia	Actinomarinales	uncultured	Unclassified	uncultured_soil	0.994070368
e6306c41bee5d70f619bef3bbedf8986	Bacteria	Actinobacteriota	Acidimicrobiia	Actinomarinales	uncultured	Unclassified	uncultured_soil	0.970284863
178d31f7f3e6b878c12578dbba880b83	Bacteria	Actinobacteriota	Acidimicrobiia	Actinomarinales	uncultured	Unclassified	uncultured_soil	0.896596539
c0afc844107de49d85375af71d01fe19	Bacteria	Actinobacteriota	Actinobacteria	Actinomycetales	Actinomycetaceae	Actinomyces	Unclassified	0.999358383
493873c8b27d034b24a1b429835ebe42	Bacteria	Actinobacteriota	Actinobacteria	Actinomycetales	Actinomycetaceae	Actinomyces	Unclassified	0.998300305
4608e131ce3fc3998b731cbf64440b80	Bacteria	Actinobacteriota	Acidimicrobiia	NA	NA	Unclassified	Unclassified	0.987798205
6dfcbb2d84c2d69b263f8d8098c3fdbf	Bacteria	NA	NA	NA	NA	Unclassified	Unclassified	0.999999582
d4c47953cea43af3cf481cc6270638b8	Bacteria	Actinobacteriota	Actinobacteria	NA	NA	Unclassified	Unclassified	0.95280283
490b155f89c57acedd5d0e5424a6ff13	Bacteria	Actinobacteriota	Actinobacteria	Pseudonocardiales	Pseudonocardiaceae	Amycolatopsis	Unclassified	0.999823329
6225703deb7c83bf5c103236af0c674a	Bacteria	Actinobacteriota	Actinobacteria	Pseudonocardiales	Pseudonocardiaceae	Amycolatopsis	Unclassified	0.999772301
6533da6e23c5ac6177b25a1b9841b1e2	Bacteria	Actinobacteriota	Actinobacteria	Pseudonocardiales	Pseudonocardiaceae	Amycolatopsis	Unclassified	0.995460822
04ad7ecc8bdadbbee2c8fd2b621b5294	Bacteria	Actinobacteriota	Actinobacteria	Pseudonocardiales	Pseudonocardiaceae	Pseudonocardia	Unclassified	0.997807454
3741957c844781b9da374e6fa441556c	Bacteria	Actinobacteriota	Actinobacteria	Micromonosporales	Micromonosporaceae	Actinoplanes	Unclassified	0.989943211
06656b1a8cd64a5ba0d4c6d01316d2d4	Bacteria	Actinobacteriota	Actinobacteria	Micromonosporales	Micromonosporaceae	Actinoplanes	Unclassified	0.952088128
353db33b5a4847d2f6fc02efb2838e5f	Bacteria	Actinobacteriota	Actinobacteria	Micromonosporales	Micromonosporaceae	Actinoplanes	Unclassified	0.988537493
2f3598db6c3604dc9ebf70e38c00ccef	Bacteria	Actinobacteriota	Actinobacteria	Micromonosporales	Micromonosporaceae	Actinoplanes	Unclassified	0.994944669
cc9ed50fec2e876c53702e28bb5b0ea2	Bacteria	Actinobacteriota	Actinobacteria	Micromonosporales	Micromonosporaceae	Actinoplanes	Unclassified	0.975052599
35ae72b2707feb1aeda07a15bc1abf3b	Bacteria	Actinobacteriota	Actinobacteria	Micromonosporales	Micromonosporaceae	Actinoplanes	Unclassified	0.942395511
a2fb125570400ea40cdbb08976f80a13	Bacteria	Actinobacteriota	Actinobacteria	Micromonosporales	Micromonosporaceae	Actinoplanes	Unclassified	0.993648996
6f8898f0a6ff1f7b277d6407f836f5ba	Bacteria	Actinobacteriota	Actinobacteria	Micromonosporales	Micromonosporaceae	Actinoplanes	Unclassified	0.826981689
6d78a45c02ab09d8d65bd49e5ad83e2c	Bacteria	Actinobacteriota	Actinobacteria	Micromonosporales	Micromonosporaceae	Unclassified	Unclassified	0.999958902
dd2ac72bb191f80ba53d7d9a2e8b9669	Bacteria	Actinobacteriota	Actinobacteria	Micromonosporales	Micromonosporaceae	Unclassified	Unclassified	0.997353485
e1fca25d62b5dd159ab057fd63f9b0a0	Bacteria	Actinobacteriota	Actinobacteria	Micromonosporales	Micromonosporaceae	Unclassified	Unclassified	0.798294709
bd83a10111768c76987c174a41c74936	Bacteria	Actinobacteriota	Actinobacteria	Micromonosporales	Micromonosporaceae	Phytomonospora	Unclassified	0.989158474
1c8ac2e155d11876cb7ecf7ebc8c2dab	Bacteria	Actinobacteriota	Actinobacteria	Streptosporangiales	Streptosporangiaceae	Streptosporangium	Unclassified	0.994825149
a55e7899af3d40f5307351cd5351f45a	Bacteria	Actinobacteriota	Actinobacteria	Streptosporangiales	Streptosporangiaceae	Streptosporangium	Unclassified	0.965024078
f3b25187fa5ca86e9b82885344837b86	Bacteria	Actinobacteriota	Actinobacteria	Streptosporangiales	Streptosporangiaceae	Streptosporangium	Unclassified	0.994147766
8f316cae300d3adeefb932fe03bb9986	Bacteria	Actinobacteriota	Actinobacteria	Pseudonocardiales	Pseudonocardiaceae	Actinophytocola	Unclassified	0.988017226
54da38af3c9b232d1c2e51b42978ed00	Bacteria	Actinobacteriota	Actinobacteria	Pseudonocardiales	Pseudonocardiaceae	Actinophytocola	Unclassified	0.936347376
a920c7f62dff51074c264326aba464ab	Bacteria	Actinobacteriota	Actinobacteria	Streptosporangiales	Streptosporangiaceae	Nonomuraea	Unclassified	0.986759702
808dfcee21a54f3e5f43349bcee951a9	Bacteria	Actinobacteriota	Actinobacteria	Streptosporangiales	Streptosporangiaceae	Nonomuraea	Unclassified	0.995603886
1157a1260baf7e4ba37ad57a3f46f70f	Bacteria	Actinobacteriota	Actinobacteria	Pseudonocardiales	Pseudonocardiaceae	Actinophytocola	Unclassified	0.943717428
5a94bb75dcd71e42e8522d70676c0c21	Bacteria	Actinobacteriota	Actinobacteria	Pseudonocardiales	Pseudonocardiaceae	Actinophytocola	Unclassified	0.986969728
b069ed3c79aec494d79b24ab6fb3364d	Bacteria	Actinobacteriota	Actinobacteria	Pseudonocardiales	Pseudonocardiaceae	Actinophytocola	Actinophytocola_sp.	0.81509832
3ef3481421f4470522ad522512454b5b	Bacteria	Actinobacteriota	Actinobacteria	Pseudonocardiales	Pseudonocardiaceae	Actinophytocola	Unclassified	0.94853439
f7762bad6361fbd87817bf7cd5c3620a	Bacteria	Actinobacteriota	Actinobacteria	Micromonosporales	Micromonosporaceae	Actinoplanes	Unclassified	0.868115168
71f5cf02abe6f0c3d96f8613e6bfda88	Bacteria	Actinobacteriota	Actinobacteria	Micromonosporales	Micromonosporaceae	Actinoplanes	Unclassified	0.945513161
ac6fc0ebac32a63a356565abda8ab687	Bacteria	Actinobacteriota	Actinobacteria	Micromonosporales	Micromonosporaceae	Actinoplanes	Unclassified	0.897604975
067b71f1de792ad7069ddd9e8c4b8d99	Bacteria	Actinobacteriota	Actinobacteria	Micromonosporales	Micromonosporaceae	Micromonospora	Unclassified	0.7667431
f68f9d27abc68a97adfe402cb7e4c394	Bacteria	Chloroflexi	TK10	TK10	TK10	TK10	uncultured_bacterium	0.812744762
8101e4aa3d08d3a2937a21ae2b2a8a50	Bacteria	Actinobacteriota	Actinobacteria	Micromonosporales	Micromonosporaceae	Unclassified	Unclassified	0.999976843
d3fb697e75e1dcb2ad423b65c745d95b	Bacteria	Actinobacteriota	Actinobacteria	Micromonosporales	Micromonosporaceae	Unclassified	Unclassified	0.999966264
cf845f91f8665cea356a45fe77c70248	Bacteria	Actinobacteriota	Actinobacteria	Micromonosporales	Micromonosporaceae	Actinoplanes	Unclassified	0.878985666
5d134f66188f444f6ab69b1c09ac0b6b	Bacteria	Actinobacteriota	Actinobacteria	Micromonosporales	Micromonosporaceae	Actinoplanes	Unclassified	0.956020165
5a3096482451b7fc4f047c86fceff618	Bacteria	Actinobacteriota	Actinobacteria	Micromonosporales	Micromonosporaceae	Actinoplanes	Unclassified	0.946091634
a0f96b8eb79f9c9127a42cafba981893	Bacteria	Actinobacteriota	Actinobacteria	Micromonosporales	Micromonosporaceae	Unclassified	Unclassified	0.999470659
1d934e7768d7a43e8e7fda95f5260642	Bacteria	Actinobacteriota	Actinobacteria	Micromonosporales	Micromonosporaceae	Actinoplanes	Unclassified	0.794933989
3e888d03e1b764248b6815f7eb79b680	Bacteria	Actinobacteriota	Actinobacteria	Micromonosporales	Micromonosporaceae	Unclassified	Unclassified	0.999981298
2875e0d86881abd04d5cee3b94bf27f7	Bacteria	Actinobacteriota	Actinobacteria	Glycomycetales	Glycomycetaceae	Unclassified	uncultured_bacterium	0.999327631
02726ea439b4ecc2b9852b9f89838a87	Bacteria	Actinobacteriota	Actinobacteria	Micromonosporales	Micromonosporaceae	Luedemannella	uncultured_bacterium	0.858948521
c61de498f5000da35cad6689fc4d1c82	Bacteria	Actinobacteriota	Actinobacteria	Micromonosporales	Micromonosporaceae	Micromonospora	uncultured_actinobacterium	0.94651107
709b2667d955c77aa82d4ab2c700ed57	Bacteria	Actinobacteriota	Actinobacteria	Micromonosporales	Micromonosporaceae	Plantactinospora	uncultured_actinobacterium	0.725236079
eb23248cfa4c03878802838954ac9845	Bacteria	Actinobacteriota	Actinobacteria	Micromonosporales	Micromonosporaceae	Unclassified	Unclassified	0.999148336
8e9ede3246e5168aab5a278c682489d7	Bacteria	Actinobacteriota	Actinobacteria	Micromonosporales	Micromonosporaceae	Actinoplanes	Unclassified	0.730453834
ea1e950d03062fd1d63680e24e350eed	Bacteria	Actinobacteriota	Actinobacteria	Micromonosporales	Micromonosporaceae	Actinoplanes	Unclassified	0.900964212
88910a947cee5d6c343d11f430feebc9	Bacteria	Actinobacteriota	Actinobacteria	Micromonosporales	Micromonosporaceae	Actinoplanes	Unclassified	0.815567777
b4336bf476918ce3e897632eb25a5d58	Bacteria	Actinobacteriota	Actinobacteria	Micromonosporales	Micromonosporaceae	Actinoplanes	Unclassified	0.886044355
da0b3ae6db206a6b595f1cabd9a1ffd9	Bacteria	Actinobacteriota	Actinobacteria	Micromonosporales	Micromonosporaceae	Unclassified	Unclassified	0.999971007
f105d8858602ff5c4b7cf0f26f3b75f3	Bacteria	Actinobacteriota	Actinobacteria	Micromonosporales	Micromonosporaceae	Unclassified	Unclassified	0.999899944
33949cc377c4a9e2bf233555bd3fc603	Bacteria	Actinobacteriota	Actinobacteria	Micromonosporales	Micromonosporaceae	Unclassified	Unclassified	0.997278497
661acc0e1a2bfa4d8194058d139d8ab1	Bacteria	Actinobacteriota	Actinobacteria	Micromonosporales	Micromonosporaceae	Unclassified	Unclassified	0.999893641
a7bc35fe49eb24ffb01bb25daedaa92d	Bacteria	Actinobacteriota	Actinobacteria	Micromonosporales	Micromonosporaceae	Unclassified	Unclassified	0.999689203
3aa5ddaeeb9fb087878fcfcb4f80d8a5	Bacteria	Actinobacteriota	Actinobacteria	Micromonosporales	Micromonosporaceae	Unclassified	Unclassified	0.999656217
439845d747a25275516581ddf6d13ff1	Bacteria	Actinobacteriota	Actinobacteria	Micromonosporales	Micromonosporaceae	Actinoplanes	Unclassified	0.793423758
5579865b4f10e5753ee11f21b94cc76e	Bacteria	Actinobacteriota	Actinobacteria	Micromonosporales	Micromonosporaceae	Actinoplanes	Actinoplanes_ferrugineus	0.773343289
ed88b27335118e7cd7a2cbdd3d86a301	Bacteria	Actinobacteriota	Actinobacteria	Micromonosporales	Micromonosporaceae	Micromonospora	Unclassified	0.786664931
a04c6832da777901246b8d75e31e7828	Bacteria	Actinobacteriota	Actinobacteria	Micromonosporales	Micromonosporaceae	Unclassified	Unclassified	0.999964655
d27ae907c2ef79e08d27f2efdab9edb7	Bacteria	Actinobacteriota	Actinobacteria	Micromonosporales	Micromonosporaceae	Actinoplanes	Unclassified	0.739482419
2acf7add1eeede968189c49488f35efe	Bacteria	Actinobacteriota	Actinobacteria	Micromonosporales	Micromonosporaceae	Unclassified	Unclassified	0.999598044
46f14bf572ae701c7533f75197ec072f	Bacteria	Actinobacteriota	Actinobacteria	Micromonosporales	Micromonosporaceae	Dactylosporangium	Unclassified	0.774193842
296be656cdc675fb96ac4e761bf2b748	Bacteria	Actinobacteriota	Actinobacteria	Micromonosporales	Micromonosporaceae	Dactylosporangium	Unclassified	0.80310457
a0f5077ef5e9ef00753694871458acb0	Bacteria	Actinobacteriota	Actinobacteria	Micromonosporales	Micromonosporaceae	Dactylosporangium	Unclassified	0.844797437
a862af0fce07295e7648d1184a39ece3	Bacteria	Actinobacteriota	Actinobacteria	Micromonosporales	Micromonosporaceae	Unclassified	Unclassified	0.999642692
a098afc8c5b176d7e24de83889cd94c8	Bacteria	Actinobacteriota	Actinobacteria	Micromonosporales	Micromonosporaceae	Unclassified	Unclassified	0.997308225
b88f868b392b2ce3164ec45cd6831817	Bacteria	Actinobacteriota	Actinobacteria	Micromonosporales	Micromonosporaceae	Dactylosporangium	Unclassified	0.920186889
b80548f02ba37916af065feb29debf9d	Bacteria	Actinobacteriota	Actinobacteria	Micromonosporales	Micromonosporaceae	Dactylosporangium	Unclassified	0.993629816
f2380985725854951b33bc3b99624436	Bacteria	Actinobacteriota	Actinobacteria	Micromonosporales	Micromonosporaceae	Dactylosporangium	Unclassified	0.903800529
865fedb5d67cd9a4bbc446779e8f517f	Bacteria	NA	NA	NA	NA	Unclassified	Unclassified	0.999999869
6303eb5d6b568f5557f55fbfc17816fc	Bacteria	Actinobacteriota	Actinobacteria	Micromonosporales	Micromonosporaceae	Actinoplanes	Unclassified	0.987338956
c51a64d0c82bb86070fb1e8aa8d5cf72	Bacteria	Actinobacteriota	Actinobacteria	Micromonosporales	Micromonosporaceae	Actinoplanes	Unclassified	0.825877273
c5a6e07be20cffbf206cd26595244fa2	Bacteria	Actinobacteriota	Actinobacteria	Micromonosporales	Micromonosporaceae	Actinoplanes	Unclassified	0.959041607
2a40794cd6ed4257f9be6b3530c2321d	Bacteria	Actinobacteriota	Actinobacteria	Micromonosporales	Micromonosporaceae	Rhizocola	Rhizocola_hellebori	0.775285591
98de8b3d80648db59de66e89a486dd00	Bacteria	Actinobacteriota	Actinobacteria	Micromonosporales	Micromonosporaceae	Unclassified	Unclassified	0.877593053
b8d96400d5f417f207345986cf260f41	Bacteria	Actinobacteriota	Actinobacteria	Micromonosporales	Micromonosporaceae	Catellatospora	Catellatospora_sp.	0.917482583
f6626f9392356fe05aae61daba3e3fc3	Bacteria	Actinobacteriota	Actinobacteria	Micromonosporales	Micromonosporaceae	Catellatospora	Unclassified	0.992615249
655126be8a7d1de2b1aac71793821128	Bacteria	Actinobacteriota	Actinobacteria	Micromonosporales	Micromonosporaceae	Catellatospora	Unclassified	0.934948381
c0df0538939dfdeac02d222a3771a796	Bacteria	Actinobacteriota	Actinobacteria	Micromonosporales	Micromonosporaceae	Unclassified	Unclassified	0.998914946
6c2978834d48b23401e42cde43917327	Bacteria	Actinobacteriota	Actinobacteria	Micromonosporales	Micromonosporaceae	Hamadaea	uncultured_soil	0.737785556
e39f9c7c1be14f7ed2f1cb7384a1aa60	Bacteria	Actinobacteriota	Actinobacteria	Streptosporangiales	Streptosporangiaceae	Unclassified	Unclassified	0.954229674
c79abeaa2689732d1e0324090763d26f	Bacteria	Actinobacteriota	Actinobacteria	Streptosporangiales	Streptosporangiaceae	Microbispora	Unclassified	0.971890316
f721f910070721dd6e7f7edddc240082	Bacteria	Actinobacteriota	Actinobacteria	Streptosporangiales	Streptosporangiaceae	Planotetraspora	Unclassified	0.897765038
8fed07b488cbeaa47fcb1b287dad2175	Bacteria	Actinobacteriota	Actinobacteria	Catenulisporales	Actinospicaceae	Actinospica	Unclassified	0.978903372
6eacc97fb31d29c38390288b40b390da	Bacteria	Bdellovibrionota	Bdellovibrionia	Bacteriovoracales	Bacteriovoracaceae	Bacteriovorax	Unclassified	0.999990619
41d3275379b46a12f36c1ca48ee2ee5f	Bacteria	Proteobacteria	Gammaproteobacteria	NA	NA	Unclassified	Unclassified	0.99866568
0db8ab60f9172079d44e9580e1cb715c	Bacteria	Bacteroidota	Bacteroidia	Sphingobacteriales	KD3-93	KD3-93	uncultured_bacterium	0.785369094
cf1012a950ddbb5ad13d70ceae3c9c16	Bacteria	Bacteroidota	Bacteroidia	Sphingobacteriales	KD3-93	KD3-93	uncultured_bacterium	0.708311903
d7b09feef472cb25f2b30d24782e6fae	Bacteria	Bacteroidota	Bacteroidia	Sphingobacteriales	KD3-93	KD3-93	Unclassified	0.999737073
0a0f75fa3531b2edd3a1c1ed6ae65f16	Bacteria	Bacteroidota	Bacteroidia	Sphingobacteriales	KD3-93	KD3-93	Unclassified	0.99998604
16a683d7c16ab8539222e832790b1160	Bacteria	Bacteroidota	Bacteroidia	Sphingobacteriales	KD3-93	KD3-93	Unclassified	0.999956847
b99f7cb9b10b01d2c62f2d4d1f95e621	Bacteria	Bacteroidota	Bacteroidia	Flavobacteriales	Crocinitomicaceae	Crocinitomix	metagenome	0.989494846
f36bc3413cb1020431686dbb76daf1b2	Bacteria	Bacteroidota	Bacteroidia	Flavobacteriales	Crocinitomicaceae	Crocinitomix	metagenome	0.990394166
e79f09d27a7c880904ef599f7050fcdd	Bacteria	Bacteroidota	Bacteroidia	Flavobacteriales	Crocinitomicaceae	Crocinitomix	metagenome	0.7276055
a39f628a1aba54434c482dacbdafb7d7	Bacteria	Bacteroidota	Bacteroidia	Flavobacteriales	Crocinitomicaceae	Crocinitomix	metagenome	0.963474785
9d23f731a85593b7f1533178395eac24	Bacteria	Bdellovibrionota	Bdellovibrionia	Bdellovibrionales	Bdellovibrionaceae	Bdellovibrio	uncultured_bacterium	0.864688918
f2374039f9b9ca6921bedc60f9dc3af0	Bacteria	Bdellovibrionota	Bdellovibrionia	Bdellovibrionales	Bdellovibrionaceae	Bdellovibrio	uncultured_bacterium	0.910099214
4aa8fdee814231d8f2a3b2a2cecdb5b4	Bacteria	Bdellovibrionota	Bdellovibrionia	Bdellovibrionales	Bdellovibrionaceae	Bdellovibrio	uncultured_bacterium	0.861313047
56ce843206fbd94ad2993fb5dcdcc366	Bacteria	Bdellovibrionota	Bdellovibrionia	Bdellovibrionales	Bdellovibrionaceae	Bdellovibrio	uncultured_bacterium	0.869251686
4f4f1ffc08f57f52d4f02011577ad849	Bacteria	Bdellovibrionota	Oligoflexia	Oligoflexales	uncultured	Unclassified	Unclassified	0.999862797
95f5a457c80f1c3bba87b0b44a1628d6	Bacteria	Bdellovibrionota	Oligoflexia	Oligoflexales	uncultured	Unclassified	uncultured_bacterium	0.746294779
61fa9fa621c2cf0f76a165674cd7aa9f	Bacteria	Proteobacteria	Alphaproteobacteria	uncultured	uncultured	Unclassified	Unclassified	0.986654568
af868fd80c26af37b55c3c5090efa6e4	Bacteria	Proteobacteria	Alphaproteobacteria	Rickettsiales	SM2D12	SM2D12	Unclassified	0.999019388
cda2f22e0cabc42916f4935a897c6571	Bacteria	Bdellovibrionota	Bdellovibrionia	Bdellovibrionales	Bdellovibrionaceae	Bdellovibrio	uncultured_bacterium	0.836769843
bc002610a236f100835a59c3e1d78183	Bacteria	Chloroflexi	Chloroflexia	Chloroflexales	Roseiflexaceae	Unclassified	uncultured_bacterium	0.824622354
b844e9fc42dfbb568585ea831a53d424	Bacteria	Proteobacteria	Alphaproteobacteria	NA	NA	Unclassified	Unclassified	0.999219738
69759ec4a54aebe5212224c78ec11018	Bacteria	Bacteroidota	Bacteroidia	Sphingobacteriales	NA	Unclassified	Unclassified	0.867684976
a8e094ed94627ceca9bcc7521138b55c	Bacteria	Bacteroidota	Bacteroidia	Sphingobacteriales	NA	Unclassified	Unclassified	0.969914255
7dbda51e24a957772a1e1da3e332b984	Bacteria	Bacteroidota	Bacteroidia	Sphingobacteriales	NA	Unclassified	Unclassified	0.959299079
af08aaa8ef7cd0423c33c6a94c4f8691	Bacteria	Proteobacteria	Alphaproteobacteria	NA	NA	Unclassified	Unclassified	0.971645718
c4813cbdec683ad42c64dc4ddc725395	Bacteria	Firmicutes	Bacilli	Lactobacillales	Lactobacillaceae	Lactobacillus	Unclassified	0.999956955
593770bb0c6a54296579e7792b762a03	Bacteria	Firmicutes	Bacilli	Lactobacillales	Lactobacillaceae	Lactobacillus	Unclassified	0.999918172
a24a01949c8d7c16e97622a7e899cce3	Bacteria	Proteobacteria	Alphaproteobacteria	Micavibrionales	uncultured	Unclassified	Unclassified	0.976903375
0b3cd308d81871e6ebef99dd7eb1506c	Bacteria	Proteobacteria	Alphaproteobacteria	Micavibrionales	uncultured	Unclassified	Unclassified	0.99127656
e7df46dfe669af04618bf856426b1fef	Bacteria	Fibrobacterota	Fibrobacteria	Fibrobacterales	Fibrobacteraceae	possible_genus_04	uncultured_bacterium	0.995172152
834475b0c4e005de6592c8e845bc0efb	Bacteria	Fibrobacterota	Fibrobacteria	Fibrobacterales	Fibrobacteraceae	possible_genus_04	uncultured_bacterium	0.70123262
6d2ad51d906bd3b25f9ab0b25c509020	Bacteria	Fibrobacterota	Fibrobacteria	Fibrobacterales	Fibrobacteraceae	possible_genus_04	uncultured_bacterium	0.982711413
32bc55894928700f03771ace9e36ab95	Bacteria	Bdellovibrionota	Bdellovibrionia	Bdellovibrionales	Bdellovibrionaceae	Bdellovibrio	uncultured_bacterium	0.918650451
791fed7d56e77e41c8a5c969ee712727	Bacteria	Bdellovibrionota	Bdellovibrionia	Bdellovibrionales	Bdellovibrionaceae	Bdellovibrio	uncultured_bacterium	0.900690208
354a3a899f7770cc2fd8273fb3cbdf17	Bacteria	Bdellovibrionota	Bdellovibrionia	Bdellovibrionales	Bdellovibrionaceae	Bdellovibrio	uncultured_bacterium	0.810299076
193f1aa6e9db63cc6290768c6f64fb29	Bacteria	Bdellovibrionota	Bdellovibrionia	Bdellovibrionales	Bdellovibrionaceae	Bdellovibrio	uncultured_bacterium	0.95285727
32540080128d87520cf34a894c090a04	Bacteria	Bdellovibrionota	Bdellovibrionia	Bdellovibrionales	Bdellovibrionaceae	Bdellovibrio	uncultured_bacterium	0.919476442
2543b12f3650b08e0f7bd7d60afad3ed	Bacteria	Bdellovibrionota	Bdellovibrionia	Bdellovibrionales	Bdellovibrionaceae	Bdellovibrio	uncultured_bacterium	0.803615405
04b9c1e04f32126eee2923d815d6db17	Bacteria	Bdellovibrionota	Bdellovibrionia	Bdellovibrionales	Bdellovibrionaceae	Bdellovibrio	uncultured_bacterium	0.751518993
3efbb2eae5843894613dfffef0759537	Bacteria	Bdellovibrionota	Bdellovibrionia	Bdellovibrionales	Bdellovibrionaceae	Bdellovibrio	uncultured_bacterium	0.735595781
ca3460ffb70941132298c3661eef82f1	Bacteria	Bdellovibrionota	Bdellovibrionia	Bdellovibrionales	Bdellovibrionaceae	Bdellovibrio	uncultured_bacterium	0.73578908
4bee75493bef57b661f889b5469f8348	Bacteria	Bdellovibrionota	Bdellovibrionia	Bdellovibrionales	Bdellovibrionaceae	Bdellovibrio	uncultured_bacterium	0.918598794
8eda94140a90bb10859d2db67efffab4	Bacteria	Bdellovibrionota	Bdellovibrionia	Bdellovibrionales	Bdellovibrionaceae	Bdellovibrio	uncultured_bacterium	0.868712456
265ec2ebf9ae625b3c1bd0466b62a01b	Bacteria	Bacteroidota	Kapabacteria	Kapabacteriales	Kapabacteriales	Kapabacteriales	Unclassified	0.948086056
3a2ad18fb987920175bebbbaccb7a335	Bacteria	Bacteroidota	Kapabacteria	Kapabacteriales	Kapabacteriales	Kapabacteriales	Unclassified	0.96504174
b801b6dd9eab9fd07c70715e61bcda98	Bacteria	Bacteroidota	Kapabacteria	Kapabacteriales	Kapabacteriales	Kapabacteriales	uncultured_bacterium	0.718647577
6b57a38ba20765a70133862c9ca0f15c	Bacteria	Bacteroidota	Kapabacteria	Kapabacteriales	Kapabacteriales	Kapabacteriales	uncultured_bacterium	0.993290967
a94171dc0078dbc62e1215f8614c03e3	Bacteria	Bacteroidota	Bacteroidia	Flavobacteriales	Flavobacteriaceae	Unclassified	Unclassified	0.991940413
70062de9ddb7323af2af306ef88877ed	Bacteria	NA	NA	NA	NA	Unclassified	Unclassified	0.999999347
0057e5ec032e89f0a79c8f72f2c96bc6	Bacteria	NA	NA	NA	NA	Unclassified	Unclassified	0.999987977
25ffb8e1ed39c98b674b29853857d581	Bacteria	Fibrobacterota	Fibrobacteria	Fibrobacterales	Fibrobacteraceae	Unclassified	uncultured_bacterium	0.985513937
deea67195eb24feed0e8d94bf6eab8b8	Bacteria	Fibrobacterota	Fibrobacteria	Fibrobacterales	Fibrobacteraceae	Unclassified	uncultured_bacterium	0.916421783
1bd4b88b7c48ebf6df20cb76811bc4a7	Bacteria	Fibrobacterota	Fibrobacteria	Fibrobacterales	Fibrobacteraceae	Unclassified	uncultured_bacterium	0.930299935
828cef613c45f9433a7534e43dadce21	Bacteria	Bdellovibrionota	Bdellovibrionia	Bdellovibrionales	Bdellovibrionaceae	Bdellovibrio	uncultured_bacterium	0.806368295
b6e35152143902fb8ddd21859e120e92	Bacteria	Chloroflexi	Chloroflexia	Chloroflexales	Roseiflexaceae	Kouleothrix	Unclassified	0.866089039
79825ed9a2c6340b8438c1efbd428d9e	Bacteria	Bdellovibrionota	Bdellovibrionia	Bdellovibrionales	Bdellovibrionaceae	Bdellovibrio	uncultured_bacterium	0.875358335
78ebd90e55fad20641ba2c234617d87c	Bacteria	Proteobacteria	Alphaproteobacteria	Rhizobiales	Xanthobacteraceae	Bradyrhizobium	Unclassified	0.756897695
73f09dbe767df795e9d5bd369da21bd2	Bacteria	Proteobacteria	Alphaproteobacteria	Rhizobiales	Beijerinckiaceae	Methylobacterium-Methylorubrum	Unclassified	0.999996669
6270845c95ffc87fe323864e226e66a0	Bacteria	Proteobacteria	Alphaproteobacteria	Rhizobiales	NA	Unclassified	Unclassified	0.955147113
360c262e9970c4ee33ae6ddef098d546	Bacteria	Proteobacteria	Alphaproteobacteria	Dongiales	Dongiaceae	Dongia	Unclassified	0.999359964
09a41d96a44ba8dbd01b5dae0115d4b8	Bacteria	Bdellovibrionota	Oligoflexia	0319-6G20	0319-6G20	0319-6G20	Unclassified	0.932107527
bab83588fe59d1493bb7b7c3238a95a7	Bacteria	Firmicutes	Bacilli	Paenibacillales	Paenibacillaceae	Paenibacillus	Unclassified	0.996922865
42a2c25399f258f4bf8ef0e78a7082c9	Bacteria	Firmicutes	Bacilli	Lactobacillales	Lactobacillaceae	Lactobacillus	Unclassified	0.999955563
c50fae611d35e76c0e661a107e29c3e5	Bacteria	Firmicutes	Bacilli	Lactobacillales	Lactobacillaceae	Lactobacillus	Unclassified	0.999970636
81f5c8079a56fa56d9934e06d5f1d1bd	Bacteria	Proteobacteria	Alphaproteobacteria	Rhizobiales	Rhizobiaceae	Unclassified	Unclassified	0.962351172
8cb8b40a546799e6d3e6fec8d46cada5	Bacteria	Proteobacteria	Alphaproteobacteria	Rhizobiales	Rhizobiaceae	Unclassified	Unclassified	0.964233027
6847e10c89ce9881526cbd7dfdc65129	Bacteria	Proteobacteria	Alphaproteobacteria	Rhizobiales	Devosiaceae	Unclassified	uncultured_Prosthecomicrobium	0.793586216
c89ebfe2dff8b0bb5dd16eb0c6e8a6bf	Bacteria	Proteobacteria	Alphaproteobacteria	Rhizobiales	Rhizobiaceae	Allorhizobium-Neorhizobium-Pararhizobium-Rhizobium	Unclassified	0.998570316
3e56d35f073224f3a251f06878764cfa	Bacteria	Proteobacteria	Alphaproteobacteria	Rhizobiales	Rhizobiaceae	Unclassified	Unclassified	0.999758245
7d5e31fb4403ede00d878cbb764ae627	Bacteria	Proteobacteria	Gammaproteobacteria	NA	NA	Unclassified	Unclassified	0.999403271
d143e0c13f6381913238b9923fcbcce7	Bacteria	Myxococcota	Myxococcia	Myxococcales	Myxococcaceae	Unclassified	Unclassified	0.999999427
e0a55c86301a286bf374762ca721051b	Bacteria	Actinobacteriota	Thermoleophilia	Solirubrobacterales	67-14	67-14	Unclassified	0.998308001
ea0dd72c75f139c047ed873d8b7a3874	Bacteria	Proteobacteria	Gammaproteobacteria	NA	NA	Unclassified	Unclassified	0.873147657
5469dede8a8a8e7d69f37f86d1015497	Bacteria	NA	NA	NA	NA	Unclassified	Unclassified	0.999999619
d20290bd8e1731d0f500ffb6c60da2b4	Bacteria	Proteobacteria	Gammaproteobacteria	NA	NA	Unclassified	Unclassified	0.912156761
00b160ce93b4d1330e3a9c8e743cc4ef	Bacteria	Bacteroidota	Bacteroidia	Cytophagales	Spirosomaceae	Dyadobacter	Unclassified	0.980588885
b424baa80dcaa88a44fc0197fef919aa	Bacteria	Bacteroidota	Bacteroidia	Cytophagales	Spirosomaceae	Dyadobacter	uncultured_bacterium	0.721779656
ae19593b7f799ffce38c1d03c26aebb4	Bacteria	Bacteroidota	Bacteroidia	Cytophagales	Spirosomaceae	Dyadobacter	uncultured_bacterium	0.726416353
744cb236a1850dc39b2d1d392920cd1a	Bacteria	Firmicutes	Clostridia	Peptostreptococcales-Tissierellales	Peptostreptococcaceae	Romboutsia	Unclassified	0.948467606
49328e402d4b54c8ab97a804f3b3e6e2	Bacteria	Firmicutes	Clostridia	Peptostreptococcales-Tissierellales	Peptostreptococcaceae	Romboutsia	Unclassified	0.897502152
8cc46b396b532a7e81c9ea0e73913293	Bacteria	Actinobacteriota	Thermoleophilia	Gaiellales	uncultured	Unclassified	uncultured_bacterium	0.731981471
26c8409735e63970cd8989f595f4d5e7	Bacteria	NA	NA	NA	NA	Unclassified	Unclassified	0.999999798
4535c2aa539f1ffc17b6ea36761352cd	Bacteria	Proteobacteria	Alphaproteobacteria	Rhodobacterales	Rhodobacteraceae	Limibaculum	uncultured_bacterium	0.975851937
df756087a10e9b8d9ccc8b627c53e9ff	Bacteria	Proteobacteria	Gammaproteobacteria	Xanthomonadales	NA	Unclassified	Unclassified	0.718433092
9cc8d00506904a0e8e88624b2eb3ea51	Bacteria	Firmicutes	Clostridia	Oscillospirales	Ruminococcaceae	Unclassified	Unclassified	0.813133803
6cb57f9901740c88c82f9d3009bd3db0	Bacteria	Firmicutes	Bacilli	Staphylococcales	Staphylococcaceae	Staphylococcus	Unclassified	0.917187974
75558c4e238394d617551b4010db7ae6	Bacteria	Proteobacteria	Alphaproteobacteria	Azospirillales	Azospirillaceae	Skermanella	Unclassified	0.998719861
37b55fa42439b4921c33c1bc50b817a9	Bacteria	Firmicutes	Bacilli	Lactobacillales	Streptococcaceae	Lactococcus	Unclassified	0.99999365
36a7539b98a82f4fc84d0de954b465d1	Bacteria	Proteobacteria	Alphaproteobacteria	Rhizobiales	Beijerinckiaceae	Methylobacterium-Methylorubrum	Unclassified	0.999540605
de490c9be8a6d65c16c00904c47e8726	Bacteria	Proteobacteria	Alphaproteobacteria	Rickettsiales	SM2D12	SM2D12	uncultured_bacterium	0.714145178
1db5227b1c2fd4d7970cfa30ebd1f047	Bacteria	Gemmatimonadota	AKAU4049	AKAU4049	AKAU4049	AKAU4049	uncultured_soil	0.756241528
84a4a1c09c2d76ccde1cac378cf93aea	Bacteria	Proteobacteria	Alphaproteobacteria	Rhizobiales	NA	Unclassified	Unclassified	0.779520205
83797753445b60233a43ef732bc9b4d3	Bacteria	NA	NA	NA	NA	Unclassified	Unclassified	0.999999947
06a9fa5af39d8eb7bfe5308265abb9a1	Bacteria	Firmicutes	Bacilli	Bacillales	Bacillaceae	Terribacillus	Unclassified	0.990800147
8b9115eda88e2c1f049399a6d0006fff	Bacteria	Firmicutes	Bacilli	Paenibacillales	Paenibacillaceae	Paenibacillus	Unclassified	0.999961873
7eb5b6ce9fa3d71c32f42dbebc1c7841	Bacteria	Firmicutes	Bacilli	Paenibacillales	Paenibacillaceae	Paenibacillus	Unclassified	0.99677025
a633c5ffe9fa8224574e209752e0bacb	Bacteria	Firmicutes	Bacilli	Paenibacillales	Paenibacillaceae	Saccharibacillus	Saccharibacillus_endophyticus	0.822389459
0cc2a506d7328f255bb18045a9e48ade	Bacteria	Firmicutes	Bacilli	Lactobacillales	Lactobacillaceae	Lactobacillus	Unclassified	0.979331678
7a7e9936d484da5892f07c18ef87917d	Bacteria	Firmicutes	Bacilli	Lactobacillales	Lactobacillaceae	Lactobacillus	Lactobacillus_mucosae	0.701405863
2272e65d86af15f088c900002894ce8a	Bacteria	Proteobacteria	Alphaproteobacteria	Rickettsiales	SM2D12	SM2D12	Unclassified	0.777100367
f7d8b029e4b361f68e3b80f20acfe54b	Bacteria	Firmicutes	Symbiobacteriia	Symbiobacteriales	Symbiobacteraceae	Symbiobacterium	Symbiobacterium_turbinis	0.989248188
f4ed1f141d92157235283a78c5afe668	Bacteria	NA	NA	NA	NA	Unclassified	Unclassified	0.999994396
9f00dc9c1ee156d82a0046f327747121	Bacteria	NA	NA	NA	NA	Unclassified	Unclassified	0.999992514
e0445e29115c433468d36a254f3d8589	Bacteria	Myxococcota	Polyangia	Nannocystales	Nannocystaceae	Nannocystis	metagenome	0.800170862
f1015ccd71e16113ea3180b3a804f915	Bacteria	NA	NA	NA	NA	Unclassified	Unclassified	0.999999682
4d1ea5e3b027778246c18a0be42f0e73	Bacteria	Actinobacteriota	Actinobacteria	0319-7L14	0319-7L14	0319-7L14	uncultured_actinobacterium	0.915885016
934f1d782ae4b81849d1ce34606e96af	Bacteria	Actinobacteriota	Actinobacteria	Streptosporangiales	Thermomonosporaceae	Unclassified	Unclassified	0.960484846
d1d966c385b7933285493fdae2f03ca0	Bacteria	Firmicutes	Bacilli	Staphylococcales	Staphylococcaceae	Staphylococcus	Unclassified	0.886145002
c1eb27be3a9197922800106146c27fb4	Bacteria	Proteobacteria	Gammaproteobacteria	Burkholderiales	Rhodocyclaceae	Unclassified	Unclassified	0.795267087
24e836c16acbd2c85fe85f9fd9c2da47	Bacteria	Actinobacteriota	Actinobacteria	Micrococcales	Micrococcaceae	Unclassified	Unclassified	0.866643924
bd28f71e5532f098b7f2a4962bd01311	Bacteria	Acidobacteriota	Thermoanaerobaculia	Thermoanaerobaculales	Thermoanaerobaculaceae	Subgroup_10	Unclassified	0.783672864
8a64d6bb2c61530783ac2d44afe8c3f9	Bacteria	Actinobacteriota	Actinobacteria	Streptosporangiales	Thermomonosporaceae	Unclassified	Unclassified	0.913610138
e834df6266614f385e528ff32e7ae995	Bacteria	Actinobacteriota	Actinobacteria	Propionibacteriales	Nocardioidaceae	Aeromicrobium	Unclassified	0.883854145
dda737278b3e86b76ccdcf77e40dd8f9	Bacteria	Proteobacteria	Alphaproteobacteria	Micropepsales	Micropepsaceae	Unclassified	Unclassified	0.786339
687197907c36756d079f7151cf168eff	Bacteria	Myxococcota	Polyangia	Blfdi19	Blfdi19	Blfdi19	Unclassified	0.962567907
a1e69695f3a5fda807f23f0300865003	Bacteria	NA	NA	NA	NA	Unclassified	Unclassified	0.999999995
f0db8e8116124f0bd163378c71094215	Bacteria	Firmicutes	Bacilli	Exiguobacterales	Exiguobacteraceae	Exiguobacterium	Unclassified	0.989533855
fb65380858195ad38cade3aff242314d	Bacteria	Proteobacteria	Alphaproteobacteria	Rhizobiales	Rhizobiaceae	Unclassified	Unclassified	0.996805143
533db7d635bc7fd7f5993344ea70844e	Bacteria	Proteobacteria	Alphaproteobacteria	Rhizobiales	Xanthobacteraceae	Bradyrhizobium	Unclassified	0.920232742
1b0808a59194226e015ae1b5b1b72ae4	Bacteria	Proteobacteria	Alphaproteobacteria	Caulobacterales	Caulobacteraceae	Unclassified	Unclassified	0.877510618
8e0f0f651915eb84d3d57e08027e57c8	Bacteria	Chloroflexi	Dehalococcoidia	S085	S085	S085	uncultured_bacterium	0.801557573
6cdcd7fcc93a7bc3c05c044e800d66d4	Bacteria	SAR324_clade(Marine_group_B)	SAR324_clade(Marine_group_B)	SAR324_clade(Marine_group_B)	SAR324_clade(Marine_group_B)	SAR324_clade(Marine_group_B)	Unclassified	0.961942771
ad5b29dc66fc5d8b6d8cbe60862e9da7	Bacteria	Firmicutes	Clostridia	Peptostreptococcales-Tissierellales	Peptostreptococcaceae	Clostridioides	Unclassified	0.962180018
8307102b02321acec0d840aa97ab4f2d	Bacteria	Proteobacteria	NA	NA	NA	Unclassified	Unclassified	0.797244202
8b416e5d9853bd9f05c5ac1401ef85e7	Bacteria	NA	NA	NA	NA	Unclassified	Unclassified	0.99999998
b730959647290cc4dd1229ddbf3b224c	Bacteria	Proteobacteria	Gammaproteobacteria	Burkholderiales	SC-I-84	SC-I-84	Unclassified	0.897461459
5047ea8964b06980453234a77e8dc1fd	Bacteria	Proteobacteria	Alphaproteobacteria	Rhizobiales	Rhizobiaceae	Unclassified	Unclassified	0.935789064
1027582f3b39bcecd9d74b78481e08ae	Bacteria	Myxococcota	Polyangia	Polyangiales	Sandaracinaceae	Unclassified	Unclassified	0.969546757
c91c7d861daae8cae160c9c5dc6ed3fb	Bacteria	Proteobacteria	Alphaproteobacteria	Rickettsiales	Rickettsiales	Candidatus_Jidaibacter	Unclassified	0.796230256
13ac3b1de78b6a68c46118b680089030	Bacteria	Bdellovibrionota	NA	NA	NA	Unclassified	Unclassified	0.756291945
1dc2e5fc5a11877538ff5f6a1e8018ae	Bacteria	Actinobacteriota	Actinobacteria	Nitriliruptorales	Nitriliruptoraceae	Unclassified	Unclassified	0.778505723
dd0006007b5b93c8b38db8bf7f2f4edb	Bacteria	Chloroflexi	Chloroflexia	Chloroflexales	Roseiflexaceae	Unclassified	uncultured_bacterium	0.852610536
34ee126cc6a5430c20077d88dcdf67f6	Bacteria	Chloroflexi	TK10	TK10	TK10	TK10	uncultured_bacterium	0.812599004
96bb9d16072f1689284a6486824e2aab	Bacteria	NA	NA	NA	NA	Unclassified	Unclassified	0.999999431
8f8778135f85d3ec46d06ef672e8dcb6	Bacteria	Firmicutes	Bacilli	Lactobacillales	Streptococcaceae	Lactococcus	Unclassified	0.997718165
d6531ff3c22f3344dca5feb122924d49	Bacteria	NA	NA	NA	NA	Unclassified	Unclassified	0.99999974
18faeee9de321c6e64883a2802ffb1c9	Bacteria	Actinobacteriota	Rubrobacteria	Rubrobacterales	Rubrobacteriaceae	Rubrobacter	Unclassified	0.999649221
ba991f01fa7a2063d898e647f1604edc	Bacteria	Chloroflexi	Anaerolineae	Ardenticatenales	Ardenticatenaceae	Unclassified	Unclassified	0.986732163
6fdb79bf946a847c8c8ed2625f313180	Bacteria	Chloroflexi	Anaerolineae	Ardenticatenales	Ardenticatenaceae	Unclassified	Unclassified	0.982484443
34810e0c69b86bc83c984d00b8722b32	Bacteria	Actinobacteriota	Thermoleophilia	Gaiellales	uncultured	Unclassified	Unclassified	0.957525554
1a26fb1ed6df1c8a258139b1f0f9fa29	Bacteria	Actinobacteriota	Thermoleophilia	Gaiellales	Gaiellaceae	Gaiella	uncultured_Acidobacteria	0.708140091
c791127bf02b399a4fa9587ed337bc92	Bacteria	Actinobacteriota	NA	NA	NA	Unclassified	Unclassified	0.865451751
61312422e194ce758484f42a5806c854	Bacteria	Chloroflexi	TK10	TK10	TK10	TK10	uncultured_Dehalogenimonas	0.92522551
06deb70792831b2190ce5184c77ac9f8	Bacteria	Actinobacteriota	Actinobacteria	0319-7L14	0319-7L14	0319-7L14	Unclassified	0.991144288
fcf4fcc219209efcc8117dcecba6b328	Bacteria	NA	NA	NA	NA	Unclassified	Unclassified	0.999999913
72732f0460505a0af23f451ea8ca013e	Bacteria	NA	NA	NA	NA	Unclassified	Unclassified	0.99999981
727e4ae3074bdb97d88e282416fdc1d9	Bacteria	Proteobacteria	Alphaproteobacteria	Rickettsiales	Mitochondria	Mitochondria	Unclassified	0.969052206
1f1c97a5d80d00ae89dcce6dc8aa2f3e	Bacteria	NA	NA	NA	NA	Unclassified	Unclassified	0.999970234
1bfea511776a0d57f22216ffe4a4e111	Bacteria	Proteobacteria	Alphaproteobacteria	Rhizobiales	D05-2	D05-2	Rhizobiales_bacterium	0.785899333
93d8f1959c506f9967b341eac5522308	Bacteria	Bdellovibrionota	Bdellovibrionia	Bdellovibrionales	Bdellovibrionaceae	Bdellovibrio	uncultured_bacterium	0.76957184
7acad5c77e640f8ad09d589ebe1b0f4a	Bacteria	Myxococcota	Polyangia	Polyangiales	BIrii41	BIrii41	uncultured_Sorangiineae	0.743486755
48af4d01edf70732fdf5ec7c2da7c2be	Bacteria	Verrucomicrobiota	Verrucomicrobiae	Pedosphaerales	Pedosphaeraceae	Unclassified	Unclassified	0.998232543
eb413bcc483e6edcb041e2d5f5e69a6b	Bacteria	Actinobacteriota	Thermoleophilia	Solirubrobacterales	67-14	67-14	uncultured_soil	0.85906489
7930771e1b3096fc5209339ad461832d	Bacteria	NA	NA	NA	NA	Unclassified	Unclassified	0.999999718
89496db142ee001b0725df22b0bbfb12	Bacteria	Chloroflexi	Anaerolineae	Ardenticatenales	Ardenticatenaceae	Unclassified	unidentified_marine	0.723766067
c1dca8dcc63865a9e8bd7e08830c2747	Bacteria	Firmicutes	Bacilli	Paenibacillales	Paenibacillaceae	Paenibacillus	Unclassified	0.988164667
6e75bbd37c61dc6719632187ca0ea277	Bacteria	Armatimonadota	Fimbriimonadia	Fimbriimonadales	Fimbriimonadaceae	Fimbriimonadaceae	uncultured_bacterium	0.833112663
b6cb9acbd6be7d5bf12a58050d586721	Bacteria	Proteobacteria	Gammaproteobacteria	Gammaproteobacteria_Incertae_Sedis	Unknown_Family	Acidibacter	Unclassified	0.773256033
3b6584a0edfc7d324e9e9a2f4991646d	Bacteria	NA	NA	NA	NA	Unclassified	Unclassified	0.999985872
8719bba0d4baf033671d08a3c6879630	Bacteria	Patescibacteria	Saccharimonadia	Saccharimonadales	Saccharimonadales	Saccharimonadales	uncultured_bacterium	0.729245115
bdd2773273f00a679a3a5d5972e48c19	Bacteria	Proteobacteria	Gammaproteobacteria	Burkholderiales	Oxalobacteraceae	Unclassified	Unclassified	0.792875264
c113099547a8d2a7f437ef5a7769d9b2	Bacteria	Proteobacteria	Gammaproteobacteria	Burkholderiales	Oxalobacteraceae	Noviherbaspirillum	Unclassified	0.795563662
69a6d98d8e8aafa45691276c5e4c508a	Bacteria	NA	NA	NA	NA	Unclassified	Unclassified	0.999998937
980f47ca8cdddaa02cb45e90f76a83f1	Bacteria	Proteobacteria	Gammaproteobacteria	Burkholderiales	NA	Unclassified	Unclassified	0.997148867
12d178df2b048fd942af5fec741aa92e	Bacteria	NA	NA	NA	NA	Unclassified	Unclassified	0.999999585
6d35a8159e784551903ac750fd994cb3	Bacteria	Proteobacteria	Alphaproteobacteria	Rickettsiales	Mitochondria	Mitochondria	Unclassified	0.870385441
916a9c429291ea549f873db3b277ec11	Bacteria	NA	NA	NA	NA	Unclassified	Unclassified	0.999998162
73b23d8c436c9cbfa427e00dff9d3683	Bacteria	Patescibacteria	Saccharimonadia	Saccharimonadales	Saccharimonadales	Saccharimonadales	Unclassified	0.949699885
d5f4baa36185bfc99ebda0f4f5897f39	Bacteria	Actinobacteriota	Acidimicrobiia	Microtrichales	Iamiaceae	Iamia	Unclassified	0.740440176
46773d206466e18b20448b74d19b1ef6	Bacteria	Chloroflexi	Chloroflexia	NA	NA	Unclassified	Unclassified	0.70123318
4829d3a10b6167c18c8ff0d0d56be2ae	Bacteria	Chloroflexi	Chloroflexia	Chloroflexales	Roseiflexaceae	Unclassified	Unclassified	0.952105622
9c2e3da872b0ccf2d8f66a970583435e	Bacteria	Chloroflexi	Chloroflexia	Chloroflexales	Roseiflexaceae	Unclassified	uncultured_bacterium	0.719880419
4eedc023d64a09f54c5617f00cb3ad26	Bacteria	Chloroflexi	Anaerolineae	SBR1031	A4b	A4b	wastewater_metagenome	0.922907983
a8666557ba4e38bb370d30c63c3ad207	Bacteria	Chloroflexi	TK10	TK10	TK10	TK10	Unclassified	0.875327043
7e9be672f40c9bcfd75335fcf1a568a1	Bacteria	Bacteroidota	Bacteroidia	Flavobacteriales	Flavobacteriaceae	Flavobacterium	Unclassified	0.898859996
0f97ff95fc91dac156f825d4ba55fd3d	Bacteria	Bacteroidota	Bacteroidia	NA	NA	Unclassified	Unclassified	0.807954784
b7db5f4549a3907a9bd4089bb0374dcf	Bacteria	Actinobacteriota	Actinobacteria	Micrococcales	Microbacteriaceae	Unclassified	Unclassified	0.934682973
a4c272c5977d756ee76b0c54d36eeda8	Bacteria	Actinobacteriota	Actinobacteria	Micrococcales	Intrasporangiaceae	Phycicoccus	Unclassified	0.870799588
7941aac324937e3b76413dc4b088e8e1	Bacteria	Actinobacteriota	Actinobacteria	Propionibacteriales	Nocardioidaceae	Marmoricola	Unclassified	0.975777433
3fb37f69e72be26410e913481ae27734	Bacteria	Actinobacteriota	Actinobacteria	NA	NA	Unclassified	Unclassified	0.769732241
af5a5526570120a82002ca27c874dc42	Bacteria	Actinobacteriota	Actinobacteria	Micromonosporales	Micromonosporaceae	Actinoplanes	Unclassified	0.729487794
bd717f08d687c181ac81a7cdb88dadf9	Bacteria	Actinobacteriota	Actinobacteria	Micrococcales	NA	Unclassified	Unclassified	0.927430503
8e956d1fd7044d13c5dc046121b1b327	Bacteria	Actinobacteriota	Actinobacteria	Micrococcales	NA	Unclassified	Unclassified	0.878966753
f2fd635524342697e8a61eb7584b372d	Bacteria	Actinobacteriota	Actinobacteria	Micrococcales	Intrasporangiaceae	Unclassified	Unclassified	0.812125825
84724fafe673139914460b980c73fc89	Bacteria	Actinobacteriota	Actinobacteria	Pseudonocardiales	Pseudonocardiaceae	Lechevalieria	Unclassified	0.921581041
aabe2611602f1fa6291fdc8941784779	Bacteria	Actinobacteriota	Actinobacteria	Pseudonocardiales	Pseudonocardiaceae	Lechevalieria	Unclassified	0.740521966
b8918d67da3d9b6426807ba827686f2b	Bacteria	Actinobacteriota	Actinobacteria	Pseudonocardiales	Pseudonocardiaceae	Unclassified	Unclassified	0.958570835
5e0d2529422d4045fd64320945084587	Bacteria	Actinobacteriota	Actinobacteria	0319-7L14	0319-7L14	0319-7L14	uncultured_actinobacterium	0.850023376
ac76d3d05af4746fb4878fa94a1b48a5	Bacteria	Actinobacteriota	Acidimicrobiia	Microtrichales	NA	Unclassified	Unclassified	0.924576569
b4f1ce5c38eff9e62e4fccc5fd37d232	Bacteria	Bdellovibrionota	Bdellovibrionia	Bdellovibrionales	Bdellovibrionaceae	OM27_clade	Unclassified	0.847417972
51deac757861d6a9d7af6c813b97e1e3	Bacteria	Myxococcota	Myxococcia	Myxococcales	Myxococcaceae	KD3-10	uncultured_bacterium	0.946397033
fa2c31d478e561047200820a70d1c9d7	Bacteria	NA	NA	NA	NA	Unclassified	Unclassified	0.99999779
ccd1be2ca4ca8ffd1a0f66bb10867b54	Bacteria	Myxococcota	bacteriap25	bacteriap25	bacteriap25	bacteriap25	Unclassified	0.907177749
9bd9f5aa349fdb8fe4d2fd3a56ac8819	Bacteria	Acidobacteriota	Acidobacteriae	Solibacterales	Solibacteraceae	Candidatus_Solibacter	Unclassified	0.858637453
10b6571b1c15d512a71e94aeaa5cf384	Bacteria	Acidobacteriota	Acidobacteriae	NA	NA	Unclassified	Unclassified	0.760314875
2a995d8004c662943b49d4fc74f5b2d7	Bacteria	Acidobacteriota	Acidobacteriae	Acidobacteriales	NA	Unclassified	Unclassified	0.913009755
3ee8aaae430483020361fb066152fe6d	Bacteria	Acidobacteriota	Acidobacteriae	Acidobacteriales	NA	Unclassified	Unclassified	0.979918218
eacadc049945e63a97b4c406da3dba65	Bacteria	Myxococcota	Polyangia	Haliangiales	Haliangiaceae	Haliangium	uncultured_Myxococcales	0.805765256
a4509547d476ce62a6faec7705dd6d87	Bacteria	Myxococcota	Polyangia	Haliangiales	Haliangiaceae	Haliangium	uncultured_bacterium	0.849308736
fd1f7db05479b5dd3d3a0bd4c9fecedf	Bacteria	Myxococcota	Polyangia	Haliangiales	Haliangiaceae	Haliangium	Unclassified	0.732583532
c7e4bb5019dc65817ba57be675554ed6	Bacteria	Proteobacteria	Alphaproteobacteria	Rhizobiales	Devosiaceae	Devosia	Unclassified	0.955509442
14736f5f639bc2ded70b0d3d55e96be7	Bacteria	Proteobacteria	Alphaproteobacteria	Rhizobiales	Devosiaceae	Devosia	Unclassified	0.810843944
7fc23ceec988156284ac2b1b419e3af2	Bacteria	Proteobacteria	Alphaproteobacteria	Rhizobiales	Devosiaceae	Devosia	Unclassified	0.864311126
012284a1464bfe0e46636b7c12c1dfeb	Bacteria	Firmicutes	Bacilli	Lactobacillales	Enterococcaceae	Enterococcus	Unclassified	0.843029941
e861ba70b44c52123cc5bc9b2c5fc871	Bacteria	Proteobacteria	Alphaproteobacteria	Rhodobacterales	Rhodobacteraceae	Gemmobacter	Unclassified	0.730394244
71d557d2a162e9d5c6941d7bd56a9f5e	Bacteria	Proteobacteria	Alphaproteobacteria	Rhodobacterales	Rhodobacteraceae	Unclassified	Unclassified	0.985918787
e0ae651e7f9a008d734cc3409f548b77	Bacteria	Proteobacteria	Alphaproteobacteria	Caulobacterales	Caulobacteraceae	Caulobacter	Unclassified	0.910315474
bfa0bd121d3500c15a80e4500d4ca68d	Bacteria	Proteobacteria	Alphaproteobacteria	Caulobacterales	Caulobacteraceae	Phenylobacterium	Unclassified	0.931891392
e86edd895af19dde66a500a7ad0f2e57	Bacteria	Proteobacteria	Alphaproteobacteria	Caulobacterales	Caulobacteraceae	Unclassified	Unclassified	0.845701848
ba6879491177bdf4233728280528cf24	Bacteria	Proteobacteria	Alphaproteobacteria	Rhizobiales	Rhizobiaceae	Unclassified	Unclassified	0.98392833
f6b08e0abf9abcb2ddab21f1dbfbe09e	Bacteria	Proteobacteria	Alphaproteobacteria	Rhizobiales	Rhizobiaceae	Unclassified	Unclassified	0.975451894
e15a9d59361646c9f3ebc7001c3ed742	Bacteria	Proteobacteria	Alphaproteobacteria	Rhizobiales	Rhizobiaceae	Allorhizobium-Neorhizobium-Pararhizobium-Rhizobium	Unclassified	0.719201509
e237ae11f2051975b423b75142bea495	Bacteria	Proteobacteria	Alphaproteobacteria	Rhizobiales	Rhizobiaceae	Unclassified	Unclassified	0.929973845
4cd560630340006dc2f0b64a9f310838	Bacteria	Proteobacteria	Alphaproteobacteria	Rhizobiales	Rhizobiaceae	Unclassified	Unclassified	0.865990056
b16d006eb39c6691a27143ffbcc10839	Bacteria	Proteobacteria	Alphaproteobacteria	Rhizobiales	Rhizobiaceae	Unclassified	Unclassified	0.940897105
6d2ab7602e96f04d1088274ab1d27dca	Bacteria	Proteobacteria	Alphaproteobacteria	NA	NA	Unclassified	Unclassified	0.767645112
6bb2948736cb66939538cc27a357c5b7	Bacteria	Proteobacteria	Alphaproteobacteria	Rhizobiales	NA	Unclassified	Unclassified	0.88854677
124e71dad2e19f824f3760b6239de1f0	Bacteria	NA	NA	NA	NA	Unclassified	Unclassified	0.999999999
61ac7531656b079fd312ebce58da1d41	Bacteria	Proteobacteria	Alphaproteobacteria	Rhizobiales	Rhizobiaceae	Allorhizobium-Neorhizobium-Pararhizobium-Rhizobium	Unclassified	0.769569714
d437468fe87b1c19df814edb66b27aa1	Bacteria	Proteobacteria	Alphaproteobacteria	Rhizobiales	Rhizobiaceae	Unclassified	Unclassified	0.72266256
305a3b69416354556b213fea1d060777	Bacteria	Proteobacteria	Alphaproteobacteria	Rhizobiales	Rhizobiaceae	Aurantimonas	Unclassified	0.762156137
9b960478935b88654d945e562fcab317	Bacteria	Proteobacteria	Alphaproteobacteria	Rhizobiales	NA	Unclassified	Unclassified	0.968231045
2e08418501b65faa33c57fe9fc634e2f	Bacteria	Proteobacteria	Alphaproteobacteria	Rhizobiales	Rhizobiaceae	Allorhizobium-Neorhizobium-Pararhizobium-Rhizobium	Unclassified	0.803207396
90169fa64e1e84bd4b0ef06d88730dbe	Bacteria	Proteobacteria	Alphaproteobacteria	Rickettsiales	Mitochondria	Mitochondria	Unclassified	0.99953273
0d661fa8fea058ef4b5e6bc37fe17c33	Bacteria	Proteobacteria	Alphaproteobacteria	Rhizobiales	Beijerinckiaceae	Bosea	Unclassified	0.904624137
5d9505e14ca0f7c336db41bd5bb3e8d7	Bacteria	NA	NA	NA	NA	Unclassified	Unclassified	0.999996953
be184af0d090f721d2636508634472c4	Bacteria	Proteobacteria	Gammaproteobacteria	Alteromonadales	Alteromonadaceae	Rheinheimera	Unclassified	0.83791079
30f8299a6d350956b702c5a2449e52c9	Bacteria	Gemmatimonadota	Gemmatimonadetes	Gemmatimonadales	Gemmatimonadaceae	Unclassified	Unclassified	0.756246894
4c8d86be77cadd062315f5b75f811b84	Bacteria	Myxococcota	Myxococcia	Myxococcales	Myxococcaceae	KD3-10	uncultured_bacterium	0.927351749
5d7512c6d4d2cd5af4e638e01036468b	Bacteria	NA	NA	NA	NA	Unclassified	Unclassified	0.999999968
bbdb3cda15b6ada12d80545e8c44c9ad	Bacteria	Acidobacteriota	Acidobacteriae	Acidobacteriales	Acidobacteriaceae_(Subgroup_1)	Unclassified	Unclassified	0.993652245
367a17ba978af976361caba26ad3dcc2	Bacteria	Proteobacteria	Alphaproteobacteria	Rhizobiales	Xanthobacteraceae	Rhodopseudomonas	Unclassified	0.869123078
a31b351dc1c2d365a91a3dc60c0bbd4c	Bacteria	Proteobacteria	Alphaproteobacteria	Paracaedibacterales	Paracaedibacteraceae	Unclassified	uncultured_prokaryote	0.89504121699999994
084d4ce7223096c5e68d3ed3b0846026	Bacteria	NA	NA	NA	NA	Unclassified	Unclassified	0.999999896
946ec46cb6cc7611fd6466d2109048a2	Bacteria	Myxococcota	Polyangia	Nannocystales	Nannocystaceae	Nannocystis	Unclassified	0.997913057
28b205eb74430df82a5a52290b8feccc	Bacteria	Myxococcota	Polyangia	Nannocystales	Nannocystaceae	Nannocystis	Unclassified	0.916799427
ccf1efd95bf1aa689df5c914ac192fb7	Bacteria	Myxococcota	Polyangia	Nannocystales	Nannocystaceae	Nannocystis	Unclassified	0.910183239
2c8077686c35a4046de3a69aff099120	Bacteria	Bacteroidota	Bacteroidia	NA	NA	Unclassified	Unclassified	0.825432048
9bf940157414d7d55b3abcc924d7b260	Bacteria	NA	NA	NA	NA	Unclassified	Unclassified	0.999998967
006653eb9b51dd5fe3cf742f7cf42553	Bacteria	Proteobacteria	Gammaproteobacteria	NA	NA	Unclassified	Unclassified	0.958770783
944fce69514e6ee8e544f9546bb14be4	Bacteria	Acidobacteriota	Thermoanaerobaculia	Thermoanaerobaculales	Thermoanaerobaculaceae	Subgroup_10	Unclassified	0.941318792
bfc2ec1d0619c9c5797b25a09e2994c3	Bacteria	Acidobacteriota	Thermoanaerobaculia	Thermoanaerobaculales	Thermoanaerobaculaceae	Subgroup_10	uncultured_Alphaproteobacteria	0.917792058
212fb829f2bf4d63612c7af4d4d92664	Bacteria	NA	NA	NA	NA	Unclassified	Unclassified	0.999999893
272c8116fbb8186bbbb1a8cd206dc735	Bacteria	Myxococcota	Polyangia	Polyangiales	BIrii41	BIrii41	Unclassified	0.985373934
353d9a8eaf5c14589a37163a9044f34e	Bacteria	NA	NA	NA	NA	Unclassified	Unclassified	0.999999313
fbdd40d08e509a5a95a336bbf1ccd70f	Bacteria	NA	NA	NA	NA	Unclassified	Unclassified	0.999999829
c7dbefda86e29a415f0cc6a6b4d0f6f5	Bacteria	NA	NA	NA	NA	Unclassified	Unclassified	0.999999973
c11c01f00d417982297e96cea85e21c2	Bacteria	Proteobacteria	Gammaproteobacteria	Xanthomonadales	NA	Unclassified	Unclassified	0.990511309
b59e2bebc323b2f2a8bd366080cf873d	Bacteria	Proteobacteria	Gammaproteobacteria	Xanthomonadales	NA	Unclassified	Unclassified	0.980739675
ae248fb7768fc06aa2563896fc879048	Bacteria	Bdellovibrionota	Oligoflexia	0319-6G20	0319-6G20	0319-6G20	Unclassified	0.987256338
b9781f1bf33c61b8fe328333e5964da3	Bacteria	Bdellovibrionota	Oligoflexia	0319-6G20	0319-6G20	0319-6G20	Unclassified	0.980749739
7358d9b35a322f31ba269fc1089561af	Bacteria	Proteobacteria	Gammaproteobacteria	Burkholderiales	Methylophilaceae	UBA6140	methylotrophic_bacterium	0.703351778
31c7ecb1def200ab7c1d8f8eef503657	Bacteria	Actinobacteriota	NA	NA	NA	Unclassified	Unclassified	0.921612221
9ac40e6473469fa59b47dae72363a59a	Bacteria	NA	NA	NA	NA	Unclassified	Unclassified	0.999999856
cfbf019d2d81f770c3a364515da32659	Bacteria	Armatimonadota	Fimbriimonadia	Fimbriimonadales	Fimbriimonadaceae	Unclassified	Unclassified	0.755471537
12a7eeca2a59351e08f08c3ca020adf8	Bacteria	Planctomycetota	Phycisphaerae	Phycisphaerales	Phycisphaeraceae	SM1A02	Nannochloropsis_gaditana	0.750464727
807c549c6f029f26a18af3a669f9a883	Bacteria	Acidobacteriota	Acidobacteriae	Solibacterales	Solibacteraceae	Candidatus_Solibacter	Unclassified	0.846185839
8d2e47d69a43d946c796745ffef2fb93	Bacteria	Firmicutes	Bacilli	Exiguobacterales	Exiguobacteraceae	Exiguobacterium	Unclassified	0.788253547
4f58f4ae58234442d277b0bbdc2e0835	Bacteria	Firmicutes	Clostridia	NA	NA	Unclassified	Unclassified	0.716512599
e493f5181549eceb171a9c4c5a29de69	Bacteria	Proteobacteria	Alphaproteobacteria	Rhizobiales	NA	Unclassified	Unclassified	0.734980469
4750ae3d2186da18ff0699dedd7fb75c	Bacteria	Proteobacteria	Alphaproteobacteria	Rhizobiales	Devosiaceae	Unclassified	Unclassified	0.704407925
2ba56707afb911ea6c0f5c5e4dfca95f	Bacteria	Firmicutes	Bacilli	Thermoactinomycetales	Thermoactinomycetaceae	Unclassified	Unclassified	0.94463463
82aac5dcd572a566e8cf82cbe0996358	Bacteria	Bdellovibrionota	Bdellovibrionia	Bdellovibrionales	Bdellovibrionaceae	OM27_clade	uncultured_bacterium	0.746847923
d9c0d8da8ce73ada3cb6974c7b689fca	Bacteria	NA	NA	NA	NA	Unclassified	Unclassified	0.999999796
3c03368cc79bdc71aba3b5b9dd76629d	Bacteria	Proteobacteria	Alphaproteobacteria	Rhodobacterales	Rhodobacteraceae	Unclassified	Unclassified	0.984755554
5d444af5311cab579e024bc8f0eb8988	Bacteria	Proteobacteria	Alphaproteobacteria	Dongiales	Dongiaceae	Dongia	Unclassified	0.803702182
a7d74d21936d05edb335c13a5941bc17	Bacteria	Proteobacteria	Alphaproteobacteria	Sphingomonadales	Sphingomonadaceae	Sphingobium	Unclassified	0.961308944
d18392652d612f5f0af564a7af4ca833	Bacteria	Proteobacteria	Alphaproteobacteria	Caulobacterales	Caulobacteraceae	Caulobacter	Unclassified	0.900549606
da21d1dfa6405dbae8740365af5db8c2	Bacteria	Proteobacteria	Alphaproteobacteria	Caulobacterales	Caulobacteraceae	Brevundimonas	Unclassified	0.928167794
b03653e34a6c5a58a49ccb42da5c7af9	Bacteria	Proteobacteria	Alphaproteobacteria	Caulobacterales	Caulobacteraceae	Caulobacter	Caulobacter_rhizosphaerae	0.874150131
6fd8ff154369cb44f42b9e80104f9dbe	Bacteria	Proteobacteria	Alphaproteobacteria	Caulobacterales	Caulobacteraceae	Unclassified	Unclassified	0.723862461
394ee12c6b058b95ac8c6a5f55d9359c	Bacteria	Proteobacteria	Alphaproteobacteria	Caulobacterales	Caulobacteraceae	Unclassified	Unclassified	0.791038329
1affb59989df926a9a26c382ddfedb07	Bacteria	Proteobacteria	Alphaproteobacteria	Rhizobiales	Rhizobiaceae	Ochrobactrum	Unclassified	0.834549262
035936295cbddcfe6f068869c1c3a6d7	Bacteria	Proteobacteria	Alphaproteobacteria	Rhizobiales	Rhizobiaceae	Unclassified	Unclassified	0.98065384
ed333e6e85e64af0401e5f844bbb0f39	Bacteria	Proteobacteria	Alphaproteobacteria	Rhizobiales	Rhizobiaceae	Unclassified	Unclassified	0.938906443
34694aeab9036acd9a19009d332b5f0b	Bacteria	Proteobacteria	Alphaproteobacteria	Rhizobiales	Rhizobiaceae	Allorhizobium-Neorhizobium-Pararhizobium-Rhizobium	Rhizobium_alvei	0.733481847
909bdf420f38f6dbc67e31370cce2fa2	Bacteria	Proteobacteria	Alphaproteobacteria	Rhizobiales	NA	Unclassified	Unclassified	0.970498487
274a78f407841de5abcce1ac2470a41f	Bacteria	Proteobacteria	Alphaproteobacteria	Rhizobiales	Rhizobiaceae	Allorhizobium-Neorhizobium-Pararhizobium-Rhizobium	Unclassified	0.927468229
27c961a2061aad8b5cbb5525d3f4eb9a	Bacteria	Proteobacteria	Alphaproteobacteria	Rhizobiales	Rhizobiaceae	Allorhizobium-Neorhizobium-Pararhizobium-Rhizobium	Unclassified	0.803561379
f6206c6b6f652677844a0f2dbda9e6aa	Bacteria	Proteobacteria	Alphaproteobacteria	Rhizobiales	NA	Unclassified	Unclassified	0.843461302
2d497361457a488990838e8cbbcc24c1	Bacteria	Proteobacteria	Alphaproteobacteria	Rhizobiales	Rhizobiaceae	Unclassified	Unclassified	0.786929013
1b63149cfaf4788bbe857594f3a9de07	Bacteria	Proteobacteria	Alphaproteobacteria	Sphingomonadales	Sphingomonadaceae	Novosphingobium	Unclassified	0.851745792
584ca59b0ec3adc623c02adf27ede092	Bacteria	Proteobacteria	Alphaproteobacteria	Sphingomonadales	Sphingomonadaceae	Novosphingobium	Unclassified	0.867660621
32980ed0d8fe19ddf757e58b5a293dc0	Bacteria	Proteobacteria	Alphaproteobacteria	Sphingomonadales	Sphingomonadaceae	Altererythrobacter	Unclassified	0.899126201
8ba962a610aae21ab9a4b5c8a4de72d8	Bacteria	Proteobacteria	Alphaproteobacteria	Rhizobiales	Rhizobiales_Incertae_Sedis	Alsobacter	Unclassified	0.851134236
bd5900fb6b1869434c034fab9d1e9845	Bacteria	Proteobacteria	Alphaproteobacteria	NA	NA	Unclassified	Unclassified	0.802717245
f507257ede544d3ae0760edd5fdd72b9	Bacteria	Proteobacteria	Alphaproteobacteria	Sphingomonadales	Sphingomonadaceae	Unclassified	Unclassified	0.738490711
9dd2349570937b047e1fa3cb94e9b875	Bacteria	Proteobacteria	Alphaproteobacteria	Sphingomonadales	Sphingomonadaceae	Unclassified	Unclassified	0.962224265
e55d87d180bc5cbf9e22760ca9710aef	Bacteria	Proteobacteria	Alphaproteobacteria	Sphingomonadales	Sphingomonadaceae	Sphingomonas	Unclassified	0.845595504
fda8b08f5615e50e6ded5fa1dc5c9b7b	Bacteria	Proteobacteria	Alphaproteobacteria	Sphingomonadales	Sphingomonadaceae	Unclassified	Unclassified	0.873227247
afb082e489dae3d9d8d2325a7087a199	Bacteria	Proteobacteria	Alphaproteobacteria	Sphingomonadales	Sphingomonadaceae	Unclassified	Unclassified	0.983098092
45e450cebbdfcc2a3b4623f0c519dd97	Bacteria	Proteobacteria	Alphaproteobacteria	Sphingomonadales	Sphingomonadaceae	Sphingomonas	Unclassified	0.888386133
94d4fe34b8fd22613382ff629cb5af86	Bacteria	Proteobacteria	Alphaproteobacteria	Sphingomonadales	Sphingomonadaceae	Unclassified	Unclassified	0.845912219
fcbbcc2e0b00b467de52f42b0c124e9d	Bacteria	Proteobacteria	Alphaproteobacteria	Rhizobiales	Rhizobiaceae	Unclassified	Unclassified	0.854687441
e01f33686a5fcc61d2705b7691b5244e	Bacteria	Proteobacteria	Alphaproteobacteria	Rhizobiales	NA	Unclassified	Unclassified	0.966068674
5b58b61c4a3bd5359948000fcf370de0	Bacteria	Proteobacteria	Alphaproteobacteria	Rhizobiales	NA	Unclassified	Unclassified	0.869388907
133d7bbffa3acd44ac8cf008e1a34fea	Bacteria	Proteobacteria	Alphaproteobacteria	Rhizobiales	Rhizobiaceae	Allorhizobium-Neorhizobium-Pararhizobium-Rhizobium	Unclassified	0.926954619
16ef6f11ca9b5efa34d5440bebea3d20	Bacteria	Proteobacteria	Alphaproteobacteria	Rhizobiales	Rhizobiaceae	Allorhizobium-Neorhizobium-Pararhizobium-Rhizobium	Unclassified	0.942583147
a6f05fd5bcacd2a46a1c08edd94a1e41	Bacteria	Proteobacteria	Alphaproteobacteria	Rhizobiales	Beijerinckiaceae	Methylobacterium-Methylorubrum	Unclassified	0.97209223
3d306e7a1f2bbf8238a62e8c93af5bca	Bacteria	Acidobacteriota	Holophagae	Subgroup_7	Subgroup_7	Subgroup_7	Unclassified	0.969594595
e313295cce1f1b6b993c943a53e707e8	Bacteria	Dependentiae	Babeliae	Babeliales	NA	Unclassified	Unclassified	0.731138071
1540ece4e164b18170dd2c138143cd90	Bacteria	NA	NA	NA	NA	Unclassified	Unclassified	0.999990305
bbfd5fa4ae5e7a95f4964bd89d4b57d6	Bacteria	Elusimicrobiota	Lineage_IIb	Lineage_IIb	Lineage_IIb	Lineage_IIb	uncultured_soil	0.841938626
8ca905fedcef7fe3671733717b737dad	Bacteria	NA	NA	NA	NA	Unclassified	Unclassified	0.9999995
bb2b0928a04d4aebaba226be5c2c13a7	Bacteria	Chloroflexi	TK10	TK10	TK10	TK10	uncultured_bacterium	0.759472143
e822f1580894baed2eb6e692068e0489	Bacteria	Proteobacteria	Alphaproteobacteria	Rhizobiales	D05-2	D05-2	alpha_proteobacterium	0.702014938
58fbb5d09ff2a605e3aef9793ee14b97	Bacteria	Proteobacteria	Alphaproteobacteria	NA	NA	Unclassified	Unclassified	0.887708682
241cbac28ad0981edf4ebb406e410794	Bacteria	Proteobacteria	Alphaproteobacteria	Rhizobiales	D05-2	D05-2	alpha_proteobacterium	0.714997307
7947fa844d7670c12474c28c23de85f1	Bacteria	Proteobacteria	Alphaproteobacteria	Micropepsales	Micropepsaceae	Unclassified	Unclassified	0.991351718
ef242d417f870ef38248253385d2e239	Bacteria	NA	NA	NA	NA	Unclassified	Unclassified	0.999999882
795e8894b1b6c96ba448925aa5721492	Bacteria	Myxococcota	Polyangia	Polyangiales	Sandaracinaceae	Unclassified	Unclassified	0.85590961
164f1da708e1cef73bd0431f89de592e	Bacteria	Myxococcota	Polyangia	Polyangiales	Sandaracinaceae	Unclassified	Unclassified	0.901761158
16f2bd6a485cd63f7d5e2d94f1667e3f	Bacteria	NA	NA	NA	NA	Unclassified	Unclassified	0.999973096
ac3534da7a95d5c47f438aa8d393a567	Bacteria	NA	NA	NA	NA	Unclassified	Unclassified	0.999972057
95886d1a11b8ab28357094d355269177	Bacteria	Proteobacteria	Alphaproteobacteria	NA	NA	Unclassified	Unclassified	0.955103362
1053040c25f9aacf50d14d09e2d54468	Bacteria	Proteobacteria	Alphaproteobacteria	Rickettsiales	Mitochondria	Mitochondria	Unclassified	0.997664394
f9c8d95bf081e7f71cd513b71e67df8e	Bacteria	Proteobacteria	Alphaproteobacteria	Rickettsiales	Mitochondria	Mitochondria	Unclassified	0.990202474
ffea1b0e248c2ffb181cad2673b960ce	Bacteria	Proteobacteria	Alphaproteobacteria	Rickettsiales	Mitochondria	Mitochondria	Unclassified	0.98829427
69c8f3a8a1b58af9d0a5da71cd69e5a4	Bacteria	Proteobacteria	Alphaproteobacteria	Rickettsiales	Mitochondria	Mitochondria	Unclassified	0.940692082
a44248c6ff743751548879fdac527db8	Bacteria	Proteobacteria	Alphaproteobacteria	Rickettsiales	Mitochondria	Mitochondria	Unclassified	0.876056272
946292ba8e1f2e5abe1f147ba1b5117c	Bacteria	Proteobacteria	Alphaproteobacteria	Rickettsiales	Mitochondria	Mitochondria	Unclassified	0.997252765
9d826407b8dfdead50f5d6188a680a67	Bacteria	Proteobacteria	Alphaproteobacteria	Rickettsiales	Mitochondria	Mitochondria	Unclassified	0.99668324
b862edd153f9d508a1f2fe4d70552233	Bacteria	Proteobacteria	Alphaproteobacteria	Rickettsiales	Mitochondria	Mitochondria	Unclassified	0.990177658
4032dee8ef56b2988e2ee364f0beb392	Bacteria	Proteobacteria	Alphaproteobacteria	Rickettsiales	Mitochondria	Mitochondria	Unclassified	0.967221924
7e1a62e14d80e1db5eef0c63c227ee59	Bacteria	Proteobacteria	Alphaproteobacteria	Rickettsiales	Mitochondria	Mitochondria	Unclassified	0.996365505
66b1659f17c6f333724e8b51dd135626	Bacteria	Proteobacteria	Alphaproteobacteria	Rickettsiales	Mitochondria	Mitochondria	Unclassified	0.941090137
8800accd636c713026cd486bc4da7adf	Bacteria	Proteobacteria	Alphaproteobacteria	Rickettsiales	Mitochondria	Mitochondria	Unclassified	0.988391548
6ae8f3ecbd7137f6e6a2ccff943d3116	Bacteria	Proteobacteria	Alphaproteobacteria	Rickettsiales	Mitochondria	Mitochondria	Unclassified	0.993222058
11b3991e0c0fef5595baebb913f421f0	Bacteria	Proteobacteria	Alphaproteobacteria	Rickettsiales	Mitochondria	Mitochondria	Unclassified	0.961127659
9591be01783d0fc25a56a31741216352	Bacteria	Proteobacteria	Alphaproteobacteria	Rickettsiales	Mitochondria	Mitochondria	Unclassified	0.755636851
82b560bb7c30f544b777149acf05298f	Bacteria	Proteobacteria	Alphaproteobacteria	Rickettsiales	Mitochondria	Mitochondria	Unclassified	0.959359828
5964366e21978fcc04b269689113a588	Bacteria	Proteobacteria	Alphaproteobacteria	Rickettsiales	Mitochondria	Mitochondria	Unclassified	0.955520533
9d0bbb7c066736911728d12207985f5e	Bacteria	Proteobacteria	Alphaproteobacteria	NA	NA	Unclassified	Unclassified	0.983404711
1df38e9bd03837eda924bb1c54d50fbf	Bacteria	Proteobacteria	Alphaproteobacteria	NA	NA	Unclassified	Unclassified	0.991125427
9a1a2a0627abf3f404201e3b5cb704bb	Bacteria	Proteobacteria	Alphaproteobacteria	NA	NA	Unclassified	Unclassified	0.98789024
97e1b3dba864a7fc649e77f16bbec1dd	Bacteria	Proteobacteria	Alphaproteobacteria	Rickettsiales	Mitochondria	Mitochondria	Unclassified	0.914741443
8464795e722350a387dc5e45e1aa3157	Bacteria	Proteobacteria	Alphaproteobacteria	Rickettsiales	Mitochondria	Mitochondria	Unclassified	0.890848407
1d719ace323df96fd601884aaad15df5	Bacteria	Proteobacteria	Alphaproteobacteria	Rickettsiales	Mitochondria	Mitochondria	Unclassified	0.92973704
e8702e074a7d616a1fcf13bf59f39ae6	Bacteria	Proteobacteria	Alphaproteobacteria	Rickettsiales	Mitochondria	Mitochondria	Unclassified	0.95526406
7d82615851c285e90cab53407d1e4f04	Bacteria	Proteobacteria	Alphaproteobacteria	Rickettsiales	Mitochondria	Mitochondria	Unclassified	0.985399883
019acc7a62776937908c5cefd093bb3d	Bacteria	Proteobacteria	Alphaproteobacteria	Rickettsiales	Mitochondria	Mitochondria	Unclassified	0.787639231
b2ef6eef3360b2ceed800ec573a7daa1	Bacteria	Proteobacteria	Alphaproteobacteria	Rickettsiales	Mitochondria	Mitochondria	Unclassified	0.966703093
78ccdef3ab04155c28f3a38930fea8cb	Bacteria	Proteobacteria	Alphaproteobacteria	Rickettsiales	Mitochondria	Mitochondria	Unclassified	0.978849752
3b2f1808b80a707d353271f7a867f5dc	Bacteria	Proteobacteria	Alphaproteobacteria	Rickettsiales	Mitochondria	Mitochondria	Unclassified	0.985925867
672de66b7fe8c8667b175fdfd1e285b0	Bacteria	Proteobacteria	Alphaproteobacteria	Rickettsiales	Mitochondria	Mitochondria	Unclassified	0.968194705
8fa0ecb96c1431f870c4e9d6f3b9fe8c	Bacteria	Proteobacteria	Alphaproteobacteria	Rickettsiales	Mitochondria	Mitochondria	Unclassified	0.969651744
7b8e863985c1d07d376e35ed9bd88ccf	Bacteria	Proteobacteria	Alphaproteobacteria	Rickettsiales	Mitochondria	Mitochondria	Unclassified	0.997337243
36103b55e58ab38060f6063763676ff7	Bacteria	Proteobacteria	Alphaproteobacteria	Rickettsiales	Mitochondria	Mitochondria	Unclassified	0.989617606
2b12adfbb4e296b845587864130f85d3	Bacteria	Proteobacteria	Alphaproteobacteria	Rickettsiales	Mitochondria	Mitochondria	Unclassified	0.983245796
4014ebb9ebbf3eef8612c46b9debf900	Bacteria	Proteobacteria	Alphaproteobacteria	Rickettsiales	Mitochondria	Mitochondria	Unclassified	0.992775587
25b90d542d7599c4f2bd598a1a17a82a	Bacteria	Proteobacteria	Alphaproteobacteria	Rickettsiales	Mitochondria	Mitochondria	Unclassified	0.799942295
db1e2d447089186d1bbc5e8202f70516	Bacteria	Proteobacteria	Alphaproteobacteria	Rickettsiales	Mitochondria	Mitochondria	Unclassified	0.902592898
1aa92bcbdefdf917cfd3f18132e4eebc	Bacteria	Proteobacteria	Alphaproteobacteria	Rickettsiales	Mitochondria	Mitochondria	Unclassified	0.93544009
be4e2c4643281f1c3ac9a9e464d974b1	Bacteria	Proteobacteria	Alphaproteobacteria	Rickettsiales	Mitochondria	Mitochondria	Unclassified	0.900647068
9086d4cbf9e4919a0cef3ff8a0b2e5d3	Bacteria	Proteobacteria	Alphaproteobacteria	Rickettsiales	Mitochondria	Mitochondria	Unclassified	0.851165575
064a38cd9b68f3fecc9787d31579b7b4	Bacteria	Proteobacteria	Alphaproteobacteria	Rickettsiales	Mitochondria	Mitochondria	Unclassified	0.894691771
ca40151eaa2fb5ab3f9d3e9ec9d641af	Bacteria	Proteobacteria	Alphaproteobacteria	Rickettsiales	Mitochondria	Mitochondria	Unclassified	0.98309857
f162dde4d4653172dacff0e5271dcd23	Bacteria	Proteobacteria	Alphaproteobacteria	Rickettsiales	Mitochondria	Mitochondria	Unclassified	0.865694176
132157936cdc461e645a5d2de4193bb5	Bacteria	Proteobacteria	Alphaproteobacteria	Rickettsiales	Mitochondria	Mitochondria	Unclassified	0.988496836
2162163cc7877962c34c097270992658	Bacteria	Proteobacteria	Alphaproteobacteria	Rickettsiales	Mitochondria	Mitochondria	Unclassified	0.988567182
be381654c2ecbf950c3b4b593e250fcd	Bacteria	Proteobacteria	Alphaproteobacteria	Rickettsiales	Mitochondria	Mitochondria	Unclassified	0.93038079
2078e4c4b7f3daea1560e4cd1cef470b	Bacteria	Proteobacteria	Alphaproteobacteria	Rickettsiales	Mitochondria	Mitochondria	Unclassified	0.992305912
ec97d58de3d437c06fd7203eda6400b3	Bacteria	Proteobacteria	Alphaproteobacteria	Rickettsiales	Mitochondria	Mitochondria	Unclassified	0.985432444
cb3b7d3ead7470b3747ebd5407d046ba	Bacteria	Proteobacteria	Alphaproteobacteria	Rickettsiales	Mitochondria	Mitochondria	Unclassified	0.991206124
df34a22f3abe6d3c2271720272bca36d	Bacteria	Proteobacteria	Alphaproteobacteria	Rickettsiales	Mitochondria	Mitochondria	Unclassified	0.921854771
d5050e24bfc2abcbe8691b54863b4afc	Bacteria	Proteobacteria	Alphaproteobacteria	Rickettsiales	Mitochondria	Mitochondria	Unclassified	0.983890062
4a27ec86229e37aab2b329a2043ef14c	Bacteria	Proteobacteria	Alphaproteobacteria	Rickettsiales	Mitochondria	Mitochondria	Unclassified	0.958078598
5affa4c95acff7bb861b618b201bec10	Bacteria	Proteobacteria	Alphaproteobacteria	Rickettsiales	Mitochondria	Mitochondria	Unclassified	0.949539479
0d9b37a726d1ae9f17bce8a3d9128ea2	Bacteria	Proteobacteria	Alphaproteobacteria	Rickettsiales	Mitochondria	Mitochondria	Unclassified	0.934153079
41fd962c61b64b5974abc2e46a07bbe2	Bacteria	Proteobacteria	Alphaproteobacteria	Rickettsiales	Mitochondria	Mitochondria	Unclassified	0.9449542
2e23e47ded9021ca8df2f20d954ad5c9	Bacteria	Proteobacteria	Alphaproteobacteria	Rickettsiales	Mitochondria	Mitochondria	Unclassified	0.951175741
ee0b3406cfbb5e1ff72d630d328de9e2	Bacteria	Proteobacteria	Alphaproteobacteria	Rickettsiales	Mitochondria	Mitochondria	Unclassified	0.943271713
7cde5ef710a8212492c6000c68ddae3d	Bacteria	Proteobacteria	Alphaproteobacteria	Rickettsiales	Mitochondria	Mitochondria	Unclassified	0.96026157
019d2fab506cb2ccd3ce11b09372450b	Bacteria	Proteobacteria	Alphaproteobacteria	Rickettsiales	Mitochondria	Mitochondria	Unclassified	0.983650883
9adb290016fc1b5b9c5db77ae8e5d09a	Bacteria	Proteobacteria	Alphaproteobacteria	Rickettsiales	Mitochondria	Mitochondria	Unclassified	0.983379075
bf288f35b3dda168b5d68f8eca1b6f5e	Bacteria	Proteobacteria	Alphaproteobacteria	Rickettsiales	Mitochondria	Mitochondria	Unclassified	0.996290528
36c4797f8ac4684a9d0c7f1fe23a9fe9	Bacteria	Proteobacteria	Alphaproteobacteria	Rickettsiales	Mitochondria	Mitochondria	Unclassified	0.973921932
46ad9e2cd842e6e08f95fa881f0fa299	Bacteria	Proteobacteria	Alphaproteobacteria	Rickettsiales	Mitochondria	Mitochondria	Unclassified	0.957723775
4c184034cfd35230b744266a37b43799	Bacteria	Proteobacteria	Alphaproteobacteria	Rickettsiales	Mitochondria	Mitochondria	Unclassified	0.963031552
ef90501c6e3ac7718b0a944543720120	Bacteria	Proteobacteria	Alphaproteobacteria	Rickettsiales	Mitochondria	Mitochondria	Unclassified	0.967815893
5143d345980bd3891290ca308cc6d9a3	Bacteria	Proteobacteria	Alphaproteobacteria	Rickettsiales	Mitochondria	Mitochondria	Unclassified	0.980449194
bb1f4a573d66580f12d327fb4c5f4bbf	Bacteria	Proteobacteria	Alphaproteobacteria	Rickettsiales	Mitochondria	Mitochondria	Unclassified	0.965477007
bef1c4f28973a5b739491589d6f8ee52	Bacteria	Proteobacteria	Alphaproteobacteria	Rickettsiales	Mitochondria	Mitochondria	Unclassified	0.997264378
588d6a3c4579f111398033e80d900a25	Bacteria	Proteobacteria	Alphaproteobacteria	Rickettsiales	Mitochondria	Mitochondria	Unclassified	0.988444521
ca455edeb0fdf753c003a9150983c13d	Bacteria	Proteobacteria	Alphaproteobacteria	Rickettsiales	Mitochondria	Mitochondria	Unclassified	0.98626875
1ff433d0da0d05b94991659839cdabbd	Bacteria	Proteobacteria	Alphaproteobacteria	Rickettsiales	Mitochondria	Mitochondria	Unclassified	0.997343633
44e8801362363fae31841b50f80c4cec	Bacteria	Proteobacteria	Alphaproteobacteria	Rickettsiales	Mitochondria	Mitochondria	Unclassified	0.99654767
325ccfc3b276b8ba00153c3b0a7cd957	Bacteria	Proteobacteria	Alphaproteobacteria	Rickettsiales	Mitochondria	Mitochondria	Unclassified	0.999785465
8cd5e4cbb2d66a6d70ee25c396ee8652	Bacteria	Proteobacteria	Alphaproteobacteria	Rickettsiales	Mitochondria	Mitochondria	Unclassified	0.999229331
b19480708e140d3de4e1130a97ae4503	Bacteria	Proteobacteria	Alphaproteobacteria	Rickettsiales	Mitochondria	Mitochondria	Unclassified	0.999754381
2cf79de5f78b8c0eccb3b14d3d46381a	Bacteria	Proteobacteria	Alphaproteobacteria	Rickettsiales	Mitochondria	Mitochondria	Unclassified	0.999912546
14f387f8078c09dde787d39ec8f9096c	Bacteria	Proteobacteria	Alphaproteobacteria	Rickettsiales	Mitochondria	Mitochondria	Unclassified	0.999674637
d491102278c49f39ed52b93596a1cbbe	Bacteria	Proteobacteria	Alphaproteobacteria	Rickettsiales	Mitochondria	Mitochondria	Persicaria_minor	0.712137895
2200f6598447d39b3c5663b57554a74e	Bacteria	Proteobacteria	Alphaproteobacteria	Rickettsiales	Mitochondria	Mitochondria	Unclassified	0.999945024
2edab5bc1e4e1af35aa41fe2ba1f0d84	Bacteria	Proteobacteria	Alphaproteobacteria	Rickettsiales	Mitochondria	Mitochondria	Unclassified	0.999939347
1ad31c784a1c4ba089c5b577ef2488c2	Bacteria	Proteobacteria	Alphaproteobacteria	Rickettsiales	Mitochondria	Mitochondria	Unclassified	0.99989828
efb9b13113243ff600d77da0180319fe	Bacteria	Proteobacteria	Alphaproteobacteria	Rickettsiales	Mitochondria	Mitochondria	Unclassified	0.999984278
9c57d2b29e66b011ad151a17729aebfd	Bacteria	Proteobacteria	Alphaproteobacteria	Rickettsiales	Mitochondria	Mitochondria	Unclassified	0.99995978
cdf9652fb4c182c0a823d8fd73b7537a	Bacteria	Proteobacteria	Alphaproteobacteria	Rickettsiales	Mitochondria	Mitochondria	Unclassified	0.999917949
dfa6a16cc848f4779a653e81c2c477f2	Bacteria	Proteobacteria	Alphaproteobacteria	Rickettsiales	Mitochondria	Mitochondria	Unclassified	0.99992035
035c35429c9a2d7f0d16b64af2a9befe	Bacteria	Proteobacteria	Alphaproteobacteria	Rickettsiales	Mitochondria	Mitochondria	Unclassified	0.999984475
6f7fc09f68e76f9383cd4297f337a572	Bacteria	Proteobacteria	Alphaproteobacteria	Rickettsiales	Mitochondria	Mitochondria	Unclassified	0.999884595
4713c0462dfb5862f36a5f67e896d074	Bacteria	Proteobacteria	Alphaproteobacteria	Rickettsiales	Mitochondria	Mitochondria	Unclassified	0.999944659
a32c04c7c5346b63b7ba455d2a80a0e0	Bacteria	Proteobacteria	Alphaproteobacteria	Rickettsiales	Mitochondria	Mitochondria	Unclassified	0.99986694
a60e2b697c6a388d4d612f36403cea62	Bacteria	Proteobacteria	Alphaproteobacteria	Rickettsiales	Mitochondria	Mitochondria	Unclassified	0.999940205
21707fda8d6042852a050749afe7429b	Bacteria	Proteobacteria	Alphaproteobacteria	Rickettsiales	Mitochondria	Mitochondria	Unclassified	0.999953282
177fbaf5f2e9e5075ab46f553a494ffb	Bacteria	Proteobacteria	Alphaproteobacteria	Rickettsiales	Mitochondria	Mitochondria	Unclassified	0.999937895
a71c7f006f5cc00e20f2ecab9f308ae7	Bacteria	Proteobacteria	Alphaproteobacteria	Rickettsiales	Mitochondria	Mitochondria	Unclassified	0.999867444
f436b7e9392015fc60cae8ce15bd6d4b	Bacteria	Proteobacteria	Alphaproteobacteria	Rickettsiales	Mitochondria	Mitochondria	Persicaria_minor	0.704432486
b535a5c7ac27bfe3ca58d298be5bff13	Bacteria	Proteobacteria	Alphaproteobacteria	Rickettsiales	Mitochondria	Mitochondria	Unclassified	0.999898617
0ad452cc1287b485ca6237a6a38a3191	Bacteria	Proteobacteria	Alphaproteobacteria	Rickettsiales	Mitochondria	Mitochondria	Unclassified	0.999877649
4ea5d0683deba4f45ac974cc88478abf	Bacteria	Proteobacteria	Alphaproteobacteria	Rickettsiales	Mitochondria	Mitochondria	Unclassified	0.999902206
7f82d1289b3b5597e4937c82c5f783d1	Bacteria	Proteobacteria	Alphaproteobacteria	Rickettsiales	Mitochondria	Mitochondria	Unclassified	0.9999111
ea91dcbbe9fc785e036a0f161a2f223b	Bacteria	Proteobacteria	Alphaproteobacteria	Rickettsiales	Mitochondria	Mitochondria	Unclassified	0.999873586
6be7655ac41fbc5fad0dda37236fa025	Bacteria	Proteobacteria	Alphaproteobacteria	Rickettsiales	Mitochondria	Mitochondria	Unclassified	0.999877401
4c395035389c00ee58faf3abfffd3b6e	Bacteria	Proteobacteria	Alphaproteobacteria	Rickettsiales	Mitochondria	Mitochondria	Unclassified	0.999905548
a8a0958b73d50676fb93f1156d4d4507	Bacteria	Proteobacteria	Alphaproteobacteria	Rickettsiales	Mitochondria	Mitochondria	Unclassified	0.999877459
c7bf9c4a95a630680d0a51c258478416	Bacteria	Proteobacteria	Alphaproteobacteria	Rickettsiales	Mitochondria	Mitochondria	Unclassified	0.999944362
d2c734644121e08a3932ab90e96ad046	Bacteria	Proteobacteria	Alphaproteobacteria	Rickettsiales	Mitochondria	Mitochondria	Unclassified	0.999942142
dd9c2720cc26daaae58b0bc08adbbc23	Bacteria	Proteobacteria	Alphaproteobacteria	Rickettsiales	Mitochondria	Mitochondria	Unclassified	0.999860099
543e5fd01ddfdf941fec3c005d2d1f61	Bacteria	Proteobacteria	Alphaproteobacteria	Rickettsiales	Mitochondria	Mitochondria	Unclassified	0.999921991
a4e1dc1d0d169f9fc796577854a9a50e	Bacteria	Proteobacteria	Alphaproteobacteria	Rickettsiales	Mitochondria	Mitochondria	Persicaria_minor	0.726357507
9b71de5646c7620c7293bf8789cda082	Bacteria	Proteobacteria	Alphaproteobacteria	Rickettsiales	Mitochondria	Mitochondria	Persicaria_minor	0.811547953
57a2100a15978c3ac59b304cfd6a1585	Bacteria	Proteobacteria	Alphaproteobacteria	Rickettsiales	Mitochondria	Mitochondria	Unclassified	0.999887238
797325c5f1c18c501c29c7235d54ad60	Bacteria	Proteobacteria	Alphaproteobacteria	Rickettsiales	Mitochondria	Mitochondria	Unclassified	0.999790082
d5a679c182c88cb4802e5a6bb3653f54	Bacteria	Proteobacteria	Alphaproteobacteria	Rickettsiales	Mitochondria	Mitochondria	Unclassified	0.999876132
82049a8bdcbdcce18755a8cadd005545	Bacteria	Proteobacteria	Alphaproteobacteria	Rickettsiales	Mitochondria	Mitochondria	Unclassified	0.999875618
425d72bff63c4d6510d26b1428fded43	Bacteria	Proteobacteria	Alphaproteobacteria	Rickettsiales	Mitochondria	Mitochondria	Unclassified	0.9999029
55d588d453ff59d8c0596575d2288e56	Bacteria	Proteobacteria	Alphaproteobacteria	Rickettsiales	Mitochondria	Mitochondria	Unclassified	0.999931597
41c4b8d4731d0b61a345af426d346f85	Bacteria	Proteobacteria	Alphaproteobacteria	Rickettsiales	Mitochondria	Mitochondria	Unclassified	0.999899243
2ba6b2971bb9d734e7d90a589b0ae2f2	Bacteria	Proteobacteria	Alphaproteobacteria	Rickettsiales	Mitochondria	Mitochondria	Unclassified	0.999847211
33f479250bb91c8ac00d9f33f5ad18ad	Bacteria	Proteobacteria	Alphaproteobacteria	Rickettsiales	Mitochondria	Mitochondria	Persicaria_minor	0.706130302
de5d089d11e5b83063ed601caf32bc12	Bacteria	Proteobacteria	Alphaproteobacteria	Rickettsiales	Mitochondria	Mitochondria	Unclassified	0.99982808
3061a5c02937cded3d2c4452eaa3c413	Bacteria	Proteobacteria	Alphaproteobacteria	Rickettsiales	Mitochondria	Mitochondria	Unclassified	0.999941058
8597e83b58332feaa6312274d1758de0	Bacteria	Proteobacteria	Alphaproteobacteria	Rickettsiales	Mitochondria	Mitochondria	Unclassified	0.999948792
55e67fdce1f422cd557a8d2165d5cf31	Bacteria	Proteobacteria	Alphaproteobacteria	Rickettsiales	Mitochondria	Mitochondria	Unclassified	0.999941991
8c15f6f7dfe6deb6c8edf193e0eb712d	Bacteria	Proteobacteria	Alphaproteobacteria	Rickettsiales	Mitochondria	Mitochondria	Unclassified	0.999869085
1b2fc74ccc897ae2fbc5e777c8a6c4b1	Bacteria	Proteobacteria	Alphaproteobacteria	Rickettsiales	Mitochondria	Mitochondria	Unclassified	0.999855499
2f9fe375f43d3f9b369d88c895e6fa16	Bacteria	Proteobacteria	Alphaproteobacteria	Rickettsiales	Mitochondria	Mitochondria	Unclassified	0.99996636
f887b7c277a053c3d441539aaa45ee7f	Bacteria	Proteobacteria	Alphaproteobacteria	Rickettsiales	Mitochondria	Mitochondria	Unclassified	0.999966607
1ec408c4ffd35bcc4bc382990ea90fb3	Bacteria	Proteobacteria	Alphaproteobacteria	Rickettsiales	Mitochondria	Mitochondria	Unclassified	0.999841397
712f7a3b604fc1fa0a8d7022821b6ebf	Bacteria	Proteobacteria	Alphaproteobacteria	Rickettsiales	Mitochondria	Mitochondria	Unclassified	0.999889529
19197cab0bb9f3872c7c91a1cb3c9cfc	Bacteria	Proteobacteria	Alphaproteobacteria	Rickettsiales	Mitochondria	Mitochondria	Unclassified	0.999854403
2efb193c69f1a77b05e1a1409cf21838	Bacteria	Proteobacteria	Alphaproteobacteria	Rickettsiales	Mitochondria	Mitochondria	Unclassified	0.99831092
30d708102dda240424253e576609738b	Bacteria	Proteobacteria	Alphaproteobacteria	Rickettsiales	Mitochondria	Mitochondria	Unclassified	0.999624074
86054a72ad7cef922043682a403f7f1e	Bacteria	Proteobacteria	Alphaproteobacteria	Rickettsiales	Mitochondria	Mitochondria	Unclassified	0.999768972
39b3ea27f5291ed4f564ca945fa18a39	Bacteria	Proteobacteria	Alphaproteobacteria	Rickettsiales	Mitochondria	Mitochondria	Unclassified	0.999580321
a418145b5023e1e68b105c855b109fb8	Bacteria	Proteobacteria	Alphaproteobacteria	Rickettsiales	Mitochondria	Mitochondria	Unclassified	0.970853555
5e99cd0516dcba2c0d4810841f60d5ce	Bacteria	Proteobacteria	Alphaproteobacteria	Rickettsiales	Mitochondria	Mitochondria	Unclassified	0.976631417
ac244aa024dcaf6248cee1f7d65a8161	Bacteria	Proteobacteria	Alphaproteobacteria	Rickettsiales	Mitochondria	Mitochondria	Unclassified	0.996864539
c79382de1119e21b64675445c300f4e6	Bacteria	Proteobacteria	Alphaproteobacteria	Rickettsiales	Mitochondria	Mitochondria	Unclassified	0.998525977
8d7827e86cf0ba18c3955e4996b47822	Bacteria	Proteobacteria	Alphaproteobacteria	Rickettsiales	Mitochondria	Mitochondria	Unclassified	0.988193551
30914434b5a2d80fcf7902cd439b1661	Bacteria	Proteobacteria	Alphaproteobacteria	Rickettsiales	Mitochondria	Mitochondria	Unclassified	0.984322392
d7239c1a65300e8cd5aed5cc4c66b3d3	Bacteria	Proteobacteria	Alphaproteobacteria	Rickettsiales	Mitochondria	Mitochondria	Unclassified	0.945816542
54cf2688629b969b4a1bb355c8b59e4a	Bacteria	Proteobacteria	Alphaproteobacteria	Rhizobiales	Rhizobiaceae	Unclassified	Unclassified	0.778080096
27ff084db3b84746b8fc632142a3999b	Bacteria	Proteobacteria	Alphaproteobacteria	Rhizobiales	Rhizobiaceae	Allorhizobium-Neorhizobium-Pararhizobium-Rhizobium	Rhizobium_alvei	0.735618249
aeb759275f6bf8704970efed20a91ce3	Bacteria	Proteobacteria	Alphaproteobacteria	Rickettsiales	Mitochondria	Mitochondria	Unclassified	0.869479799
69798bfc023d9cfc528703a73f784143	Bacteria	Proteobacteria	Alphaproteobacteria	Rhizobiales	Devosiaceae	Devosia	Unclassified	0.902264418
c1f55deac7746ca5dce780ff4e01a486	Bacteria	Proteobacteria	Alphaproteobacteria	Rickettsiales	Mitochondria	Mitochondria	Unclassified	0.817690535
6c6e2df7ce15af06ca9190bb8723793f	Bacteria	NA	NA	NA	NA	Unclassified	Unclassified	0.999999583
534fa6ab6b9579df1125a3cafd0ad0b6	Bacteria	Proteobacteria	Alphaproteobacteria	NA	NA	Unclassified	Unclassified	0.739642677
a7d551dd8622c62f2fc5a5b859ab939b	Bacteria	NA	NA	NA	NA	Unclassified	Unclassified	0.99999864
d00b7340c0956c4bbfc7738f753bf67d	Bacteria	Myxococcota	Polyangia	Nannocystales	Nannocystaceae	Nannocystis	unidentified	0.90252076
21e300b0bc7c398aef57006d7d731217	Bacteria	NA	NA	NA	NA	Unclassified	Unclassified	0.99999922
49b3c3c6276a7560a279ae1ef6bb8bde	Bacteria	NA	NA	NA	NA	Unclassified	Unclassified	0.99999836
bc8bf44b8c1fa5ec9458dec60e753b75	Bacteria	NA	NA	NA	NA	Unclassified	Unclassified	0.999998556
6300a8d3cdffbd6d65256cf59d44b130	Bacteria	Actinobacteriota	Actinobacteria	Micrococcales	Microbacteriaceae	Unclassified	Unclassified	0.954732791
3db4eac4c054233f341bdd79d7eae4a0	Bacteria	Bacteroidota	Bacteroidia	Flavobacteriales	Flavobacteriaceae	Unclassified	Unclassified	0.987380156
7acc3384f615be309d065b21a0f7e711	Bacteria	Bacteroidota	Bacteroidia	Flavobacteriales	Flavobacteriaceae	Unclassified	Unclassified	0.980093592
33fdfbfa318fa1b33abacbf4e821a5d2	Bacteria	NA	NA	NA	NA	Unclassified	Unclassified	0.999879575
00815c038590fc5d00c208d8ad03e995	Bacteria	Bacteroidota	Bacteroidia	NA	NA	Unclassified	Unclassified	0.820451627
3ad428abfaafd8a4e8ba266f82427763	Bacteria	NA	NA	NA	NA	Unclassified	Unclassified	0.9999801
9a181bf16c1e77e679311e3577c5e42d	Bacteria	NA	NA	NA	NA	Unclassified	Unclassified	0.999997171
fff48c88c43273d130fb3e0bc321c9be	Bacteria	Bacteroidota	Bacteroidia	Cytophagales	Cytophagaceae	Rhodocytophaga	Unclassified	0.811332049
fe3b37ece2572a53f77627ab1dacba4a	Bacteria	Bacteroidota	Bacteroidia	Sphingobacteriales	env.OPS_17	env.OPS_17	Unclassified	0.96988924
276192218d73d8d7f4149e14eec247e8	Bacteria	NA	NA	NA	NA	Unclassified	Unclassified	0.999999922
0e3706917d465e91e48ea5816e403734	Bacteria	Cyanobacteria	Sericytochromatia	Sericytochromatia	Sericytochromatia	Sericytochromatia	uncultured_bacterium	0.892548998
35b958ed462a71012c275a47ce02c0fc	Bacteria	Proteobacteria	Gammaproteobacteria	NA	NA	Unclassified	Unclassified	0.947804139
0ce07efc72ecd1ba81d3e90546e17ce0	Bacteria	Proteobacteria	Alphaproteobacteria	Rickettsiales	Mitochondria	Mitochondria	Unclassified	0.998815126
2379e288949782fcdc4e08a9a839c9f4	Bacteria	Proteobacteria	Gammaproteobacteria	Xanthomonadales	Xanthomonadaceae	Arenimonas	Unclassified	0.85288371
fce0b42b243f959f578768a561c4f01e	Bacteria	Acidobacteriota	Thermoanaerobaculia	Thermoanaerobaculales	Thermoanaerobaculaceae	Subgroup_10	Unclassified	0.909519293
8b39e3f475e48c2c6004c708e92fe30a	Bacteria	Acidobacteriota	Thermoanaerobaculia	Thermoanaerobaculales	Thermoanaerobaculaceae	Subgroup_10	uncultured_Alphaproteobacteria	0.921808858
2ed74538f6506835a40a06bf46850daf	Bacteria	Acidobacteriota	Thermoanaerobaculia	Thermoanaerobaculales	Thermoanaerobaculaceae	Subgroup_10	Unclassified	0.945517791
84f667480f6f02285ff80da106ae9336	Bacteria	NA	NA	NA	NA	Unclassified	Unclassified	0.99999123
81e27edeedb2ca16d644443a937508ef	Bacteria	Chloroflexi	TK10	TK10	TK10	TK10	Unclassified	0.855553772
bc33d32e8ba00dde5c5ad554a5f08401	Bacteria	Verrucomicrobiota	Verrucomicrobiae	Pedosphaerales	Pedosphaeraceae	Unclassified	Unclassified	0.956292631
1e006c2f2be711564fb3f64e3fa83b54	Bacteria	Verrucomicrobiota	Verrucomicrobiae	Pedosphaerales	Pedosphaeraceae	Unclassified	Unclassified	0.960173612
a7f17bd86d5253cab3cf9480411ccc44	Bacteria	NA	NA	NA	NA	Unclassified	Unclassified	0.999999745
a129ee3d285fd131b28919b6dcd2c41f	Bacteria	NA	NA	NA	NA	Unclassified	Unclassified	0.999998556
305a2dde5785f07d73bdd21cf52a45fd	Bacteria	Proteobacteria	NA	NA	NA	Unclassified	Unclassified	0.878947733
0c716b0cffea53357a78ab800750335b	Bacteria	Bacteroidota	Bacteroidia	Cytophagales	Microscillaceae	Unclassified	Unclassified	0.96063448
df2bea915199c3254abddccf68d607c7	Bacteria	Bacteroidota	Bacteroidia	Cytophagales	Microscillaceae	Unclassified	Unclassified	0.918043614
0374ac3ef13c6d58494eb0521a7a1c4e	Bacteria	Bacteroidota	Bacteroidia	Cytophagales	Microscillaceae	Unclassified	Unclassified	0.769248165
c79c4dd63a9542f9d7df90454d65c1e3	Bacteria	Bacteroidota	Bacteroidia	Cytophagales	Microscillaceae	Unclassified	Unclassified	0.739384087
1000e0a7db9fb12d404d5b243d179a26	Bacteria	Bacteroidota	Bacteroidia	Cytophagales	NA	Unclassified	Unclassified	0.974835644
c97cd32073553e1bd129050c2a9075a9	Bacteria	Bacteroidota	Bacteroidia	Cytophagales	NA	Unclassified	Unclassified	0.958639371
7591367d2554230cf4eea41aa04b3b64	Bacteria	Bacteroidota	Bacteroidia	Chitinophagales	Chitinophagaceae	Rurimicrobium	Rurimicrobium_arvi	0.901773518
5e7ebb6f92bd0fbf96c887d491720d62	Bacteria	Bacteroidota	Bacteroidia	Bacteroidetes_VC2.1_Bac22	Bacteroidetes_VC2.1_Bac22	Bacteroidetes_VC2.1_Bac22	metagenome	0.863093019
044681dbc0834ae3bc22832304b1d273	Bacteria	NA	NA	NA	NA	Unclassified	Unclassified	0.999997918
8bcea05bcb2c6c61207a9a4737908b07	Bacteria	Proteobacteria	Alphaproteobacteria	Rhizobiales	NA	Unclassified	Unclassified	0.803880666
df86b1da1d45b65d02bab996b0e1cb44	Bacteria	Proteobacteria	Alphaproteobacteria	Sphingomonadales	Sphingomonadaceae	Unclassified	Unclassified	0.739468882
835768ba5621fb4e4015ffbd65264707	Bacteria	Bdellovibrionota	Bdellovibrionia	Bdellovibrionales	Bdellovibrionaceae	Bdellovibrio	uncultured_bacterium	0.796863873
291b526c5665a206c6058d5aeeeb0090	Bacteria	Patescibacteria	Saccharimonadia	Saccharimonadales	Saccharimonadales	Saccharimonadales	Unclassified	0.860745821
9813ee2a790a7408c7fe5f39dd247ee4	Bacteria	NA	NA	NA	NA	Unclassified	Unclassified	0.999998804
ad55fc104504704d04700df62e062014	Bacteria	Myxococcota	Polyangia	Polyangiales	BIrii41	BIrii41	Unclassified	0.99044311
c5733944795a1c7df984c301b5b85e25	Bacteria	Verrucomicrobiota	Chlamydiae	Chlamydiales	Parachlamydiaceae	Unclassified	Unclassified	0.88441878
bbcd394d1922bb4187b3366c03b31449	Bacteria	NA	NA	NA	NA	Unclassified	Unclassified	0.999999863
d067d9bbf1ab0f8bfec3775d3bd2e8d9	Bacteria	Proteobacteria	Gammaproteobacteria	Xanthomonadales	NA	Unclassified	Unclassified	0.991528944
5b8063c84b1a4b94b996c33ef1fa1689	Bacteria	Proteobacteria	NA	NA	NA	Unclassified	Unclassified	0.804606816
f97e6c8f8615545a0e6928f96f42cead	Bacteria	NA	NA	NA	NA	Unclassified	Unclassified	0.999999248
ca1f82f131c383536e3d50e96dd83ab1	Bacteria	Bdellovibrionota	Bdellovibrionia	Bdellovibrionales	Bdellovibrionaceae	Bdellovibrio	uncultured_bacterium	0.728125695
71679fba05b09f6d427fe8697c369208	Bacteria	Patescibacteria	Saccharimonadia	Saccharimonadales	Saccharimonadales	Saccharimonadales	Unclassified	0.817289818
40051ec22dc913823ef7d7bc0f0cd8d3	Bacteria	Proteobacteria	Gammaproteobacteria	Burkholderiales	Neisseriaceae	Unclassified	Unclassified	0.728762498
c63ba1d48f1c1b08ca8faa141874f6a6	Bacteria	Actinobacteriota	Thermoleophilia	Gaiellales	Gaiellaceae	Gaiella	uncultured_Acidobacteria	0.721874325
c854bcfb3ea1d337658f74fca199faad	Bacteria	Chloroflexi	Anaerolineae	SBR1031	A4b	A4b	wastewater_metagenome	0.966852018
31edcb746f205b7617bc63cc6b157999	Bacteria	Proteobacteria	Alphaproteobacteria	Rhizobiales	Devosiaceae	Devosia	Unclassified	0.955147632
7f1497c4d060cb914a12c9e42d62e28c	Bacteria	Proteobacteria	Alphaproteobacteria	Rhizobiales	Rhizobiaceae	Unclassified	Unclassified	0.918437018
90858f62e03455208448e48e8405a8d1	Bacteria	Proteobacteria	Alphaproteobacteria	Dongiales	Dongiaceae	Dongia	Unclassified	0.982263248
ad48f7644dbfc0e2703e6d809f196873	Bacteria	Proteobacteria	Alphaproteobacteria	Rhizobiales	Rhizobiaceae	Unclassified	Unclassified	0.98637175
d5acbc83ec018ca17a8db44d8a842ee4	Bacteria	Proteobacteria	Alphaproteobacteria	Rhizobiales	Rhizobiaceae	Unclassified	Unclassified	0.823590971
62697f28c4da8412d688b1c1a3ad99ea	Bacteria	Proteobacteria	Alphaproteobacteria	Rhizobiales	Rhizobiaceae	Unclassified	Unclassified	0.824109716
6d9d665e799fba2eb8e47cd6e59a829a	Bacteria	Acidobacteriota	Holophagae	Subgroup_7	Subgroup_7	Subgroup_7	Unclassified	0.86284433
ed2ed830b87b20dfcd1cd4c3693aab5f	Bacteria	Proteobacteria	Alphaproteobacteria	Rhizobiales	Xanthobacteraceae	Unclassified	Unclassified	0.733197298
54b09c6fd0dbefc014bae9821e4c5ad0	Bacteria	Proteobacteria	Alphaproteobacteria	Rhizobiales	D05-2	D05-2	alpha_proteobacterium	0.709748565
6f331a207a85c7ebca7b11beea3f6c20	Bacteria	NA	NA	NA	NA	Unclassified	Unclassified	0.99999994
3a888df5f34d35df54d25c7a500cdc6d	Bacteria	Proteobacteria	Gammaproteobacteria	Burkholderiales	Nitrosomonadaceae	Ellin6067	Unclassified	0.851375093
020c8e28aba8a0ba3df94558007635e5	Bacteria	Proteobacteria	Alphaproteobacteria	Rickettsiales	Rickettsiaceae	Unclassified	uncultured_bacterium	0.957397255
29d45bf910b6ecd84f723450cd1f8d8c	Bacteria	Proteobacteria	Gammaproteobacteria	Burkholderiales	Methylophilaceae	Unclassified	Unclassified	0.968261898
e04e6b5e873b82b12787b744ae4dc678	Bacteria	Proteobacteria	Gammaproteobacteria	Burkholderiales	Methylophilaceae	UBA6140	methylotrophic_bacterium	0.737848038
0afe7426a72b7f9f001160415b137f5e	Bacteria	Proteobacteria	Gammaproteobacteria	Burkholderiales	Methylophilaceae	Unclassified	Unclassified	0.965597283
f29d6900c21a996eb0defb23f51f90e9	Bacteria	NA	NA	NA	NA	Unclassified	Unclassified	0.99999208
129790a4f0d97d191dfc275836abc17e	Bacteria	NA	NA	NA	NA	Unclassified	Unclassified	0.999999501
2a4d680aadea9a3faa82db947775cb14	Bacteria	Actinobacteriota	Actinobacteria	Micrococcales	Microbacteriaceae	Unclassified	Unclassified	0.989965244
5cfebb0ff04b5cd6cf3a234ffd89522c	Bacteria	NA	NA	NA	NA	Unclassified	Unclassified	0.999999953
37668f6fc8f6ab499523e01b90c13e08	Bacteria	NA	NA	NA	NA	Unclassified	Unclassified	0.999999615
594f522e62d6b5644a89c7f04c5b03e7	Bacteria	Proteobacteria	Gammaproteobacteria	Gammaproteobacteria_Incertae_Sedis	Unknown_Family	Acidibacter	Unclassified	0.907103914
fc2fb716dd58c1a62773dcd20dab5e13	Bacteria	NA	NA	NA	NA	Unclassified	Unclassified	0.999993828
b82cf2f1bfd3a869ec30e43b5d891dc6	Bacteria	Verrucomicrobiota	Verrucomicrobiae	Pedosphaerales	Pedosphaeraceae	Unclassified	Unclassified	0.948161703
67ef1302981e40cadede9a371cc4cd4b	Bacteria	Fusobacteriota	Fusobacteriia	Fusobacteriales	Leptotrichiaceae	Unclassified	Leptotrichia-like_sp.	0.870534458
78d1536d41c3d4675f7222b212cd9623	Bacteria	Chloroflexi	Chloroflexia	Chloroflexales	Roseiflexaceae	Unclassified	Unclassified	0.74142107
da676f9bfa117520bd451e58978c0160	Bacteria	Proteobacteria	Alphaproteobacteria	Rhizobiales	Rhizobiaceae	Allorhizobium-Neorhizobium-Pararhizobium-Rhizobium	Unclassified	0.746279476
6be3f53a57cd4893bc89404a255ef3e3	Bacteria	Acidobacteriota	Acidobacteriae	Bryobacterales	Bryobacteraceae	Bryobacter	Unclassified	0.789385316
168cc7e4197456e7e9d0be8cfb779cc2	Bacteria	Bacteroidota	Bacteroidia	Flavobacteriales	Flavobacteriaceae	Flavobacterium	Unclassified	0.806919868
211fd06015dcb0141ec62cf58bce7409	Bacteria	Proteobacteria	Gammaproteobacteria	Burkholderiales	Comamonadaceae	Unclassified	Unclassified	0.99750585
69274b4e4bc20e636fe7ac00789c577b	Bacteria	Proteobacteria	NA	NA	NA	Unclassified	Unclassified	0.947609853
1e42f295fe63d00b8491c94a3a3533a3	Bacteria	NA	NA	NA	NA	Unclassified	Unclassified	0.999999785
13370e7496d04dc027f5926d0f2035be	Bacteria	Bacteroidota	Rhodothermia	Rhodothermales	Rhodothermaceae	Rhodothermaceae	uncultured_Bacteroidetes	0.978484683
bafb52640ea7d0c51afb3d9f148d137b	Bacteria	Bdellovibrionota	Bdellovibrionia	Bdellovibrionales	Bdellovibrionaceae	OM27_clade	uncultured_bacterium	0.796443662
88c3d8ea23856e0548ad1be3c71ae3b5	Bacteria	Myxococcota	Polyangia	Nannocystales	Nannocystaceae	Nannocystis	uncultured_Myxococcales	0.952617426
7b7ceb61cab470233305b081d6fcddde	Bacteria	Proteobacteria	Gammaproteobacteria	Xanthomonadales	Rhodanobacteraceae	Ahniella	metagenome	0.706425674
fabaa165fa4bc3cc6a5bd5da8689af2c	Bacteria	Proteobacteria	Gammaproteobacteria	Burkholderiales	NA	Unclassified	Unclassified	0.996705441
afafd257957d6da0a1ffa45e5d404af1	Bacteria	NA	NA	NA	NA	Unclassified	Unclassified	0.999998495
b6b6a7b9b4e8e727a810b548e5a941fa	Bacteria	Proteobacteria	Gammaproteobacteria	Enterobacterales	NA	Unclassified	Unclassified	0.98725015
f76b8cdefe07ec7ddd925615167e7db8	Bacteria	Abditibacteriota	Abditibacteria	Abditibacteriales	Abditibacteriaceae	Abditibacterium	uncultured_bacterium	0.841599362
447191ffd7989c89e82b8b12fa04d25b	Bacteria	Verrucomicrobiota	Verrucomicrobiae	Pedosphaerales	Pedosphaeraceae	Pedosphaeraceae	Unclassified	0.878573708
48bd7e03b54ec1bcf1d95e627886ed9d	Bacteria	NA	NA	NA	NA	Unclassified	Unclassified	0.999999485
51f5d5e7a67af4e38c20fd04df7fdd12	Bacteria	Bdellovibrionota	Bdellovibrionia	Bdellovibrionales	Bdellovibrionaceae	Bdellovibrio	uncultured_bacterium	0.807339873
664a9f7e1da2c16d1d19b6b7808a561d	Bacteria	Bdellovibrionota	Oligoflexia	0319-6G20	0319-6G20	0319-6G20	uncultured_Roseobacter	0.994373874
9eb244ed344eb1b0d8e9cc7a07343911	Bacteria	Proteobacteria	NA	NA	NA	Unclassified	Unclassified	0.894729592
dc0c48e078e467dfcb90d52500b6b29f	Bacteria	Proteobacteria	Alphaproteobacteria	Rhizobiales	NA	Unclassified	Unclassified	0.80583162
627e470e204ae290a04ffc273564ca24	Bacteria	NA	NA	NA	NA	Unclassified	Unclassified	0.99999975
9fc5bcfaae18611959c6658b6b3c8393	Bacteria	Proteobacteria	NA	NA	NA	Unclassified	Unclassified	0.923534917
63c187b8ad52d03b8a81ea38cad4b4c1	Bacteria	Proteobacteria	Alphaproteobacteria	Rickettsiales	Mitochondria	Mitochondria	Unclassified	0.874399621
61fa993efdcc0a37e456df3981c12740	Bacteria	Myxococcota	Myxococcia	Myxococcales	Myxococcaceae	KD3-10	uncultured_bacterium	0.973505438
1e67d5303d316fed624580349dd7c685	Bacteria	Proteobacteria	Alphaproteobacteria	Sphingomonadales	Sphingomonadaceae	Sphingomonas	Unclassified	0.973629043
36b253daa3d51d7f2c902e604aea57cd	Bacteria	Proteobacteria	Alphaproteobacteria	Sphingomonadales	Sphingomonadaceae	Sphingomonas	Unclassified	0.853180942
defb04361898de970017a1e10b3c40c7	Bacteria	Proteobacteria	NA	NA	NA	Unclassified	Unclassified	0.832569027
45eb2d377fe2728921a390d072b5f61d	Bacteria	Bacteroidota	Bacteroidia	Bacteroidetes_VC2.1_Bac22	Bacteroidetes_VC2.1_Bac22	Bacteroidetes_VC2.1_Bac22	metagenome	0.999772597
730aa910e57bf93cb2dc603019e5ab69	Bacteria	Proteobacteria	Alphaproteobacteria	Sphingomonadales	Sphingomonadaceae	Unclassified	Unclassified	0.999544387
b8d96e4f2ae137bcb9731f4eb3edd287	Bacteria	Myxococcota	Myxococcia	Myxococcales	Myxococcaceae	KD3-10	Unclassified	0.99670778
6314e87fd0e9447cb038908f322014a0	Bacteria	Bacteroidota	Bacteroidia	Cytophagales	MWH-CFBk5	MWH-CFBk5	uncultured_bacterium	0.829222246
21c228e806a8a2438759bcd67daf6318	Bacteria	Bacteroidota	Bacteroidia	Sphingobacteriales	NA	Unclassified	Unclassified	0.820862058
5538240cbf1bde74c6cfbb88295939fe	Bacteria	Bacteroidota	Bacteroidia	Flavobacteriales	NS9_marine_group	NS9_marine_group	metagenome	0.941208304
dddb9516c778c931d9d5449e175e5942	Bacteria	Proteobacteria	Alphaproteobacteria	Sphingomonadales	Sphingomonadaceae	Unclassified	Unclassified	0.997172657
a9d789f3ec8460f12e6ce74ba882a235	Bacteria	Bacteroidota	Bacteroidia	Cytophagales	Cytophagaceae	Rhodocytophaga	uncultured_soil	0.844476172
be8fe637ba7d637ca695497388c717d9	Bacteria	Bacteroidota	Bacteroidia	Cytophagales	Cytophagaceae	Rhodocytophaga	uncultured_soil	0.842998623
6a2182d716ddff94f8bcb9c95c3580ee	Bacteria	Bacteroidota	Bacteroidia	Cytophagales	Spirosomaceae	Spirosoma	Unclassified	0.999993058
7edf032c7c4b160c751d8ef9f95c4609	Bacteria	Firmicutes	Bacilli	Lactobacillales	Lactobacillaceae	Pediococcus	Unclassified	0.998766778
f1aedc264c625e22c841320939e97126	Bacteria	Firmicutes	Clostridia	Oscillospirales	Ruminococcaceae	Subdoligranulum	Unclassified	0.974690938
a41b77a2a7dabbead95117c45d309bb4	Bacteria	Bacteroidota	Bacteroidia	Cytophagales	Cytophagaceae	Cytophaga	uncultured_bacterium	0.942951566
fa50895ec9809c178703abd84fe731a9	Bacteria	Bacteroidota	Bacteroidia	Sphingobacteriales	env.OPS_17	env.OPS_17	Unclassified	0.99980745
98f89091946d1bb4ed00b78a0c26fde1	Bacteria	Proteobacteria	Alphaproteobacteria	NA	NA	Unclassified	Unclassified	0.778126237
1d3aeff079c7e0f0087c18fb7d3ccb51	Bacteria	Chloroflexi	Chloroflexia	Chloroflexales	Herpetosiphonaceae	Herpetosiphon	Unclassified	0.992479052
07e1fca89c8c3fc1f85d7ac80ea167d6	Bacteria	Proteobacteria	Gammaproteobacteria	Burkholderiales	Rhodocyclaceae	Unclassified	Unclassified	0.744906184
fd5d3217a9ae863e2be8b0b134b9b4d7	Bacteria	Proteobacteria	Gammaproteobacteria	Xanthomonadales	Rhodanobacteraceae	Unclassified	Unclassified	0.803299022
851077d6900c05ce5908443bdec253db	Bacteria	NA	NA	NA	NA	Unclassified	Unclassified	0.99999997
a3ed919247003a77269a8c2a8c22ca22	Bacteria	Chloroflexi	Anaerolineae	SBR1031	A4b	A4b	wastewater_metagenome	0.997233496
b64bafca4cac6f44426c207fcdd63ac7	Bacteria	NA	NA	NA	NA	Unclassified	Unclassified	0.999999998
8c92dca5f15f24c14996c750f4b57501	Bacteria	Chloroflexi	Anaerolineae	SBR1031	A4b	A4b	wastewater_metagenome	0.999440269
36155de75f6ef5eb986faf4b41f53d52	Bacteria	Chloroflexi	Anaerolineae	SBR1031	A4b	A4b	wastewater_metagenome	0.999533192
bbcfd955c815e08911b55b0f96c25023	Bacteria	Chloroflexi	Anaerolineae	SBR1031	A4b	A4b	wastewater_metagenome	0.994225936
cd018d4c13c3b48102d3cd8947e3f584	Bacteria	Proteobacteria	Alphaproteobacteria	Rhizobiales	Xanthobacteraceae	Unclassified	Unclassified	0.922427332
c37214112efa978ffb4cae255e75f5c6	Bacteria	Proteobacteria	Alphaproteobacteria	Rhizobiales	Xanthobacteraceae	Starkeya	Unclassified	0.737790767
49b1bcc6da58a7764822eda98c6e9273	Bacteria	NA	NA	NA	NA	Unclassified	Unclassified	0.999999798
2dfa9c9b249aa994b33e593c0ca3bf64	Bacteria	Bacteroidota	Bacteroidia	Flavobacteriales	Flavobacteriaceae	Unclassified	Unclassified	0.999856421
106e0df8cd59cb37f05662cfd82dcf31	Bacteria	Bacteroidota	Bacteroidia	Flavobacteriales	Flavobacteriaceae	Unclassified	Unclassified	0.999992583
c73ec5560b48fd0701d8d05ca13abe14	Bacteria	NA	NA	NA	NA	Unclassified	Unclassified	0.999999933
3f46c7ac7591601594c68fde082add39	Bacteria	Patescibacteria	Saccharimonadia	Saccharimonadales	Saccharimonadaceae	Saccharimonadaceae	Unclassified	0.827130636
0a17fb190b54cd9bbc7bb06d280af975	Bacteria	Bacteroidota	NA	NA	NA	Unclassified	Unclassified	0.794742233
6a11670050a5fe9b554892a0c93d0d87	Bacteria	Acidobacteriota	Blastocatellia	11-24	11-24	11-24	uncultured_bacterium	0.984017324
4948c44e0bced0ed8785eeb4318a02c9	Bacteria	Bdellovibrionota	Bdellovibrionia	Bdellovibrionales	Bdellovibrionaceae	Bdellovibrio	uncultured_bacterium	0.85797197
bce2a8c8d84c386c7a98f21c2157721e	Bacteria	Bdellovibrionota	Bdellovibrionia	Bdellovibrionales	Bdellovibrionaceae	Bdellovibrio	uncultured_bacterium	0.872563785
f6c9f1806c09e528df0e037f77067736	Bacteria	Myxococcota	Polyangia	Blfdi19	Blfdi19	Blfdi19	Anaeromyxobacter_dehalogenans	0.937550285
2cd6e214ad371cb6bb389c6f89af4726	Bacteria	Proteobacteria	Alphaproteobacteria	Rhizobiales	Xanthobacteraceae	Unclassified	Unclassified	0.767474172
79a587e732f732ba67806ab033754669	Bacteria	Bdellovibrionota	Bdellovibrionia	Bdellovibrionales	Bdellovibrionaceae	OM27_clade	Unclassified	0.99349465
44e5154feaad9fc034867a4dac2ccdf5	Bacteria	Proteobacteria	Alphaproteobacteria	Rhizobiales	D05-2	D05-2	alpha_proteobacterium	0.989442659
8024b9ff3c2ada7b340fccf71af48015	Bacteria	Proteobacteria	Alphaproteobacteria	Rhizobiales	D05-2	D05-2	alpha_proteobacterium	0.998089332
7ae336d42057196ca6121cb1acc0f8a2	Bacteria	Actinobacteriota	Thermoleophilia	Gaiellales	uncultured	Unclassified	uncultured_bacterium	0.727999481
f7db32ce433ca0061a4155047e5ba851	Bacteria	Chloroflexi	Chloroflexia	Chloroflexales	Roseiflexaceae	Unclassified	uncultured_Chloroflexi	0.757598886
9a79e601e8398e51a1eed9e70822e4f1	Bacteria	Chloroflexi	Chloroflexia	Chloroflexales	Roseiflexaceae	Unclassified	uncultured_Chloroflexaceae	0.916464547
4bb6acc576dbb681806dc9ad6d9e9e35	Bacteria	Gemmatimonadota	Longimicrobia	Longimicrobiales	Longimicrobiaceae	Longimicrobiaceae	uncultured_bacterium	0.942969664
d9d447aa22222af76759b02098522689	Bacteria	Actinobacteriota	Thermoleophilia	Solirubrobacterales	Solirubrobacteraceae	Solirubrobacter	uncultured_bacterium	0.752578631
5761522e61e4bb08f1df6c4d76547489	Bacteria	NA	NA	NA	NA	Unclassified	Unclassified	0.999999844
b167b4dcaf6c7a1f69c7baa69720f4a5	Bacteria	Gemmatimonadota	Gemmatimonadetes	Gemmatimonadales	Gemmatimonadaceae	Unclassified	Unclassified	0.786949368
f884b1adc0586a458cca3bf7e6e36789	Bacteria	Bdellovibrionota	Bdellovibrionia	Bdellovibrionales	Bdellovibrionaceae	Bdellovibrio	uncultured_bacterium	0.865005947
5f79d7b33c6e903c6495c4db68bfc3a5	Bacteria	Bdellovibrionota	Bdellovibrionia	Bdellovibrionales	Bdellovibrionaceae	Bdellovibrio	uncultured_bacterium	0.888948089
2151df8a5351482cd7b9ba284e9ca32c	Bacteria	Bdellovibrionota	Bdellovibrionia	Bdellovibrionales	Bdellovibrionaceae	Bdellovibrio	uncultured_bacterium	0.861608957
c023523f4d97cdc45058863032dca150	Bacteria	NA	NA	NA	NA	Unclassified	Unclassified	0.99999968400000006
2609ec2d9766f365e07fdcb26dfa14b1	Bacteria	Verrucomicrobiota	Chlamydiae	Chlamydiales	Parachlamydiaceae	Unclassified	Unclassified	0.866068277
531ab05f71d092caade9e82b459d1724	Bacteria	Chloroflexi	Anaerolineae	Ardenticatenales	Ardenticatenaceae	Unclassified	unidentified_marine	0.990356415
4e4e8c4327da9f71581eee262d648d90	Bacteria	NA	NA	NA	NA	Unclassified	Unclassified	0.999999986
434760d00e66572ade3e1aa4640fae49	Bacteria	Proteobacteria	Alphaproteobacteria	Rhizobiales	NA	Unclassified	Unclassified	0.716384206
53a517ed1c44f402cfc1607fe9d2f42b	Bacteria	Proteobacteria	Gammaproteobacteria	Burkholderiales	Methylophilaceae	UBA6140	Unclassified	0.97799676
2d9b81628cdc828abbceaa68d1432f40	Bacteria	Proteobacteria	Gammaproteobacteria	Burkholderiales	Comamonadaceae	Aquabacterium	Unclassified	0.917058717
5d4c777a5e8ee3e87f03913d8fa3c6a7	Bacteria	Proteobacteria	Gammaproteobacteria	Oceanospirillales	Halomonadaceae	Halomonas	Unclassified	0.995602326
796bd75a8d2a89cbd55068aaf5f3f018	Bacteria	Proteobacteria	Gammaproteobacteria	Burkholderiales	Nitrosomonadaceae	Ellin6067	Unclassified	0.999476735
812e9c64ade607ad788cacdd8a192512	Bacteria	Proteobacteria	Gammaproteobacteria	Pseudomonadales	Moraxellaceae	Acinetobacter	Unclassified	0.999991352
f864e4dc4947291095a6c30fee094ef5	Bacteria	Actinobacteriota	Actinobacteria	Propionibacteriales	Nocardioidaceae	Nocardioides	Unclassified	0.805746701
9d24050b89ed599db8307f200161d8bb	Bacteria	Proteobacteria	Alphaproteobacteria	Acetobacterales	Acetobacteraceae	Unclassified	Unclassified	0.809032433
ad6db9695fd1471790c92934f6e910ea	Bacteria	Chloroflexi	Anaerolineae	Ardenticatenales	Ardenticatenaceae	Unclassified	Unclassified	0.932611303
cfd77aa36df75ba2073fecb8ab1cdd7a	Bacteria	Actinobacteriota	Actinobacteria	NA	NA	Unclassified	Unclassified	0.998941912
310a068746989a637739e4d6972b6d81	Bacteria	Spirochaetota	Leptospirae	Leptospirales	Leptospiraceae	Turneriella	Unclassified	0.968368487
812ddc892d41dfc331d9819dad1d10fa	Bacteria	Actinobacteriota	Actinobacteria	Bifidobacteriales	Bifidobacteriaceae	Bifidobacterium	Unclassified	0.999922387
d966a57dc33b8321716ca05597d4350e	Bacteria	Proteobacteria	Alphaproteobacteria	Micropepsales	Micropepsaceae	Unclassified	Unclassified	0.959610192
3d32a674402b8d54c24ad0ecd07581c1	Bacteria	Actinobacteriota	Actinobacteria	Corynebacteriales	Corynebacteriaceae	Corynebacterium	Corynebacterium_callunae	0.872347679
f7ea5b49c88200440e14a9ec3646ee83	Bacteria	Actinobacteriota	Actinobacteria	Corynebacteriales	Corynebacteriaceae	Corynebacterium	Unclassified	0.999941338
4c142c58bf5ea93340bec6aa09c5fecc	Bacteria	Actinobacteriota	Actinobacteria	Corynebacteriales	Corynebacteriaceae	Corynebacterium	Corynebacterium_accolens	0.783652301
bab8c83127d97dbe1960da677b2fd10f	Bacteria	Actinobacteriota	Actinobacteria	Corynebacteriales	Corynebacteriaceae	Corynebacterium	Unclassified	0.984383168
995a74e87918336b905972e1e767bc2b	Bacteria	Actinobacteriota	Actinobacteria	Corynebacteriales	Corynebacteriaceae	Corynebacterium	Unclassified	0.932131258
c3ddeb1c7d770b53b0e1ae447d3d7c66	Bacteria	Actinobacteriota	Actinobacteria	Corynebacteriales	Corynebacteriaceae	Corynebacterium	Unclassified	0.896080189
f57a2482fc6c88f2dae6dea4d8ede060	Bacteria	Actinobacteriota	Actinobacteria	Corynebacteriales	Corynebacteriaceae	Corynebacterium	Unclassified	0.963649517
639c26977288c9ab03bc9e4b26282c33	Bacteria	Actinobacteriota	Actinobacteria	Corynebacteriales	Corynebacteriaceae	Corynebacterium	Unclassified	0.999153503
39cdb940ac65abf74c62b039c8398a91	Bacteria	Actinobacteriota	Actinobacteria	Corynebacteriales	Corynebacteriaceae	Corynebacterium	Unclassified	0.988142423
f1a132ed9e57047e09e75c19061c80c4	Bacteria	Actinobacteriota	Actinobacteria	Corynebacteriales	Corynebacteriaceae	Corynebacterium	Unclassified	0.984124685
fff293e7fa77b18051cbe9c8e6132daa	Bacteria	Actinobacteriota	Actinobacteria	Corynebacteriales	Corynebacteriaceae	Corynebacterium	Unclassified	0.991170281
bf2469d7187841b947ec2b8559a7f534	Bacteria	Actinobacteriota	Actinobacteria	Corynebacteriales	Corynebacteriaceae	Corynebacterium	Unclassified	0.992364027
c291bfa40eae468a0fdaee5760cf79e0	Bacteria	Actinobacteriota	Actinobacteria	Corynebacteriales	Dietziaceae	Dietzia	Unclassified	0.931361874
dd0680c02990fb797c2703130b01c8c8	Bacteria	Actinobacteriota	Actinobacteria	Micrococcales	Microbacteriaceae	Agromyces	Agromyces_atrinae	0.745748396
5ce29a6734ee72e7ce8958363c1486b1	Bacteria	Actinobacteriota	Actinobacteria	Corynebacteriales	NA	Unclassified	Unclassified	0.719346932
6988bcc56cfe62fffcc87b40cf595fec	Bacteria	Actinobacteriota	Actinobacteria	Corynebacteriales	Dietziaceae	Dietzia	Unclassified	0.999689833
700aa47c8e802a655164cfa07d8a9f99	Bacteria	Actinobacteriota	Actinobacteria	Corynebacteriales	Dietziaceae	Dietzia	Unclassified	0.999940148
e1a7cf45e191de6094631e8f1acf1581	Bacteria	Actinobacteriota	Actinobacteria	Corynebacteriales	Corynebacteriaceae	Corynebacterium	Corynebacterium_amycolatum	0.996258903
032a40a4e45c53316fb5ada6b00b7b7a	Bacteria	Actinobacteriota	Actinobacteria	Pseudonocardiales	Pseudonocardiaceae	Lechevalieria	Unclassified	0.996030287
33050923f8afaeec1e16db23612cf184	Bacteria	Margulisbacteria	Margulisbacteria	Margulisbacteria	Margulisbacteria	Margulisbacteria	uncultured_bacterium	0.990979774
a1dadeb761f38b4b19e16eedee8645f3	Bacteria	Bacteroidota	Bacteroidia	Sphingobacteriales	NA	Unclassified	Unclassified	0.967022765
531c43e6bbba4f9225068d151861df68	Bacteria	Bacteroidota	Bacteroidia	NA	NA	Unclassified	Unclassified	0.998404139
6903bf988e46c0acc0243796851667ce	Bacteria	Bacteroidota	Bacteroidia	NA	NA	Unclassified	Unclassified	0.997612303
19c8b65cc4574ea3ddb47bfe239c6d96	Bacteria	Actinobacteriota	Acidimicrobiia	IMCC26256	IMCC26256	IMCC26256	uncultured_actinobacterium	0.854626687
97cfb0d3597b63763de113fbb2d9d664	Bacteria	Actinobacteriota	Actinobacteria	Micrococcales	Microbacteriaceae	Unclassified	Unclassified	0.999670041
75f888be420c0d6e1aa832568da94e80	Bacteria	Actinobacteriota	Actinobacteria	Micrococcales	Microbacteriaceae	Galbitalea	Unclassified	0.706766418
0ff90ff7a6fe13c83771fc6b4a63ae75	Bacteria	Actinobacteriota	Actinobacteria	Micrococcales	Microbacteriaceae	Galbitalea	Unclassified	0.789120268
ac0ff7f71a1f4030bc617bc98d8e0696	Bacteria	Actinobacteriota	Actinobacteria	Micrococcales	Microbacteriaceae	Unclassified	Unclassified	0.999801293
ab4d4f94572cf21c9f2fd11eea279c11	Bacteria	Actinobacteriota	Actinobacteria	Micrococcales	Microbacteriaceae	Unclassified	Unclassified	0.99995032
b3f30a9658bd05c1ef71c3efd600118c	Bacteria	Actinobacteriota	Actinobacteria	Micrococcales	Microbacteriaceae	Leucobacter	Leucobacter_iarius	0.907581496
819fdabd5f9f19a398970963f273149b	Bacteria	Actinobacteriota	Actinobacteria	Micrococcales	Microbacteriaceae	Leucobacter	Leucobacter_aridicollis	0.765662155
145d041e698cd1cffe497d4796b7dad7	Bacteria	Actinobacteriota	Actinobacteria	Micrococcales	Microbacteriaceae	Leucobacter	Unclassified	0.98395815
254dfdfdce2f300d35093eb393be1fa0	Bacteria	Actinobacteriota	Actinobacteria	Micrococcales	Microbacteriaceae	Leucobacter	Unclassified	0.994971331
f218fc194f26688a38cf49282cd0bf96	Bacteria	Actinobacteriota	Actinobacteria	Micrococcales	Microbacteriaceae	Leucobacter	Unclassified	0.996698105
4d89d94ffed58583bf655d91b536f467	Bacteria	Actinobacteriota	Actinobacteria	Micrococcales	Microbacteriaceae	Unclassified	Unclassified	0.99999974
5e39de40fa3e9b22db27bc672fb5dafe	Bacteria	Actinobacteriota	Actinobacteria	Micrococcales	Microbacteriaceae	Unclassified	Unclassified	0.999999207
3a8b7c72ca86dc5b6824b8b918332c86	Bacteria	Actinobacteriota	Actinobacteria	Micrococcales	Microbacteriaceae	Unclassified	Unclassified	0.999999745
9b08228b6cd35eb086385398ccc97bcc	Bacteria	Actinobacteriota	Actinobacteria	Micrococcales	Microbacteriaceae	Unclassified	Unclassified	0.999875807
ae9d6aaa8edcfe571a65d5012ec32cf0	Bacteria	Actinobacteriota	Actinobacteria	Micrococcales	Microbacteriaceae	Unclassified	Unclassified	0.999012922
17d831328f17a090c92c3fb55497b553	Bacteria	Actinobacteriota	Actinobacteria	Micrococcales	Microbacteriaceae	Unclassified	Unclassified	0.998947337
68889394067f2926147b968ee0a07101	Bacteria	Actinobacteriota	Actinobacteria	Micrococcales	Microbacteriaceae	Cryobacterium	Unclassified	0.989846871
4f7b1c1be595ff13907dd81bea5cd063	Bacteria	Actinobacteriota	Actinobacteria	Micrococcales	Microbacteriaceae	Agrococcus	Unclassified	0.797510644
cb1bfa4bb24ace34716c94a2e8df9b73	Bacteria	Actinobacteriota	Actinobacteria	Micrococcales	Microbacteriaceae	Agrococcus	Unclassified	0.990381834
49cd91912caff543aea0d31b36698a04	Bacteria	NA	NA	NA	NA	Unclassified	Unclassified	0.999999952
12eef58f470c6f4845dc78ee1a715401	Bacteria	Proteobacteria	Alphaproteobacteria	Sphingomonadales	Sphingomonadaceae	Sphingomonas	Unclassified	0.86444074
b9a42a03b106fbe4faa5906dab178cfc	Bacteria	Actinobacteriota	Actinobacteria	Micrococcales	Microbacteriaceae	Unclassified	Unclassified	0.998884278
88b5e0df303408f7c8c9f9baf7c37b78	Bacteria	Actinobacteriota	Actinobacteria	Micrococcales	Microbacteriaceae	Unclassified	Unclassified	0.998882726
d7f792765305413ee9081b9f5b00c4d6	Bacteria	Actinobacteriota	Actinobacteria	Micrococcales	Microbacteriaceae	Unclassified	Unclassified	0.999731887
0d95619af856f538a7cfcfa64a9b1159	Bacteria	Actinobacteriota	Actinobacteria	Micrococcales	Microbacteriaceae	Unclassified	Unclassified	0.999637216
a1fcc9f025520bcb588136039b6e4e77	Bacteria	Actinobacteriota	Actinobacteria	Micrococcales	Microbacteriaceae	Unclassified	Unclassified	0.998942632
825f25de0369fa7d0d6d5be61b0299bf	Bacteria	Actinobacteriota	Actinobacteria	Micrococcales	Microbacteriaceae	Unclassified	Unclassified	0.992455306
95fefe7c46947feb8518e8a017c02b86	Bacteria	Actinobacteriota	Actinobacteria	Micrococcales	Cellulomonadaceae	Pseudactinotalea	Unclassified	0.959467776
8657ef18123a71f330ce95e8f0f1e539	Bacteria	Actinobacteriota	Actinobacteria	Micrococcales	Cellulomonadaceae	Pseudactinotalea	Unclassified	0.98161304
4da53db740e043e120058a0855f29d24	Bacteria	Actinobacteriota	Actinobacteria	Micrococcales	Bogoriellaceae	Bogoriella	Haloactinobacterium_sp.	0.970804768
1abc677a465aaaf4e72e3d1f94b131be	Bacteria	Actinobacteriota	Actinobacteria	Micrococcales	Intrasporangiaceae	Terrabacter	Unclassified	0.887130939
4819ceea9f257eb21cf639e1a2b16d02	Bacteria	Actinobacteriota	Actinobacteria	Micrococcales	Intrasporangiaceae	Terrabacter	Unclassified	0.98484076
8f2229eff2d463835f86b0bf09721640	Bacteria	Actinobacteriota	Actinobacteria	Micrococcales	Intrasporangiaceae	Terrabacter	Unclassified	0.93467708
c550def265710fb7b386e021d9654e77	Bacteria	Actinobacteriota	Actinobacteria	Micrococcales	Intrasporangiaceae	Unclassified	Unclassified	0.999301987
b051df862469d276fec1ae1520f49507	Bacteria	Actinobacteriota	Actinobacteria	Micrococcales	Intrasporangiaceae	Terrabacter	Unclassified	0.991413982
e72f84c5e9674d60c72626e9999d6eea	Bacteria	Actinobacteriota	Actinobacteria	Micrococcales	Intrasporangiaceae	Unclassified	Unclassified	0.994817954
2d1400dfa1ee32125f56cdb11f2bf7c7	Bacteria	Actinobacteriota	Actinobacteria	Micrococcales	Intrasporangiaceae	Phycicoccus	Unclassified	0.998834377
da754d104e25bf543d759870eb78913f	Bacteria	Actinobacteriota	Actinobacteria	Micrococcales	Intrasporangiaceae	Phycicoccus	Unclassified	0.997688939
6751776f04ed46fc6012079053cd387f	Bacteria	Actinobacteriota	Actinobacteria	Micrococcales	Intrasporangiaceae	Unclassified	Unclassified	0.999084338
14445b10179785fae4d6a1701708073e	Bacteria	Actinobacteriota	Actinobacteria	Micrococcales	Intrasporangiaceae	Knoellia	Unclassified	0.896508414
59ee793407dffb0f56238ce783c5ea65	Bacteria	Actinobacteriota	Actinobacteria	Micrococcales	Intrasporangiaceae	Knoellia	Unclassified	0.893504994
0ea58ed8f5ef7024b36493484dac9117	Bacteria	Actinobacteriota	Actinobacteria	Micrococcales	Intrasporangiaceae	Knoellia	Unclassified	0.88534107
26bc7cf1d1e13a039c08823951b42e8b	Bacteria	Actinobacteriota	Actinobacteria	Micrococcales	Intrasporangiaceae	Knoellia	Unclassified	0.976665882
e69a1ff980ad23ae3876d954d50437dc	Bacteria	Actinobacteriota	Actinobacteria	Micrococcales	Dermabacteraceae	Brachybacterium	Unclassified	0.993914985
ef3b9b399d0a1ed8ee8d392a3945f7b4	Bacteria	Actinobacteriota	Actinobacteria	Micrococcales	Dermabacteraceae	Brachybacterium	Brachybacterium_ginsengisoli	0.853914878
7357a77cdc46c515b88d2f8d9f60ba62	Bacteria	Actinobacteriota	Acidimicrobiia	Microtrichales	NA	Unclassified	Unclassified	0.84838544
1157dfadc93acd45b501a240d96f9579	Bacteria	Actinobacteriota	Acidimicrobiia	Microtrichales	Iamiaceae	Iamia	Unclassified	0.724425841
0284c5683aaf042558965f5ceb309734	Bacteria	Actinobacteriota	Acidimicrobiia	Microtrichales	Iamiaceae	Iamia	Unclassified	0.700247629
8ea26615ef97ddcc7782877325516d33	Bacteria	Actinobacteriota	Actinobacteria	Micrococcales	Bogoriellaceae	Georgenia	Georgenia_satyanarayanai	0.887207686
dde78665fdfbb1a5efdce3891d5576af	Bacteria	Actinobacteriota	Actinobacteria	Micrococcales	Dermabacteraceae	Brachybacterium	Brachybacterium_phenoliresistens	0.728532321
30bb5a1a6572fcd45ccea1a06a8cfe8d	Bacteria	Actinobacteriota	Actinobacteria	Micrococcales	Dermabacteraceae	Brachybacterium	Unclassified	0.988273101
b974c94e63764950f9e969606c2a7841	Bacteria	Actinobacteriota	Actinobacteria	Micrococcales	Micrococcaceae	Unclassified	Unclassified	0.987671055
bc8728c43b9fa6e8a8635dd598e5671a	Bacteria	Actinobacteriota	Actinobacteria	Micrococcales	Micrococcaceae	Kocuria	Unclassified	0.994445043
58cbfe0e9714a15104c1df905c86ac09	Bacteria	Actinobacteriota	Actinobacteria	Micrococcales	Micrococcaceae	Nesterenkonia	Unclassified	0.990197467
446f74376cfaa768f893a7a094126e46	Bacteria	Actinobacteriota	Actinobacteria	Micrococcales	Micrococcaceae	Nesterenkonia	Unclassified	0.957854192
d25761cfe516a77c96af7c7c623a5c3d	Bacteria	Actinobacteriota	Actinobacteria	Micrococcales	Micrococcaceae	Nesterenkonia	Unclassified	0.94777026
cbfdf642d5cb6ab36b6b93db21766c0b	Bacteria	Actinobacteriota	Actinobacteria	Micrococcales	Promicromonosporaceae	Myceligenerans	Unclassified	0.826571924
01ed0a1800720df41a4c94a3dc2ae5d0	Bacteria	Actinobacteriota	Actinobacteria	Propionibacteriales	Nocardioidaceae	Aeromicrobium	uncultured_bacterium	0.881617896
21688f126bc57d77939292b00b681e6f	Bacteria	Actinobacteriota	Actinobacteria	Micrococcales	Micrococcaceae	Nesterenkonia	Unclassified	0.94434966
040244f8fd482d15a41dd8d59e48cea4	Bacteria	Actinobacteriota	NA	NA	NA	Unclassified	Unclassified	0.851256969
a6ff91980bcc4ccabe34a4c3b66db117	Bacteria	Actinobacteriota	Actinobacteria	Micrococcales	Promicromonosporaceae	Promicromonospora	Unclassified	0.992247911
7a85ce335d8635f4f80e04dd8e803866	Bacteria	Actinobacteriota	Actinobacteria	Micrococcales	Promicromonosporaceae	Promicromonospora	Unclassified	0.978635247
546fa8988ad5837bb06e36c7d89de660	Bacteria	Actinobacteriota	Actinobacteria	Micrococcales	Promicromonosporaceae	Promicromonospora	Unclassified	0.974858636
2749306277ba12ebcd61fb45567bec18	Bacteria	Actinobacteriota	Actinobacteria	Micrococcales	Promicromonosporaceae	Promicromonospora	Unclassified	0.898536783
760ce48c761859952bf6ab8877cade80	Bacteria	Actinobacteriota	Actinobacteria	Micrococcales	Promicromonosporaceae	Promicromonospora	Unclassified	0.988153535
19c1b45877f2bd850b424c808e1f2984	Bacteria	Actinobacteriota	Actinobacteria	Micrococcales	Promicromonosporaceae	Promicromonospora	Unclassified	0.935422256
18b3d94c2d24e8349c5a551c9c9c7525	Bacteria	Actinobacteriota	Actinobacteria	Micrococcales	Promicromonosporaceae	Promicromonospora	Unclassified	0.996105496
16ddad5ba1eff03ee725f839f4927396	Bacteria	Actinobacteriota	Actinobacteria	Micrococcales	Promicromonosporaceae	Promicromonospora	Unclassified	0.998679718
145b73d4e7cd692b852cade28bfc330b	Bacteria	Actinobacteriota	Actinobacteria	Micrococcales	Promicromonosporaceae	Promicromonospora	Unclassified	0.999241812
5b017e59cb10c51e01a31edcf97c9ae5	Bacteria	Actinobacteriota	Actinobacteria	Micrococcales	Promicromonosporaceae	Promicromonospora	Unclassified	0.999477219
fd861cefc07ac95c1b2b48a43d3cf7d9	Bacteria	Actinobacteriota	Actinobacteria	Micrococcales	Promicromonosporaceae	Promicromonospora	Unclassified	0.999675102
3963c61ad5983c18c8b7d0622995de8a	Bacteria	Actinobacteriota	Actinobacteria	Micrococcales	Promicromonosporaceae	Promicromonospora	Unclassified	0.999424833
c00751ff73e2e5d8cd7e6d1b06da2c52	Bacteria	Actinobacteriota	Actinobacteria	Micrococcales	Sanguibacteraceae	Sanguibacter	Unclassified	0.993661856
7b3efe4de7ee4255ea19dafd7169cf9b	Bacteria	Actinobacteriota	Actinobacteria	Micrococcales	Sanguibacteraceae	Sanguibacter	Unclassified	0.994975465
be5005ed90b5ab30148cd0a73d5fb38f	Bacteria	Actinobacteriota	Actinobacteria	Micrococcales	Sanguibacteraceae	Sanguibacter	Unclassified	0.975203946
6d3b6f81f56783d565388dd68b4053a3	Bacteria	Actinobacteriota	Actinobacteria	Micrococcales	Cellulomonadaceae	Cellulomonas	Unclassified	0.997092063
95f17a6ef59fd37d0ae8dce8e6e8e826	Bacteria	Actinobacteriota	Actinobacteria	Micrococcales	Cellulomonadaceae	Cellulomonas	Unclassified	0.997143918
4730b7e7fa4384c631cd3e7756774126	Bacteria	Actinobacteriota	Actinobacteria	Micrococcales	Cellulomonadaceae	Cellulomonas	Unclassified	0.977047777
2512c7942be6e8418598596352a6f18e	Bacteria	Actinobacteriota	Actinobacteria	Micrococcales	Cellulomonadaceae	Cellulomonas	Unclassified	0.921515034
3e58bb8e8803a90a7d4715c5361ffbab	Bacteria	Actinobacteriota	Actinobacteria	Micrococcales	Cellulomonadaceae	Cellulomonas	Unclassified	0.991372149
a2feed9ef4627ae2afc193311c4ad99c	Bacteria	Actinobacteriota	Actinobacteria	Micrococcales	Cellulomonadaceae	Oerskovia	Unclassified	0.980187967
70d5c81231a8f1db641f19dc7540e1ff	Bacteria	Actinobacteriota	Actinobacteria	Micrococcales	Cellulomonadaceae	Actinotalea	Unclassified	0.82958226
4e9bdb25e27e377230ca7c9820b1ec7c	Bacteria	Actinobacteriota	Actinobacteria	Micrococcales	Cellulomonadaceae	Unclassified	Unclassified	0.977954276
133dc35fd6c8c60d405b8f506b71039a	Bacteria	Actinobacteriota	Actinobacteria	Micrococcales	Promicromonosporaceae	Cellulosimicrobium	Unclassified	0.968930561
56bc44164f9a38970adb85e006e8ca9c	Bacteria	Actinobacteriota	Actinobacteria	Micrococcales	Promicromonosporaceae	Cellulosimicrobium	Unclassified	0.989347326
70763e34b371f50d7905165083fd50b2	Bacteria	Actinobacteriota	Actinobacteria	Micrococcales	Promicromonosporaceae	Isoptericola	Unclassified	0.980961505
5c06330d1310189f9caeaae967016e17	Bacteria	Actinobacteriota	Actinobacteria	Micrococcales	Cellulomonadaceae	Pseudactinotalea	uncultured_bacterium	0.802652178
c6ce3fc858981045134a7690936a2b8a	Bacteria	Actinobacteriota	Actinobacteria	Actinomycetales	Actinomycetaceae	Flaviflexus	Unclassified	0.994127847
c5c8c72e7dc96aecc4e3674af3c1b560	Bacteria	Actinobacteriota	Actinobacteria	Micrococcales	Micrococcaceae	Nesterenkonia	Unclassified	0.862403458
31b00d6f3df5f82ece898b846de4bfec	Bacteria	Actinobacteriota	Actinobacteria	Micrococcales	Micrococcaceae	Kocuria	Unclassified	0.976999256
e04516e38ae3183ba5c19004b019d820	Bacteria	Actinobacteriota	Actinobacteria	Micrococcales	Micrococcaceae	Kocuria	Unclassified	0.995034299
692cd536a2705ca7a9f71394774f6eac	Bacteria	Actinobacteriota	Actinobacteria	NA	NA	Unclassified	Unclassified	0.985987361
04a8069e0424cf537201b71fda24533e	Bacteria	NA	NA	NA	NA	Unclassified	Unclassified	0.99999958
f860faf49ff0066d94d9ffc4e94c536b	Bacteria	Actinobacteriota	Actinobacteria	Micrococcales	Micrococcaceae	Unclassified	Unclassified	0.856841113
00b4159314deb0a78f0d4a329438bbd2	Bacteria	Actinobacteriota	Actinobacteria	Micrococcales	Micrococcaceae	Nesterenkonia	Unclassified	0.844851009
e0a73b49b641759ed7f0f1139d8f6f41	Bacteria	Actinobacteriota	Actinobacteria	Micrococcales	Micrococcaceae	Unclassified	Unclassified	0.989039639
0497c9aca9fe2445d21273e37483784c	Bacteria	Actinobacteriota	Actinobacteria	Micrococcales	Micrococcaceae	Pseudarthrobacter	Unclassified	0.886206281
e137a6e9d0a06da77de210a4fa1814ea	Bacteria	Actinobacteriota	Actinobacteria	Micrococcales	Micrococcaceae	Pseudarthrobacter	Unclassified	0.84507992
1f2daace5e0687e997c73768634aa2d6	Bacteria	Actinobacteriota	Actinobacteria	Micrococcales	Micrococcaceae	Unclassified	Unclassified	0.987488441
2ff1652840b12aa928016c3a0951964a	Bacteria	Actinobacteriota	Actinobacteria	Micrococcales	Micrococcaceae	Unclassified	Unclassified	0.989016298
6f575f31462b60fe84191b109b96649d	Bacteria	Actinobacteriota	Actinobacteria	Micrococcales	Micrococcaceae	Pseudarthrobacter	Unclassified	0.769238599
52162d844019d6bbd8d60c13c8fa6b4a	Bacteria	Actinobacteriota	Actinobacteria	Micrococcales	Micrococcaceae	Unclassified	Unclassified	0.993895926
3756f76aa4f598d624a472c767f395ed	Bacteria	Actinobacteriota	Actinobacteria	Micrococcales	Micrococcaceae	Paenarthrobacter	Unclassified	0.865547982
2a335325af8a1c60c6f14073734ba47d	Bacteria	Actinobacteriota	Actinobacteria	Micrococcales	Micrococcaceae	Unclassified	Unclassified	0.951565844
94c0255e5c62b1bfd35e44795c9f6f41	Bacteria	Actinobacteriota	Actinobacteria	Micrococcales	Micrococcaceae	Arthrobacter	Unclassified	0.986236972
8950c0173acc64f3c87aca2a40b84e63	Bacteria	Actinobacteriota	Actinobacteria	Micrococcales	Micrococcaceae	Arthrobacter	Unclassified	0.958109538
f9b3f62fc5e4b4cd7c536b5b9e93580d	Bacteria	Actinobacteriota	Actinobacteria	Micrococcales	Micrococcaceae	Arthrobacter	Unclassified	0.986988863
9206582e7bab04fb3809b941f2db1198	Bacteria	Actinobacteriota	Actinobacteria	Micrococcales	Micrococcaceae	Pseudarthrobacter	Arthrobacter_pascens	0.818843639
a1991de3cb8fd6bd1c4ca8d6d3a1a8df	Bacteria	Actinobacteriota	Actinobacteria	Micrococcales	Micrococcaceae	Unclassified	Unclassified	0.992378489
49d6692c8b6b14e7024df4dda7429ab8	Bacteria	Actinobacteriota	Actinobacteria	Micrococcales	Micrococcaceae	Pseudarthrobacter	Unclassified	0.870567555
a74a3fabf435bee73d036233c417a994	Bacteria	Actinobacteriota	Actinobacteria	Micrococcales	Micrococcaceae	Unclassified	Unclassified	0.976891124
8a35ab4d55214fac5248e66cae70894f	Bacteria	Actinobacteriota	Actinobacteria	Micrococcales	Micrococcaceae	Unclassified	Unclassified	0.994553789
fc89eb4b2961aeaf889f46005b052dc3	Bacteria	Actinobacteriota	Actinobacteria	Micrococcales	Micrococcaceae	Paenarthrobacter	Unclassified	0.738237241
4db70215f3210b506649a29cd06c7843	Bacteria	Actinobacteriota	Actinobacteria	Micrococcales	Micrococcaceae	Pseudarthrobacter	Unclassified	0.884866224
53f1444579f29291c770c1498482833b	Bacteria	Actinobacteriota	Actinobacteria	Micrococcales	Micrococcaceae	Unclassified	Unclassified	0.931513487
4001ec781fcfb85cf15164d7ffb8a1b8	Bacteria	Actinobacteriota	Actinobacteria	Micrococcales	Micrococcaceae	Arthrobacter	Unclassified	0.878935256
0536d9661c5865d1c764be7c1e4694b8	Bacteria	Actinobacteriota	Actinobacteria	Micrococcales	Micrococcaceae	Arthrobacter	Arthrobacter_crystallopoietes	0.741268675
b3716cf38aa4f9719729f89519f88133	Bacteria	Actinobacteriota	Actinobacteria	Micrococcales	Micrococcaceae	Arthrobacter	Unclassified	0.880148016
179a0dfc13916c2cf077811532ebf206	Bacteria	Actinobacteriota	Actinobacteria	Micrococcales	Micrococcaceae	Arthrobacter	Unclassified	0.736140729
0faa1fd53424cd4d44ecf26add2cd055	Bacteria	Actinobacteriota	Actinobacteria	Micrococcales	Micrococcaceae	Unclassified	Unclassified	0.998642329
cc804947edfeb2d3d9fa73c86f69472c	Bacteria	Actinobacteriota	Actinobacteria	Micrococcales	Micrococcaceae	Arthrobacter	Unclassified	0.768667004
54e0ce8a624062f7eb83a929df9d6c74	Bacteria	Actinobacteriota	Actinobacteria	Micrococcales	Micrococcaceae	Unclassified	Unclassified	0.997383138
8f918d2b4647adea709750f4b91a41f0	Bacteria	Actinobacteriota	Actinobacteria	Micrococcales	Micrococcaceae	Pseudarthrobacter	Unclassified	0.810187115
76a84b73db8b9e7fb347c9be4a8a4706	Bacteria	Actinobacteriota	Actinobacteria	Micrococcales	Micrococcaceae	Arthrobacter	Arthrobacter_globiformis	0.725721208
016c63ccc38471fc5748137a4841e76c	Bacteria	Actinobacteriota	Actinobacteria	Micrococcales	Micrococcaceae	Arthrobacter	Unclassified	0.876854945
ea59fd318911259ee2b830f9ccf2176b	Bacteria	Actinobacteriota	Actinobacteria	Micrococcales	Micrococcaceae	Nesterenkonia	Unclassified	0.954395538
daaef1ffac7dc0a36df9ec0486bf03d5	Bacteria	Actinobacteriota	Actinobacteria	Micrococcales	Micrococcaceae	Nesterenkonia	Unclassified	0.872069519
50de5aac986a613e5181d53e7d0743f8	Bacteria	Actinobacteriota	Actinobacteria	Micrococcales	Micrococcaceae	Nesterenkonia	Unclassified	0.943917567
542503406cb33d08a42ad58a36743256	Bacteria	Actinobacteriota	Actinobacteria	Micrococcales	Micrococcaceae	Nesterenkonia	Unclassified	0.963405188
0ee8d196e713584c454db9f69d94fe6b	Bacteria	Actinobacteriota	Actinobacteria	Micrococcales	Micrococcaceae	Nesterenkonia	Unclassified	0.969712617
d9e321d1cb45b80045f73095d1854a1a	Bacteria	Actinobacteriota	Actinobacteria	Micrococcales	Micrococcaceae	Unclassified	Unclassified	0.990922737
0fe73a53af0f99c8e5f37733427d4711	Bacteria	Actinobacteriota	Actinobacteria	Micrococcales	Micrococcaceae	Unclassified	Unclassified	0.951884686
5bbcb388bb0830183a7b21cc8cf90746	Bacteria	Actinobacteriota	Actinobacteria	Micrococcales	Micrococcaceae	Unclassified	Unclassified	0.994648022
435096d0e5424cbeb44ec886f04a0940	Bacteria	Actinobacteriota	Actinobacteria	Micrococcales	Micrococcaceae	Arthrobacter	Unclassified	0.884676503
513ba4288a253c7a008cd8bd61c0ac8f	Bacteria	Actinobacteriota	Actinobacteria	Micrococcales	Micrococcaceae	Arthrobacter	Unclassified	0.858100571
a7ad3bd45386079c24ab29fbdefcf875	Bacteria	Actinobacteriota	Actinobacteria	Micrococcales	Micrococcaceae	Arthrobacter	Unclassified	0.772384004
adec61dd0c1d2cc5bc956823cda13fb9	Bacteria	Actinobacteriota	Actinobacteria	Micrococcales	Micrococcaceae	Paeniglutamicibacter	Unclassified	0.949975206
9ec31b8c161b4fbe3f4bd6d57bc07c50	Bacteria	Actinobacteriota	Actinobacteria	Micrococcales	Micrococcaceae	Glutamicibacter	Unclassified	0.976938914
0956f1b96f4448319a8ff1b95cc7fb02	Bacteria	Actinobacteriota	Actinobacteria	Micrococcales	Micrococcaceae	Glutamicibacter	Unclassified	0.985979273
bf0b9e580791a6131413e69cf8096055	Bacteria	Actinobacteriota	Actinobacteria	Micrococcales	Micrococcaceae	Glutamicibacter	Unclassified	0.984007013
d3af4451da2c41fe600345803d6faee8	Bacteria	Actinobacteriota	Actinobacteria	Micrococcales	Micrococcaceae	Paeniglutamicibacter	Unclassified	0.965520111
63b89d6e789d566dd1ccc0b9b23a3b7f	Bacteria	Actinobacteriota	Actinobacteria	Micrococcales	Micrococcaceae	Glutamicibacter	Unclassified	0.96067957
4674f6318b9358c2d286d551407addcf	Bacteria	Actinobacteriota	Actinobacteria	Micrococcales	Micrococcaceae	Kocuria	Kocuria_sediminis	0.799568303
63f11a758415751a98448bea304b2e99	Bacteria	Actinobacteriota	Actinobacteria	Micrococcales	Micrococcaceae	Kocuria	Unclassified	0.99014187
84deee4fe42aecd9bd7038131f3d4ed7	Bacteria	Actinobacteriota	Actinobacteria	Micrococcales	Dermabacteraceae	Brachybacterium	Unclassified	0.987142397
42336e910317c21840071c93b431889e	Bacteria	Myxococcota	Polyangia	Polyangiales	BIrii41	BIrii41	Unclassified	0.977385415
8ea1a86d51e0a5f75ee273ecaa73278d	Bacteria	Actinobacteriota	Actinobacteria	Micrococcales	Micrococcaceae	Unclassified	Unclassified	0.980093252
84d673f90acc4dd3d8d5d404c1ff524e	Bacteria	Actinobacteriota	Actinobacteria	Micrococcales	Micrococcaceae	Unclassified	Unclassified	0.984375417
d3a1f2b980143f224be4a967e607b3cf	Bacteria	Actinobacteriota	Acidimicrobiia	Microtrichales	NA	Unclassified	Unclassified	0.837367831
be8a8f4f11a0f740daf17a8a69003721	Bacteria	Actinobacteriota	Acidimicrobiia	Microtrichales	NA	Unclassified	Unclassified	0.818979514
b08f48e834e8059c9c3d62cb9e66df7b	Bacteria	Proteobacteria	Gammaproteobacteria	Pseudomonadales	Moraxellaceae	Acinetobacter	Unclassified	0.999232522
55a454c3730802e4c3ef325b50e3f92f	Bacteria	Actinobacteriota	Actinobacteria	Micrococcales	NA	Unclassified	Unclassified	0.997184755
734e418ef7618c6b83b430b98edb101a	Bacteria	Actinobacteriota	Actinobacteria	Micrococcales	Beutenbergiaceae	Unclassified	Unclassified	0.99133711
ab7e5b2fefae4fdae8767e107d1ca6a6	Bacteria	Actinobacteriota	Acidimicrobiia	Microtrichales	Ilumatobacteraceae	Unclassified	metagenome	0.933736621
1fd72341d1a495c3311edf9529f4490c	Bacteria	Actinobacteriota	Actinobacteria	Micrococcales	Microbacteriaceae	Curtobacterium	Unclassified	0.999407763
3e5be4bec7f88509a865a010e4cfdfe1	Bacteria	Actinobacteriota	Actinobacteria	Micrococcales	Microbacteriaceae	Unclassified	Unclassified	0.999044974
8e45bb45bf1c7681add84b519fc6fea7	Bacteria	Actinobacteriota	Actinobacteria	Micrococcales	Microbacteriaceae	Unclassified	Unclassified	0.999286595
47e34806a94a725a142308522dff81b2	Bacteria	Actinobacteriota	Actinobacteria	Micrococcales	Microbacteriaceae	Unclassified	Unclassified	0.998302354
36b2c7a33d37dc18cb1803028bda30f2	Bacteria	Actinobacteriota	Actinobacteria	Micrococcales	Microbacteriaceae	Unclassified	Unclassified	0.998848824
e4a8b9f5f3bbccec4f784b1edd81da63	Bacteria	Actinobacteriota	Actinobacteria	Micrococcales	Microbacteriaceae	Unclassified	Unclassified	0.997091149
3c105323c06756d5e10fa1ba74f746f4	Bacteria	Actinobacteriota	Actinobacteria	Micrococcales	Microbacteriaceae	Unclassified	Unclassified	0.996849166
1e1ae6e37e6acb7dba175405b65d5f60	Bacteria	Actinobacteriota	Actinobacteria	Micrococcales	Microbacteriaceae	Pseudoclavibacter	Unclassified	0.98203153
8320bfcb293ec1252aa351a83eb4f829	Bacteria	Actinobacteriota	Actinobacteria	Micrococcales	Intrasporangiaceae	Janibacter	Unclassified	0.715892693
27f829849cd016fb1448d734703de7ae	Bacteria	Actinobacteriota	Actinobacteria	Micrococcales	Intrasporangiaceae	Janibacter	Unclassified	0.728717191
88ebec99095af9fb864fc572449bb43e	Bacteria	Actinobacteriota	Actinobacteria	Micrococcales	Intrasporangiaceae	Unclassified	Unclassified	0.958577956
66bcd61293f0e068431ea34d487b201c	Bacteria	Actinobacteriota	Actinobacteria	Kineosporiales	Kineosporiaceae	Pseudokineococcus	Unclassified	0.997945355
41f7ff49c1a9141870e4182d9c158643	Bacteria	Actinobacteriota	Actinobacteria	Propionibacteriales	Nocardioidaceae	Aeromicrobium	uncultured_bacterium	0.896201394
91742679e5723ee7ec4cf896a348d0f8	Bacteria	Actinobacteriota	Thermoleophilia	Gaiellales	uncultured	Unclassified	uncultured_microorganism	0.805476439
585486e819be43a232e4f7d54a05dc3b	Bacteria	Actinobacteriota	Actinobacteria	Propionibacteriales	Nocardioidaceae	Aeromicrobium	uncultured_bacterium	0.808910774
3732627f77669744073133263770a495	Bacteria	Actinobacteriota	Actinobacteria	Propionibacteriales	Nocardioidaceae	Aeromicrobium	Unclassified	0.989926621
c5862932dde72d06697afc2446a6a9ae	Bacteria	Actinobacteriota	Actinobacteria	Propionibacteriales	Nocardioidaceae	Aeromicrobium	Unclassified	0.994744626
969c7a37d102962da8114ef6e28f708d	Bacteria	Actinobacteriota	Actinobacteria	Propionibacteriales	Nocardioidaceae	Aeromicrobium	Unclassified	0.98519717
022720ddd48befc9949a78430be3a22a	Bacteria	Actinobacteriota	Actinobacteria	Propionibacteriales	Nocardioidaceae	Aeromicrobium	Unclassified	0.917522675
02f91ab42e431a6e27d426a7504a62e8	Bacteria	Actinobacteriota	Actinobacteria	Propionibacteriales	Nocardioidaceae	Aeromicrobium	Unclassified	0.891844487
991289d326e2266360901f7357a2b808	Bacteria	Actinobacteriota	Actinobacteria	Propionibacteriales	Nocardioidaceae	Aeromicrobium	Unclassified	0.932559635
b222080ece1d3010ee411bf74ed991e2	Bacteria	Actinobacteriota	Actinobacteria	Propionibacteriales	Nocardioidaceae	Aeromicrobium	Unclassified	0.944476297
06e1adbe837e9229c740e77bed3c0ba9	Bacteria	Actinobacteriota	Actinobacteria	Propionibacteriales	Nocardioidaceae	Unclassified	Unclassified	0.998829542
c29e9ff70f818d6a2041af56b86d63b9	Bacteria	Actinobacteriota	Actinobacteria	Propionibacteriales	Nocardioidaceae	Aeromicrobium	Unclassified	0.895119848
709ce542c31e511cddeac4347e798b6a	Bacteria	Actinobacteriota	Actinobacteria	Propionibacteriales	Nocardioidaceae	Aeromicrobium	Unclassified	0.985133628
3cd97e91136a149728a09f7321d07dea	Bacteria	Chloroflexi	Anaerolineae	Ardenticatenales	Ardenticatenaceae	Unclassified	Unclassified	0.931594561
ad9e52fce61fa60b328cac17e7fe5734	Bacteria	Actinobacteriota	Actinobacteria	Streptosporangiales	Nocardiopsaceae	Nocardiopsis	Unclassified	0.998502027
4933e9f40ee9984fb3a24e82d5671402	Bacteria	Actinobacteriota	Actinobacteria	Propionibacteriales	Nocardioidaceae	Aeromicrobium	uncultured_bacterium	0.797023913
04f302cab4b2e9ea8f29c3d4d2a1dc0f	Bacteria	Actinobacteriota	Actinobacteria	Propionibacteriales	Nocardioidaceae	Aeromicrobium	uncultured_bacterium	0.958796362
8009a2ac2b5946c5a81240199de9b069	Bacteria	Actinobacteriota	Actinobacteria	Propionibacteriales	Nocardioidaceae	Aeromicrobium	uncultured_bacterium	0.865828859
17fc80eeb530290521843f46e9502f85	Bacteria	Actinobacteriota	Actinobacteria	Propionibacteriales	Nocardioidaceae	Aeromicrobium	uncultured_bacterium	0.72814752
27a32db947aab74f69f54e91ab6e184e	Bacteria	Actinobacteriota	Actinobacteria	Propionibacteriales	Nocardioidaceae	Aeromicrobium	Unclassified	0.844109756
54fb26c2e283ba1ce2543e5bafb74f3a	Bacteria	Actinobacteriota	Actinobacteria	Streptosporangiales	Nocardiopsaceae	Nocardiopsis	Unclassified	0.994524805
cdbc9805c66234c91acb5388c5ada2fc	Bacteria	Actinobacteriota	Actinobacteria	Streptosporangiales	Nocardiopsaceae	Nocardiopsis	Unclassified	0.999488533
94b23074e6e831447d797e83109c12e5	Bacteria	Actinobacteriota	Actinobacteria	Kineosporiales	Kineosporiaceae	Quadrisphaera	Unclassified	0.984593395
da00d5f1429f66a0708bfb2ecaee3bbe	Bacteria	Actinobacteriota	Actinobacteria	Kineosporiales	Kineosporiaceae	Quadrisphaera	uncultured_actinobacterium	0.767821073
22f10ac0f32617dd92a1d780bfa4f456	Bacteria	Actinobacteriota	Actinobacteria	Micrococcales	Intrasporangiaceae	Intrasporangium	Unclassified	0.783434538
ce49d602f26f45a1267cc3091c61cb36	Bacteria	Actinobacteriota	Actinobacteria	Micrococcales	Intrasporangiaceae	Intrasporangium	Unclassified	0.964087737
8d58602f96a89459f2b739b250d9d873	Bacteria	Actinobacteriota	Actinobacteria	Kineosporiales	Kineosporiaceae	Kineosporia	Unclassified	0.703719556
9fd3c6fd464f4ea6968505693ac35bcd	Bacteria	Actinobacteriota	Actinobacteria	Kineosporiales	Kineosporiaceae	Quadrisphaera	Unclassified	0.99045222
cf57b758d468f20222702f129f3594ee	Bacteria	Actinobacteriota	Actinobacteria	Kineosporiales	Kineosporiaceae	Quadrisphaera	uncultured_Kineococcus	0.773131735
0be11492f328e745f91accfff19876f1	Bacteria	Actinobacteriota	Actinobacteria	Kineosporiales	Kineosporiaceae	Quadrisphaera	Unclassified	0.976644909
eae3addea03e9bb8203f35616bcd75f0	Bacteria	Actinobacteriota	Actinobacteria	Kineosporiales	Kineosporiaceae	Quadrisphaera	Unclassified	0.992694353
b73ebbc1195ee875f86f720ee8c8e595	Bacteria	Actinobacteriota	Actinobacteria	Micrococcales	Intrasporangiaceae	Aquipuribacter	uncultured_bacterium	0.892188579
aedc14e289127deedb9974cfdbdb228d	Bacteria	Actinobacteriota	Actinobacteria	Kineosporiales	Kineosporiaceae	Unclassified	Unclassified	0.998757603
b02b7de5315fff6889ef1aa5e2534766	Bacteria	Actinobacteriota	Actinobacteria	Kineosporiales	Kineosporiaceae	Unclassified	uncultured_bacterium	0.716355784
7ee17d6702e6cd89a993fed16dfbdfde	Bacteria	Actinobacteriota	Actinobacteria	NA	NA	Unclassified	Unclassified	0.99995538
3f38d5c231512a44d2ae1e5576ae362a	Bacteria	Actinobacteriota	Actinobacteria	Propionibacteriales	Nocardioidaceae	Kribbella	Unclassified	0.997306476
ad96574fc654644eee2af75a7608ffcb	Bacteria	Actinobacteriota	Actinobacteria	Kineosporiales	Kineosporiaceae	Kineococcus	Unclassified	0.999542837
223acc75eb63c10d8b1f770c11da9dc2	Bacteria	Actinobacteriota	Actinobacteria	Kineosporiales	Kineosporiaceae	Kineococcus	Unclassified	0.99936404
88c72d6d0541500222c394b2dff00f98	Bacteria	Actinobacteriota	Actinobacteria	Kineosporiales	Kineosporiaceae	Kineococcus	Unclassified	0.999588711
567d0a491b55da8cf8654feb4a826cd3	Bacteria	Actinobacteriota	Actinobacteria	Kineosporiales	Kineosporiaceae	Kineosporia	Unclassified	0.899826206
66bce3b083be73c7a9e463231950a96e	Bacteria	Actinobacteriota	Actinobacteria	Propionibacteriales	Nocardioidaceae	Aeromicrobium	Unclassified	0.993715908
dfe7e7b8658203aa733abe8b0065a2cf	Bacteria	Actinobacteriota	Actinobacteria	Propionibacteriales	Nocardioidaceae	Aeromicrobium	Unclassified	0.99157037
fcc44384377ea35c4d14f3aad116d194	Bacteria	Actinobacteriota	Actinobacteria	Frankiales	Frankiaceae	Jatrophihabitans	Frankiales_bacterium	0.905866028
8d2d3453ecb251fce6badb08989ab8a2	Bacteria	Actinobacteriota	MB-A2-108	MB-A2-108	MB-A2-108	MB-A2-108	Unclassified	0.999985012
a1fceb8264d16a91a567777eef95455d	Bacteria	Spirochaetota	Leptospirae	Leptospirales	Leptospiraceae	Turneriella	Turneriella_parva	0.760499477
688b0debda50fadb267449dfe436dcd8	Bacteria	Actinobacteriota	NA	NA	NA	Unclassified	Unclassified	0.97952237
9813e693a73956951db6d263b8bf9df8	Bacteria	Bacteroidota	Bacteroidia	Sphingobacteriales	KD3-93	KD3-93	metagenome	0.978224293
45caa73c9a1127750df7c54ee6541791	Bacteria	Bacteroidota	Rhodothermia	Rhodothermales	Rhodothermaceae	Unclassified	uncultured_Bacteroidetes	0.77987668
82ad2207dd60dfeafc5b636516e4d9c9	Bacteria	NA	NA	NA	NA	Unclassified	Unclassified	0.99999986
65016ed66ba845b789145d338b2cb990	Bacteria	Actinobacteriota	Actinobacteria	Micrococcales	Microbacteriaceae	Microbacterium	Unclassified	0.842305446
fc90920b8797d510d9d27d90809f5f37	Bacteria	NA	NA	NA	NA	Unclassified	Unclassified	0.999999922
e86d59a4f49581d89ef00448150d3fdc	Bacteria	NA	NA	NA	NA	Unclassified	Unclassified	0.999975387
8f88f3e580128fb207630ef7c31dfbb2	Bacteria	Proteobacteria	Alphaproteobacteria	Rickettsiales	Mitochondria	Mitochondria	Unclassified	0.99897807
98bdfb1bf875bd9a68310590b624cd14	Bacteria	Proteobacteria	NA	NA	NA	Unclassified	Unclassified	0.930336677
c98f850c14f32ace0def0586d57fed84	Bacteria	Proteobacteria	Gammaproteobacteria	Burkholderiales	Comamonadaceae	Unclassified	Unclassified	0.99272657
e8865a2b2d4701b05dad552f4cfb6eb1	Bacteria	Verrucomicrobiota	Chlamydiae	Chlamydiales	cvE6	cvE6	uncultured_bacterium	0.748117909
a408605ae1506c5c88d4751f064537a3	Bacteria	Proteobacteria	Gammaproteobacteria	Gammaproteobacteria_Incertae_Sedis	Unknown_Family	Candidatus_Ovatusbacter	uncultured_bacterium	0.769441441
ae2da013701b003ecf2db8574dbfb776	Bacteria	Proteobacteria	Gammaproteobacteria	Gammaproteobacteria_Incertae_Sedis	Unknown_Family	Candidatus_Ovatusbacter	uncultured_bacterium	0.95907822
c9642d65c1361932a36d9074d9e8f510	Bacteria	Proteobacteria	Gammaproteobacteria	Gammaproteobacteria_Incertae_Sedis	Unknown_Family	Candidatus_Ovatusbacter	uncultured_bacterium	0.907033862
220445d1673ab0cef4126c2ce75e8fac	Bacteria	Proteobacteria	Gammaproteobacteria	Gammaproteobacteria_Incertae_Sedis	Unknown_Family	Candidatus_Ovatusbacter	uncultured_bacterium	0.915457346
bab44e68dde4f32893f2dbee37c1d33f	Bacteria	Proteobacteria	Gammaproteobacteria	Gammaproteobacteria_Incertae_Sedis	Unknown_Family	Candidatus_Ovatusbacter	uncultured_bacterium	0.949742184
73659bc029b63d8565ec0b4bbe3a7292	Bacteria	Proteobacteria	Gammaproteobacteria	Gammaproteobacteria_Incertae_Sedis	Unknown_Family	Candidatus_Ovatusbacter	uncultured_bacterium	0.971581845
44103bfd0190ec144dc19430a5c54f7a	Bacteria	Proteobacteria	Gammaproteobacteria	Gammaproteobacteria_Incertae_Sedis	Unknown_Family	Candidatus_Ovatusbacter	uncultured_bacterium	0.87781628
444d51010edbd25cc97d72bd6197de8f	Bacteria	Bdellovibrionota	Bdellovibrionia	Bacteriovoracales	Bacteriovoracaceae	Peredibacter	Unclassified	0.946364522
1d70fad4173ec3e2589d9784c0e6f958	Bacteria	Proteobacteria	Gammaproteobacteria	Gammaproteobacteria_Incertae_Sedis	Unknown_Family	Candidatus_Berkiella	Ectothiorhodospira_sp.	0.737238419
99c97fefb4cabe4b27f1617dcba73949	Bacteria	Proteobacteria	Gammaproteobacteria	Gammaproteobacteria_Incertae_Sedis	Unknown_Family	Candidatus_Berkiella	Ectothiorhodospira_sp.	0.94356719
e7d61903f76017534ad9d2a951fa2ffd	Bacteria	Proteobacteria	Gammaproteobacteria	Gammaproteobacteria_Incertae_Sedis	Unknown_Family	Candidatus_Berkiella	Ectothiorhodospira_sp.	0.918028539
fbe1fa8fa052686333e6ad87f4b96553	Bacteria	Proteobacteria	Gammaproteobacteria	Gammaproteobacteria_Incertae_Sedis	Unknown_Family	Candidatus_Berkiella	Ectothiorhodospira_sp.	0.91226361
e7c76d405f40545cedf402469a5f3559	Bacteria	Proteobacteria	Gammaproteobacteria	EV818SWSAP88	EV818SWSAP88	EV818SWSAP88	metagenome	0.859115523
c45f0406a431f12a47a7bf02a5f84e04	Bacteria	Proteobacteria	Gammaproteobacteria	EV818SWSAP88	EV818SWSAP88	EV818SWSAP88	metagenome	0.873422326
dcd71438afc41fb47e577b8c37078c4f	Bacteria	Proteobacteria	Gammaproteobacteria	Diplorickettsiales	Diplorickettsiaceae	Unclassified	Unclassified	0.711008261
6dcfc105e735c86d0c1e86f603b8629d	Bacteria	Proteobacteria	Gammaproteobacteria	Gammaproteobacteria_Incertae_Sedis	Unknown_Family	Candidatus_Ovatusbacter	uncultured_Methylococcaceae	0.988213316
19e8a53991f13608dc35b9130d8e5990	Bacteria	Myxococcota	Polyangia	mle1-27	mle1-27	mle1-27	Unclassified	0.999616538
dbf604b9170fa5746d0a7961f625c358	Bacteria	Myxococcota	Polyangia	mle1-27	mle1-27	mle1-27	Unclassified	0.998977668
5be54ccfa0e29e775827b6c76092491d	Bacteria	Myxococcota	Polyangia	mle1-27	mle1-27	mle1-27	uncultured_delta	0.900443556
87d0de0a68abb48d96fb49e101238a0d	Bacteria	Bacteroidota	Bacteroidia	Cytophagales	Spirosomaceae	Dyadobacter	Unclassified	0.999995789
02a6926198a1a59ac814634d0edabd20	Bacteria	Bacteroidota	Bacteroidia	Cytophagales	Spirosomaceae	Dyadobacter	Dyadobacter_fermentans	0.958406229
b09505009cac798c331b1c7e2bb1c753	Bacteria	Proteobacteria	Gammaproteobacteria	Gammaproteobacteria_Incertae_Sedis	Unknown_Family	Candidatus_Ovatusbacter	uncultured_bacterium	0.968489925
7d5822c7e400e30bfb84eb3cd73283b7	Bacteria	Proteobacteria	Gammaproteobacteria	Gammaproteobacteria_Incertae_Sedis	Unknown_Family	Candidatus_Ovatusbacter	uncultured_bacterium	0.930874011
7422921f3671863d81507e62c43ea865	Bacteria	Firmicutes	Bacilli	Lactobacillales	Lactobacillaceae	Lactobacillus	Unclassified	0.995999229
d016b96d1cb648e1564b209277e392b7	Bacteria	Myxococcota	Polyangia	Polyangiales	Eel-36e1D6	Eel-36e1D6	uncultured_bacterium	0.941573181
403cf8d9ead438fc1ef9308eae2e88f6	Bacteria	Myxococcota	Polyangia	mle1-27	mle1-27	mle1-27	uncultured_delta	0.845487253
5f99b2f40052de6daa0b392eaa33b16b	Bacteria	NA	NA	NA	NA	Unclassified	Unclassified	0.99999946
22d0d4c812561b7920266cc4cd819d4a	Bacteria	Proteobacteria	Gammaproteobacteria	Diplorickettsiales	Diplorickettsiaceae	Unclassified	Unclassified	0.702268755
385c380d98e4006b56d8662c90dd8e74	Bacteria	Firmicutes	Clostridia	Oscillospirales	Ruminococcaceae	Unclassified	Unclassified	0.84344503
5b571d3584e6772376e6650261b38a82	Bacteria	Bdellovibrionota	Oligoflexia	0319-6G20	0319-6G20	0319-6G20	Unclassified	0.931243635
5af15503879b74113ba216ebcf8299c9	Bacteria	Proteobacteria	Alphaproteobacteria	Rhizobiales	Hyphomicrobiaceae	Pedomicrobium	Unclassified	0.850366186
b20aac68ed3ebfe8ebb28446b9802610	Bacteria	Actinobacteriota	Actinobacteria	Glycomycetales	Glycomycetaceae	Glycomyces	Unclassified	0.999972265
6e6a64e759bd01c26d0e3ec87788b36c	Bacteria	Actinobacteriota	Thermoleophilia	Gaiellales	uncultured	Unclassified	metagenome	0.91766994
049f2eaa9a833a51cadb4027dcb440a2	Bacteria	Proteobacteria	Alphaproteobacteria	Rhizobiales	Rhizobiaceae	Unclassified	Unclassified	0.977280177
7ab4622e6016a3c1e643d7f7ea46943d	Bacteria	Actinobacteriota	Actinobacteria	Glycomycetales	Glycomycetaceae	Glycomyces	Unclassified	0.999964056
683cb136037e9043fda2442624b42484	Bacteria	Bacteroidota	Bacteroidia	NA	NA	Unclassified	Unclassified	0.966300138
db2e0aa9b4cf55f6f9755444682f951d	Bacteria	Bacteroidota	Bacteroidia	NA	NA	Unclassified	Unclassified	0.996076002
7d107a5fc117ec886c4eed30a26f6e4b	Bacteria	Proteobacteria	Gammaproteobacteria	Gammaproteobacteria_Incertae_Sedis	Unknown_Family	Unknown_Family	uncultured_bacterium	0.933109318
21ab364ae7e92d8d6553d2a6d6c12e7f	Bacteria	Proteobacteria	Gammaproteobacteria	Gammaproteobacteria_Incertae_Sedis	Unknown_Family	Unknown_Family	metagenome	0.761559758
6380ee792c7768339c775c7a615e69ff	Bacteria	NA	NA	NA	NA	Unclassified	Unclassified	0.999999733
723ae4826361af016b90e39b8c4295c2	Bacteria	Proteobacteria	Alphaproteobacteria	Rickettsiales	Mitochondria	Mitochondria	Andalucia_godoyi	0.833478828
5087190a797bb8fa62a9de589f747f9a	Bacteria	NA	NA	NA	NA	Unclassified	Unclassified	0.999999978
b43d5b8ed9860d9ae7d7d93575f50298	Bacteria	Proteobacteria	Gammaproteobacteria	Diplorickettsiales	Diplorickettsiaceae	Unclassified	Unclassified	0.883920385
ccb2dfe7314ef30f5bcb08784dbde31d	Bacteria	Chloroflexi	Ktedonobacteria	C0119	C0119	C0119	uncultured_bacterium	0.719791515
d2c98526ac4884df542ae6eb61127735	Bacteria	NA	NA	NA	NA	Unclassified	Unclassified	0.999999908
766760012b71cd5e64d6d6f19d1f09ef	Bacteria	Chloroflexi	Ktedonobacteria	C0119	C0119	C0119	Unclassified	0.808724552
02b147d3ec11edd94ddd492d6cd5e73c	Bacteria	Verrucomicrobiota	Verrucomicrobiae	Chthoniobacterales	01D2Z36	01D2Z36	Unclassified	0.999998081
562be454326c5d1e0d50ec45b382f107	Bacteria	Verrucomicrobiota	Verrucomicrobiae	Chthoniobacterales	01D2Z36	01D2Z36	metagenome	0.839359197
d2dffb225ca689d5b2d070f1aa5274f5	Bacteria	Chloroflexi	Ktedonobacteria	Ktedonobacterales	JG30-KF-AS9	JG30-KF-AS9	uncultured_bacterium	0.997657795
1b338e983213806e42a62a6f2588368c	Bacteria	Firmicutes	Limnochordia	Limnochordales	Limnochordaceae	Limnochordaceae	uncultured_compost	0.945143071
13221aae3bbea10ee4fe85f992ae2051	Bacteria	Firmicutes	Symbiobacteriia	Symbiobacteriales	Symbiobacteraceae	Unclassified	uncultured_bacterium	0.888297214
693bbcb45ee54240ec430d7f39ce4a0a	Bacteria	Actinobacteriota	MB-A2-108	MB-A2-108	MB-A2-108	MB-A2-108	uncultured_bacterium	0.9829305
662b0710c72073eac156795bef29daa1	Bacteria	Chloroflexi	Ktedonobacteria	Ktedonobacterales	JG30-KF-AS9	JG30-KF-AS9	uncultured_bacterium	0.999933277
98b9aa256f8981ab9490f50fa34cccf2	Bacteria	Actinobacteriota	Actinobacteria	0319-7L14	0319-7L14	0319-7L14	uncultured_bacterium	0.803323781
f6f26c08cba715982718ff47e079311b	Bacteria	Actinobacteriota	Actinobacteria	0319-7L14	0319-7L14	0319-7L14	uncultured_actinobacterium	0.817137267
2e4da878677f32dd5d84102e050eb4c5	Bacteria	Actinobacteriota	Actinobacteria	0319-7L14	0319-7L14	0319-7L14	Unclassified	0.999811698
5d94dac7ef6abb45326bd82196d4938d	Bacteria	Actinobacteriota	Actinobacteria	0319-7L14	0319-7L14	0319-7L14	uncultured_actinobacterium	0.908783291
bc040cb090ccdcbfa0872c7850533ea8	Bacteria	Actinobacteriota	Actinobacteria	0319-7L14	0319-7L14	0319-7L14	uncultured_actinobacterium	0.820749339
c0430d02a3d9adc36366066f09f002c9	Bacteria	Actinobacteriota	Actinobacteria	0319-7L14	0319-7L14	0319-7L14	Unclassified	0.999848857
890646fd3e8d722d23683b4feb9a6c47	Bacteria	Actinobacteriota	Actinobacteria	0319-7L14	0319-7L14	0319-7L14	uncultured_actinobacterium	0.707775097
a91fa79e5f584c1c3d45f0ee624f0798	Bacteria	Actinobacteriota	Actinobacteria	0319-7L14	0319-7L14	0319-7L14	uncultured_actinobacterium	0.924861302
a26f0f3e4933f9dae366eba99287d0bc	Bacteria	Latescibacterota	Latescibacterota	Latescibacterota	Latescibacterota	Latescibacterota	Unclassified	0.975424979
2ddd697b19c90663f34b952833128848	Bacteria	Verrucomicrobiota	Verrucomicrobiae	Pedosphaerales	Pedosphaeraceae	Pedosphaeraceae	Unclassified	0.910221511
97e8060993e667f255b4458a27202830	Bacteria	Verrucomicrobiota	Verrucomicrobiae	Pedosphaerales	Pedosphaeraceae	Pedosphaeraceae	Unclassified	0.86160283
2942563f45fe5781e22b2be860828a8b	Bacteria	Verrucomicrobiota	Verrucomicrobiae	Pedosphaerales	Pedosphaeraceae	Pedosphaeraceae	Unclassified	0.879191744
2861626f007ab75f97944d1c6a073173	Bacteria	Verrucomicrobiota	Verrucomicrobiae	Pedosphaerales	Pedosphaeraceae	Pedosphaeraceae	Unclassified	0.897094617
8fd63c5f224a70d7ed8e47544b35bdad	Bacteria	Verrucomicrobiota	Verrucomicrobiae	Pedosphaerales	Pedosphaeraceae	Pedosphaeraceae	Unclassified	0.886329402
24525a26a86f53d0be5ea1b7ce857d17	Bacteria	Verrucomicrobiota	Verrucomicrobiae	Pedosphaerales	Pedosphaeraceae	Pedosphaeraceae	Unclassified	0.858990609
90dbc634c81f9e7d8a3355bd35f6924b	Bacteria	Verrucomicrobiota	Verrucomicrobiae	Pedosphaerales	Pedosphaeraceae	Pedosphaeraceae	Unclassified	0.874618703
3eda3c69b4428df3e47c32950cba41bc	Bacteria	Verrucomicrobiota	Verrucomicrobiae	Pedosphaerales	Pedosphaeraceae	Pedosphaeraceae	Unclassified	0.896557534
5901729b96d7a7b11f76f72cae480251	Bacteria	Verrucomicrobiota	Verrucomicrobiae	Pedosphaerales	Pedosphaeraceae	Unclassified	Unclassified	0.981520869
054a43b11cd11b6b477b27ceae3394d1	Bacteria	Verrucomicrobiota	Verrucomicrobiae	Pedosphaerales	Pedosphaeraceae	Pedosphaeraceae	metagenome	0.72743752
43e28e3c8e97919972fb87679e197c06	Bacteria	Verrucomicrobiota	Verrucomicrobiae	Pedosphaerales	Pedosphaeraceae	Unclassified	Unclassified	0.950783997
96003b2864846df4edc8219a3e205629	Bacteria	Verrucomicrobiota	Verrucomicrobiae	Pedosphaerales	Pedosphaeraceae	Pedosphaeraceae	Unclassified	0.782639812
e95e0196a778f4ebfa8a80d688498c9c	Bacteria	Verrucomicrobiota	Verrucomicrobiae	Pedosphaerales	Pedosphaeraceae	Pedosphaeraceae	Unclassified	0.990628697
af4d00793de104f0a7dacb765f10e56a	Bacteria	Verrucomicrobiota	Verrucomicrobiae	Pedosphaerales	Pedosphaeraceae	Pedosphaeraceae	Unclassified	0.997264381
9d26ed04c9a0021de8be8c514a638024	Bacteria	Verrucomicrobiota	Verrucomicrobiae	Pedosphaerales	Pedosphaeraceae	Pedosphaeraceae	Unclassified	0.989378938
b3043fbda346cf6108853a8ccdc12e2e	Bacteria	Verrucomicrobiota	Verrucomicrobiae	Pedosphaerales	Pedosphaeraceae	Pedosphaeraceae	Unclassified	0.878987345
b95f9946546fc1046727158a63fa46c8	Bacteria	Verrucomicrobiota	Verrucomicrobiae	Pedosphaerales	Pedosphaeraceae	Pedosphaeraceae	Unclassified	0.984844002
676f65855733d103ef7f6470f948ec39	Bacteria	Verrucomicrobiota	Verrucomicrobiae	Pedosphaerales	Pedosphaeraceae	Pedosphaeraceae	Unclassified	0.99267921
25599bc5c812c13974bb2e93bb41697c	Bacteria	Proteobacteria	Gammaproteobacteria	Gammaproteobacteria_Incertae_Sedis	Unknown_Family	Unclassified	Unclassified	0.702795056
79337580300ec57722ad9f4f60fcdcb3	Bacteria	Verrucomicrobiota	Verrucomicrobiae	Pedosphaerales	Pedosphaeraceae	Pedosphaeraceae	Unclassified	0.990388989
6e358e82b9c9067480df5704772b41a2	Bacteria	Verrucomicrobiota	Kiritimatiellae	WCHB1-41	WCHB1-41	WCHB1-41	uncultured_Verrucomicrobia	0.795568683
7282cfd41187687dc3c8db4feb8da806	Bacteria	Verrucomicrobiota	Verrucomicrobiae	Pedosphaerales	Pedosphaeraceae	Pedosphaeraceae	Unclassified	0.996244209
13f61fabbe75e6969510e16308121af3	Bacteria	Verrucomicrobiota	Verrucomicrobiae	Pedosphaerales	Pedosphaeraceae	Pedosphaeraceae	Unclassified	0.997057749
8a3824a4b9e519e0d3400bfd1847178c	Bacteria	Planctomycetota	Pla4_lineage	Pla4_lineage	Pla4_lineage	Pla4_lineage	uncultured_bacterium	0.976989418
f9ffb161eed878b08735cded5a0b5f2c	Bacteria	Verrucomicrobiota	Verrucomicrobiae	Pedosphaerales	Pedosphaeraceae	Ellin517	uncultured_bacterium	0.791396245
d4e96d549419098c24470116f5f2b9ec	Bacteria	Cyanobacteria	Sericytochromatia	Sericytochromatia	Sericytochromatia	Sericytochromatia	Unclassified	0.999406771
3451f7368c63c147dc3e13e7b04d564d	Bacteria	Cyanobacteria	Sericytochromatia	Sericytochromatia	Sericytochromatia	Sericytochromatia	uncultured_bacterium	0.721495597
6ef78a145a0efe2b09cc5be9899a04f8	Bacteria	Cyanobacteria	Sericytochromatia	Sericytochromatia	Sericytochromatia	Sericytochromatia	uncultured_bacterium	0.946561989
a0322e71d31fe3fc025e3e77a8ee8115	Bacteria	Cyanobacteria	Sericytochromatia	Sericytochromatia	Sericytochromatia	Sericytochromatia	uncultured_bacterium	0.894495293
9b5346ba6450869bd2b401ddb9b9c4b5	Bacteria	Cyanobacteria	Sericytochromatia	Sericytochromatia	Sericytochromatia	Sericytochromatia	metagenome	0.899523135
281e9a32a488d3102eeb006e6a6db6fd	Bacteria	Cyanobacteria	Sericytochromatia	Sericytochromatia	Sericytochromatia	Sericytochromatia	Unclassified	0.997472431
c53f23d75cd7dadcc4c05693915d7969	Bacteria	Cyanobacteria	Sericytochromatia	Sericytochromatia	Sericytochromatia	Sericytochromatia	Unclassified	0.728073924
532b5d6e04c3dc4430eb47bea46f3ee8	Bacteria	Cyanobacteria	Sericytochromatia	Sericytochromatia	Sericytochromatia	Sericytochromatia	Unclassified	0.998204608
691d46a3fd2128c1407e526bb5ba7669	Bacteria	Cyanobacteria	Sericytochromatia	Sericytochromatia	Sericytochromatia	Sericytochromatia	uncultured_bacterium	0.772057197
5aa4869483a001ff70c61e9b00fa2d10	Bacteria	Cyanobacteria	Sericytochromatia	Sericytochromatia	Sericytochromatia	Sericytochromatia	Unclassified	0.99758965
d4eacb6845eeff91a4a9132793d5d98c	Bacteria	Cyanobacteria	Sericytochromatia	Sericytochromatia	Sericytochromatia	Sericytochromatia	Unclassified	0.99724914
19b8dd151aeea2047774d4b90d82f919	Bacteria	Cyanobacteria	Sericytochromatia	Sericytochromatia	Sericytochromatia	Sericytochromatia	Unclassified	0.997826063
b04a9c2ab3dbec25ad3a65c0a034d636	Bacteria	Cyanobacteria	Sericytochromatia	Sericytochromatia	Sericytochromatia	Sericytochromatia	Unclassified	0.998710972
7fdfa9b345737f00e29409012f40e69a	Bacteria	Cyanobacteria	Sericytochromatia	Sericytochromatia	Sericytochromatia	Sericytochromatia	Unclassified	0.996715701
382d57722c96e4dca4baebf8b9c49f2d	Bacteria	Deferribacterota	Deferribacteres	Deferribacterales	Deferribacteraceae	Calditerrivibrio	metagenome	0.98450191
552c505b3b3fe15e7be2136ad7a8f8b2	Bacteria	Deferribacterota	Deferribacteres	Deferribacterales	Deferribacteraceae	Calditerrivibrio	metagenome	0.97946474
48922e172b5e86653f73be5d6289688c	Bacteria	NA	NA	NA	NA	Unclassified	Unclassified	0.999999609
0f3bf04aad2ea2f441840369c0c420f9	Bacteria	Deferribacterota	Deferribacteres	Deferribacterales	Deferribacteraceae	Calditerrivibrio	metagenome	0.992121383
d4a277a5b9a6132b2aeda6488df89a19	Bacteria	Deferribacterota	Deferribacteres	Deferribacterales	Deferribacteraceae	Calditerrivibrio	metagenome	0.896840911
e33525c4c1c74e4e597149f247332e7d	Bacteria	Deferribacterota	Deferribacteres	Deferribacterales	Deferribacteraceae	Calditerrivibrio	metagenome	0.83124532
fc8f0901e871db322fda767c01af5634	Bacteria	Deferribacterota	Deferribacteres	Deferribacterales	Deferribacteraceae	Calditerrivibrio	metagenome	0.84178482
b1cb788ed614db9efcc65a2c869a759e	Bacteria	Bacteroidota	Bacteroidia	Cytophagales	Spirosomaceae	Emticicia	Unclassified	0.999965855
a13a0a923ace36ecb426c6048c631828	Bacteria	Bacteroidota	Bacteroidia	Cytophagales	Spirosomaceae	Emticicia	Unclassified	0.999963032
43165c1c631394158bb46dcd4606d691	Bacteria	Bdellovibrionota	Bdellovibrionia	Bdellovibrionales	Bdellovibrionaceae	Bdellovibrio	uncultured_bacterium	0.76865457
cb0df3775461d34765c92966e8b27a0d	Bacteria	Bdellovibrionota	Bdellovibrionia	Bdellovibrionales	Bdellovibrionaceae	Bdellovibrio	Unclassified	0.999998286
e894d4781b1ce90780604bf7ffb1377a	Bacteria	Bdellovibrionota	Bdellovibrionia	Bdellovibrionales	Bdellovibrionaceae	Bdellovibrio	Bdellovibrio_bacteriovorus	0.723625997
fbcaf3b98d3d54ecb60c8588a4c92a91	Bacteria	Bdellovibrionota	Bdellovibrionia	Bdellovibrionales	Bdellovibrionaceae	Bdellovibrio	Unclassified	0.999999812
b9e8cb658d0d8fbfcf20b409202bebb1	Bacteria	Bdellovibrionota	Bdellovibrionia	Bdellovibrionales	Bdellovibrionaceae	Bdellovibrio	Unclassified	0.999999575
ba703db0728a145c2bb3042bb728f8ab	Bacteria	Bdellovibrionota	Bdellovibrionia	Bdellovibrionales	Bdellovibrionaceae	Bdellovibrio	Unclassified	0.999944421
7a5c948c0f630aa1ba3552732a988d7e	Bacteria	Bacteroidota	Bacteroidia	Sphingobacteriales	env.OPS_17	env.OPS_17	Unclassified	0.974659996
d104b482ae0d6b79b34aea4fc9ebe12f	Bacteria	Bacteroidota	Bacteroidia	Cytophagales	Cytophagaceae	Cytophaga	Unclassified	0.999681973
12a119b4c5421bb327d8ac084097e6cf	Bacteria	Bacteroidota	Bacteroidia	Sphingobacteriales	env.OPS_17	env.OPS_17	Unclassified	0.999989211
3e7350b42eef8c3ada7badf8fe650e4a	Bacteria	Bacteroidota	Bacteroidia	Sphingobacteriales	env.OPS_17	env.OPS_17	Unclassified	0.99999033
b6198c6288abbc7282cfe2719319bc61	Bacteria	Bacteroidota	Bacteroidia	Sphingobacteriales	env.OPS_17	env.OPS_17	Unclassified	0.999938569
1b50017f1dccc1f34ad3ecbd8b45f442	Bacteria	Bacteroidota	Bacteroidia	Sphingobacteriales	env.OPS_17	env.OPS_17	Tuber_borchii	0.781305677
0ad1e95656328b86c908eac8a1abc7ab	Bacteria	Bacteroidota	Bacteroidia	Sphingobacteriales	env.OPS_17	env.OPS_17	Unclassified	0.992241147
2dbbd9daf8efce24ee41c724f763259b	Bacteria	Bdellovibrionota	Oligoflexia	Oligoflexales	Oligoflexales	Oligoflexus	Unclassified	0.999612132
90f401824805426a9098a0f07e5c82be	Bacteria	Bacteroidota	Bacteroidia	Chitinophagales	uncultured	Unclassified	Unclassified	0.974765769
5ff4fd95254a2f54515a59579110a987	Bacteria	Bacteroidota	Bacteroidia	Chitinophagales	uncultured	Unclassified	Unclassified	0.952549291
eac7ddbcb1af26c4db7b3b0ed4bfa04d	Bacteria	NA	NA	NA	NA	Unclassified	Unclassified	0.999998423
39f3385ab4b40393d01026b93c54537c	Bacteria	NA	NA	NA	NA	Unclassified	Unclassified	0.999993088
c42cfdf6ed65e7a5da09f502044568bc	Bacteria	Bdellovibrionota	Oligoflexia	Oligoflexales	uncultured	Unclassified	Unclassified	0.998832242
609d15e47058c342bb3cbd10cd320dba	Bacteria	Bdellovibrionota	Oligoflexia	Oligoflexales	uncultured	Unclassified	metagenome	0.856366787
8834c86195ee0d2f53c43c6643c46ba2	Bacteria	Myxococcota	Polyangia	Polyangiales	Polyangiaceae	Pajaroellobacter	uncultured_bacterium	0.955353136
da27ad4ff37ba2671118f6de8fe75b5e	Bacteria	Myxococcota	Polyangia	Polyangiales	Polyangiaceae	Pajaroellobacter	uncultured_bacterium	0.874702696
fdc21b023aa0c2ec42d6dc683b36b415	Bacteria	Myxococcota	Polyangia	Polyangiales	Polyangiaceae	Pajaroellobacter	uncultured_bacterium	0.95050533
5175d2d212e18c4efcec39512f3f46d5	Bacteria	Spirochaetota	Leptospirae	Leptospirales	Leptospiraceae	Turneriella	Unclassified	0.999999659
61fd15cb4311fd4641abfc70190b162d	Bacteria	Spirochaetota	Leptospirae	Leptospirales	Leptospiraceae	Turneriella	Unclassified	0.999999694
46b01e8bc7f21a8bcd28b1e29fd03a0c	Bacteria	Spirochaetota	Leptospirae	Leptospirales	Leptospiraceae	Turneriella	Unclassified	0.999999975
f9321beae6e6645f6bbd2d923e1b1b9f	Bacteria	Bacteroidota	Bacteroidia	Sphingobacteriales	env.OPS_17	env.OPS_17	Unclassified	0.99998909
35a71bdd3aa797c32a22038699353d3d	Bacteria	Bacteroidota	Bacteroidia	Bacteroidales	Prevotellaceae	Paraprevotella	Unclassified	0.999930478
1c0f049687fb165d7ec9731f9f6372cd	Bacteria	Bacteroidota	Bacteroidia	Bacteroidales	Prevotellaceae	Prevotella	Prevotella_copri	0.814870428
b2236e1584a62a92d180cd545b355617	Bacteria	Bacteroidota	Bacteroidia	Bacteroidales	Prevotellaceae	Prevotella	Unclassified	0.999762925
4463321c8ce45dd65ed58db54024e3e7	Bacteria	Bacteroidota	Bacteroidia	Sphingobacteriales	env.OPS_17	env.OPS_17	Unclassified	0.999937746
5170cfb97395d5330d286a35874936b7	Bacteria	Bacteroidota	Bacteroidia	Sphingobacteriales	env.OPS_17	env.OPS_17	Unclassified	0.999982292
7b750ad7a50778946e6b2e382ee36b46	Bacteria	Bacteroidota	Bacteroidia	Sphingobacteriales	env.OPS_17	env.OPS_17	Unclassified	0.999984008
a05d16aa4ccb9808a855e05c0876f834	Bacteria	Bacteroidota	Bacteroidia	Sphingobacteriales	env.OPS_17	env.OPS_17	Unclassified	0.999964699
94cff65eca2d79c4fd798385f54e0ccb	Bacteria	Bacteroidota	Bacteroidia	Sphingobacteriales	env.OPS_17	env.OPS_17	Unclassified	0.999698255
dbe20bdd2a108dff24004e7c19514571	Bacteria	Bacteroidota	Bacteroidia	Sphingobacteriales	env.OPS_17	env.OPS_17	Unclassified	0.999944281
8ba97646a90f985989983bfc4410ca1d	Bacteria	Bacteroidota	Bacteroidia	Sphingobacteriales	env.OPS_17	env.OPS_17	Unclassified	0.999907739
8a3596110c66033f63479ff91910f837	Bacteria	Bacteroidota	Bacteroidia	Sphingobacteriales	env.OPS_17	env.OPS_17	Unclassified	0.999831345
97e29f605712f9bdcfa8c24ef62ffbf3	Bacteria	Bacteroidota	Bacteroidia	Sphingobacteriales	env.OPS_17	env.OPS_17	Unclassified	0.999898556
af97037b1c24015f20b2b82851777d67	Bacteria	Bacteroidota	Bacteroidia	Sphingobacteriales	env.OPS_17	env.OPS_17	Unclassified	0.999757757
32fd3310ccf9b12dac622b4774b9c6b1	Bacteria	Bacteroidota	Bacteroidia	Sphingobacteriales	env.OPS_17	env.OPS_17	Unclassified	0.999931794
92bf6a3a3ffb7c04eb5a0724036aaf47	Bacteria	Bacteroidota	Bacteroidia	Sphingobacteriales	env.OPS_17	env.OPS_17	Unclassified	0.99994467
f63bd804c7014685b18de65b60c5a269	Bacteria	Bacteroidota	Bacteroidia	Sphingobacteriales	env.OPS_17	env.OPS_17	Unclassified	0.999943406
bc612461c2d3d11c1c64e6531a0b0e56	Bacteria	Bacteroidota	Bacteroidia	Sphingobacteriales	env.OPS_17	env.OPS_17	Unclassified	0.999919111
59de0c2f3178310633191057ba94741e	Bacteria	Bacteroidota	Bacteroidia	Sphingobacteriales	env.OPS_17	env.OPS_17	Unclassified	0.999955171
b2a0347385378c3240b6d4ba91e7489c	Bacteria	Bacteroidota	Bacteroidia	Sphingobacteriales	env.OPS_17	env.OPS_17	Unclassified	0.99998702
8870e23451e2a209d32d7cd9834d93f7	Bacteria	Bacteroidota	Bacteroidia	Sphingobacteriales	env.OPS_17	env.OPS_17	Unclassified	0.999970961
7c546e18a69f61c8efb40620f828ba56	Bacteria	Bacteroidota	Bacteroidia	Sphingobacteriales	env.OPS_17	env.OPS_17	Unclassified	0.999960598
a4bd7951ccd16c0b9a0fdb2b5c1d104d	Bacteria	Bacteroidota	Bacteroidia	Sphingobacteriales	env.OPS_17	env.OPS_17	Unclassified	0.999683652
37ea64b6d5e1cd4e6c1b5f3f6bd79d6c	Bacteria	Bacteroidota	Bacteroidia	Sphingobacteriales	env.OPS_17	env.OPS_17	Unclassified	0.999613809
7bec6411a251e61b01f15f8f4d05270b	Bacteria	Bacteroidota	Bacteroidia	Sphingobacteriales	env.OPS_17	env.OPS_17	Unclassified	0.999740905
6bf2a3b5e3eb92bc8d3b998a17ae566a	Bacteria	Bacteroidota	Bacteroidia	Sphingobacteriales	env.OPS_17	env.OPS_17	Unclassified	0.999893392
98e2e3b4acf18f8ce8e60965ef576d10	Bacteria	Bdellovibrionota	Bdellovibrionia	Bdellovibrionales	Bdellovibrionaceae	Bdellovibrio	uncultured_bacterium	0.913572272
5a5f580bc4297802fe9a4b6dd51e9ec7	Bacteria	NA	NA	NA	NA	Unclassified	Unclassified	0.999999661
b538e17d14779d855a7208a9a26c1cc9	Bacteria	Proteobacteria	Alphaproteobacteria	Rhizobiales	Rhizobiaceae	Unclassified	Unclassified	0.929788706
b91589fb9052e4440eaeba65bd7bde8a	Bacteria	Bdellovibrionota	Bdellovibrionia	Bdellovibrionales	Bdellovibrionaceae	OM27_clade	uncultured_microorganism	0.985249836
390b21b4e9c673d244ff9f802d32cbc2	Bacteria	Bdellovibrionota	Bdellovibrionia	Bdellovibrionales	Bdellovibrionaceae	OM27_clade	uncultured_microorganism	0.750587766
7bf4c826644b4965eff98d81d07965bd	Bacteria	Bacteroidota	Bacteroidia	Flavobacteriales	Crocinitomicaceae	Fluviicola	Unclassified	0.991319112
7c9f0c90e04a82d7915797db37afc33d	Bacteria	Bdellovibrionota	Bdellovibrionia	Bdellovibrionales	Bdellovibrionaceae	OM27_clade	Unclassified	0.815010786
fa898b36bf517d0906c2c4d071caa818	Bacteria	Proteobacteria	Alphaproteobacteria	Acetobacterales	Acetobacteraceae	Belnapia	uncultured_bacterium	0.774616646
5c9b1dafffaa2ce18c61c9445cf3cf72	Bacteria	Chloroflexi	NA	NA	NA	Unclassified	Unclassified	0.959659647
eee92425eb86439cc68a5ffc8f3f4ffc	Bacteria	Proteobacteria	Alphaproteobacteria	Rhizobiales	Hyphomicrobiaceae	Hyphomicrobium	Unclassified	0.815180865
4a1cd88b072e76530fceafd647b9018d	Bacteria	Myxococcota	Myxococcia	Myxococcales	Myxococcaceae	P3OB-42	uncultured_delta	0.917930453
de4ff2f29bb6938f45c3767780ef1995	Bacteria	Myxococcota	Polyangia	Nannocystales	Nannocystaceae	Nannocystis	Unclassified	0.999976194
3f92903dc63bf139eeea7c35a79c5f2f	Bacteria	Myxococcota	Polyangia	Nannocystales	Nannocystaceae	Nannocystis	Unclassified	0.999985206
340a17f1ba6a1a187b6d7921a424847c	Bacteria	Myxococcota	Polyangia	Nannocystales	Nannocystaceae	Nannocystis	Unclassified	0.999985218
c9af8dd5cbd1c5248e9835d1cbc3262b	Bacteria	Myxococcota	Polyangia	Nannocystales	Nannocystaceae	Nannocystis	Unclassified	0.99997394
d6b09366cb118f44c70ea53e1fb45b6f	Bacteria	Myxococcota	Polyangia	Nannocystales	Nannocystaceae	Nannocystis	Unclassified	0.999992354
83e2f6ecc5958e4f86e4a3d045cfd552	Bacteria	Myxococcota	Polyangia	Nannocystales	Nannocystaceae	Nannocystis	Unclassified	0.999932184
951164d168ea9c75040acb6d48be186a	Bacteria	Myxococcota	Polyangia	Nannocystales	Nannocystaceae	Nannocystis	Unclassified	0.999928916
ab5b1d43bf51e44d0709ee142017db59	Bacteria	Myxococcota	Polyangia	mle1-27	mle1-27	mle1-27	Unclassified	0.976344162
4ed58da69187235cd623cb293de5959e	Bacteria	Myxococcota	Polyangia	mle1-27	mle1-27	mle1-27	Unclassified	0.900983117
63ccacb028a234dbb01de7ccd083dbec	Bacteria	NB1-j	NB1-j	NB1-j	NB1-j	NB1-j	uncultured_Myxococcales	0.999768395
bf0d631bc056366943ecb06499d080bf	Bacteria	Actinobacteriota	Actinobacteria	Propionibacteriales	Nocardioidaceae	Marmoricola	Unclassified	0.99902692
52703083a1b5d410bbfa20f1808cb636	Bacteria	NA	NA	NA	NA	Unclassified	Unclassified	0.999999659
81e85d50b221c68d45b6b348ac3d34d4	Bacteria	Actinobacteriota	Thermoleophilia	Solirubrobacterales	67-14	67-14	Unclassified	0.9950438
8c21569e4015a4c352436695b9444698	Bacteria	Chloroflexi	Ktedonobacteria	C0119	C0119	C0119	Unclassified	0.850488904
b5f7e7307d68fdabc698ee35d0d2c4ff	Bacteria	Chloroflexi	Ktedonobacteria	C0119	C0119	C0119	Unclassified	0.831374734
f6aabd2a494a67793f53289948ef3d09	Bacteria	Chloroflexi	Ktedonobacteria	C0119	C0119	C0119	uncultured_bacterium	0.845962386
85219cede5da30bce8af08ed08ec3f88	Bacteria	Chloroflexi	Ktedonobacteria	C0119	C0119	C0119	uncultured_bacterium	0.833398797
6bb70cf102bc5c95aa5c8cdd24723987	Bacteria	Chloroflexi	Ktedonobacteria	C0119	C0119	C0119	uncultured_bacterium	0.83704948
ce4cdea4f14ecd95a0d78a57aa6cca2a	Bacteria	Chloroflexi	Ktedonobacteria	C0119	C0119	C0119	uncultured_Chloroflexi	0.985846148
3dd2b0cece0aaddef3d73355e49d4283	Bacteria	Chloroflexi	Ktedonobacteria	C0119	C0119	C0119	uncultured_Chloroflexi	0.966507547
e03267809da535f4c8ae4436ea4d6499	Bacteria	Chloroflexi	Ktedonobacteria	C0119	C0119	C0119	uncultured_Chloroflexi	0.868896795
146bc3aff036c4ebfc83f8a94541b8df	Bacteria	Chloroflexi	Ktedonobacteria	C0119	C0119	C0119	uncultured_Chloroflexi	0.954566199
99cef82aa924093ae9bfa9dc514f168c	Bacteria	Chloroflexi	Ktedonobacteria	C0119	C0119	C0119	uncultured_bacterium	0.998561386
7c07ded18bffe360e469467d3029add8	Bacteria	Chloroflexi	Ktedonobacteria	C0119	C0119	C0119	uncultured_bacterium	0.99520763
a096b9c0b1f4aa170eac9c7daeaf2ede	Bacteria	Chloroflexi	Ktedonobacteria	C0119	C0119	C0119	uncultured_bacterium	0.91590684
752b6ae8243ecd806a2623e16e94898d	Bacteria	Chloroflexi	Ktedonobacteria	C0119	C0119	C0119	uncultured_bacterium	0.894654459
5e5e9b5b8b22be966a5544572fcccdc7	Bacteria	Acidobacteriota	Blastocatellia	Blastocatellales	Blastocatellaceae	Aridibacter	uncultured_bacterium	0.888058298
56198fa57e35d72dede9fcd2ea079141	Bacteria	Acidobacteriota	Acidobacteriae	Acidobacteriales	Acidobacteriaceae_(Subgroup_1)	Unclassified	Unclassified	0.99999796
aeede7a96ead02589e2efdb0094270a8	Bacteria	Acidobacteriota	Acidobacteriae	Acidobacteriales	Acidobacteriaceae_(Subgroup_1)	Occallatibacter	Unclassified	0.874422507
a0ad2e44905b2278f85f676200764b5f	Bacteria	Acidobacteriota	Acidobacteriae	Subgroup_13	Subgroup_13	Subgroup_13	uncultured_bacterium	0.881842072
f7ef82d035414ba5e6a3b2ce92e23315	Bacteria	Acidobacteriota	Acidobacteriae	Subgroup_13	Subgroup_13	Subgroup_13	uncultured_bacterium	0.792345698
27927755e1961425a259ac61e41decd7	Bacteria	Acidobacteriota	Acidobacteriae	Acidobacteriales	Acidobacteriaceae_(Subgroup_1)	Unclassified	Unclassified	0.816376545
d9c50546cea69d2a652a71e5f5ef30ad	Bacteria	Acidobacteriota	Acidobacteriae	Acidobacteriales	Acidobacteriaceae_(Subgroup_1)	Granulicella	Unclassified	0.902437001
7c5bc0f347a63d9756ce5ebfc303e987	Bacteria	Acidobacteriota	Acidobacteriae	Acidobacteriales	NA	Unclassified	Unclassified	0.999946916
5fd3515b4c19f08d22658eccc029d055	Bacteria	Acidobacteriota	Acidobacteriae	Acidobacteriales	NA	Unclassified	Unclassified	0.999898846
2d64e98c115bad59d1e5bd5fbb843fd8	Bacteria	Acidobacteriota	Acidobacteriae	Acidobacteriales	Koribacteraceae	Candidatus_Koribacter	Unclassified	0.983790219
3b9eafe53ef0059c7d84519c21b6f813	Bacteria	Acidobacteriota	Acidobacteriae	Acidobacteriales	uncultured	Unclassified	Unclassified	0.774133546
805bb0beaa9d63d6116f3e1d5f0aff15	Bacteria	Acidobacteriota	Acidobacteriae	Acidobacteriales	uncultured	Unclassified	Unclassified	0.761652747
96387b16e20f239f57aca2d07cf2dde0	Bacteria	Acidobacteriota	Acidobacteriae	Acidobacteriales	Acidobacteriaceae_(Subgroup_1)	Edaphobacter	Unclassified	0.899086723
8f531da9ae9ac3c4591060c1d9e09ae2	Bacteria	Acidobacteriota	Acidobacteriae	Acidobacteriales	NA	Unclassified	Unclassified	0.999970866
ca940dc582e81b3607bf55aba7006798	Bacteria	Acidobacteriota	Acidobacteriae	Acidobacteriales	Acidobacteriaceae_(Subgroup_1)	Unclassified	Unclassified	0.723682936
070be5f7f399a48028666dfa52afc2f7	Bacteria	Elusimicrobiota	Lineage_IIa	Lineage_IIa	Lineage_IIa	Lineage_IIa	Unclassified	0.999998726
2f39d220b3f89ae74b2977b3d319639b	Bacteria	Elusimicrobiota	Lineage_IIa	Lineage_IIa	Lineage_IIa	Lineage_IIa	Unclassified	0.999986053
e570e5295962952929940f0726dff5c4	Bacteria	Elusimicrobiota	Lineage_IIa	Lineage_IIa	Lineage_IIa	Lineage_IIa	uncultured_bacterium	0.845927193
19a204efa3a21227c29e110726f9d4a7	Bacteria	Acidobacteriota	Subgroup_5	Subgroup_5	Subgroup_5	Subgroup_5	uncultured_bacterium	0.99956724
bbbcb18898f43299d4b7f6f0f8553f65	Bacteria	Acidobacteriota	Subgroup_5	Subgroup_5	Subgroup_5	Subgroup_5	Unclassified	0.999956988
cf753663f7869d17530847922a6a9f4e	Bacteria	Acidobacteriota	Subgroup_5	Subgroup_5	Subgroup_5	Subgroup_5	Unclassified	0.999941939
21f6b8ab4a4823e52d99420eff065fae	Bacteria	Acidobacteriota	Subgroup_5	Subgroup_5	Subgroup_5	Subgroup_5	Unclassified	0.999970224
b9df77ed39a6337361a1b9b823dfbbfa	Bacteria	Acidobacteriota	Subgroup_5	Subgroup_5	Subgroup_5	Subgroup_5	uncultured_bacterium	0.936595171
f073daf2ce627772926ff334b5141bc8	Bacteria	Acidobacteriota	Subgroup_5	Subgroup_5	Subgroup_5	Subgroup_5	uncultured_bacterium	0.807007582
bd8b8606a61f7de40d9e34af80675f3e	Bacteria	Proteobacteria	Alphaproteobacteria	Reyranellales	Reyranellaceae	Unclassified	bacterium_enrichment	0.774066676
8c4d6c3a2aa10f2a4382409f38da4f4d	Bacteria	Acidobacteriota	Acidobacteriae	Acidobacteriales	uncultured	Unclassified	uncultured_Acidobacteriaceae	0.782782402
6213063d5929cbc65cd2e1345a6f4f27	Bacteria	Acidobacteriota	Acidobacteriae	Acidobacteriales	uncultured	Unclassified	uncultured_Acidobacteriaceae	0.825898184
0df498fba78e16e6b9dfe7b9bc5271d9	Bacteria	Acidobacteriota	Acidobacteriae	Acidobacteriales	uncultured	Unclassified	Unclassified	0.713474022
d004697aa1a2dd2064b2113f956e16c0	Bacteria	Acidobacteriota	Acidobacteriae	Acidobacteriales	uncultured	Unclassified	Unclassified	0.992037013
6d9915537bb7a21981f6c9a80ff9af49	Bacteria	Verrucomicrobiota	Verrucomicrobiae	Pedosphaerales	Pedosphaeraceae	Pedosphaeraceae	Unclassified	0.994419418
f84dd4dcd7e0dc6bee155a929b86fdfd	Bacteria	Verrucomicrobiota	Verrucomicrobiae	Pedosphaerales	Pedosphaeraceae	Pedosphaeraceae	Unclassified	0.994371068
d1437d36f846c440383671584cdcc572	Bacteria	Verrucomicrobiota	Verrucomicrobiae	Pedosphaerales	Pedosphaeraceae	Unclassified	Unclassified	0.789867393
cb4bd3b8ba517ab0de80a5fd0ffd6d53	Bacteria	Verrucomicrobiota	Verrucomicrobiae	Pedosphaerales	Pedosphaeraceae	Pedosphaeraceae	Unclassified	0.99613303
744e9909eee30a88f97108f4b2054b9a	Bacteria	NA	NA	NA	NA	Unclassified	Unclassified	0.999997455
0477f1ef316ccf68116d7a675b4050b0	Bacteria	Verrucomicrobiota	Verrucomicrobiae	Pedosphaerales	Pedosphaeraceae	Pedosphaeraceae	Unclassified	0.99703113
6701d1197096253a495e36fb7562e73f	Bacteria	Verrucomicrobiota	Verrucomicrobiae	Pedosphaerales	Pedosphaeraceae	Pedosphaeraceae	Unclassified	0.997578866
da7bf559cb928f838e02e05c40d179f0	Bacteria	Verrucomicrobiota	Verrucomicrobiae	Pedosphaerales	Pedosphaeraceae	Pedosphaeraceae	Unclassified	0.990931741
34e372be3f53d3a8de9fcc81783bce67	Bacteria	Bacteroidota	Bacteroidia	Sphingobacteriales	Sphingobacteriaceae	Sphingobacterium	Sphingobacterium_populi	0.717196762
889ffbc20d19bf01ceebe6eade1c3650	Bacteria	Verrucomicrobiota	Verrucomicrobiae	Pedosphaerales	Pedosphaeraceae	Pedosphaeraceae	Unclassified	0.996587575
c10e60e3a669874c1745a2a86a08ce2e	Bacteria	Verrucomicrobiota	Verrucomicrobiae	Pedosphaerales	Pedosphaeraceae	Unclassified	Unclassified	0.851460421
830c8c5bcef7d5e294c6fd8a07d91eb3	Bacteria	Verrucomicrobiota	Verrucomicrobiae	Pedosphaerales	Pedosphaeraceae	Unclassified	Unclassified	0.954643131
3600dfc92b9e904945c22a3e827c8969	Bacteria	Verrucomicrobiota	Verrucomicrobiae	Pedosphaerales	Pedosphaeraceae	Unclassified	Unclassified	0.941648335
a69161fa6d23861b0dfc6a601da387ff	Bacteria	Proteobacteria	Gammaproteobacteria	Burkholderiales	NA	Unclassified	Unclassified	0.997634965
725c30d98bceddc83250bb88f383a9f2	Bacteria	Verrucomicrobiota	Verrucomicrobiae	Pedosphaerales	Pedosphaeraceae	Unclassified	uncultured_Verrucomicrobia	0.724320001
65e9bef3e65691895e6bd97a7e2222cd	Bacteria	Verrucomicrobiota	Verrucomicrobiae	Pedosphaerales	Pedosphaeraceae	Unclassified	Unclassified	0.752367869
96d86c50495b64b08e74be577834d3eb	Bacteria	Verrucomicrobiota	Verrucomicrobiae	Pedosphaerales	Pedosphaeraceae	Unclassified	Unclassified	0.999930694
e738d24a079d9fa0acae2d7dedc5d09f	Bacteria	Verrucomicrobiota	Verrucomicrobiae	Pedosphaerales	Pedosphaeraceae	Pedosphaeraceae	Unclassified	0.908357343
4c21d2b0ca2fdfc659c272f6b30a13d4	Bacteria	Acidobacteriota	Acidobacteriae	Acidobacteriales	Koribacteraceae	Candidatus_Koribacter	Unclassified	0.951435813
306f8d8b5e308cb6f8d0205cfebdaf90	Bacteria	Acidobacteriota	Subgroup_5	Subgroup_5	Subgroup_5	Subgroup_5	uncultured_bacterium	0.980809595
ceebfea77b3707f1997b67a795af97c2	Bacteria	Acidobacteriota	Acidobacteriae	Acidobacteriales	uncultured	Unclassified	Unclassified	0.993735162
f6cb70f46ecc5c0595c9d3f516cc0df1	Bacteria	Acidobacteriota	Acidobacteriae	Acidobacteriales	uncultured	Unclassified	Unclassified	0.993825215
890d0d7224ea99980dd61b530d0c6036	Bacteria	Acidobacteriota	Acidobacteriae	Acidobacteriales	uncultured	Unclassified	Unclassified	0.995885322
0b6db0ab17414721115dc17707022bab	Bacteria	Verrucomicrobiota	Verrucomicrobiae	Pedosphaerales	Pedosphaeraceae	Pedosphaeraceae	Unclassified	0.719765441
fc700e85939bddb30ee8419d8764f38c	Bacteria	Verrucomicrobiota	Verrucomicrobiae	Pedosphaerales	Pedosphaeraceae	Unclassified	Unclassified	0.99972609
722d089672a25132c6aedef0dcf79691	Bacteria	Verrucomicrobiota	Verrucomicrobiae	Pedosphaerales	Pedosphaeraceae	Pedosphaeraceae	Unclassified	0.896924199
2538320555d209e9237216f22e9bf925	Bacteria	Acidobacteriota	Subgroup_25	Subgroup_25	Subgroup_25	Subgroup_25	Unclassified	0.999870805
f26ecd7537ac020e786ea2e33df8039a	Bacteria	Acidobacteriota	Subgroup_25	Subgroup_25	Subgroup_25	Subgroup_25	Unclassified	0.999942012
733282fd86d07be13cdcd8ad3b7b8a9c	Bacteria	Acidobacteriota	Subgroup_25	Subgroup_25	Subgroup_25	Subgroup_25	Unclassified	0.999997445
a9db46ca74e2893598529364fb6793c3	Bacteria	Acidobacteriota	Subgroup_25	Subgroup_25	Subgroup_25	Subgroup_25	Unclassified	0.999996369
0bfe1e670932fbde32707a8a1ca3c63e	Bacteria	Actinobacteriota	Rubrobacteria	Rubrobacterales	Rubrobacteriaceae	Rubrobacter	Unclassified	0.999999971
6456bca723f6e6cfa881c2c859f42e62	Bacteria	Actinobacteriota	Rubrobacteria	Rubrobacterales	Rubrobacteriaceae	Rubrobacter	Unclassified	0.999999946
8bdbd287ea7fd90c471d7fe8940be000	Bacteria	Actinobacteriota	Rubrobacteria	Rubrobacterales	Rubrobacteriaceae	Rubrobacter	Unclassified	0.999999903
694b4330ccf68fb7bf75bd12a9b82959	Bacteria	Gemmatimonadota	AKAU4049	AKAU4049	AKAU4049	AKAU4049	Unclassified	0.999991786
553468aed753177320577a9ae91f8a5a	Bacteria	Gemmatimonadota	AKAU4049	AKAU4049	AKAU4049	AKAU4049	Unclassified	0.999996548
35fe625d8d28628b2dfeb9b31c2dc4bb	Bacteria	Firmicutes	Symbiobacteriia	Symbiobacteriales	Symbiobacteraceae	Symbiobacterium	Symbiobacterium_turbinis	0.976472689
e72461bd7ec64b7c6ee34ce638e1fcef	Bacteria	Firmicutes	Symbiobacteriia	Symbiobacteriales	Symbiobacteraceae	Symbiobacterium	Symbiobacterium_turbinis	0.981472902
1e7bf67f7f0f45b012c02ff4cd9a9ba0	Bacteria	Elusimicrobiota	Lineage_IIb	Lineage_IIb	Lineage_IIb	Lineage_IIb	uncultured_bacterium	0.985732549
4b989ae24a9cb9368018ab2bd821bf4f	Bacteria	Elusimicrobiota	Lineage_IIb	Lineage_IIb	Lineage_IIb	Lineage_IIb	uncultured_soil	0.772203591
1c711ce48a692f503a9f3e26e8a46c88	Bacteria	Elusimicrobiota	Lineage_IIb	Lineage_IIb	Lineage_IIb	Lineage_IIb	Unclassified	0.999924645
ff408bbbdc5a0df4a7c5acd617f71c31	Bacteria	Elusimicrobiota	Lineage_IIb	Lineage_IIb	Lineage_IIb	Lineage_IIb	uncultured_Termite	0.96507793
ebeaaa12737e7deda511d1d1c38cab41	Bacteria	Verrucomicrobiota	Chlamydiae	Chlamydiales	cvE6	cvE6	Unclassified	0.989556918
fb57e023facf10898b6241680de02d5b	Bacteria	Actinobacteriota	Rubrobacteria	Rubrobacterales	Rubrobacteriaceae	Rubrobacter	uncultured_bacterium	0.731957586
6171f341aa3e448e301f3f33b461d5a4	Bacteria	Actinobacteriota	Rubrobacteria	Rubrobacterales	Rubrobacteriaceae	Rubrobacter	Unclassified	0.999999829
cdef04bb03105165aa5484453b04a477	Bacteria	Actinobacteriota	Rubrobacteria	Rubrobacterales	Rubrobacteriaceae	Rubrobacter	Unclassified	0.999999778
f3dcb8dc76d02b5c5b92a285b3f9d0b7	Bacteria	Planctomycetota	Pla4_lineage	Pla4_lineage	Pla4_lineage	Pla4_lineage	uncultured_Planctomycetaceae	0.928488782
40bf0c19c620caeb75ce9cfd4c8f91b1	Bacteria	Cyanobacteria	Cyanobacteriia	Chloroplast	Chloroplast	Chloroplast	Unclassified	0.99999962
c33ae60f1f8614da33b38d748aa0c70b	Bacteria	Cyanobacteria	Cyanobacteriia	Chloroplast	Chloroplast	Chloroplast	Unclassified	0.999999904
069b91db81b040bf1542ea123871f455	Bacteria	Cyanobacteria	Cyanobacteriia	Chloroplast	Chloroplast	Chloroplast	Unclassified	0.999895052
876b42c3cca13e971ec329cfb94d6890	Bacteria	Cyanobacteria	Cyanobacteriia	Chloroplast	Chloroplast	Chloroplast	Unclassified	0.999999678
87b5ac34126c4bbe8f52f32e976680a8	Bacteria	Actinobacteriota	NA	NA	NA	Unclassified	Unclassified	0.992663761
15c931e1f69474d56d9027cf4e7c3bf9	Bacteria	Gemmatimonadota	AKAU4049	AKAU4049	AKAU4049	AKAU4049	uncultured_bacterium	0.985342952
c6cc74b6a71a413c7d66cfd019647fbe	Bacteria	Gemmatimonadota	AKAU4049	AKAU4049	AKAU4049	AKAU4049	uncultured_bacterium	0.986584368
47cd013e35d4154934129ae00b1c60bb	Bacteria	Gemmatimonadota	AKAU4049	AKAU4049	AKAU4049	AKAU4049	uncultured_bacterium	0.992176166
071e36b208b3903d4785087a8970cf6d	Bacteria	Verrucomicrobiota	Chlamydiae	Chlamydiales	Parachlamydiaceae	Neochlamydia	metagenome	0.711122802
683d4de704c5d794f2a198413632eaad	Bacteria	Planctomycetota	Planctomycetes	Pirellulales	Pirellulaceae	Pirellula	Unclassified	0.996670108
390b47448e65b83626f634a68538d3dc	Bacteria	Verrucomicrobiota	Verrucomicrobiae	Pedosphaerales	Pedosphaeraceae	Pedosphaeraceae	Unclassified	0.818265877
70fbaaa1bf9081b3c3f3ab37458b0267	Bacteria	Verrucomicrobiota	Verrucomicrobiae	Pedosphaerales	Pedosphaeraceae	Pedosphaeraceae	Unclassified	0.777847776
bb8e70d8a78f9f3c3564f6da53419bdf	Bacteria	Verrucomicrobiota	Verrucomicrobiae	Pedosphaerales	Pedosphaeraceae	Pedosphaeraceae	Unclassified	0.907751458
e748af18c98405bad13a8fbb0daa52a7	Bacteria	Verrucomicrobiota	Verrucomicrobiae	Pedosphaerales	Pedosphaeraceae	Pedosphaeraceae	Unclassified	0.926267326
c7ab0861f434886fac89523c94560151	Bacteria	Verrucomicrobiota	Verrucomicrobiae	Pedosphaerales	Pedosphaeraceae	Pedosphaeraceae	Unclassified	0.9357228
8435973d1536dc5f9ca489bfb365b32b	Bacteria	Verrucomicrobiota	Verrucomicrobiae	Pedosphaerales	Pedosphaeraceae	ADurb.Bin063-1	uncultured_bacterium	0.725279665
9117551e44e12d1b836227c33a65d847	Bacteria	Proteobacteria	Gammaproteobacteria	Pseudomonadales	Pseudomonadaceae	Pseudomonas	Unclassified	0.794644621
d32e62ebb598c56a590ab33b52b91690	Bacteria	Verrucomicrobiota	Verrucomicrobiae	Pedosphaerales	Pedosphaeraceae	Ellin516	Unclassified	0.852820783
72b1d5abfcf7c3af7d301961d69121a3	Bacteria	Verrucomicrobiota	Verrucomicrobiae	Pedosphaerales	Pedosphaeraceae	Pedosphaeraceae	Unclassified	0.881932066
7b1120a95fb3f8e421434206473e1eb7	Bacteria	Verrucomicrobiota	Verrucomicrobiae	Pedosphaerales	Pedosphaeraceae	Pedosphaeraceae	uncultured_subdivision	0.808085381
9736d18429dcc97693267a2623e3fb83	Bacteria	Verrucomicrobiota	Verrucomicrobiae	Pedosphaerales	Pedosphaeraceae	Pedosphaeraceae	Unclassified	0.78290664
4e0f8315f03e1a6c655d6805d2819337	Bacteria	NA	NA	NA	NA	Unclassified	Unclassified	0.999998784
589333fd788c333185895edfa2c2eb2c	Bacteria	Actinobacteriota	MB-A2-108	MB-A2-108	MB-A2-108	MB-A2-108	Unclassified	0.99999915
4ac86a9aff80b4cde282f8beea31265a	Bacteria	Actinobacteriota	MB-A2-108	MB-A2-108	MB-A2-108	MB-A2-108	Unclassified	0.999972341
8a9b3f95c463023c8ccdcf36ec9cc968	Bacteria	Actinobacteriota	MB-A2-108	MB-A2-108	MB-A2-108	MB-A2-108	Unclassified	0.999996609
793e3ebfa8894e22a0ab78986ddb04fe	Bacteria	Actinobacteriota	MB-A2-108	MB-A2-108	MB-A2-108	MB-A2-108	Unclassified	0.999997407
8ba83e3c89f748416559a342d1256e87	Bacteria	Actinobacteriota	MB-A2-108	MB-A2-108	MB-A2-108	MB-A2-108	Unclassified	0.999996883
3866173ea5a9fd67f654901e6cb5f487	Bacteria	Actinobacteriota	MB-A2-108	MB-A2-108	MB-A2-108	MB-A2-108	Unclassified	0.99999821
8337b0283122815bcb8110c189b4b157	Bacteria	Actinobacteriota	MB-A2-108	MB-A2-108	MB-A2-108	MB-A2-108	Unclassified	0.999999195
bfd7d2ada2ce74e4784ff739f30441ba	Bacteria	Actinobacteriota	MB-A2-108	MB-A2-108	MB-A2-108	MB-A2-108	Unclassified	0.999998404
5d35b830e54516b2bb25116b5cb2ac2b	Bacteria	Actinobacteriota	MB-A2-108	MB-A2-108	MB-A2-108	MB-A2-108	uncultured_Micromonospora	0.997835587
a78660022adf9ce75d96de0dd790765d	Bacteria	Actinobacteriota	MB-A2-108	MB-A2-108	MB-A2-108	MB-A2-108	Unclassified	0.999996792
d805f3c2de8a09a4d6c2f359f59b06fb	Bacteria	Actinobacteriota	MB-A2-108	MB-A2-108	MB-A2-108	MB-A2-108	Unclassified	0.999995602
32c4db133cb072ac15d0fad1a53c9b27	Bacteria	Actinobacteriota	MB-A2-108	MB-A2-108	MB-A2-108	MB-A2-108	uncultured_bacterium	0.811867871
24edae3ba68e35d59b27693a1116fced	Bacteria	Proteobacteria	Alphaproteobacteria	Rhizobiales	Rhizobiaceae	Unclassified	Unclassified	0.964305585
80d0373adfa505ab4335c328b902b6cf	Bacteria	Acidobacteriota	NA	NA	NA	Unclassified	Unclassified	0.718246345
416f331dd4ce624b10d8fbe3dc18bda1	Bacteria	Acidobacteriota	Blastocatellia	NA	NA	Unclassified	Unclassified	0.86289746
1bff91f7bc2ba6245405a72415c2ec0a	Bacteria	Acidobacteriota	Blastocatellia	11-24	11-24	11-24	uncultured_bacterium	0.815416036
b9390b92aafb5e5608bd68be47bdb3a6	Bacteria	Acidobacteriota	Blastocatellia	NA	NA	Unclassified	Unclassified	0.975163281
39a6a19147a4604ea41e51e28cec2761	Bacteria	Verrucomicrobiota	Chlamydiae	Chlamydiales	cvE6	cvE6	metagenome	0.813229545
4ba38f9187b74431708b147f44aa0667	Bacteria	Planctomycetota	OM190	OM190	OM190	OM190	uncultured_soil	0.992076971
e29e210bead2d1e4e68762fa341e0330	Bacteria	Actinobacteriota	Rubrobacteria	Rubrobacterales	Rubrobacteriaceae	Rubrobacter	Unclassified	0.999999757
5dcd1312615bad95e736968c3f1d26d0	Bacteria	Acidobacteriota	Subgroup_22	Subgroup_22	Subgroup_22	Subgroup_22	Unclassified	0.999905689
cd5c1967ab38d01d75a477fce95f732f	Bacteria	Acidobacteriota	Subgroup_22	Subgroup_22	Subgroup_22	Subgroup_22	Unclassified	0.999905621
10626493393cf71acdb024fb3336fe34	Bacteria	FCPU426	FCPU426	FCPU426	FCPU426	FCPU426	uncultured_bacterium	0.902355475
f46cc4a7b749d40ee7afe42567a2543d	Bacteria	Verrucomicrobiota	Verrucomicrobiae	Pedosphaerales	Pedosphaeraceae	Pedosphaeraceae	Unclassified	0.965092179
34fda972031be13d94fd96ef04308640	Bacteria	Verrucomicrobiota	Verrucomicrobiae	Pedosphaerales	Pedosphaeraceae	Pedosphaeraceae	Unclassified	0.947603792
a9ff5852be5ae800c17d984a7476639d	Bacteria	Verrucomicrobiota	Verrucomicrobiae	Pedosphaerales	Pedosphaeraceae	Pedosphaeraceae	Unclassified	0.992824102
9b7f912aea87ad841544c61880f8bd18	Bacteria	Verrucomicrobiota	Verrucomicrobiae	Pedosphaerales	Pedosphaeraceae	Pedosphaeraceae	Unclassified	0.99223892
8a052641a72ac4f29dad546e0d412e28	Bacteria	Proteobacteria	Gammaproteobacteria	Burkholderiales	Comamonadaceae	Unclassified	Unclassified	0.996192616
9e520032f8520c2d9ed9f435aeaeefc4	Bacteria	Verrucomicrobiota	Verrucomicrobiae	Pedosphaerales	Pedosphaeraceae	Pedosphaeraceae	Unclassified	0.933583266
f351da512c158de62e0d33f7cbda72de	Bacteria	Verrucomicrobiota	Verrucomicrobiae	Pedosphaerales	Pedosphaeraceae	Pedosphaeraceae	Unclassified	0.989247951
a55d2c537f5085bee8552ea55c62c503	Bacteria	Verrucomicrobiota	Verrucomicrobiae	Pedosphaerales	Pedosphaeraceae	Pedosphaeraceae	Unclassified	0.962691128
1e197b9fbe382d944c8a0c6285c15105	Bacteria	Verrucomicrobiota	Verrucomicrobiae	Pedosphaerales	Pedosphaeraceae	RS25G	bacterium_RS25G	0.874022568
28178487fc92ac35aca8aa4bdb46d38b	Bacteria	Verrucomicrobiota	Verrucomicrobiae	Pedosphaerales	Pedosphaeraceae	RS25G	metagenome	0.974635025
1487cc18924045406d46d18cf6c34dbd	Bacteria	Verrucomicrobiota	Verrucomicrobiae	Pedosphaerales	Pedosphaeraceae	RS25G	metagenome	0.866179458
5b9c11c2d2345278623b9af6b83ad8b3	Bacteria	Verrucomicrobiota	Verrucomicrobiae	Pedosphaerales	Pedosphaeraceae	Unclassified	Unclassified	0.999998947
c47770bc90f9d1445db91290a24db764	Bacteria	Verrucomicrobiota	Verrucomicrobiae	Pedosphaerales	Pedosphaeraceae	Unclassified	Unclassified	0.999998097
f68018c881f9f4b72c682fc31f402277	Bacteria	Verrucomicrobiota	Verrucomicrobiae	Pedosphaerales	Pedosphaeraceae	Unclassified	Unclassified	0.999999141
aaa16c7f465ad49f4c191abea24809b1	Bacteria	Verrucomicrobiota	Verrucomicrobiae	Pedosphaerales	Pedosphaeraceae	Unclassified	Unclassified	0.999997584
ba6a021c6f2bceb63630dbccea1c9cf3	Bacteria	Verrucomicrobiota	Verrucomicrobiae	Pedosphaerales	Pedosphaeraceae	Unclassified	Unclassified	0.999999643
bbff9c74ca69f6bc818f8797fb80af97	Bacteria	Verrucomicrobiota	Verrucomicrobiae	Pedosphaerales	Pedosphaeraceae	Unclassified	Unclassified	0.999997094
b009202d9e25fae77660011c0ed1652f	Bacteria	Verrucomicrobiota	Verrucomicrobiae	Pedosphaerales	Pedosphaeraceae	Unclassified	Unclassified	0.999995824
977d7b50e21c85480528a7beee7c7afa	Bacteria	Verrucomicrobiota	Verrucomicrobiae	Pedosphaerales	Pedosphaeraceae	Unclassified	Unclassified	0.999997959
dacdeffba09afa2d5fb53f39abaf4326	Bacteria	Verrucomicrobiota	Verrucomicrobiae	Pedosphaerales	Pedosphaeraceae	Ellin517	Unclassified	0.998789241
ffb1f6bebcee882ff76aab5fdcf9ae17	Bacteria	Verrucomicrobiota	Verrucomicrobiae	Verrucomicrobiales	Verrucomicrobiaceae	Roseimicrobium	Unclassified	0.999968286
ca3d526975a78ecc2f4d6c8e2ccb36ed	Bacteria	Verrucomicrobiota	Verrucomicrobiae	Verrucomicrobiales	Verrucomicrobiaceae	Roseimicrobium	Roseimicrobium_gellanilyticum	0.846310195
c25d57514378364a07e7b860fe453087	Bacteria	Acidobacteriota	Blastocatellia	Blastocatellales	Blastocatellaceae	Unclassified	Unclassified	0.879142664
68f97a8c7e6f17fec01569fb07c23d34	Bacteria	Acidobacteriota	Blastocatellia	Blastocatellales	Blastocatellaceae	Unclassified	Unclassified	0.964807529
31eb012d68a631c56666878499bbd16f	Bacteria	Planctomycetota	Planctomycetes	Gemmatales	Gemmataceae	Unclassified	Unclassified	0.999947015
230631aacec4616cdb9321ce2bd7a01c	Bacteria	Planctomycetota	Planctomycetes	Gemmatales	Gemmataceae	Fimbriiglobus	Unclassified	0.999762273
8a0e80c82cc32f3917702646607cc61a	Bacteria	Latescibacterota	Latescibacterota	Latescibacterota	Latescibacterota	Latescibacterota	uncultured_Pelobacter	0.999814528
db22310675ac6118afc5f9030bdac7d2	Bacteria	Acidobacteriota	Subgroup_11	Subgroup_11	Subgroup_11	Subgroup_11	Unclassified	0.921518598
98e1141843ca3d3e7cff354b2f1f4a54	Bacteria	Verrucomicrobiota	Verrucomicrobiae	Pedosphaerales	Pedosphaeraceae	Pedosphaeraceae	Unclassified	0.90601126
bbc992d49b0a57c981a7df8f2bb2c18a	Bacteria	Verrucomicrobiota	Verrucomicrobiae	Pedosphaerales	Pedosphaeraceae	Pedosphaeraceae	Unclassified	0.979207911
be01ddd8d948e9d78d3c071a337a4e16	Bacteria	Verrucomicrobiota	Verrucomicrobiae	Pedosphaerales	Pedosphaeraceae	Pedosphaeraceae	Unclassified	0.995533785
018507c10a1b5c01e28213c759e607e5	Bacteria	Verrucomicrobiota	Verrucomicrobiae	Pedosphaerales	Pedosphaeraceae	Pedosphaeraceae	Unclassified	0.971557315
1a33f0ebbb6d193f946e1d3b8e6218fc	Bacteria	Verrucomicrobiota	Verrucomicrobiae	Pedosphaerales	Pedosphaeraceae	Pedosphaeraceae	uncultured_Prosthecobacter	0.961310242
585baf5c7f1eaf0e974fd70e3539cd7f	Bacteria	Verrucomicrobiota	Chlamydiae	Chlamydiales	Chlamydiaceae	Chlamydiaceae	metagenome	0.999997058
ce15d7c97cf721990f8086cd9e81c18d	Bacteria	Verrucomicrobiota	Chlamydiae	Chlamydiales	Parachlamydiaceae	Unclassified	Unclassified	0.986848564
4f23749e7cca4f877c89d7e2fe76f896	Bacteria	Verrucomicrobiota	Chlamydiae	Chlamydiales	Parachlamydiaceae	Unclassified	Unclassified	0.994909942
46bd156c283756d310869b7934b85281	Bacteria	Verrucomicrobiota	Chlamydiae	Chlamydiales	Parachlamydiaceae	Candidatus_Protochlamydia	Unclassified	0.979984997
e2a5606eebf1f9b43422a951b30c047e	Bacteria	Verrucomicrobiota	Chlamydiae	Chlamydiales	Parachlamydiaceae	Candidatus_Protochlamydia	Unclassified	0.98704608
6467bcbab19a8c7f2afa65661cc5415e	Bacteria	Verrucomicrobiota	Chlamydiae	Chlamydiales	Parachlamydiaceae	Neochlamydia	metagenome	0.916205538
19d9bb889798005fd82c83561e2fbefb	Bacteria	Verrucomicrobiota	Chlamydiae	Chlamydiales	NA	Unclassified	Unclassified	0.997298764
dba6deb133bb79cec33d982c993ac7b8	Bacteria	Verrucomicrobiota	Chlamydiae	Chlamydiales	Simkaniaceae	Unclassified	uncultured_Chlamydiales	0.734126063
c4fa22cd43fcea054d2a8d9c6f1b7a48	Bacteria	Verrucomicrobiota	Chlamydiae	Chlamydiales	Parachlamydiaceae	Unclassified	Unclassified	0.790424004
1f9304aa67941381ae77e7a36d6505cb	Bacteria	Verrucomicrobiota	Chlamydiae	Chlamydiales	Parachlamydiaceae	Unclassified	Unclassified	0.992079816
31c83911aa1739efed130757271d5a35	Bacteria	Verrucomicrobiota	Chlamydiae	Chlamydiales	Parachlamydiaceae	Unclassified	Unclassified	0.999216438
16905223c40c4c7f7e0cd9c4c8481cf8	Bacteria	Verrucomicrobiota	Chlamydiae	Chlamydiales	Parachlamydiaceae	Unclassified	Unclassified	0.998985067
2c20c8d36b48eab8902c707951ba7730	Bacteria	Verrucomicrobiota	Chlamydiae	Chlamydiales	Parachlamydiaceae	Unclassified	Unclassified	0.999540807
eaa14bda5de5cf82e704e2a0d437230d	Bacteria	Verrucomicrobiota	Chlamydiae	Chlamydiales	Parachlamydiaceae	Unclassified	Unclassified	0.99991696
c380854ee0db30cb190368f3cc5ff359	Bacteria	Verrucomicrobiota	Chlamydiae	Chlamydiales	Parachlamydiaceae	Unclassified	Neochlamydia_sp.	0.988102484
dccd43f78f1ef131e5e36f3b3de433e2	Bacteria	Verrucomicrobiota	Chlamydiae	Chlamydiales	Parachlamydiaceae	Unclassified	metagenome	0.783842672
811d86a216c49f62ec0fa897253c1ee5	Bacteria	Verrucomicrobiota	Chlamydiae	Chlamydiales	Parachlamydiaceae	Candidatus_Protochlamydia	Unclassified	0.923946807
77ba50632ccf2f1c2d018cf9072b4c01	Bacteria	Verrucomicrobiota	Chlamydiae	Chlamydiales	Parachlamydiaceae	Unclassified	Neochlamydia_sp.	0.986911752
97dc332f31146b52576b4f6407e5bbf7	Bacteria	Verrucomicrobiota	Chlamydiae	Chlamydiales	Parachlamydiaceae	Unclassified	Unclassified	0.977322977
5ac18c3f268fba96b8843ccdcce2f214	Bacteria	Verrucomicrobiota	Chlamydiae	Chlamydiales	Simkaniaceae	Unclassified	Unclassified	0.760497429
836b874215bc61e27131e3bf9f5373c2	Bacteria	Verrucomicrobiota	Chlamydiae	Chlamydiales	Parachlamydiaceae	Unclassified	metagenome	0.920705126
c8c4f7f7d5c1589eddcc04915e1dd941	Bacteria	Bdellovibrionota	Bdellovibrionia	Bacteriovoracales	Bacteriovoracaceae	Peredibacter	metagenome	0.717492029
d7ec0c42e46402879f1ea6c1e65b7739	Bacteria	Bacteroidota	Bacteroidia	Flavobacteriales	Flavobacteriaceae	Salinimicrobium	Unclassified	0.892894644
a60dcc1fecc2f880f479ced34c86b60d	Bacteria	Proteobacteria	Gammaproteobacteria	Burkholderiales	Comamonadaceae	Unclassified	Unclassified	0.988783552
964b62c1291a31a7305d1abd7d2d40cd	Bacteria	Abditibacteriota	Abditibacteria	Abditibacteriales	Abditibacteriaceae	Abditibacterium	uncultured_bacterium	0.724616725
79f4bbc3dd8717bee185d16613521eee	Bacteria	Abditibacteriota	Abditibacteria	Abditibacteriales	Abditibacteriaceae	Abditibacterium	uncultured_bacterium	0.731832207
d5d57c524f212ada0788aaaeec518cca	Bacteria	Abditibacteriota	Abditibacteria	Abditibacteriales	Abditibacteriaceae	Abditibacterium	uncultured_bacterium	0.852584455
12c2647ee51cff9c1b830f0db1c34adc	Bacteria	Abditibacteriota	Abditibacteria	Abditibacteriales	Abditibacteriaceae	Abditibacterium	uncultured_bacterium	0.799789951
066fcea8694e9b58be4a595af14139d3	Bacteria	Abditibacteriota	Abditibacteria	Abditibacteriales	Abditibacteriaceae	Abditibacterium	bacterium	0.901930687
e7a2cea55f4432694f3e37278f87a1c0	Bacteria	Abditibacteriota	Abditibacteria	Abditibacteriales	Abditibacteriaceae	Abditibacterium	bacterium	0.904917436
47a7ca6a1709a61ddbb5371b651be203	Bacteria	Abditibacteriota	Abditibacteria	Abditibacteriales	Abditibacteriaceae	Abditibacterium	uncultured_bacterium	0.754778701
e2ea54b0e1f2a69dcb6658a3620d79e1	Bacteria	Abditibacteriota	Abditibacteria	Abditibacteriales	Abditibacteriaceae	Abditibacterium	uncultured_bacterium	0.960870042
573e1a558b74b986708cce1e71e321e7	Bacteria	Proteobacteria	Alphaproteobacteria	Rhizobiales	Devosiaceae	Unclassified	uncultured_Prosthecomicrobium	0.869552488
317ce09f8742caeb45867f0ffb4d72d3	Bacteria	Abditibacteriota	Abditibacteria	Abditibacteriales	Abditibacteriaceae	Abditibacterium	uncultured_organism	0.967605645
e242de26b10a086a05aba3497cfa7a40	Bacteria	Abditibacteriota	Abditibacteria	Abditibacteriales	Abditibacteriaceae	Abditibacterium	uncultured_bacterium	0.714733288
5d10de19f6b7ef09dfd38b4146a7ed62	Bacteria	Abditibacteriota	Abditibacteria	Abditibacteriales	Abditibacteriaceae	Abditibacterium	uncultured_bacterium	0.869480296
21f309eae112e1d9a8fbf33441744360	Bacteria	Abditibacteriota	Abditibacteria	Abditibacteriales	Abditibacteriaceae	Abditibacterium	uncultured_bacterium	0.796855926
2425f800994be5a96a5561c76585303e	Bacteria	Abditibacteriota	Abditibacteria	Abditibacteriales	Abditibacteriaceae	Abditibacterium	uncultured_bacterium	0.92185421
5c51752e89c0b93bf617beefcfa84b18	Bacteria	Abditibacteriota	Abditibacteria	Abditibacteriales	Abditibacteriaceae	Abditibacterium	uncultured_bacterium	0.945800388
ad6ccbe5900b4e831e5f137d93a28438	Bacteria	Abditibacteriota	Abditibacteria	Abditibacteriales	Abditibacteriaceae	Abditibacterium	uncultured_bacterium	0.761211895
b62491c7e13f274219372b7bd373f6cd	Bacteria	Abditibacteriota	Abditibacteria	Abditibacteriales	Abditibacteriaceae	Abditibacterium	uncultured_bacterium	0.733055209
f265dc6b6b6ce18a11c9b7c2981c8ce0	Bacteria	Abditibacteriota	Abditibacteria	Abditibacteriales	Abditibacteriaceae	Abditibacterium	Unclassified	0.999995713
7cc49cc89e4ccd8dd3b94a8c1fdc065b	Bacteria	Verrucomicrobiota	Verrucomicrobiae	Pedosphaerales	Pedosphaeraceae	Ellin517	Unclassified	0.999874896
e204830dceb35bc91a73462f2bf60725	Bacteria	Verrucomicrobiota	Verrucomicrobiae	Pedosphaerales	Pedosphaeraceae	Ellin517	Unclassified	0.995001918
29053c1859ae1018402eeac07c926bc5	Bacteria	Verrucomicrobiota	Verrucomicrobiae	Pedosphaerales	Pedosphaeraceae	Ellin517	Unclassified	0.999945516
3bbce1bb678272af098a01c1814447b4	Bacteria	Verrucomicrobiota	Verrucomicrobiae	Pedosphaerales	Pedosphaeraceae	Ellin517	Unclassified	0.997925477
912cefd992952de5fe63a256cce9da16	Bacteria	Proteobacteria	Alphaproteobacteria	Rickettsiales	Mitochondria	Mitochondria	Unclassified	0.853940176
1a8a155452b185a016baec87e32ef3ae	Bacteria	Bacteroidota	Bacteroidia	Chitinophagales	Chitinophagaceae	Edaphobaculum	Unclassified	0.988341375
7735d6fc477dbf758c94e3d5b33816f6	Bacteria	Acidobacteriota	Acidobacteriae	Bryobacterales	Bryobacteraceae	Bryobacter	Unclassified	0.992726897
7d8002576281089862572b7b4e373097	Bacteria	Myxococcota	Polyangia	Haliangiales	Haliangiaceae	Haliangium	Unclassified	0.962656147
97616df1ab63068bb8c8a9d4c6398743	Bacteria	Actinobacteriota	Actinobacteria	Propionibacteriales	Nocardioidaceae	Nocardioides	Unclassified	0.91624499
7d855f09cd156b431953d5bf74cd9ca5	Bacteria	Actinobacteriota	Actinobacteria	Corynebacteriales	Dietziaceae	Dietzia	Unclassified	0.999847049
322ff4d0257c9c565723a853d3c89d3b	Bacteria	Cyanobacteria	Cyanobacteriia	Chloroplast	Chloroplast	Chloroplast	Unclassified	0.991471516
dad7af11e36a70a80235dbc488bccd5d	Bacteria	Proteobacteria	Alphaproteobacteria	Sphingomonadales	Sphingomonadaceae	Unclassified	Unclassified	0.932766099
9fb229e78daabdabe1f7ffc296c95960	Bacteria	Proteobacteria	Gammaproteobacteria	Enterobacterales	Erwiniaceae	Pantoea	Unclassified	0.80220193
ce0eb87d81cef12afcd4d03ad8a3fa3c	Bacteria	Proteobacteria	Gammaproteobacteria	Burkholderiales	Comamonadaceae	Unclassified	Unclassified	0.999994773
b36f6069c79c99e1b01c04275934ee8b	Bacteria	Proteobacteria	Gammaproteobacteria	Burkholderiales	Comamonadaceae	Unclassified	Unclassified	0.999978323
